Word,Definition,Examples
阿乡,country bumpkin; yokel,"[{""sentence"": ""['他带着阿乡买；东西去了。']"", ""translation"": ""['She took the country bumpkin shopping.']""}]"
挨呲儿,get a talking-to; get a dressing down,"[{""sentence"": ""['小男孩怕挨呲儿便偷偷地把打碎的盘子扔掉']"", ""translation"": ""['The little boy furtively threw away the broken dish so as not to get a dressing down.']""}]"
挨剋,get a talking-to; told off; get a dressing-down,"[{""sentence"": ""['瞧, '挨剋了吧。你没瞧见你爸正忙着吗', 还去给他捣乱。']"", ""translation"": ""['See, you got a good talking-to. Didn’t you see your dad was busy when you went to interrupt him?']""}]"
案子,case; law case,"[{""sentence"": ""['这是一起不小的案子.']"", ""translation"": ""['This is a rather big case.']""}]"
吧嗒,pull at (a pipe); smoke (a pipe),"[{""sentence"": ""['他吧嗒了两口烟袋又继续讲下去。']"", ""translation"": ""['He pulled at his pipe for a while and continued to talk.']""}]"
扒分,work in spare time for money,"[{""sentence"": ""['为了供儿子上大学, 老冯每逢周末都去扒分做小时工.']"", ""translation"": ""['Lao Feng works as an hourly worker in his spare time every weekend so that he can support his son’s attendance at university.']""}]"
扒面,take advantage of the state or a company for one’s own benefit; profit at the stat’s or a company’s expense,"[{""sentence"": ""['那小子近几年可是发了, '还买了汽车', 一定没少扒面.']"", ""translation"": ""['That guy made a fortune in those years and even bought a car. He must have benefited by taking advantage of his company.']""}]"
吧女,bar girl,"[{""sentence"": ""['为了能多挣些钱, '阿美白天在工厂里打工', 晚上去做吧女。']"", ""translation"": ""['To make more money A’mei goes to work in a factory during the day, and works as a bar girl in the evening.']""}]"
拔,cool in water,"[{""sentence"": ""['她把热粥放在凉水里拔.']"", ""translation"": ""['She cooled the hot porridge in cold water.']""}]"
拔份儿,show off one’s strength or power; demonstrate one’s power and courage over others,"[{""sentence"": ""['我看不起那些好在人群前拔份儿的人.']"", ""translation"": ""['I look down on those who like to show off their strength in front of others.']""}]"
把,time; rounds,"[{""sentence"": ""['老王每次看见人家玩儿牌就手痒, 非得玩上几把才心里舒坦.']"", ""translation"": ""['Lao wang gets an itch to play cards as soon as he sees someone else playing. He won’t feel comfortable unless he plays a few rounds.']""}]"
掰,break up; break off a friendship,"[{""sentence"": ""['汤姆在一次激烈的争吵后和史蒂夫掰了.']"", ""translation"": ""['Tom broke with his friend Steve after a wrangling.']""}]"
拜拜,bye-bye(transliteration of English phrase),"[{""sentence"": ""['咱们还是拜拜吧!否则你上班又要迟到了。']"", ""translation"": ""['Let’s say good-bye now, otherwise you will be late for work again.']""}]"
白搭,have no use; futile; spend effort in vain,"[{""sentence"": ""['找到她也白塔.她不会把钱退给你.']"", ""translation"": ""['It’s no use to find her. She won’t give the money back to you.']""}]"
白话,make empty talk; talk big; talk nonsense; be blah-blah,"[{""sentence"": ""['别信他, 他总爱瞎白话.']"", ""translation"": ""['Don’t believe him. He always talk nonsense.']""}]"
白毛风,sonowstorm; blizzard,"[{""sentence"": ""['我听说东北的白毛风特别可怕, 一旦刮起来两三天也不停.']"", ""translation"": ""['I heard that the snowstorms in Northeast China are very frightening. Once one starts, it won’t stop for two or three days.']""}]"
白玩儿,easy to do; not difficult; not hard,"[{""sentence"": ""['喝一瓶酒对我来说简直是白玩儿.']"", ""translation"": ""['It’s a cinch for me to drink one bottle of beer.']""}]"
摆龙门阵,chat; engage in chitchat; tell a story,"[{""sentence"": ""['他最善于和人摆龙门阵。']"", ""translation"": ""['He is fond of chatting with people.']""}]"
摆摊儿,set up a stall along the street on in a market,"[{""sentence"": ""['退休后他去摆摊儿卖金鱼了.']"", ""translation"": ""['He set up a stall to sell goldfish after he retired.']""}]"
扳大闸,pry open a lock(to steal sth.),"[{""sentence"": ""['他在一家仓库扳大闸时被抓获.']"", ""translation"": ""['He was caught prying open the lock of a warehouse.']""}]"
板儿寸,hairstyle in which the hair is cropped close to the head; closely cropped hair; bush-top,"[{""sentence"": ""['今年北京的男青年流行板儿寸.']"", ""translation"": ""['The bush-top became a fad this year in Beijing.']""}]"
办,punish; penalize,"[{""sentence"": ""['那伙歹徒让警察给办了.']"", ""translation"": ""['The gangsters were punished by the police.']""}]"
半残废,half-crippled/A metaphor for a man of 170 cm or below in height who is not tall enough for the woman he’s romantically interested in and therefore jokingly called “half-crippled” .,"[{""sentence"": ""['我老婆自从决定嫁给我这半残废时, 就把她所有的高跟鞋都处理了.']"", ""translation"": ""['When my wife decided to marry me, 'a“half-crippled” man', she threw all her high-heels away.']""}]"
半拉,half,"[{""sentence"": ""['他把那半拉纸扔了.', '那儿还剩下了半拉西瓜.']"", ""translation"": ""['He threw the other half of the paper away.', 'There is half of a watermelon left there.']""}]"
半晌,half a day/ A metaphor for quite a long time.,"[{""sentence"": ""['他半晌没说一句话。', '前半晌', '后半晌', '晚半晌']"", ""translation"": ""['He couldn’t say a word for ages.', 'morning', 'afternoon', 'evening']""}]"
棒,strong; excellent; great,"[{""sentence"": ""['他身体真棒.', '这鞋真棒.', '这场演出棒极了.']"", ""translation"": ""['He is very strong.', 'The shoes are excellent.', 'The show is great.']""}]"
傍大款,(for a  woman) to accompany a rich man; have an intimate relationship with a rich man.,"[{""sentence"": ""['有些女孩发现傍大款是一个致富的捷径.', '她无职业, 只不过是以傍大款为生.']"", ""translation"": ""['Some girls think they can have a better life by accompanying rich men.', 'She has no job, but she’s supported by a rich man.']""}]"
煲电话粥,boil(cook) porridge of telephone/ A metaphor for talking on the phone for a long time.,"[{""sentence"": ""['她总爱煲电话粥, 所以每月的电话费都很多.']"", ""translation"": ""['She likes to chat too long on the phone so she spends much money paying her telephone bill.']""}]"
爆炒,quick-fry/A metaphor for launching a whirlwind mass media advertising campaign for quick and optimum commercial impact n a short period.,"[{""sentence"": ""['电影还未上映, '电影公司对此片的爆炒就已经开始', 以吸引大众媒体的注意.']"", ""translation"": ""['Before the film hit the theaters, the film company had already started to quick-fry it in order to arouse more media attention.']""}]"
暴打,beat sb. Severely; give a good thrashing,"[{""sentence"": ""['他因为偷东西而被人暴打了一顿.']"", ""translation"": ""['He was beaten severely for stealing things.']""}]"
暴侃,talk big; boast; shoot the bull,"[{""sentence"": ""['他善暴侃.只要他一来, 我们就坐着听他神聊一通.']"", ""translation"": ""['He likes to shoot the bull. Whenever he comes, we sit around and listen to him talk.']""}]"
报冷门,produce unexpected results,"[{""sentence"": ""['这次比赛大报冷门, 杀出一批更年轻的选手.']"", ""translation"": ""['This competition produced many unexpected results and created a group of young winners.']""}]"
报料,to provide news clues or information to journalists,"[{""sentence"": ""['游乐园出了事故, 一位游客立刻给当地的晚报热线报料.']"", ""translation"": ""['When an accident took place in an amusement park, a tourist immediately called a local evening paper’s hotline and provided them with the news.']""}]"
爆棚,"Literally it means a tent is too crowded with people and may explode. A metaphor for something that is very popular and loved by people so that too many wish to join it, participate or go for it.","[{""sentence"": ""['乐意剧《美女与野兽》去年年底在京城上演三天，场场爆棚，不是不又加演两场.']"", ""translation"": ""['The musical play“The Beauty and the Beast” had three shows in Beijing at the end of last year. It was full every time so that they had to put on two extra performances.']""}]"
暴笑,laugh,"[{""sentence"": ""['谁也没有想到, 平日少言寡语的他说出一句话竟然能引起大伙暴笑了好一阵.']"", ""translation"": ""['He hardly ever speaks in public, and it took everyone by surprise when what he said made everyone laugh for quite a while.']""}]"
备不住,perhaps; maybe,"[{""sentence"": ""['她备不住已经去上海了.']"", ""translation"": ""['Maybe she has already left for Shanghai.']""}]"
背过气,stop breathing; be out of breath; gasp for breath,"[{""sentence"": ""['这个不幸的消息差点儿让她背过气去.']"", ""translation"": ""['The bad news almost took her breath away.']""}]"
奔命,drive(push) oneself hard to hurry on with one’s journey or work,"[{""sentence"": ""['他每天都在奔命, 为的是多挣一点儿钱.']"", ""translation"": ""['He drives himself hard to rush his work in order to make more money every day.']""}]"
崩,shoot to death; execute by shooting,"[{""sentence"": ""['那小子昨天让人给崩了.']"", ""translation"": ""['That fellow was shot to death yesterday.']""}]"
蹦迪,disco dance,"[{""sentence"": ""['最近他很忙, 没有时间去蹦迪了.']"", ""translation"": ""['He has been so busy recently that he had no time to go to the disco.']""}]"
绷儿,very; so; extremely,"[{""sentence"": ""['这木头绷儿硬.', '这汤绷儿好喝.', '这灯绷儿亮.']"", ""translation"": ""['The wood is very hard.', 'The soup is so delicious.', 'The light is extremely bright.']""}]"
毙,shoot to death; execute by shooting,"[{""sentence"": ""['杀人犯被枪毙了.']"", ""translation"": ""['The murder was shot to death.']""}]"
飙车,drive violently(madly),"[{""sentence"": ""['我儿子就喜欢飙车, 谁劝他也不听.我真担心有一天他会出事.']"", ""translation"": ""['My son is fond of driving violently and listens to nobody’s warnings. I’m so worried that he will have an accident one day.']""}]"
憋镜头,bad camera shot; a shot gone wrong,"[{""sentence"": ""['小心点儿, 别憋了镜头.']"", ""translation"": ""['Be careful, don’t make the shot go wrong.']""}]"
蹩脚,inferior; poor; unskilled,"[{""sentence"": ""['这是一篇蹩脚的文章.']"", ""translation"": ""['This is a bad article.']""}]"
病秧子,sick vine; person in poor health; someone vulnerable to illness,"[{""sentence"": ""['她看起来挺结实, 实际上却是个病秧子.']"", ""translation"": ""['She looks very healthy. But actually she is often laid low by illness.']""}]"
泊车,parking,"[{""sentence"": ""['为了解决泊车难的总是街道两旁都新设置了停车线.']"", ""translation"": ""['New parking lines were drawn on both sides of the street to solve the parking problem.']""}]"
不颤,to not be afraid; to not be scared,"[{""sentence"": ""['他谁也不颤, 包括他的老板.']"", ""translation"": ""['He is not afraid of anyone, even his boss.']""}]"
不搭脉,"two things entirely different, like chalk and cheese","[{""sentence"": ""['你们俩别争了.一个是名牌, '一个是杂牌', 根本不搭脉.争也白争.']"", ""translation"": ""['Stop arguing you two. One is a famous brand, another is an inferior brand. They can’t be mentioned in the same breath. It is useless to argue any more.']""}]"
不忿儿,refuse to obey; to not give in to,"[{""sentence"": ""['他就不忿儿他的班长.']"", ""translation"": ""['He refuses to obey the class monitor.']""}]"
不感冒,have no interest; to not be interested in sth; pay little attention to,"[{""sentence"": ""['对这种鸡毛蒜皮的事从不感冒.']"", ""translation"": ""['He’s not interested in these kinds of petty matters.']""}]"
不吝,not care; not mind,"[{""sentence"": ""['她从不吝别人对她是怎么想的.']"", ""translation"": ""['She doesn’t care what other people think about her.']""}]"
不起眼儿,not eye-catching; trivial; unremarkable,"[{""sentence"": ""['虽然影片中描写的都是不起眼儿的事情, 但它还是一部十分感人和有教育意义的电影.']"", ""translation"": ""['The film is very moving and instructive although what it depicts is trivial.']""}]"
不是玩儿,be no joke; be serious; no kidding; not a trifling matter,"[{""sentence"": ""['别坐在窗台上, 这不是玩儿的.', '告诉你不要碰插座, 这不是玩儿的.']"", ""translation"": ""['Don’t sit on the windows. This is no trifling matter.', 'I’m serious in telling you not to touch the socket.']""}]"
踩,slander; calumniate; libel; insult,"[{""sentence"": ""['他这种小人只会靠踩别人或拍马屁来向上爬，自己一点儿真才实学也没有.']"", ""translation"": ""['He is a villain who depends on slandering others and licking boots to get himself promoted. Actually he has no real ability or knowledge at all.']""}]"
踩点儿,step on the spot; make a thorough and careful investigation of a place a person intends to go to,"[{""sentence"": ""['明天我们去承德春游.老王昨天就踩点儿去了.']"", ""translation"": ""['Tomorrow we will have a spring outing to Chengde. Lao Wang went to step on the spot yesterday.']""}]"
踩乎,"bully; oppress; depreciate, tread upon; disparage","[{""sentence"": ""['我可不是那么容易被人踩乎的人.', '她想踩乎别人来抬高自己.']"", ""translation"": ""['I’m one who is not easily trodden upon by anyone.', 'She wants to put down others so as to build up herself.']""}]"
菜,sb. Or sth. That is good for nothing; hopelessly stupid; humiliating; rustic; countrified; ignorant,"[{""sentence"": ""['你也真够菜的。这么简单的事情也做不好，还能做些什么。', '你整个一个菜，连手机都没见过。']"", ""translation"": ""['You are so stupid. You can’t do such an easy thing. What else can you do?', 'You are a complete ignoramus. You haven’t ever seen a mobile phone before.']""}]"
菜了,fail; be unsuccessful; fall through,"[{""sentence"": ""['这次我算是彻底菜了。']"", ""translation"": ""['I totally failed this time.']""}]"
菜色,dark green or sallow yellow/ A term to indicate someone who has a colorless complexion or looks famished.,"[{""sentence"": ""['她面带菜色。']"", ""translation"": ""['She looks famished.']""}]"
残废,crippled man/ A metaphor for men shorter than 160 cm.,"[{""sentence"": ""['她逗她丈夫说他是个残废。']"", ""translation"": ""['She teases her husband by calling him a“cripple” .']""}]"
糙,rude; rough; boorish; uncouth; impolite,"[{""sentence"": ""['别跟他制气。他是个糙人。']"", ""translation"": ""['Don’t be angry with him. He is a rough fellow.']""}]"
操蛋,(swearword) damn; bad; no good; disappointing,"[{""sentence"": ""['你真操蛋。我等了你一个小时，可你根本就没有露面。']"", ""translation"": ""['Damn you. I waited for you an hour, but you didn’t show up.']""}]"
蹭车,get a lift; take a bus or train without pay,"[{""sentence"": ""['她训斥儿子不该蹭车。']"", ""translation"": ""['She scolded her son for not paying the bus fare.']""}]"
碴,fight; come to blows; scuffle(with),"[{""sentence"": ""['楼前两个人碴起来了。']"", ""translation"": ""['Two men are fighting in front of the building.']""}]"
茶钱,tip,"[{""sentence"": ""['她几年前离开出版社干起了导游。这几天可发了，光茶钱就挣了不少。']"", ""translation"": ""['She left the publishing house and worked as a tourist guide several years ago. She has made a fortune in recent years and earned a lot only from tips.']""}]"
缠,deal with; cope with; handle,"[{""sentence"": ""['我讨厌，见他。这人太难缠。']"", ""translation"": ""['I dislike to see him. He is too much of a handful.']""}]"
猖,savage; furious; unbridled,"[{""sentence"": ""['走私犯够猖的，敢和警察交手。']"", ""translation"": ""['The smugglers were so unbridled that they fought furiously with the police.']""}]"
长舌妇,gossip monger; garrulous woman,"[{""sentence"": ""['一件不起眼的事能让长舌妇说破了天。']"", ""translation"": ""['A gossip monger can make a small thing into a big event.']""}]"
抄肥,realp profit in business; block goods and take them away; waylay; profit reaping,"[{""sentence"": ""['他真倒霉。今天碰上一个抄肥的家伙截走了他一池溏的鱼。']"", ""translation"": ""['He was unlucky to day. He met some profit reaping guys, who took away all his fish from the pond.']""}]"
潮,fashion; fashionable,"[{""sentence"": ""['今年真皮茄克特潮。']"", ""translation"": ""['leather jackets are fashionable this year.']""}]"
炒汇,arbitrage; buy and resell foreign currency at a profit,"[{""sentence"": ""['他整日忙着炒汇。']"", ""translation"": ""['He is busy all day buying and reselling foreign currency.']""}]"
炒买妙卖,"to speculate; resell at a profit (used mostly for stocks, foreign currency, real estate or other goods in exceeding supply demand)","[{""sentence"": ""['他最早靠炒买炒卖股票发家的。']"", ""translation"": ""['At the very beginning the built up his family fortune by reselling stocks.']""}]"
炒鱿鱼,sack; dismiss ; fire,"[{""sentence"": ""['如果再迟到，你就要被炒鱿鱼了。']"", ""translation"": ""['You’ll be fired if you come to work late again next time.']""}]"
车本,driver’s license,"[{""sentence"": ""['张小姐上午刚拿到车本，下午就直奔车行去买车。']"", ""translation"": ""['Ms. Zhang got her driver’s license in the morning, and went directly to the car lot to buy a car in the afternoon.']""}]"
车倒儿,a person who resells vehicles; second-hand dealer,"[{""sentence"": ""['如果你愿意我能通过一个车倒儿帮你弄辆德国车。']"", ""translation"": ""['I can help you buy a German car through a second-hand dealer if you want.']""}]"
扯淡,(swearword) talk nonsense; bullshit,"[{""sentence"": ""['我认为他在扯淡。实际上他比任何人都清楚事实的真相。']"", ""translation"": ""['I think he’s talking nonsense. Actually he is aware of the facts better than anyone else.']""}]"
扯平,be(get) even with sb. ; make even,"[{""sentence"": ""['这样就扯平了。']"", ""translation"": ""['This will make it even.']""}]"
撑,prop up; maintain; hold out; support,"[{""sentence"": ""['这个家全靠我父亲撑着。']"", ""translation"": ""['The family is supported by only my father.']""}]"
秤砣,the sliding weight of a steelyard,"[{""sentence"": ""['你这个秤砣有多重？']"", ""translation"": ""['How heavy is the sliding weight in the steelyard?']""}]"
痴,foolish; stupid; idiotic,"[{""sentence"": ""['一副痴相。']"", ""translation"": ""['a stupid look']""}]"
吃不了兜着走,get more than one bargained for; land oneself in serious trouble,"[{""sentence"": ""['仓库重地必须要小心，否则失了火你可是要吃不了兜着走。']"", ""translation"": ""['You should be very careful in the warehouse. If a fire starts, you will be in serious trouble.']""}]"
吃错药了,take the wrong medicine/ A term that infers a person’s behavior is a bit strange or rude and impolite.,"[{""sentence"": ""['他不是吃错了吧？我从未见他对我这么凶过。']"", ""translation"": ""['I haven’t seen him so rude to me. Has he taken the wrong medicine today?']""}]"
吃刀,suffer losses; get the worst of it; be cheated or fooled,"[{""sentence"": ""['她就是因为太软脸皮薄，所以上街买东西没少吃刀。']"", ""translation"": ""['She is often cheated when she buys things in the street because she is too faint-hearted and feels ashamed of bargaining.']""}]"
吃偏饭,have particular meal for someone or receive(give sb.)a particular treatment or help,"[{""sentence"": ""['我们在这儿人人平等，谁也不能吃偏饭。']"", ""translation"": ""['We are equal here. No one will receive a particular treatment.']""}]"
吃请,to be invited to a dinner,"[{""sentence"": ""['你自己吃吧，我今晚去吃请。']"", ""translation"": ""['Go ahead and have supper yourself. I’ve been invited to a dinner tonight.']""}]"
吃软饭,(of men)live off women rather than working for a living;(of men) be supported by women,"[{""sentence"": ""['如今有些漂亮的小伙子专门喜欢吃软饭。']"", ""translation"": ""['Some good looking guys prefer to live off women these days.']""}]"
吃香,be very popular; find favor with sb; be well-liked,"[{""sentence"": ""['现在电脑吃香', '国内懂英语的人到哪儿都吃香。']"", ""translation"": ""['Now computers find favor with customers.', 'People who speak English are well-liked everywhere in China.']""}]"
吃小灶,have a special meal for sb. Or receive (give sb.) a special treatment or service/ Often it refers to giving someone individual tuition or training.,"[{""sentence"": ""['她父亲是老师，所以常给她吃小灶，还让她做大量的习题。', '他不喜欢上大课，就喜欢吃小灶。']"", ""translation"": ""['Her father is a teacher, 'so he often teachers her alone', making her do many exercises.', 'He prefers to be taught alone than to go to a lecture.']""}]"
充大个儿,show off; be foolhardy; to force oneself to do; be braggart/ A term refers to one who insists on doing sth. Which is beyond his ability or one who tries to impress others.,"[{""sentence"": ""['既然你不行，你就不该充大个儿。']"", ""translation"": ""['You shouldn’t show off about something you can’t do.']""}]"
冲洋画片,pull the card out of an automatic selling machine,"[{""sentence"": ""['我三岁的女儿坚持要自己冲洋画片。']"", ""translation"": ""['My three-year-old daughter insisted on pulling out the card herself.']""}]"
抽立,lose money(in gambling); be beaten; be defeated,"[{""sentence"": ""['在牌桌上他第一个被抽立了。']"", ""translation"": ""['He lost all his money at the card table.']""}]"
臭,stupid; bad; disappointing; inferior,"[{""sentence"": ""['这是谁写的字？真够臭的。']"", ""translation"": ""['Whose handwriting is this? It’s really bad.']""}]"
臭大粪,low-grade; no good; stupid,"[{""sentence"": ""['“臭大粪”，你连这么简单的棋都下不好。']"", ""translation"": ""['How stupid! You can’t even play the simplest game.']""}]"
臭美,make up; dress up; beautify,"[{""sentence"": ""['她喜欢照着镜子臭美。']"", ""translation"": ""['She likes to make herself up in front of the mirror.']""}]"
臭美妞,a girl who is fussy about her appearance,"[{""sentence"": ""['她是我们班有名的臭美妞。']"", ""translation"": ""['She is well know in our class for being the fussiest about her appearance.']""}]"
臭子儿,dumb fire; faulty cartridge;(of bullet)lose efficacy,"[{""sentence"": ""['在起跑线上，他放了三枪，可全是臭子儿。']"", ""translation"": ""['At the start of the race, 'he shot the gun three times', but it wouldn’t go off because of the dumb fire.']""}]"
出菜,produce a product; make sth.; achieve sth.,"[{""sentence"": ""['多数人都想在中年时出菜。']"", ""translation"": ""['Most people hope to have achieved something by the time they reach forty.']""}]"
出格,(speech and action) be out of the ordinary; differ form others,"[{""sentence"": ""['他这人很奇怪，办什么事都出格。']"", ""translation"": ""['He is quite odd. He often does things out of the ordinary.']""}]"
出更,(policeman) go on a tour of inspection; patrol; make one’s rounds,"[{""sentence"": ""['小李刚刚从警校毕业。这是他当干警后的第一次出更。']"", ""translation"": ""['Xiao Li has just graduated from a police school. This is his first time he has made his rounds after becoming a policeman.']""}]"
出局,be knocked out or eliminated in a competition,"[{""sentence"": ""['今天下午进行的初赛中红队有两名选手出局，有三名选手进入复赛。']"", ""translation"": ""['Two players from the Red Team were eliminated in the preliminary contest this afternoon. The other three have entered the semi-finals.']""}]"
出摊儿,(of vendors)do business; open for business,"[{""sentence"": ""['昨天下大雨，所以他没有出摊儿。']"", ""translation"": ""['He didn’t open his stand yesterday because of the heavy rain.']""}]"
雏（儿）,greenhorn; tyro; new hand; raw recruit,"[{""sentence"": ""['他是个雏。他不知如何应付这种局面。']"", ""translation"": ""['He’s a new hand at this. He doesn’t know how to handle the situation.']""}]"
触电,"to have one’s first experience on TV or in a movie; to play a role in a TV drama or a film, or to be a host/hostess on TV","[{""sentence"": ""['歌星谈判他第一次触电经历时，感受颇多。']"", ""translation"": ""['The pop star was very moved when he recalled his first experience playing a role in a TV series.']""}]"
穿帮,to let the cat out of the bag; to give oneself away; to let the whole world know,"[{""sentence"": ""['这事差点让我给穿帮了。我不知道他没把丢自行车的事告诉他爱人。']"", ""translation"": ""['I very nearly let the cat out of the bad. I didn’t know he hadn’t told his wife about his bicycle being lost.']""}]"
穿水晶鞋,"make sb. Wear crystal(or small) shoes/A metaphor for one who makes things difficult for others, or stops others from doing things(generally used to refer to working relationship specially boss and subordinate).","[{""sentence"": ""['我不怕她给我穿水晶鞋。']"", ""translation"": ""['I’m not afraid of her making my life difficult.']""}]"
窗户纸,"thin paper used on windows/A metaphor for screen, cover-up or camouflage.","[{""sentence"": ""['他试图以谎言来掩盖事实，但他那层窗户纸最终还是被人捅破了。']"", ""translation"": ""['He tried to cover up the facts by telling lies. But his screen was torn off at last.']""}]"
吹灯拔蜡,(literally) blow out the candle and remove it;(figuratively)go fail; fall through,"[{""sentence"": ""['我想如果他们不肯忙，这件事迟早得吹灯拔蜡。']"", ""translation"": ""['I think this matter will fall through sooner or later if they don’t give us a hand.']""}]"
戳,erect;stand sth. on end,"[{""sentence"": ""['你能帮我把竹竿戳起来吗？']"", ""translation"": ""['Would you please help me erect the bamboo pole?']""}]"
呲儿,scold; give a tongue-lashing,"[{""sentence"": ""['昨天老板把我呲儿了一顿，说我不该擅自降价处理这批货物。']"", ""translation"": ""['Yesterday my boss gave me a good talking-to. He said that I shouldn’t have sold these goods at a cheaper price without authorization.']""}]"
次毛,(of product)poor in quality; inferior; bad,"[{""sentence"": ""['这台机器太次毛，那么；容易坏。']"", ""translation"": ""['The machine is really pool. It breaks down easily.']""}]"
醋坛子,vinegar jar/A metaphor for a jealous person.,"[{""sentence"": ""['我老婆是个醋坛子，她总是盯着我。']"", ""translation"": ""['My wife is a jealous woman. She always keeps a close eye on me.']""}]"
蹿,(of price)rise quickly; hike up; go up suddenly,"[{""sentence"": ""['一个阑尾手术两年前花一千元，可今年年初一下蹿到五千元。']"", ""translation"": ""['An appendectomy costed1, '000yuan two years ago', 'but the price was hiked up to 5', 000yuan early this year.']""}]"
村姑,a country girl form the country,"[{""sentence"": ""['这是她头一回在影片中扮演村姑。']"", ""translation"": ""['This is the first time for her to play the role of a girl from the country in a film.']""}]"
撮,eat; have a meal,"[{""sentence"": ""['咱们找个地方撮一顿。']"", ""translation"": ""['Let’s eat out somewhere.']""}]"
撮堆儿,goods of lower quality; left over/A metaphor for people or things not chosen in the first lot.,"[{""sentence"": ""['她爱上街买撮堆儿的菜。']"", ""translation"": ""['She likes to buy second quality vegetables in the market to save money.']""}]"
搓麻,play mahjong,"[{""sentence"": ""['他正在家里搓麻。']"", ""translation"": ""['He’s playing mahjong at home.']""}]"
矬子,a short person,"[{""sentence"": ""['那个矬子是他的父亲。']"", ""translation"": ""['That short man is his father.']""}]"
搭档,cooperate; collaborate,"[{""sentence"": ""['我将与他搭档创作一本小说。']"", ""translation"": ""['I’ll collaborate with him to write a novel.']""}]"
打八刀,divorce,"[{""sentence"": ""['老王上个月刚与老婆打八刀, 这个月就要和他的新女友结婚了。']"", ""translation"": ""['Lao Wang divorced his wife just last month. But this month he will marry his new girlfriend.']""}]"
打车,hail cab; take a taxi; by taxi,"[{""sentence"": ""['由于下雨我就打车过来了。']"", ""translation"": ""['I came here by taxi because of the rain.']""}]"
打工妹,female employee; female worker,"[{""sentence"": ""['这里有不少外地来的打工妹。']"", ""translation"": ""['There are lots of female workers from other parts of the country here.']""}]"
打哈哈,poke fun at; joke about,"[{""sentence"": ""['我可没打哈哈, 我是认真的。']"", ""translation"": ""['I am not joking . I’m serious.']""}]"
打水漂儿,"play(make)ducks and drakes (with sth.); spend in vain; with no result; pay out, but get nothing in return","[{""sentence"": ""['他的全部资金都打水漂儿了。']"", ""translation"": ""['He played ducks and drakes with all his money on that business deal.']""}]"
打一枪换一个地方,"go job-hopping; move regularly(from one place to another); change frequently(job, things)","[{""sentence"": ""['年轻人总喜欢打一枪换一个地方, 寻找更好的工作。']"", ""translation"": ""['Young people are always moving around looking for a better job.']""}]"
打住,stop; hold on; bring to a halt,"[{""sentence"": ""['到此打住!我们不要再讨论下去了。']"", ""translation"": ""['Hold on! We can’t discuss this any longer.']""}]"
大瓣儿蒜,big clove of garlic/ A metaphor for someone who behaves in an affected way or puts on an act.,"[{""sentence"": ""['你不了解他, '他就是一个大瓣儿蒜', 总爱用领导的口气跟人说话。']"", ""translation"": ""['You don’t know him. He is really big clove of garlic, and always likes to talk in the tones of a boss.']""}]"
大比拼,dual meet; a meeting between two competing teams or two competitors,"[{""sentence"": ""['比赛马现场院热闹非凡, '场内运动员激烈竞争', '而场院外各路记者也在进行大比拼', 纷纷抢发赛事消息。']"", ""translation"": ""['The scene of contest was extremely hot. The athletes competed fiercely. There was also a competition between journalists, trying to be the first to send the latest news of the results of the competition.']""}]"
大出血,sell goods at a very low price; have a grand sale,"[{""sentence"": ""['她在那家商店年底大出血时买了一件在衣.']"", ""translation"": ""['She bought an overcoat from that shop when it had its grand sale at the end of the year.']""}]"
大吊车,big crane/A metaphor for a single man of around thirty; unmarried man; bachelor.,"[{""sentence"": ""['你都三十好几的人了, '怎么还不急哪', 真想当大吊车呀。']"", ""translation"": ""['You’re over thirty. How come you don’t worry? Do you really want to be a big crane?']""}]"
大发,excessive; over the top/Refers to one who overdoes sth. or exceeds a limit.,"[{""sentence"": ""['我今天亏大发了。']"", ""translation"": ""['I suffered a great loss today.']""}]"
大哥大,Cellular phone,"[{""sentence"": ""['他随身带着大哥大以便随时与头儿联系。']"", ""translation"": ""['D1:He takes cellular  phone around with him so he can get in touch with his boss at any time.']""}]"
大红大紫,(of a person)very famous; well-known; celebrated,"[{""sentence"": ""['她已是国内大红大紫的歌星了。']"", ""translation"": ""['She has become one of the most famous singers in the country.']""}]"
大件,"expensive consumer goods (television, refrigerator, washing machine, tape recorder)in the 80s of the 20 th century.","[{""sentence"": ""['除非他置齐那四大件——电视、冰箱、洗衣机、收录机, 否则他的女友就不跟他结婚。']"", ""translation"": ""['His girlfriend won’t marry him until he’s bought the four items.']""}]"
大块头,a hefty person; a tall person; a tall and strong person,"[{""sentence"": ""['他的对手是个大块头.']"", ""translation"": ""['His opponent is tall and hefty.']""}]"
大礼拜,"“big weekend”(Saturday and Sunday) In 1994, the Chinese government passed the official 44-hour work week. This means that Chinese who work in companies that follow this guideline have alternating weekend-“big”and “small” weekends. “Big weekend”means people get Saturday and Sunday off. “Small weekend” means they must work on Saturday (a full day).","[{""sentence"": ""['这个星期是大礼拜, '所以星期六很多人会去香山.我不想去', 人一定很多。']"", ""translation"": ""['This week is the“big weekend”, so a lot of people will go to the Fragrant Hills on Saturday. I don’t want to go because there will be too many people.']""}]"
大路货,goods at ordinary or low price; cheap goods,"[{""sentence"": ""['街角那个商店主要经销大路货.']"", ""translation"": ""['The store at the corner of the street mainly sells cheap goods.']""}]"
大面儿,outlook; appearance; surface,"[{""sentence"": ""['这所学校大面儿还可以.']"", ""translation"": ""['The outlook of the school is agreeable.']""}]"
大拿,person with power; head; boss,"[{""sentence"": ""['在我们家我老婆是大拿.']"", ""translation"": ""['My wife wears the trousers at my home.']""}]"
大排档,"stalls selling food normally in the street but can also be indoors, normally very cheap","[{""sentence"": ""['昨天晚上我们在大排档吃了一顿饭.']"", ""translation"": ""['We had dinner at the food stalls last night.']""}]"
大喘气,take a deep breath before finishing a sentence or phrase (on purpose); make fun of or tease,"[{""sentence"": ""['别大喘气.快点儿告诉我那里发生了什么事.']"", ""translation"": ""['Don’t take a deep breath. Please tell me immediately what happened there.']""}]"
大腕儿,famous person; big shot; expert; celebrity,"[{""sentence"": ""['如今在中国多数大腕儿置了房、买了车而且开了自己的公司.']"", ""translation"": ""['Now many celebrities in China have their own houses, cars and companies.']""}]"
大仙,"a professional fortune teller, or sorcerer/sorceress","[{""sentence"": ""['他冒充大仙，到处招摇撞骗。']"", ""translation"": ""['He passed him off as a sorcerer, and went about cheating people.']""}]"
带把儿的,boy,"[{""sentence"": ""['他高兴地看到他老婆给了生了个带把儿的。']"", ""translation"": ""['He was happy to see that his wife had given birth to a baby boy.']""}]"
单车,bicycle; bike,"[{""sentence"": ""['她每天骑单车上班。']"", ""translation"": ""['She goes to work by bicycle everyday.']""}]"
单元儿,one-yuan note,"[{""sentence"": ""['你有单元儿吗？地位的普通人。']"", ""translation"": ""['Do you have any one-yuan notes? Can you give me some?']""}]"
蛋白质,"a fool, idiot or neurotic/a derogatory term which mostly refers to people","[{""sentence"": ""['听说你们班有一个蛋白质女孩，还是文学发烧友，经常在网上发表一些文章。']"", ""translation"": ""['They say there’s a girl in your class who’s a real idiot. But she’s also a literature fanatic, and often publishes articles on the Internet.']""}]"
弹子,billiards,"[{""sentence"": ""['弹子房。']"", ""translation"": ""['billiards room.']""}]"
挡横儿,get in the way; block ; hinder,"[{""sentence"": ""['别在这儿给我挡横儿。']"", ""translation"": ""['Don’t get in my way.']""}]"
捯,pull back thread or rope; wind thread,"[{""sentence"": ""['你能帮我把线捯一下吗？']"", ""translation"": ""['Would you please wind the thread for me?']""}]"
捯饬,dress up; make up; doll up,"[{""sentence"": ""['她每天早晨都要捯伤一番。']"", ""translation"": ""['She gets dolled up every morning.']""}]"
倒汇,speculate in foreign currency; resell foreign currency at a profit,"[{""sentence"": ""['国家禁止非法倒汇。']"", ""translation"": ""['Speculation in foreign currency is forbidden by law.']""}]"
倒儿爷,speculator; profiteer,"[{""sentence"": ""['他决定辞职干倒儿爷去。']"", ""translation"": ""['He decided to quit his job to become a speculator.']""}]"
倒儿,speculator; profiteer/ Refers to individual retailers who buy things at a low price in one place and sell them for a profit elsewhere.,"[{""sentence"": ""['京城有不少外地来的倒儿。']"", ""translation"": ""['Speculators form other parts of the country come to Beijing to make cash.']""}]"
倒插门,bolt the door in a back to front way/ A metaphor for a man who goes to live in his wife’s parents’ home after marriage.,"[{""sentence"": ""['小张家在外地，独自一人在北京工作。他希望能找个北京的女孩，倒插门也没关系。']"", ""translation"": ""['Xiao Zhang is from another part of the country and works alone in Beijing. He hopes to have a Beijing girlfriend. He doesn’t care if he goes to live with his girlfriend in her parents’ home after marriage.']""}]"
登,wear(shoes or trousers),"[{""sentence"": ""['小男孩从床上爬起来，登上鞋就跑出了房间。']"", ""translation"": ""['The boy got up, clad in his shoes and ran out of the room.']""}]"
incapable people/A term often used to describe someone who gets high marks in school,"but is incapable in life.""","[{""sentence"": ""['他连自己的衣服都不会洗，真可算是一具低能儿了。']"", ""translation"": ""['He is really like retarded child! He doesn’t even know how to wash his clothes!']""}]"
的哥,taxi driver; cabman/An affectionate from of address to taxi driver.,"[{""sentence"": ""['他的朋友大多是的哥。']"", ""translation"": ""['Most his friends are taxi drivers.']""}]"
的票,taxi receipt,"[{""sentence"": ""['你最好明天一早打的去机场，别忘了跟的哥要张的票，回来给你报销。']"", ""translation"": ""['You’d better take a taxi to the airport early tomorrow. Don’t forget to ask for a receipt from the taxi driver so that I can submit an expense account for you.']""}]"
的爷,male taxi driver,"[{""sentence"": ""['那家饭馆因为饭菜实惠价低，每天都有不少的爷前去那儿吃饭。']"", ""translation"": ""['Because of the good food and low prices many male taxi divers go there for meals every day.']""}]"
地撮儿,street cleaner; scavenger; sanitation worker; rubbish scooper,"[{""sentence"": ""['他干了三十年地撮儿。']"", ""translation"": ""['He has worked as a rubbish scooper for thirty years.']""}]"
掂量,weigh by hand,"[{""sentence"": ""['你来掂量一上这本书的分量。']"", ""translation"": ""['Guess how much this book weighs.']""}]"
颠,go away; leave ; run,"[{""sentence"": ""['我们遇到困难时，他颠（儿）得比谁都快。', '让他们在那儿等吧，我先颠（儿）了。']"", ""translation"": ""['When we meet with difficulties, he runs faster than anyone.', 'Let them wait there. I’ll leave first.']""}]"
点水,inform against,"[{""sentence"": ""['这件事背后肯定有人点水，不然他们怎么行动得那么快。']"", ""translation"": ""['There must be someone who informed against us on this case, otherwise they coldn’t have acted so quickly.']""}]"
点子,"squealer/A term refers to one who is a criminal himself, but has responsibilities to supply information for the public security organs.","[{""sentence"": ""['警察从点子那儿获悉了这个情报。']"", ""translation"": ""['The police got this information form a squealer.']""}]"
垫背的,scapegoat; fall guy,"[{""sentence"": ""['即使他死了，他也要拉个垫背的。']"", ""translation"": ""['He will take a scapegoat with him even if he is going to die.']""}]"
垫底儿,be the poorest(lowest; bottommost);be the worst one,"[{""sentence"": ""['我知道你们的数学都比我强。我担心我将是垫底儿的。']"", ""translation"": ""['I know you are all better than me in mathematics. I’m afraid that I’m the worst.']""}]"
电老虎,power(electricity)tiger/A metaphor for embezzlers from power (electricity)supply units.,"[{""sentence"": ""['我们这里的电老虎可厉害，不给他们一点好处，就给你拉闸。']"", ""translation"": ""['The power tigers in our area very fearsome. They will cut your electricity off if you don’t bribe them.']""}]"
店嫂,married saleswoman,"[{""sentence"": ""['这家连锁店要招店嫂的消息刚刚传出，便有300多名下岗女工前来应聘。']"", ""translation"": ""['As soon as the news of this chain store hiring married saleswomen spread, over 300 laid off women rushed here to apply for the job.']""}]"
掉链子,break down; have problems; go wrong; make mistakes,"[{""sentence"": ""['他平时的学习成绩可好了，但是一到考试他就掉链子。这大概是心理素质不好造成的。']"", ""translation"": ""['Usually he has good marks, but he always goes wrong in examinations. Perhaps this is caused by a flaw in his psychological make-up.']""}]"
掉钱眼儿里,fall into the hole of a coin/A metaphor for someone who is very good with money.,"[{""sentence"": ""['现在的人们都掉钱眼儿里了，一说多干点儿活就跟你开口要钱。']"", ""translation"": ""['At present people are all good at calculating their own worth. As soon as they are told to work more they will ask you for money.']""}]"
跌份,embarrass yourself; cause yourself embarrassment,"[{""sentence"": ""['别穿这件破衣服去赴宴，给我跌份。']"", ""translation"": ""['Don’t embarrass me by wearing this shabby clothes to a dinner party.']""}]"
顶得住,bear; endure; stand up to,"[{""sentence"": ""['这点儿痛我还顶得住。', '任何困难他们都能顶得住。']"", ""translation"": ""['I can bear such pain.', 'They can stand up to any difficulties.']""}]"
懂眼,know the business; know the ropes; be an expert; know the ins and outs of,"[{""sentence"": ""['我的电脑坏了。你能不能帮我找个懂眼的人来看看哪里出了毛病。']"", ""translation"": ""['My computer is broken. Can’t you find me an expert to see what’s wrong with it?']""}]"
抖骚,play the coquette;,"[{""sentence"": ""['大冷天的，别在外面穷抖骚了，快点儿回家休息吧。']"", ""translation"": ""['Don’t show off outside any more in such a cold day. Come back home and have a rest quickly.']""}]"
豆腐块,beancurd cube/A tiny article published in a periodical or newspaper.,"[{""sentence"": ""['她很高兴看到自己写的豆腐发表在一家报纸上。']"", ""translation"": ""['She is happy to see her small piece in a newspaper.']""}]"
逗咳嗽,be at each other’s throats; quarrel with someone on account of a personal grudge; pick a fight; find fault,"[{""sentence"": ""['她闲得无事就跟丈夫逗咳嗽。']"", ""translation"": ""['Whenever she has nothing to do, she picks a fight with her husband.']""}]"
独食,selfish; domineering/A term used to describe someone who gets something and does not share it with others.,"[{""sentence"": ""['我女儿不独食。她喜欢与其他小朋友一起分享她的她吃的。']"", ""translation"": ""['My daughter is not selfish. She enjoys sharing her goodies with other kids.']""}]"
断档,(of people)break off in the middle; miss a link,"[{""sentence"": ""['由于“文革”的影响，我们研究所已经出现了研究员严重断档的现象。研究员不是老的老，就是小的小，中年的廖廖无几。整个缺了一代人。']"", ""translation"": ""['As a result of the“cultural revolution” there has been a severe shortage of researchers in our research institutions. All our researches are either too old or too young. We have simply lost a generation of middle-aged researchers.']""}]"
断码,no all sizes of goods are available; a shortage of some sizes,"[{""sentence"": ""['这个店里所有断码的鞋都半价处理。']"", ""translation"": ""['All the shoes which don’t have a full range of sizes in this shop are sold at half price.']""}]"
对表,a pair of watches for a couple,"[{""sentence"": ""['小韩这个周末结婚。咱们选一款对表送他做新婚纪念吧。']"", ""translation"": ""['Xiao Han will get married this weekend. Let’s choose a pair of watches for them as a wedding present.']""}]"
对衫,a set of shirts designed for a couple wear; matching shirts,"[{""sentence"": ""['今年夏天青年人都流行穿对衫。']"", ""translation"": ""['It’s fashionable for young people to wear matching shirts this summer']""}]"
蹲点,defecate; have a bowel movement; shit,"[{""sentence"": ""['他每天早上这个时候都要去蹲点。']"", ""translation"": ""['Every morning he has a bowel movement at this time.']""}]"
蹲坑,"stake out; station (police, detectives, etc.)for surveillance of a suspected criminal, a place, etc.","[{""sentence"": ""['他被派到罪犯家附近蹲坑，监视罪犯的活动。']"", ""translation"": ""['He was sent to stake out the house and keep an eye on the criminal’s activities.']""}]"
耳朵根子软,soft ear/A person who is easily swayed by other’s words.,"[{""sentence"": ""['他耳朵根子软，所以时常改变主意。']"", ""translation"": ""['He’s vulnerable to talk, so he often changes his mind.']""}]"
二等公民,second-class citizen/ A term that refers to migrants or citizens not born in the country.,"[{""sentence"": ""['他从美国回来了，因为他不愿在那儿做二等公民。']"", ""translation"": ""['He came back from the United States because he doesn’t like to be a second-class citizen there.']""}]"
二乎,withdraw; retreat(because one is scared),"[{""sentence"": ""['他遇到困难从不二乎。']"", ""translation"": ""['He never retreats when he is in trouble.']""}]"
二进宫,take into custody for the second time; put in prison for the second time,"[{""sentence"": ""['在释放三个月后他因抢劫二进宫了。']"", ""translation"": ""['Three months after he was set free, he was jailed again for robbery.']""}]"
二十一遥,21-inch remote control color television,"[{""sentence"": ""['她把二十一遥卖了，又买了一台更大的彩电。']"", ""translation"": ""['She sold her 21-inch remote control color television and bought a bigger one.']""}]"
发福,put on weight ; get fat; plump (a euphemism),"[{""sentence"": ""['自从一年前见过你以后，你又发福了。']"", ""translation"": ""['You’ve swelled out again since I saw you a year ago.']""}]"
发毛,be afraid of; be terrified; be scared,"[{""sentence"": ""['夜里的尖叫声让我听了直发毛。']"", ""translation"": ""['I was terrified when I heard the shriek at night.']""}]"
发蒙,be confused; be at a loss; get into a muddle,"[{""sentence"": ""['当他问我这个问题时，我还真有些发蒙。']"", ""translation"": ""['I got into a muddle when he asked me the question.']""}]"
发烧音响,"the latest, most hi-tech sound system","[{""sentence"": ""['他很了解发烧音乐的市场行情。']"", ""translation"": ""['He knows a lot about the prices of the latest and most hi-tech sound systems.']""}]"
反炒,quickly-fry something in a backward way/Drawing public attention with negative spiel in the mass media.,"[{""sentence"": ""['这本小说是因为反炒才一跃成为畅销书的。']"", ""translation"": ""['This novel jumped to be a best seller because it was plugged damming.']""}]"
犯不着,unnecessary; not worthwhile,"[{""sentence"": ""['算了，我们自己人修这辆车自行车。为这点儿小毛病犯不着跟他生气。']"", ""translation"": ""['Well, let’s repair the bicycle by ourselves. It’s pointless to get angry with him for such a small problem.']""}]"
犯各,act differently; do things in a strange or unusual manner,"[{""sentence"": ""['你按着我的要求在这儿站直了，别犯各。', '他总在我面前犯各，不听我的命令。']"", ""translation"": ""['Stand still here as I ordered. Don’t do anything else.', 'He always acts differently in front of me and doesn’t listen to what I say.']""}]"
饭局,dinner party; fete,"[{""sentence"": ""['今晚我有饭局，回来要晚一些。']"", ""translation"": ""['I have been invited to a dinner this evening, so I will come back a bit late.']""}]"
范儿,style; design; pattern; form,"[{""sentence"": ""['今年新潮范儿的高宽跟鞋开始风行起来。']"", ""translation"": ""['The new style of high-and broad-heeled shoes has come into fashion this year.']""}]"
方,ten thousand yuan,"[{""sentence"": ""['光买一套沙发他就花了一方。']"", ""translation"": ""['He spent ten thousand yuan all for one set of sofa.']""}]"
放电,(electric) discharge/A metaphor for expressing passion between the sexes.,"[{""sentence"": ""['飞龙的眼睛会放电，难怪见过他的女孩子都有会被迷住。']"", ""translation"": ""['Feilong’s eyes can express strong passion. No vonder all the grils who have ever met him tend to be attracted by him.']""}]"
放鸽子,to break an appointment; to stand someone up,"[{""sentence"": ""['昨天他竟然放我鸽子，害得我大冷天在车站等了他一个小时']"", ""translation"": ""['How dare he stand me up yesterday! He made me wait for an hour in the cold, and he never showed up.']""}]"
放空,"an automobile with no passengers in it, usually it refers to a taxi","[{""sentence"": ""['出租汽车司机都怕回来放空。那个地区人少，所以没人愿意拉人去那儿。']"", ""translation"": ""['All taxi drivers are afraid of driving back without passengers. Since there are few people living there, no taxi driver likes to take customers there.']""}]"
放一码,let a person (usually a criminal) off; have mercy on; forgive ; release,"[{""sentence"": ""['小偷求年轻的警察放他一码，并且把全部赃物交给警察。']"", ""translation"": ""['The thief returned all the stolen goods and begged the young policeman to let him off.']""}]"
匪,rough; loutish; hooliganish; thuggish,"[{""sentence"": ""['那个小子虽说蹲了三年的大狱，可看上去还是那么匪。']"", ""translation"": ""['That fellow, 'although re-educated in jail for three years', still has a hooliganish look.']""}]"
粉丝,"fans (of movie, pop music, ball games, etc.)","[{""sentence"": ""['随着“超女”比赛的白热化，无数粉丝变得越来越疯狂。']"", ""translation"": ""['As the“Super girl” contest became white-hot, numerous fans became more and more excited.']""}]"
风光,have fame; have status; enjoy a luxury life,"[{""sentence"": ""['荣获拳击冠军之后，他的确风光了一阵子。']"", ""translation"": ""['After he won the boxing championship, he really became a man of the hour for a period.']""}]"
福分,good fortune; happy hot,"[{""sentence"": ""['有这么一位好老婆是你的福分。']"", ""translation"": ""['It’s your stroke of luck to have such a good wife.']""}]"
富姐,a rich woman,"[{""sentence"": ""['如今在独身主义者中有相当一部分人是富姐，自己有房子有车，还有一份高薪的工作。']"", ""translation"": ""['Nowadays, 'there are quite a few rich women among the bachelors. They have their own apartments', 'cars', and a highly paid job.']""}]"
富态,plump ; stout; fat/A polite way to address someone who is overweight.,"[{""sentence"": ""['你越来越富态了。']"", ""translation"": ""['You’re getting chubbier and chubbier.']""}]"
玍,bad tempered; odd; eccentric; peculiar,"[{""sentence"": ""['这家伙有点玍。']"", ""translation"": ""['This fellow is a queer specimen.']""}]"
该着,ought to; certainly; naturally,"[{""sentence"": ""['我听说你最近升官了，所以这顿饭该着由你请。']"", ""translation"": ""['I heard you got a promotion recently, so you certainly should treat me to this meal.']""}]"
丐帮,group of beggars/ A term that refers to a group of people who live off begging.,"[{""sentence"": ""['现在在车站行乞的人来自不同的丐帮。']"", ""translation"": ""['Now most beggars in railway stations came from different beggar groups.']""}]"
盖帽子,cream of the crop; superexcellent; the best of all/A term originally used in basketball referring putting the ball through the hoop.,"[{""sentence"": ""['中国女子排球队盖帽儿了。']"", ""translation"": ""['The Chinese women volleyball team is the best.']""}]"
干货,dried goods/A metaphor for high value or expensive things,"[{""sentence"": ""['这次我老爸从回来带了不少的干货。有时间你就过来看看。']"", ""translation"": ""['This time my father brought back many expensive things from Japan. Come over a look if you have time.']""}]"
肝儿颤,have a shaken liver; be scared; tremble with fear; be terrified,"[{""sentence"": ""['一听说明天要考试，他就肝儿颤。', '只要别人一请他做报告，他就有点儿肝儿颤。']"", ""translation"": ""['He is scared stiff to hear that he will take an examination tomorrow.', 'He trembles with fear at the thought of being asked to give a speech.']""}]"
赶趟儿,have time for; be in time for,"[{""sentence"": ""['如果我们现在去火车站还赶趟儿。']"", ""translation"": ""['We can be in time for the train if we leave right now for the railway station.']""}]"
港,fashionable; stylish,"[{""sentence"": ""['两年不见你变了，比以前港多了。']"", ""translation"": ""['I haven’t seen you for two years. You’re even more fashionable than before.']""}]"
港客,compatriots in Hong Kong and Macao who come to the mainland,"[{""sentence"": ""['他请港客吃饭去了。']"", ""translation"": ""['He invited his Hong Kong friends for a meal.']""}]"
港仔,Hong Kong lad,"[{""sentence"": ""['我刚刚认识了一个港仔，他教了我几句广东话。']"", ""translation"": ""['I’ve just met a boy from Hong Kong, who taught me a little Cantoness.']""}]"
杠头,stubborn person; person which a one-track mind,"[{""sentence"": ""['你可真是人杠头，你就不会先做这个后做那个吗？']"", ""translation"": ""['You really have a one-track mind. Why don’t you do this first and that later?']""}]"
高宰,charge an exorbitant price (so as to swindle),"[{""sentence"": ""['街头小贩通常喜欢高宰有钱的人。']"", ""translation"": ""['Street vendors usually charge the rich exorbitant prices.']""}]"
搞定,settle; fix; decide; ascertain; make sure,"[{""sentence"": ""['今天总经理不在，所以这个计划无法搞定。我们只有等到明天再说了。']"", ""translation"": ""['The general manager is not in today so this plan can’t be settled. We have to wait till tomorrow.']""}]"
搞笑,(words or actions) meant to amuse or to cause laughter,"[{""sentence"": ""['这部新片中有许多搞笑的镜头，吸引了不少的观众，票房收入跃居第一。']"", ""translation"": ""['This new film is full of amusing scenes that itt has attracted many viewers and its box-office value has leaped to first place.']""}]"
各,out of the ordinary; peculiar; different from others; odd/A term mostly used to describe one’s character or disposition.,"[{""sentence"": ""['他特别各，从不让人碰或借他的书。']"", ""translation"": ""['He is very peculiar. He never lets others touch his books or borrow them.']""}]"
各色,"odd, eccentric","[{""sentence"": ""['我丈夫特别各色，别人很难与他相处。']"", ""translation"": ""['My husband is quite eccentric, others find him hard to work with.']""}]"
给他一大哄,boo someone; gather together to jeer at someone; hoot at someone,"[{""sentence"": ""['她唱得真难听，让我们给她一大哄。']"", ""translation"": ""['She sings so bad. Let’s boo her.']""}]"
跟风,to follow the trends; do as others do,"[{""sentence"": ""['自从《哈里·波特》系列书问世并畅销全球以来，许多出版社纷纷跟风随后出版了不少有关魔法故事的图书。']"", ""translation"": ""['Since the Harry Potter series were published and became a global success, many publishers have followed the trend and published books about magic stories.']""}]"
根儿硬,be backed up; have strong support; have connections,"[{""sentence"": ""['我知道我比不上他，因为他根儿硬。']"", ""translation"": ""['I know I can’t compare with him because he has strong support(connections).']""}]"
艮,straightforward; stubborn; blunt; forthright,"[{""sentence"": ""['他这人太艮，不好与人相处。']"", ""translation"": ""['He is too blunt to work with other people.']""}]"
公了,solve or settle sth. in a proper manner or according to public regulations/Usually refers to resolution of a problem or dispute by going to court or according to official principles.,"[{""sentence"": ""['他不想公了，因为交通民警会扣他的驾驶执照。']"", ""translation"": ""['He doesn’t want to solve the problem in the proper way because the police will take away his driving license.']""}]"
公鸭嗓子,drake’s voice; raucous voice/A voice which is husky and flat.,"[{""sentence"": ""['我想没有喜欢听你这个公鸭子嗓子唱歌。']"", ""translation"": ""['I don’t think people like to hear you sing since you’ve got a raucous voice.']""}]"
够档次,reach a certain(high)level; be up to standard; be up to par,"[{""sentence"": ""['你这房子装修得真够档次，跟宾馆相差无几。']"", ""translation"": ""['The house you decorated is up to hotel standards.']""}]"
鼓捣,tinker with; fiddle with,"[{""sentence"": ""['他喜欢鼓捣电视机。']"", ""translation"": ""['He likes to tinker with the television.']""}]"
骨头轻,light bones/A term describing women who are not self-possessed and behave frivolously.,"[{""sentence"": ""['她这人骨头轻，总爱招引男人。']"", ""translation"": ""['She’s got light bones and likes to flirt with men.']""}]"
挂号,establish a criminal record,"[{""sentence"": ""['你该格外小心，因为你已在公安局挂过号了。']"", ""translation"": ""['You should be very careful because you have already established a criminal record with the police.']""}]"
怪才,one with outstanding artistic talent; a talented person,"[{""sentence"": ""['红高梁的导演张艺某被誉为中国电影界的怪才。']"", ""translation"": ""['Zhang Yimou, director of the film“Red Sorghum” is known for his extraordinary artistic talent in Chinese film circles.']""}]"
官盖,the best of all; extremely good,"[{""sentence"": ""['你若系上这条皮带，官盖。']"", ""translation"": ""['It would look the best if you wore this belt.']""}]"
光溜,smooth; slippery,"[{""sentence"": ""['这块丝绸真光溜。', '脚下留神。这种大理石地面太光溜了。']"", ""translation"": ""['This silk is really smooth.', 'Be careful when you walk on the marble floor. It’s very slippery.']""}]"
鬼,smart; clever,"[{""sentence"": ""['这孩子鬼着呢，总钻我们的空子。']"", ""translation"": ""['This boy is very smart. He always exploits our loopholes.']""}]"
鬼佬,foreigner(impolite term),"[{""sentence"": ""['你不知道鬼佬最爱吃中国菜，所以中餐馆的生意在海外总那么兴隆。']"", ""translation"": ""['Don’t you know that foreigners like Chinese food? That’s why business in Chinese restaurants is always so prosperous.']""}]"
鬼子烟,imported cigarette(mainly from the United States and Britain),"[{""sentence"": ""['他爱抽鬼子烟，喝威士忌酒。']"", ""translation"": ""['He likes to smoke imported cigarettes and drink whiskey.']""}]"
国际倒儿爷,transnational goods speculator; international goods profiteer,"[{""sentence"": ""['大多数国际倒儿爷都到秀水街买服装，所以这条街的生意就变得格外红火。']"", ""translation"": ""['Most international traders come to buy clothes in Xiushui Street, which has resulted in a great boom for business.']""}]"
过,overdo sth. ; go too far,"[{""sentence"": ""['我认为在这个剧中你的表演有些过了。']"", ""translation"": ""['I think you overdid your part in the play.']""}]"
哈韩族,young people who love Korean pop songs or TV dramas,"[{""sentence"": ""['你知道吗？这次参加青年歌手大赛的人当中有相当一部分人是哈韩族。']"", ""translation"": ""['Do you know, most of the people who participated in this Young Singers’ Contest are young people who love Korean pop songs?']""}]"
孩子王,head of children,"[{""sentence"": ""['他小的时候就是孩子王。']"", ""translation"": ""['He was the children’s leader when he was young.']""}]"
海,plenty; extremely large,"[{""sentence"": ""['海口。']"", ""translation"": ""['big talk']""}]"
号贩子,someone who scalps registration tickets,"[{""sentence"": ""['医院明知这些号贩子的身份却因无执法权而难以将他们驱逐出医院。']"", ""translation"": ""['Hospitals know exactly who these registration-ticket scalpers are, but they’re unable to drive them out of the hospitals because they don’t have the legal right to do so.']""}]"
盒饭,boxed meal /A meal of rice and aside dish in a box,"[{""sentence"": ""['我出差或外出旅行时常在火车上吃盒饭。']"", ""translation"": ""['I usually eat boxed meals on the train when I go on business or trips.']""}]"
犄角旯旮儿,corner; nook; quiet and secluded place; out-of-the way place,"[{""sentence"": ""['我不知道那只猫躲在哪个犄角旯旮儿里。']"", ""translation"": ""['I don’t know in which corner the cat is hiding.']""}]"
急茬儿,urgent matter,"[{""sentence"": ""['每次他来找我，我就知道又是急茬儿，否则他才不会大驾光临呢。']"", ""translation"": ""['Every time when he visits me, 'I know there must be something urgent', otherwise he wouldn’t come himself.']""}]"
急赤白脸,burning with impatience; looking pale with worry; extremely pressing,"[{""sentence"": ""['她急赤白脸地找到我，问我是否看到过她的钥匙。', '看他那副急赤白脸的样子，仿佛谁抢了她的钱似的。']"", ""translation"": ""['She came to me in an extreme hurry and asked whether I saw her keys.', 'He looked hyperanxious, as if someone had taken away all his money.']""}]"
加盟,take part in ; join; participate,"[{""sentence"": ""['他离开山东篮球队加盟北京篮球队。']"", ""translation"": ""['He left the Shangdong basketball team and joined the Beijing team.']""}]"
家庭号,family-size box of ice-cream,"[{""sentence"": ""['我想买一个家庭号冰淇淋。']"", ""translation"": ""['I’ll buy a family-size box of ice-cream.']""}]"
架秧子,(of a crowd of people)create a disturbance; make trouble,"[{""sentence"": ""['你们都回去，该干嘛就干嘛去。别围在这儿跟着起哄架秧子。']"", ""translation"": ""['All of you go back and do what you should do. Don’t stand here and make troubles.']""}]"
拣软的捏,choose the weak to bully; take advantage of the coward,"[{""sentence"": ""['谁都爱拣软的捏。']"", ""translation"": ""['Everyone likes to take advantage of the weak.']""}]"
矫情,use lame arguments; resort to sophistry; willfully make trouble,"[{""sentence"": ""['我再也不跟他打交道了。他就爱跟人矫情。']"", ""translation"": ""['I’ll never have any dealings with him. He likes to use lame arguments.']""}]"
窖,deposit(in the bank); save; store,"[{""sentence"": ""['大多数人宁愿将钱窖起来，也不愿玩股票。']"", ""translation"": ""['Most people prefer to save their money rather than buy stocks.']""}]"
叫板,challenge; ask for trouble; pick a quarrel,"[{""sentence"": ""['他才从武术训练班毕业，你怎么敢跟他叫板。']"", ""translation"": ""['How dare you challenge him! He has just graduated from martial arts school.']""}]"
叫倒好,hoot,"[{""sentence"": ""['一些观众不喜欢那位歌手，二是他们就不停地吹口哨，叫倒好。']"", ""translation"": ""['Some of the audience didn’t like the singer, so whistled and hooted endlessly in the theater.']""}]"
叫（较）针儿,argue; wrangle,"[{""sentence"": ""['她就爱跟人叫针儿。']"", ""translation"": ""['She likes to argue with people.']""}]"
叫座,"(of a play, movie, show) very popular; a box-office success; draw a large audience","[{""sentence"": ""['真没想到这部电影居然这么叫座。']"", ""translation"": ""['No one expected that this movie would be such a great box-office success.']""}]"
姐们儿,sisters; sister; pals; close female friends/A term used among women to address close friends.,"[{""sentence"": ""['你的姐们儿都很想你。她们决定明来来看你。']"", ""translation"": ""['Your sisters(female friends)are missing you a lot. They have decided to come and see you tomorrow.']""}]"
警花,policewoman,"[{""sentence"": ""['她也想像姐姐一样成为一名警花。']"", ""translation"": ""['She aspires to be a policewoman like her elder sister.']""}]"
卷地,pack up the stall,"[{""sentence"": ""['今天生意不好，他早早地就卷地，回家了。']"", ""translation"": ""['There wasn’t much business today, so he packed up the stall early and left for home.']""}]"
绝代佳人,"Originally it means a woman of matchless beauty. Now by playing with the words people jocularly use it to refer to a young woman of beauty who does not produce a male heir, only a girl, for her husband.(According to an old custom only a male heir can continue a family line.)","[{""sentence"": ""['老赵跟他老婆戏言说他这辈子是难圆儿子梦了，因为他娶了一位绝代佳人。']"", ""translation"": ""['Lao Zhao said jokingly to his wife that he could never make his dream of having a son come true because he had married a woman of beauty who will not produce a male heir.']""}]"
倔驴,bullheaded mule/A metaphor for someone who is stubborn and straightforward.,"[{""sentence"": ""['他是头倔驴。']"", ""translation"": ""['He is as stubborn as a bullheaded mule.']""}]"
军嫂,soldier’s wife,"[{""sentence"": ""['她被誉为好军嫂。']"", ""translation"": ""['She is regarded as a model soldier’s wife.']""}]"
咔哧,scrape off with a knife,"[{""sentence"": ""['他们打扫房间并把墙上的字都咔哧干净了。']"", ""translation"": ""['They swept the house and scraped all the letters off the wall.']""}]"
擖油,take advantage of someone; profit at someone else’s expense; abuse a privilege,"[{""sentence"": ""['她常跟父亲逛商场，擖父亲的油。']"", ""translation"": ""['She often goes shopping with her father and takes advantage of his money.']""}]"
开练,start working,"[{""sentence"": ""['等东西一到我们就开练。']"", ""translation"": ""['We’ll start working as soon as the materials arrive.']""}]"
开溜,escape; run away; sneak away; slink off,"[{""sentence"": ""['今天下午有个重要的会，谁敢开溜呀。']"", ""translation"": ""['We’ll have an important meeting this afternoon. Who dares to sneak off?']""}]"
开涮,make fun of; make a fool of,"[{""sentence"": ""['他跟这帮朋友太熟了，所以他们拿他开涮他从不生气。']"", ""translation"": ""['He knows his friends very well, so he never gets angry when they make fun of him.']""}]"
开洋荤,enjoy a foreign lifestyle; enjoy foreign food,"[{""sentence"": ""['多数中国人喜欢开洋荤，难怪美国的局快餐食品在中国卖得这么火。']"", ""translation"": ""['Most Chinese people like foreign food. That’s why American fast food is booming in China.']""}]"
看堆儿,keep an eye on sth. ; watch over sth.,"[{""sentence"": ""['他父母把买来的水果放下，让她看堆儿，然后转身又去买衣服了。']"", ""translation"": ""['His parents asked her to keep an eye on the fruits they just bought and then went shopping for clothes.']""}]"
侃大山,chat,"[{""sentence"": ""['他整天不干事，只知道侃大山。']"", ""translation"": ""['He does nothing but sit around and chat.']""}]"
侃价,bargain; haggle with a peddler,"[{""sentence"": ""['你得学会如何在自由市场上侃价，否则就要吃亏。']"", ""translation"": ""['You have to learn how to bargain in the free market or you’ll be ripped off.']""}]"
侃星,chatterbox,"[{""sentence"": ""['我的这位朋友真是个侃星。你和他一起工作不会感觉乏味的。']"", ""translation"": ""['My friend is a real chatterbox. You won’t get bored working with him.']""}]"
侃爷,big talker; someone who is good at boasting; someone full of hot air(American slang),"[{""sentence"": ""['他是这楼里的几位侃爷之一。']"", ""translation"": ""['He is one of the biggest talkers in the building.']""}]"
看西洋镜,get a glimpse into one’s personal life or secrets,"[{""sentence"": ""['别在这儿吻我，我可不是愿让人看咱们的西洋镜。']"", ""translation"": ""['Don’t kiss me now. I don’t like other people to see our private life.']""}]"
看涨,(of market prices)expected to rise,"[{""sentence"": ""['前几天他没有想到这种邮票会看涨。']"", ""translation"": ""['Several days ago he didn’t expect that the value of this stamp would rise.']""}]"
康师傅,Chef Kang-a brand of instant noodles,"[{""sentence"": ""['我早餐吃了一碗康师傅。']"", ""translation"": ""['I had a bowl of“Chef Kang” instant noodles for my breakfast.']""}]"
扛,stand;bear;tolerate;endure,"[{""sentence"": ""['这活再苦我也得扛着。']"", ""translation"": ""['I have to stand it no matter how hard the work is.']""}]"
ＣＡＬＬ机,pager;beeper(used mostly in the 1990s of the 20th century),"[{""sentence"": ""['他只给我留下个ＣＡＬＬ机号，说有事就ＣＡＬＬ他。']"", ""translation"": ""['He only gave me a pager number and told me to call him when I needed to find him.']""}]"
棵,a hundred-yuan bill,"[{""sentence"": ""['那个小贩每天至少挣三棵。']"", ""translation"": ""['The street vendor makes at least three hundred yuan a day.']""}]"
呵碜,ugly,"[{""sentence"": ""['这是你包的饺子呀，真够呵碜的。']"", ""translation"": ""['Did you make this dumpling? It’s so ugly.']""}]"
可圈可点,"Originally this referred to making circles or dots on a manuscript as notation, or to draw attention. Later it was used to mean that something has both good and bad points, or that something is worth noticing and making further study.","[{""sentence"": ""['不要把小王说的一无是处。他这个人还是可圈可点的地方嘛。']"", ""translation"": ""['You shouldn’t make Xiao Wang out to be completely lacking in redeeming qualities. He’s got his good points.']""}]"
剋,scold,"[{""sentence"": ""['这件事本是你做的不对。怎么，还不许人家剋你几句呀？']"", ""translation"": ""['Actually you didn’t do it right. How come you wouldn’t let them scold you.']""}]"
肯节儿,"at the critical moment, at a turning point","[{""sentence"": ""['马上就是高考了，可他偏偏在这个肯节儿一病了。']"", ""translation"": ""['The college entrance exams are around the corner, but he became sick at the critical moment.']""}]"
空嫂,married stewardess,"[{""sentence"": ""['每次乘坐民航，你都能享受到空嫂提供的热情而周到的服务。']"", ""translation"": ""['Every time you fly you can enjoy the warmth and good services given by the married stewardesses of CAAC.']""}]"
空手道,petty thief; pilferer(a term originally used in karate),"[{""sentence"": ""['乘坐公共汽车要当心，提防着那些空手道对你下手。']"", ""translation"": ""['Be careful when you take a public bus for you might be the target of those petty thieves.']""}]"
空调,"air-conditioner/A term used to describe an empty talker or someone who simply pays lip service. The term, which also means“empty adjustment” emerged during the teacher salary reform. The department concerned announced the rise in teacher salaries but took a long time before actually implementing the change, hence the term.","[{""sentence"": ""['我听说今年十月又要调工资了。这次不会又是“空调”吧？']"", ""translation"": ""['I heard that we will have a salary rise this October. It won’t be an empty promise again this time, will it?']""}]"
控办,"commodities purchased for office use are controlled/The government controls the purchase of many expensive household commodities (furniture, television, tape recorders, etc. in the 1980s of the 20th century)for office use.","[{""sentence"": ""['几年前家具还是控办商品。']"", ""translation"": ""['Furniture was listed as a controlled commodity for office use several years ago.']""}]"
口碑,reputation; fame,"[{""sentence"": ""['这个口牌的电视机在这里已经卖了好几年了，口碑不错，顾客都认它。']"", ""translation"": ""['This brand of television has been sold here for several years and had a good reputation. It has a good market in this city.']""}]"
口头禅,pet expression,"[{""sentence"": ""['A--你还记得七十年代人们流行的口头禅是什么吗？\\\\nB--怎么不记得，“向毛主席保证。”']"", ""translation"": ""['A--Do you still remember the most popular expression used in China in the 1970s?\\\\nB--Of course I do.“In Chairman Mao’s name.” how could I ever forget it!']""}]"
块儿,lump; chunk; piece; cube,"[{""sentence"": ""['她给孩子买了些糖块儿。']"", ""translation"": ""['She bought some lumps of sugar for her child.']""}]"
款,rich person; money bags,"[{""sentence"": ""['他五年前开始种花，如今也算是这小镇上的一个款。']"", ""translation"": ""['He started growing flowers five years ago. Now he’s considered a rich man in the small town.']""}]"
款姐,rich sister/An intimate term for a rich woman.,"[{""sentence"": ""['如今她是个款姐了，出门就打的。']"", ""translation"": ""['She is a rich woman now. Every time she goes out, she takes a taxi.']""}]"
狂,arrogant; over bearing,"[{""sentence"": ""['这人没多大本事，可还挺狂。']"", ""translation"": ""['He is very arrogant, but quite useless.']""}]"
拉钩,pull each others’ little fingers/A term which refers to making a promise or swearing to do sth.,"[{""sentence"": ""['我看完这本书就还你，不信咱们可以拉钩。']"", ""translation"": ""['I’ll return this book after I finish it. If you don’t believer me, we’ll pull fingers on it.']""}]"
辣妹子,"hot girl/A girl who is bold, hot-and quick-tempered with a sharp tongue.","[{""sentence"": ""['跟她打交道要小心点儿，她可是出了名的辣妹子。']"", ""translation"": ""['Be careful dealing with her. She is know as a vixen.']""}]"
来菜,do business; have a chance; have sth. to do,"[{""sentence"": ""['如果再不来菜，这厂子就要关板儿了。']"", ""translation"": ""['The factory will close down if it runs out of business.']""}]"
来劲,get excited; become alive; get pumped up; become full of energy; inspire,"[{""sentence"": ""['听说要与别的队比赛，他们马上来劲了。']"", ""translation"": ""['They got pumped up the minute they heard about the competition with the other team.']""}]"
来三,smart and capable,"[{""sentence"": ""['侬（你）来三。']"", ""translation"": ""['You are smart.']""}]"
赖,bad; no good; poor,"[{""sentence"": ""['你的办公条件还不赖。']"", ""translation"": ""['Your working conditions are not bad.']""}]"
懒汉鞋,“lazy man’s shoe”/A shoe that has a cloth cover and no shoestrings.,"[{""sentence"": ""['老年人喜欢穿懒汉鞋，因为它轻松舒适，而且易穿脱。']"", ""translation"": ""['The old like to wear lazy man’s shoes because they are soft and comfortable and easy to put on and take off.']""}]"
捞,to easily bring or take something,"[{""sentence"": ""['他每次回家都能捞点东西回来。']"", ""translation"": ""['He always takes something back whenever he goes home.']""}]"
劳模,model worker,"[{""sentence"": ""['她是全国十大劳模之一。']"", ""translation"": ""['She is one of the top ten model workers in the country.']""}]"
老帮子,old person; old fogy; old fart/An impolite term for the elderly.,"[{""sentence"": ""['别烦我，你这老帮子。']"", ""translation"": ""['Don’t bother me, you old fogy.']""}]"
老不死的,(swearword or intimate term) old fellow; old folk; old fogy; old fart/An impolite term for the elderly.,"[{""sentence"": ""['天快黑了，那个老不死的到哪儿去了？']"", ""translation"": ""['Where’s the old fart gone ? It’s getting dark.']""}]"
老大,Literally it means the eldest of sisters and brothers./ A metaphor for a head of a gang or a bandit chieftain.,"[{""sentence"": ""['他要见你们老大，有要事相商。']"", ""translation"": ""['He wants to see your head and has something important to discuss.']""}]"
老到,experienced; sophisticated; considerate; careful,"[{""sentence"": ""['这家伙精明老到。你不是他的对手。']"", ""translation"": ""['He is very shrewd and sophisticated. You are no match for him.']""}]"
老赶,amateur;nonprofessional person; layman,"[{""sentence"": ""['论做生意我中是老赶。']"", ""translation"": ""['I’m a layman in the trade.']""}]"
老公,husband; old man; hubby.,"[{""sentence"": ""['她老公是司机。']"", ""translation"": ""['Her hubby is a driver.']""}]"
老家儿,parents,"[{""sentence"": ""['出国留学的事最好跟老家儿打个招呼，免得他们为你担心，还以为你找不到工作呢。']"", ""translation"": ""['You’d better tell your parents  about your plan to go abroad to study just in case they are worried about you because they thought you couldn’t find a job.']""}]"
老冒儿,country person; layman; hick; ignorant and ill-informed person.,"[{""sentence"": ""['你真老冒儿，连什么是BP机都不知道。']"", ""translation"": ""['You’re such a hick- you don’t even know what a pager is.']""}]"
老模砢碜眼,ugly;unsightly; bad looking/ A derogatory term that describes those who are old and not good looking any more.,"[{""sentence"": ""['她认为自己老模砢碜眼的，穿什么也不会好看。']"", ""translation"": ""['She thinks she’s so old and ugly that noting will look good on her.']""}]"
老蔫（儿）,"slowpoke; slow, sluggish, slothful person; taciturn person","[{""sentence"": ""['我那口子可是个典型的老蔫儿。他干起活儿那叫一个慢，谁看了都着急。']"", ""translation"": ""['My husband is a typical slowpoke. He does things so slowly that anyone watching feels exasperated.']""}]"
老鼠会,a mouse meeting (association)/A metaphor for a pyramid sale.,"[{""sentence"": ""['前两年全国各地有不少老鼠会。我听说过，但没有参加过。']"", ""translation"": ""['Two years ago there were many mouse associations all over the country. I heard of them, but didn’t join in.']""}]"
老外,foreigner,"[{""sentence"": ""['她嫁给一个老外，跟他出国了。']"", ""translation"": ""['She married a foreigner and went abroad.']""}]"
老爷子,father; dad,"[{""sentence"": ""['今天你可以来，因为老爷子不在家。', '你得大声跟这位老爷子说话，他的耳朵背。']"", ""translation"": ""['You can come today because my father’s not at home.', 'You have to speak louder to the old man. His hearing is bad.']""}]"
老子,father,"[{""sentence"": ""['她老子是大官儿。']"", ""translation"": ""['Her dad is a high-ranking official.']""}]"
唠,chat; talk,"[{""sentence"": ""['我们有几年没见面了，今晚咱们好好唠一唠。']"", ""translation"": ""['We haven’t seen each other for years. Let’s have a good gab tonight.']""}]"
落忍,feel all right(comfortable or natural); have peace of mind; feel at ease,"[{""sentence"": ""['你怎么能落忍让这么小的孩子干这么重的活儿。']"", ""translation"": ""['How could you feel at ease making the little child do such heavy work?']""}]"
雷子,cop; policeman; public security man,"[{""sentence"": ""['小偷让雷子盯上了。']"", ""translation"": ""['The thief was tailed by a cop.']""}]"
愣,distracted; stupefied; blank,"[{""sentence"": ""['你站在这儿发什么愣呢？']"", ""translation"": ""['Why are you standing here staring blankly?']""}]"
礼拜,week,"[{""sentence"": ""['一个礼拜有七天。']"", ""translation"": ""['There are seven days in a week.']""}]"
立马儿,immediately; at once; right away,"[{""sentence"": ""['如事情紧急我立马儿就走。']"", ""translation"": ""['I will go at once if it is urgent.']""}]"
晾,purposely ignore; intentionally brush aside,"[{""sentence"": ""['她只愿同朋友聊天，把我晾在一边。']"", ""translation"": ""['She talked with her friends and ignored me.']""}]"
亮点,(lit.) a bright spot/A metaphor for (sb. or sth) to be attractive; eye-catching; attract attention.,"[{""sentence"": ""['澳门回归无疑会是去年的一个亮点。']"", ""translation"": ""['The return of Macao to her motherland was no doubt one of last year’s attention attracting events.']""}]"
靓仔,good looking man; handsome young man,"[{""sentence"": ""['他是影视界最受欢迎的靓他。']"", ""translation"": ""['He is the most popular good looking man in the movie and television circles.']""}]"
了了,be over ; end ; finish ; settle,"[{""sentence"": ""['这事了了之后，我就去海边度假。']"", ""translation"": ""['I’ll take a beach vacation after the task is over .']""}]"
猎头,head hunting ; look for senior talented people in all kinds of fields,"[{""sentence"": ""['猎头公司是一个专门为客户猎头，推荐所需人才的服务公司。']"", ""translation"": ""['A head hunting agency is a service company which engages in head hunting and recommending required talents to its agents .']""}]"
零碎儿,odds and ends ; bits and pieces,"[{""sentence"": ""['谁能帮我把这些零碎儿扔出去？']"", ""translation"": ""['Who can help me throw these odds and ends out of the room ?']""}]"
另类,"a different ,special ,completely new way or fashionable type or trend","[{""sentence"": ""['他在力求探索一种全新的写作方式，根本不在乎是否别人会将他的作品视为另类。']"", ""translation"": ""['He is trying a completely new way of writing and doesn’t care whether others will consider his work special or not .']""}]"
溜,skilled ; fluent,"[{""sentence"": ""['她英语讲得挺溜。']"", ""translation"": ""['She speaks English very fluently .']""}]"
撸,rub one’s palm along (sth.),"[{""sentence"": ""['我手上都是泥。你能帮我把袖子撸一下吗？']"", ""translation"": ""['My hands are dirty .Could you help me push up my sleeves ?']""}]"
抡,slap one’s face ; hit ; beat ; swing,"[{""sentence"": ""['他狠狠地抡了那家伙一个耳光。']"", ""translation"": ""['He slapped the guy’s face hard .']""}]"
抡圆了,swing one’s arms with all one’s might ; exert all one’s strength,"[{""sentence"": ""['他抡圆了给那小子一个耳光。']"", ""translation"": ""['He walloped that guy in the face .']""}]"
落单,widow / widower,"[{""sentence"": ""['孤独寂寞是那些落单老人最大的敌人。']"", ""translation"": ""['Loneliness is the greatest enemy of widows widowers .']""}]"
码,put in order; pile up; stack,"[{""sentence"": ""['把书码在墙角。', '她帮我把服装按号的大小码好。']"", ""translation"": ""['pile up the books in the corner.', 'She helped me put the clothes in order according to size.']""}]"
马大嫂,"“Madam Ma”/In Shanghai dialect the three words sound the same as the words for shopping, washing and cooking. It refers to a woman or man who does housework.","[{""sentence"": ""['小李自从结婚后便当了马大嫂。']"", ""translation"": ""['Xiao Li became a housewife after she got married.']""}]"
马爷,cop; policeman,"[{""sentence"": ""['别看他现在狂得很，可一见马爷就(尸song2)']"", ""translation"": ""['Although he’s very arrogant now, he looks weak and incompetent as soon as he sees cop.']""}]"
马子,girlfriend ; lover,"[{""sentence"": ""['今晚他准备带着马子去看电影。']"", ""translation"": ""['He plans to take his girlfriend to see a movie tonight.']""}]"
脉门,key; heart; the most important part,"[{""sentence"": ""['如果你找到事情的脉门，你就能顺利地解决矛盾。']"", ""translation"": ""['If you get to the heart of the matter, you’ll solve the problem easily.']""}]"
卖相,exterior; outward appearance; packaging,"[{""sentence"": ""['顾客越来越注重商品的卖相。']"", ""translation"": ""['Customers pay more attention to the packaging of goods than to the goods themselves.']""}]"
蛮,pretty; quite,"[{""sentence"": ""['这人还是蛮能干的。']"", ""translation"": ""['He is quite a capable man.']""}]"
满地找牙,"be badly beaten; be seriously battered(lit., pick one’s teeth up from the ground)","[{""sentence"": ""['你听着，下次再来捣乱我就让你满地找牙。']"", ""translation"": ""['Believe me. I’ll have your teeth knocked off next time if you come to trouble me.']""}]"
满脸旧社会,"It refers to someone with a weather-worn face, filled with wrinkles, as if he or she had gone through a very hard life.","[{""sentence"": ""['你长得多喜庆啊，不像我满脸旧社会的，难怪女孩子都爱跟你说话。']"", ""translation"": ""['You have a joyful book, not like me with my weather-worn face. No doubt girls all like to talk with you.']""}]"
满脸双眼皮,have a wrinkly face,"[{""sentence"": ""['三十年前她是个漂亮的姑娘，可如今是满脸双眼皮。']"", ""translation"": ""['She was a very pretty girl thirty years ago, but now her face is full of wrinkles.']""}]"
忙活,be busy; bustle with,"[{""sentence"": ""['为了结婚她已经忙活了在三天。']"", ""translation"": ""['She has been busy for three days on account of her wedding.']""}]"
猫,hide,"[{""sentence"": ""['你猫在那儿干吗？', '他偷了钱就猫起来了。']"", ""translation"": ""['Why on earth are you hiding there?', 'He stole some money and went underground.']""}]"
猫眼（儿）,"peephole, such as those with fisheye lenses found on doors in hotels or households","[{""sentence"": ""['他不开门，只透过猫眼儿就能直清门外的一切。']"", ""translation"": ""['He can see everything clearly through the peephole on the door without having to open it.']""}]"
毛,same as jiao/A fractional unit of money in China(=1/10 of a yuan or 10 fen).,"[{""sentence"": ""['从上个月起每份晚报已由四毛涨到了五毛。']"", ""translation"": ""['Since last month the price of the Beijing Evening Daily has risen from four mao(forty fen)to five mao(fifty fen).']""}]"
毛毛雨,drizzle/A metaphor for something not very important or serious.,"[{""sentence"": ""['他有的是钱。我们涨这么一点价对只不过是毛毛雨罢了。']"", ""translation"": ""['He is well off. It doesn’t matter at all if we put the price up a little bit.']""}]"
毛票,commemorative stamp of Mao zedong,"[{""sentence"": ""['在集邮市场一张毛票能卖到千元。']"", ""translation"": ""['In the stamp market one commemorative stamp of Mao Zedong can be sold at one thousand yuan RMB.']""}]"
毛腔,swear; curse; lose one’s temper,"[{""sentence"": ""['他总是顺从他老婆，从不发半点我毛腔。']"", ""translation"": ""['He’s always an obedient husband, and never loses his temper.']""}]"
冒泡,have business ; have a deal,"[{""sentence"": ""['由于下雨，我已三天没冒泡了。']"", ""translation"": ""['I haven’t had a deal for three days because of the rain.']""}]"
冒儿爷,clodhopper; country bumpkin; stupid person; dodo,"[{""sentence"": ""['你可真是个冒儿爷，连西装袖口上的商标也不摘就这么穿出去了，不叫人笑话才怪呢。']"", ""translation"": ""['You’re really a bumpkin. How could you wear this suit without removing the label from the sleeves. There is no doubt that people would have laughed at you.']""}]"
没好气,hostile; impolite; unkind; feel bad; turn a cold eye,"[{""sentence"": ""['我曾被狗咬过，所以每当我看到狗时，我就对它没好气。', '我不喜欢他，所以跟他说话总是好气。']"", ""translation"": ""['I was injured by a dog so whenever I see one, I’ll turn a hostile look on it.', 'I always speak impolitely to him because I don’t like him.']""}]"
没门儿,have no way out; have no idea.,"[{""sentence"": ""['别指望我多搞些票，我可没门儿。']"", ""translation"": ""['Don’t depend on me. I have no ideas how to get more tickets.']""}]"
没谱,unsure; unrealistic; be irrelevant; unsettled,"[{""sentence"": ""['你还得再多等会儿，这事还没谱。', '他说话总是没谱。']"", ""translation"": ""['You have to wait longer because the matter has not been settled yet.', 'You have to wait longer because the matter has not been settled yet.']""}]"
没起子,spineless;good-for-nothing; hopelessly stupid,"[{""sentence"": ""['他真没起子。']"", ""translation"": ""['He is good-for-nothing']""}]"
没商量,be settled; impossible to change; have no room to reconsider,"[{""sentence"": ""['你没必要去找他。无论对错，只要他决定的事就绝对没商量。']"", ""translation"": ""['You needn’t go to see him. No matter what he decides, 'right or wrong', he won’t change his mind.']""}]"
没戏,have no hope; hopeless; impossible/A term that originally referred to a dull and uninteresting performance.,"[{""sentence"": ""['想晋升你没戏，你不是他们想要的那种人。']"", ""translation"": ""['There’s no way for you to get promoted. You’re not the person they want.']""}]"
没着没落,unsteady; unsure; anxious,"[{""sentence"": ""['她一接不到儿子的信，心里就没着没落的。']"", ""translation"": ""['She always gets anxious when she doesn’t receive a letter from her son.']""}]"
没辙,have no way out; have no solution,"[{""sentence"": ""['如果他们不同意放你走，我也没辙。']"", ""translation"": ""['I have no solution if they don’t agree to let you go.']""}]"
没主,belongs to nobody,"[{""sentence"": ""['我捡了一个没主的钱包。']"", ""translation"": ""['I found a purse which nobody claimed.']""}]"
没准儿,perhaps; maybe,"[{""sentence"": ""['没准儿他今天不来了。']"", ""translation"": ""['Perhaps he won’t come today.']""}]"
美不劲儿的,an expression of delight and joy,"[{""sentence"": ""['看他美不劲儿的，一定是有什么好事了。']"", ""translation"": ""['Look, how delighted he is! Something good must have happened.']""}]"
美眉,pretty girl,"[{""sentence"": ""['你们公司可有不吵美眉。什么时候也给我介绍一个行不行？']"", ""translation"": ""['There are many pretty girls in your company. Would you introduce one to me someday?']""}]"
美食,delicious food,"[{""sentence"": ""['中国被誉为美食国，有丰富的美食文化。']"", ""translation"": ""['China is known as a country of delicious fare with a rich cuisine.']""}]"
美子,Us dollar; buck,"[{""sentence"": ""['她才从美国回来，手头一定有不少美子。']"", ""translation"": ""['She’s just come back from the United States. She must have a lot of US dollars.']""}]"
门脸,appearance/A term that mostly refers to facial appearance(mainly a beard or moustache) and hair.,"[{""sentence"": ""['你该修一修门脸了。']"", ""translation"": ""['You’d better have a shave and a haircut.']""}]"
门前清,clear the ground in front of one’s gate or street/A metaphor for one to down their wine or liquor during a meal.,"[{""sentence"": ""['他建议大家来个门前清。']"", ""translation"": ""['He suggested that everyone down their wine.']""}]"
门儿清,know sb. Or sth. completely; know like the back of one’s hand.,"[{""sentence"": ""['我们从小青梅竹马，他对我的背景绝对门儿清。']"", ""translation"": ""['We grew up together, so he knows me like the back of his hand.']""}]"
猛料,"unexpected, very important news","[{""sentence"": ""['这家报纸刚上市时登出了很多猛料，一下子吸引了不少的读者。']"", ""translation"": ""['This newspaper published a lot of big, 'unexpected news when it hit the market', and attracted many readers.']""}]"
眯瞪,have a nap,"[{""sentence"": ""['别打搅我。我想眯瞪一会儿。']"", ""translation"": ""['Don’t bother me. I want to have a nap.']""}]"
面,weak; lax; slow,"[{""sentence"": ""['他干事特别面。']"", ""translation"": ""['He is lax about doing things.']""}]"
面的,taxi minivans common in Beijing nicknamed“bread boxes” because of their appearance,"[{""sentence"": ""['多数人喜欢坐面的，因为它既经济又实惠。']"", ""translation"": ""['Most people prefer the minivan taxis because they are cheap and practical.']""}]"
名模,supermodel; famous model,"[{""sentence"": ""['她梦想有一天成为一个名模。']"", ""translation"": ""['She dreams of becoming a supermodel one day.']""}]"
命门,point of weakness; Achilles’ heel/A term meaning a matter of vital importance.,"[{""sentence"": ""['经济改革是中国未来发展的命门。']"", ""translation"": ""['The economic reforms are a matter of vital importance in China’s future development.']""}]"
模仿秀,imitation show/A show in which people mimic stars(usually singers).,"[{""sentence"": ""['北京有线电视台搞的模仿优秀节目吸引了全国许多青年人报告参加。']"", ""translation"": ""['The imitation show program organized by Beijing Cable Television Station has attracted many young participants from all over the country.']""}]"
磨牙,argue endlessly; talk nonsense,"[{""sentence"": ""['我没事撑的和你在这儿磨牙。']"", ""translation"": ""['Have I got nothing to do so I argue with you here?']""}]"
磨磨唧唧,be slow tempered; act slowly; hesitate in speech or in action; talk in a roundabout way; hum and ha,"[{""sentence"": ""['别磨磨唧唧的，如果你真喜欢就买下来。', '快点！别磨磨唧唧。']"", ""translation"": ""['Don’t hesitate. If you really like it, buy it.', 'Hurry up! Don’t dawdle.']""}]"
木头疙瘩,wood; lumber; timber,"[{""sentence"": ""['你带回这么一块木头疙瘩有什么用？']"", ""translation"": ""['What’s the use of this piece of wood you brought back?']""}]"
拿糖,put on airs; strike a pose to impress people; give oneself airs,"[{""sentence"": ""['他从不拿糖，而且总是有求必应。']"", ""translation"": ""['He never gives himself airs in front of people and does whatever you ask for.']""}]"
奶水,(lit.)mile/A metaphor for the profit one gets after offering a bribe.,"[{""sentence"": ""['这两年他凭着各种关系搞到不少奶水多的大项目。']"", ""translation"": ""['In the two years he acquired many profitable projects by relying on his various relations.']""}]"
脑体倒挂,situation where workers are making more than intellectuals,"[{""sentence"": ""['脑体倒挂是一种奇怪的现象。']"", ""translation"": ""['It’s odd to see the phenomenon where intellectuals are earning less than workers.']""}]"
闹心,be terribly upset; be agitated; irritate; be restless,"[{""sentence"": ""['这坏消息真让我闹心。', '把迪斯科音乐关小声点，真够闹心的。']"", ""translation"": ""['The bad news made me terribly upset.', 'Turn down the disco music a little bit. It makes me feel restless.']""}]"
能耐,skill; ability,"[{""sentence"": ""['别看他不大，能耐可不小。']"", ""translation"": ""['He has great ability though he is only a little boy.']""}]"
蔫（儿）不唧唧,(of a person) to be in low spirits,"[{""sentence"": ""['她今天怎么了，蔫儿不唧唧的?']"", ""translation"": ""['She is always quiet and seldom speaks to others.']""}]"
蔫（儿）坏,privately do bad things,"[{""sentence"": ""['他看上去老实，实际上蔫（儿）坏。']"", ""translation"": ""['He looks very honest, but he does had things in secret.']""}]"
黏糊,sticky; glutinous,"[{""sentence"": ""['这种胶特别黏糊。']"", ""translation"": ""['This kind of glue is very sticky.']""}]"
鸟语,"Dialect, usually the Cantonese dialect","[{""sentence"": ""['他一给女友打电话就说鸟语，生怕我们听到他在说什么。']"", ""translation"": ""['He speaks Cantonese whenever he calls his girlfriend, so as to keep us from understanding what he says.']""}]"
牛,proud ;arrogant ; self-important,"[{""sentence"": ""['自他兜里的钱多了以后, 人也变得牛了。']"", ""translation"": ""['Since he became rich he’s become very arrogant .']""}]"
牛皮糖,sticky candy / A metaphor for one who is hard to deal with or get rid of .,"[{""sentence"": ""['我今天真倒霉，又碰上了一个牛皮糖顾客。']"", ""translation"": ""['I was unlucky today to meet a customer who was so hard to deal with .']""}]"
牛气,very proud and arrogant ; cocky ; complacent,"[{""sentence"": ""['你既无钱又无房，有什么可牛气的？']"", ""translation"": ""['What could you be cocky about ?You’re got neither bags of money nor a beautiful house .']""}]"
弄潮儿,"tide player / A reformer or one who fights against old customs and influences ,or a pioneer .","[{""sentence"": ""['他们被誉为时代的弄潮儿。', '自从经济改革以来，涌现出一大批弄潮儿。']"", ""translation"": ""['They are known as progressives of the age .', 'Large numbers of groundbreakers have emerged since the economic reform .']""}]"
呕吔,"Oh yeh. / An exclamation expressing happiness, encouragement, or agreement.","[{""sentence"": ""['他刚刚宣布明天去郊游的消息，就听到教室里响起一片呕吔声。']"", ""translation"": ""['He heard loud cheers of“Oh Yeh” in the classroom as soon as he finished announcing the news of an outing the next day.']""}]"
趴活,wait for business (usually referring to taxi drivers),"[{""sentence"": ""['昨天的一起交通事故正好被当时在路边一位趴活的出租车司机看见了。他是这起事故的唯一目击证人。']"", ""translation"": ""['The traffic accident yesterday happened to be seen by a taxi driver who had stopped at the roadside to wait for business. He was the only witness to the accidents.']""}]"
扒拉,eat; stuff/A term that actually refers to the action of putting food(rice or vegetables from a bowl or dish) into one’s mouth.,"[{""sentence"": ""['她随便扒拉了两口饭就急急忙忙的走了。']"", ""translation"": ""['She ate something and left in a hurry.']""}]"
拍婆子,chase a young woman(derogatory),"[{""sentence"": ""['我几天都没见他的影子了。我猜他一定在哪儿拍婆子呢。']"", ""translation"": ""['I haven’t seem him for a few days. I guess he’s been chasing a young woman.']""}]"
派,impressive,"[{""sentence"": ""['他穿上这套西装够派的。']"", ""translation"": ""['He looks quite impressive in his new suit.']""}]"
盘儿亮,good-lookng; beautiful,"[{""sentence"": ""['你的女友盘儿够亮的。']"", ""translation"": ""['Your girlfriend is good–looking.']""}]"
跑水,to flood because of a pipe leak or a blocked up pipeline.,"[{""sentence"": ""['这里怎么有这么多水，一定是哪里跑水了。我们赶快查一下吧。']"", ""translation"": ""['Why is there so much water here ? There must be flooding somewhere nearby .Bet’s go and check it out right away.']""}]"
泡妞,flirt with girls ; spend time with girls; chase girls; womanize.,"[{""sentence"": ""['他下班后常去酒吧泡妞。', ':他到哪儿去了？一定又在泡妞。']"", ""translation"": ""['He often flirting with girls in bars after work.', 'Where has he gone? He must be flirting with girls somewhere']""}]"
喷粪,swear; curse; say dirty words.,"[{""sentence"": ""['他这个人文化素质太低，一急起来就满嘴喷粪。']"", ""translation"": ""['He’s poorly educated because his mouth is full of dirty words when he gets angry.']""}]"
皮包公司,"a briefcase company / A company or a person which has few assets, few employees and mainly engages in consulting, buying and reselling. The only thing needed to run this sort of company is a briefcase.","[{""sentence"": ""['跟他打交道你可别全信他。他的公司只不过是个皮包公司。']"", ""translation"": ""['Don’t trust him fully when you do business with him. His company is only a briefcase company.']""}]"
痞子,rascal; scoundrel; ruffian,"[{""sentence"": ""['他在一部电影中扮演一个小痞子。']"", ""translation"": ""['He played the role of a little rascal in a movie.']""}]"
屁驴子,bicycle that runs on a motor,"[{""sentence"": ""['许多人买不起摩托车，便自己动手攒屁驴子。']"", ""translation"": ""['Many people can’t afford to buy a motorcycle, so they assemble bicycles with motors.']""}]"
片儿警,local regional policeman/ A policeman in charge of the public order of a local region or a residential area.,"[{""sentence"": ""['他是这儿新来的片儿警。']"", ""translation"": ""['lazy man’s shoes have become popular with the young.']""}]"
片儿汤,doughflake soup; soup in which flakes of dough are boiled,"[{""sentence"": ""['我父亲最爱吃片儿汤。']"", ""translation"": ""['Doughflake soup is my father’s favorite.']""}]"
飘,float in the air; flutter,"[{""sentence"": ""['我看见到天空中有个风筝在飘。']"", ""translation"": ""['I can see a kite fluttering in the sky.']""}]"
漂白,bleach; whitewash/Refers to sinister gangsters who whitewash their image.,"[{""sentence"": ""['一些最大的毒品贩子也想晋身政坛，以政治人物来漂白以前的身份。']"", ""translation"": ""['Some of the biggest drug dealers went to change their image and go into politics.']""}]"
漂亮姐,beautiful woman; good-looking woman,"[{""sentence"": ""['他在那边与一位漂亮姐聊天。']"", ""translation"": ""['He used to work as a person who persuades people to take a minibus in return for a cut of the fares, and later he became a tourist guide.']""}]"
平蹚,do whatever one likes without interference,"[{""sentence"": ""['他在这一带小有名气，而且可以平蹚。']"", ""translation"": ""['He has a little fame and can do anything he wants in this region without interference.']""}]"
平推,sell without turning a profit,"[{""sentence"": ""['现在这种衬衫的样子已过时了，所以摊主决定将余下的衬衫平推出去。']"", ""translation"": ""['This style of shirt has long since gone out of fashion, so the stall owner decided to sell it without turning a profit.']""}]"
起腻,bother someone; pester; nag,"[{""sentence"": ""['爸爸一出门，孩子就跟妈妈起腻，非买那个玩具不可。']"", ""translation"": ""['The child pestered his mother for buying the toy for him when his father went out.']""}]"
气不忿儿,not stand the sight of; be furious; feel indignant ; be unconvinced,"[{""sentence"": ""['看他那么虐待他的亲生父亲，我真气不忿儿。', '听到这消息真让我气不忿儿。']"", ""translation"": ""['I can’t stand to see him ill-treat his own father like that.', 'I’m furious to hear the news.']""}]"
砌墙头,building a wall(with mahjong pieces)/A metaphor for playing mahjong.,"[{""sentence"": ""['她每天都到老年活动中心砌墙头去。']"", ""translation"": ""['She goes to play mahjong at the senior citizens’ center everyday.']""}]"
前卫,fashionable; modern; creative,"[{""sentence"": ""['这种发型是当今最前卫的，许多年轻人都喜欢。']"", ""translation"": ""['This hairstyle is most fashionable at present. Many young people like it.']""}]"
强努,force oneself to do sth.; try one’s utmost to do sth. beyond one’s ability,"[{""sentence"": ""['搬不动就别强努，当心闪了腰。']"", ""translation"": ""['Don’t force yourself to carry it if it’s too heavy for you. Be careful not to sprain your back.']""}]"
戗行,snatch away business; take the lead in competition,"[{""sentence"": ""['这本来是我的买卖，可是让他戗行了。他把价格压得很低。', '他哥的女友让他给戗行了，并同她结了婚。']"", ""translation"": ""['It was my business originally, but he snatched it away from me by selling goods at much lower prices.', 'He stole his brother’s girlfriend and married her.']""}]"
翘辫子,kick the bucket,"[{""sentence"": ""['你要翘辫子呀！过马路干吗不看着点儿车？']"", ""translation"": ""['Do you want to kick the bucket? Why don’t you look around before you cross the road.']""}]"
怯,in poor taste; vulgar; tawdry,"[{""sentence"": ""['你怎么买这个颜色的毛衣，太怯了。']"", ""translation"": ""['Why did you buy this color sweater? It looks very tawdry.']""}]"
青春饭,"a youthful profession, which has a strict age limit usually between18 to 30 years old, like dancing, air hostessing, athletics, etc.","[{""sentence"": ""['舞蹈是吃青春饭的，所以她父母不同意她当舞蹈演员。']"", ""translation"": ""['Dancing is a youthful profession, so her parents won’t allow her to become a dancer.']""}]"
青瓜头,"greenhorn; inexperienced, unsophisticated or crude and impetuous young people/It’s mostly used by the elderly to comment on the young.","[{""sentence"": ""['你真是个青瓜头，办事怎么能如此草率。这会给公司招惹来不少麻烦。']"", ""translation"": ""['You’re really a greenhorn. How could you handle things in such a rash way. It could cause many problems for the company.']""}]"
青一色,monotone; entirely; all; whole,"[{""sentence"": ""['我喜欢青一色的红裙子。', '这个班的学生青一色都是女孩子。']"", ""translation"": ""['I like an all-red skirt.', 'The students in this class are all girls.']""}]"
情儿,(extra marital)lover(man or woman),"[{""sentence"": ""['他整晚跟他的情儿在一起，可却对他妻子说他有一个重要会议。']"", ""translation"": ""['He spent the whole evening with his lover, but he told his wife that he had an important meeting.']""}]"
鞧,snuggle up; shrink; curl up,"[{""sentence"": ""['起来活动一下身体，别整天鞧在床上。']"", ""translation"": ""['Get up and do some exercises. Don’t huddle up in bed all day.']""}]"
去你的,damn you,"[{""sentence"": ""['A--别生气，我只不过是逗你玩的。\\\\nB--去你的，以后再也不理你了。']"", ""translation"": ""['A—Don’t be angry. I was just kidding.\\\\nB—Damn you . I won’t talk to you any more.']""}]"
全活儿,do everything(the good and the bad),"[{""sentence"": ""['如我要用你，你可得干全活儿，包括买菜、做饭、打扫卫生、看孩子。当然你会比别人拿的工资要高得多。']"", ""translation"": ""['If I hired you, 'you have to do everything in the house including shopping', 'cooking', cleaning and baby sitting. But you will get paid more than other people.']""}]"
惹火,inspire; excite,"[{""sentence"": ""['她的歌惹火了全场的观众，气氛也变得越来越热烈。']"", ""translation"": ""['Her song inspired the audience. The atmosphere became more and more charged.']""}]"
热昏,have a fever; have heatstroke,"[{""sentence"": ""['我想你是热昏了, 否则不会做出这种决定。']"", ""translation"": ""['I think you must have had heatstroke, otherwise you couldn’t have made such a stupid decision.']""}]"
人来风,(children) run wild and disobey parents when guests come to the house,"[{""sentence"": ""['这孩子就是人来风，你简直拿他没办法。']"", ""translation"": ""['This child always runs wild and disobeys me when someone come to the house. I just don’t know how to control him.']""}]"
人脉,having many personal relationships; popular; well-connected,"[{""sentence"": ""['她这个人特别有人脉，最适合干销售这行。']"", ""translation"": ""['She knows a lot of people; she’s very suitable for sales work.']""}]"
人蛇,illegal immigrant,"[{""sentence"": ""['在香港有一些人蛇从事建筑业来获得一点很微薄的工资。']"", ""translation"": ""['In Hong Kong many illegal immigrants work in construction for very low wages.']""}]"
人渣,"dregs or scum of society, or someone of inferior or evil characteristics or a morally degenerate person","[{""sentence"": ""['老百姓对于那些犯有盗窃、抢劫、强奸罪的人渣真是恨极了。他们要求政府对他们进行严厉的打击。']"", ""translation"": ""['The common people have great hatred for those dregs of society responsible for crimes of robbery, 'theft', and rape. They want the government to crack down on them severely.']""}]"
柔,sweet; lovely; charming; curry favor; win favor by fawning,"[{""sentence"": ""['她特别柔，每个人都喜欢她。', '她最了解如何柔得观众的喜欢。']"", ""translation"": ""['She is so sweet that everyone like her.', 'She knows pretty well how to win favor of the audience by fawning.']""}]"
肉,overcooked,"[{""sentence"": ""['这道菜你炒得肉了。']"", ""translation"": ""['This dish is overcooked.']""}]"
软档,weak point ; weakness,"[{""sentence"": ""['他深知自己的软档，并在努力改正。']"", ""translation"": ""['He knows his weakness very well and tries his best to change.']""}]"
软拒,soft excuse; refuse in a reasonable way(first used by taxi drivers in refusing to take passengers),"[{""sentence"": ""['的哥们常用要回家吃饭或收车的手段来软拒乘客。']"", ""translation"": ""['Taxi drivers often use the excuse of going home for meals or finishing work to refuse to pick up passengers.']""}]"
弱智,idiotic; stupid,"[{""sentence"": ""['你不能让他为你打这封信。他弱智，根本不会用打字机。']"", ""translation"": ""['You can’t let him type this letter for you. He’s stupid and doesn’t know how to use a typewriter.']""}]"
飒,(of women)natural and unrestrained; elegant; graceful,"[{""sentence"": ""['那个穿晚礼服的妞儿看上去够飒的。']"", ""translation"": ""['The woman in the evening gown looks natural and unrestrained.']""}]"
塞牙缝,sth. not large enough to fill a tooth gap; sth. very sparse or extremely little,"[{""sentence"": ""['这些吃的还够我塞牙缝的呢。']"", ""translation"": ""['This food is far from enough for me.']""}]"
三青子,rough fellow; rude person,"[{""sentence"": ""['他是个三青子，干什么都不管不顾。']"", ""translation"": ""['He is a rough fellow. He doesn’t car about anything.']""}]"
三孙子,yes-man; one who is absolutely obedient or always censured,"[{""sentence"": ""['他怕老板炒他的鱿鱼，所以像个三孙子似的处处小心谨慎的干活。']"", ""translation"": ""['He is afraid of being fired by the boss, so he works very carefully and obediently like a yes-man.']""}]"
扫黄,"confiscate on the sale of pornographic magazines, books, audio and video tapes; ban on the sale of pornographic magazines, books and video tapes","[{""sentence"": ""['政府在全国发起了一场大规模的扫黄运动。']"", ""translation"": ""['The government launched a nationwide campaign to confiscate all pornographic magazines, books and video tapes on the market.']""}]"
杀价,bargain the price down; bargain with a peddler to lower his or her price,"[{""sentence"": ""['如果你到自由市场东西，你得学会如何杀价。']"", ""translation"": ""['If you go to the free market to buy things, you have to learn how to bargain the price down.']""}]"
杀熟,"charge, especially a friend, a high price/It refers only to cheating a friend.","[{""sentence"": ""['公安局抓获了一名专杀熟的盗窃分子。']"", ""translation"": ""['Policemen caught a thief who made a specialty of cheating his friends.']""}]"
傻X,be dumbfounded; be stunned; be at the end of one’s rope,"[{""sentence"": ""['到了银行他们都傻了，所有的钱都被子提走了。', '他傻了，他原以为她不会一个人回家去。']"", ""translation"": ""['They were stunned when they got to the bank and discovered all their money had been withdrawn by someone else.', 'He was stunned that she would go home by herself.']""}]"
晒,ignore someone on purpose,"[{""sentence"": ""['顾客几次招呼售货员，可是她把人家晒在那里，依然与另一位售货员聊天。']"", ""translation"": ""['The customers tried to get the shop assistant’s attention, but she deliberately ignored them and kept talking with her co-worker.']""}]"
煽火,fan the flames; stir up trouble,"[{""sentence"": ""['这起初是件小事，但他去把它煽火成越来越复杂的问题了。']"", ""translation"": ""['It was nothing at first, but he stirred up trouble and make it into a big mess.']""}]"
上班族,class of people who do white-collar jobs(white-collar workers; office workers),"[{""sentence"": ""['这套衣服是专为上班族设计的。']"", ""translation"": ""['This suit of clothes is designed specially for white-collar workers.']""}]"
上赶着,enthusiastically,"[{""sentence"": ""['尽管他上赶着为老板玩儿命干，可是老板却并不给他加薪。']"", ""translation"": ""['Although he works enthusiastically, his boss won’t give him a pay rise.']""}]"
上眼药,rub one’s eyes with eyedrops; An expression for those who go to the boss and tell tales or speak ill of others.,"[{""sentence"": ""['我知道她妒忌我，所以到头儿那儿给我上眼药。']"", ""translation"": ""['I know that she’s jealous of me, so she went to the boss to tell tales of me.']""}]"
捎带脚儿,in passing; incidentally,"[{""sentence"": ""['不麻烦，这件事等我回家的时候捎带脚儿就能给办了。']"", ""translation"": ""['It’s no trouble at all. I can do this on my way home.']""}]"
烧钱,"to burn money, used to describe someone who spends money very quickly","[{""sentence"": ""['卓越网向众人宣布将为中国音像业打造一项全新大奖。为此卓越网开出1000万的赏金征集畅销影视音乐精品。这是卓越网在融资5000万之后推出的最大的一次“烧钱”活动。']"", ""translation"": ""['Joyo announced to the public that it would launch a brand new award for the Chinese audio and video industries. It gave a 10 million yuan prize for the best collection of music from movies or television dramas. This is its largest“money burning ” activity since it was financed with 50 million yuan.']""}]"
蛇头,a person or gang that ferries people illegally across the border,"[{""sentence"": ""['他是东南亚最大的蛇头。']"", ""translation"": ""['He is the biggest human trafficker in Southeast Asia.']""}]"
神聊,"a long rambling talk; a long, animated discussion on many topics","[{""sentence"": ""['他们俩一见面就神聊上了，也不知道哪有那么多话说。']"", ""translation"": ""['They started a long discussion as soon as they met. Who knows how they found that much to talk about.']""}]"
狮子大张口,be too greedy; ask for (demand) a huge sum of money,"[{""sentence"": ""['我同意借钱给他，但我没想到他狮子大张口，要我一个月的工资。']"", ""translation"": ""['I agree to lend him some money. But I didn’t expect him to ask for the equivalent of my monthly salary.']""}]"
时下菜,vegetables in season(seasonal vegetable in abundant market supply andcheap),"[{""sentence"": ""['她很省钱，常买时下菜。']"", ""translation"": ""['She usually buys vegetables in season to save money.']""}]"
十有八九,mostly; in eight or nine cases out of ten,"[{""sentence"": ""['由于下雨，他十有八九不会来了。']"", ""translation"": ""['Mostly likely he won’t come because of the rain.']""}]"
屎盆子,"crap pot, meaning fault; mistakes; bad thing; sin","[{""sentence"": ""['这完全是他们的过错，可是他们却把屎盆子扣在我头上。']"", ""translation"": ""['It’s their fault completely. But they made me take the responsibility for it.']""}]"
收线,hang up the receiver,"[{""sentence"": ""['我想我该收线了，否则又要耽误你的工作了。']"", ""translation"": ""['I think I should hang up now otherwise I’ll interfere with your work.']""}]"
手榴弹,grenade/Aterm for a bottle of wine that people give as a gift in order to cotton up to someone.,"[{""sentence"": ""['他昨天才从美国回来就给头儿送去两枚外国造的手榴弹。']"", ""translation"": ""['He came back from the United States yesterday and gave two foreign-made“grenades” to his boss.']""}]"
手壮,"luck at gambling, cards, etc.","[{""sentence"": ""['今天她手壮，盘盘都是她赢。']"", ""translation"": ""['She got a lucky hand today. Every time we played, she won.']""}]"
数落,scold; rebuke; blame,"[{""sentence"": ""['由于回来晚了，妈妈就数落我一通。']"", ""translation"": ""['My mother rebuked me for coming home late.']""}]"
刷卡,pay by credit card,"[{""sentence"": ""['她喜欢刷卡，不愿付现金。']"", ""translation"": ""['She prefers using her credit card to paying in cash.']""}]"
刷夜,stay away from home all night; spend the night outside with shady characters,"[{""sentence"": ""['他昨晚又刷夜去了。']"", ""translation"": ""['He fooled around with shady characters again last night.']""}]"
耍大牌,to put on airs; to affect a movie-star pose,"[{""sentence"": ""['他由于有事没能参加那台晚会，结果被人说是他在耍大牌。']"", ""translation"": ""['He didn’t attend the party because he had something else to do, and everyone said he was playing the movie star.']""}]"
耍钱,gambling,"[{""sentence"": ""['我对他真是没辙了。他总去耍钱，谁说他都不听。']"", ""translation"": ""['I want nothing to do with him. He’s always going gambling and won’t listen to anyone.']""}]"
帅呆,the appearance of sb. (usually male) or sth. that is very beautiful or handsome; sb. Demeanor or bearing that is outstanding or extraordinarily unusual,"[{""sentence"": ""['你儿子的长相真是帅呆了，完全可以去当模特。']"", ""translation"": ""['Your son is extremely good looking. He has the right qualifications to be a model.']""}]"
涮,make fun of; make a fool of; deceive; be stood up,"[{""sentence"": ""['如果你真爱他，就别再涮他了。', '她答应昨晚请他吃饭，所以他在饭店前等了两小时，但她没来。最后他明白他被涮了。']"", ""translation"": ""['If you really love him you shouldn’t make fun of him anymore.', 'She promised to treat him to dinner last night, so he waited two hours outside of a restaurant for her to show up. He finally realized that he was being stood up.']""}]"
水货,low-quality goods; shoddy goods,"[{""sentence"": ""['市面上场上的水货太多。']"", ""translation"": ""['There are too many shoddy goods on the market.']""}]"
水穴,privately organized show that makes little profit,"[{""sentence"": ""['走穴通常分火穴和水穴两面三刀种。一般没有名气的歌手都先从走水穴开始。']"", ""translation"": ""['There are mainly two of privately organized shows in China; those that are profitable and those that are not. Usually new pop singers have to work their way up starting with shows that do not make much profit.']""}]"
顺走,steal; sneak away with sth.,"[{""sentence"": ""['我的手袋放在这个椅了上，不知让谁给顺走了。']"", ""translation"": ""['I put my handbag on the chair here and don’t know who stole it.']""}]"
说胖就喘,to puff and blow when others say you are fat/A metaphor for one who cannot stand praise from others.,"[{""sentence"": ""['瞧你这上人说胖就喘，昨天刚夸人身体好，你今天就病了。']"", ""translation"": ""['Look at you. I just praised your good health yesterday and you are sick today.']""}]"
私了,settle a dispute privately(without lawsuit),"[{""sentence"": ""['他们在拿到司机给一大笔钱之后，就撤消诉讼并把这案私了了。']"", ""translation"": ""['They dropped the lawsuit and settled the case privately after they received a large sum of money from the driver.']""}]"
死磕,risk one’s life,"[{""sentence"": ""['你没必要为这点儿事跟那家伙列磕下去。']"", ""translation"": ""['It’s not necessary for you to risk your life to fight him over such a trivial matter.']""}]"
死轴子,a metaphor for one who is stubborn,"[{""sentence"": ""['这件事这么做行不通，你不会换种方式做吗？你呀，真是个死轴子！']"", ""translation"": ""['It won’t work in this way. Why don’t you change to another way? What a stubborn person you are!']""}]"
送死,court death,"[{""sentence"": ""['他可不想白白地送死。']"", ""translation"": ""['He didn’t want to court death for nothing.']""}]"
碎催,errand-boy,"[{""sentence"": ""['我辞了那份工作，因为我厌倦做公司老板的碎催。']"", ""translation"": ""['I resigned the job because I hate to be the boss’ errand-boy.']""}]"
塔儿哄,create a big disturbance; make trouble,"[{""sentence"": ""['他成心跟我们在这儿塔儿哄。我们决定往东，他却偏要往西。']"", ""translation"": ""['He made trouble for us on purpose. We decided to do it this way, but he insisted on doing it the opposite way.']""}]"
抬轿子,(originally)to carry sb. In a sedan chair;(metaphor) to flatter; sing the praises of; lick sb.’s boots,"[{""sentence"": ""['他这个人最喜欢别人为他抬轿子。']"", ""translation"": ""['Most of all he likes to be flattered.']""}]"
抬人,make sth. look better; beautify; doll up,"[{""sentence"": ""['这身新衣服真抬人。']"", ""translation"": ""['This new suit makes you look wonderful.']""}]"
太平公主,(jocular term)girl with flat breasts,"[{""sentence"": ""['不少太平公主都热衷于通过各种方式改变自我形象，她们无疑成了商家推销各种隆胸产品的对象。', '这种产品最适合于那些太平公主们使用。']"", ""translation"": ""['Many young girls are keen on changing their self-image by various means. They have no doubt become the targets of merchants who sell various products to make breasts bigger.', 'This product is most suitable for girls with flat breasts.']""}]"
探班,to visit or inter view actors and actresses at the filming location,"[{""sentence"": ""['前不久，我们节目组到（天下无贼）影片的拍摄现场探班，打探到不少最新拍摄动态。']"", ""translation"": ""['Not long ago, our program team went to visit actors and actresses at the filming location of the film“A World Without Thieves” and got a lot of the latest news of the film.']""}]"
蹚道,get information in advance,"[{""sentence"": ""['他很快就毕业了，他让父亲为他的工作蹚道。', '如果你不先蹚道，你就不知如何办合资公司。']"", ""translation"": ""['He will graduate from school soon. He has asked his father to help him find a job.', 'If you don’t get information in advance, you won’t know how to set up a joint venture.']""}]"
趟雷,to clear off/ remove obstacles,"[{""sentence"": ""['你不大胆去干吧。别担心，有我给你趟雷呢！']"", ""translation"": ""['Just go and do it bravely. Don’t worry. You have me to clear the way for you.']""}]"
淘,to look for; find,"[{""sentence"": ""['我总爱在周末上街淘我喜欢的东西。']"", ""translation"": ""['On weekends I love to go shopping and look for my favorite things.']""}]"
逃票,take a bus without paying the fare; evade bus fare,"[{""sentence"": ""['他总在汽车拥挤的下班高峰时逃票。']"", ""translation"": ""['He always evades bus fares when the bus is crowded at the rush hours.']""}]"
套瓷,cotton up to; try to establish a relationship with someone; act as if one has a close relationship with someone else,"[{""sentence"": ""['他只见过我一面，但他使劲儿与我套瓷仿佛就像是我的老朋友一样。']"", ""translation"": ""['He only met me once, but he acted as if we were old friends.']""}]"
套儿,snare; trap,"[{""sentence"": ""['你千万别去，说不定那是人家给下的大套儿。']"", ""translation"": ""['You should never go there. It might be a big trap they laid for you.']""}]"
添堵,trouble; disturb; annoy; displease,"[{""sentence"": ""['他今天本来就不开心。你就别为这点儿小事给他添堵了。']"", ""translation"": ""['Don’t trouble him with such a small thing. He is already in low spirits today.']""}]"
甜,profitable; well-paying,"[{""sentence"": ""['这笔买卖挺甜的。']"", ""translation"": ""['This business is really profitable.']""}]"
甜姐,sweet girl; cutie-pie,"[{""sentence"": ""['她虽已过年三十岁，但她在银幕上仍然保持着甜姐的形象。']"", ""translation"": ""['She’s over thirty but she’s managed to maintain her cutie-pie image in the movies.']""}]"
挑剌儿,find fault with sb. Pick holes in,"[{""sentence"": ""['她总盯着我的工作，并总想给我挑剌儿。']"", ""translation"": ""['She always keeps her eyes on my work and always tries to find fault with me.']""}]"
跳糟,change jobs; job-hopping,"[{""sentence"": ""['他一直不断地跳糟，直到找到满意的工作为止。']"", ""translation"": ""['He kept changing jobs until he found one he was satisfied with.']""}]"
跳水价,the lowest price,"[{""sentence"": ""['A--这件衣服还能再便宜点吗？\\\\nB--不行，这已经是跳水价了。']"", ""translation"": ""['A—Could you lower the price of this jacket a little?\\\\nB—No. That’s already the lowest price.']""}]"
铁磁,intimate friend; close friend; soul mate,"[{""sentence"": ""['我们是铁磁，所以你的困难就是我的困难。']"", ""translation"": ""['We are close friends, so your difficulties are my difficulties.']""}]"
铁哥们儿,intimate male friend; close male friend,"[{""sentence"": ""['他叫了几个铁哥们帮他盖房子。']"", ""translation"": ""['He asked some of his close friends to help him build the house.']""}]"
铁姐们儿,intimate female friend; close female friend,"[{""sentence"": ""['这是我的铁姐们儿，刚从美国回来。']"", ""translation"": ""['This is my close friend. She’s just come back from the United States.']""}]"
挺,stand; endure,"[{""sentence"": ""['这点儿疼痛还挺得住。']"", ""translation"": ""['I can stand the pain.']""}]"
挺尸,lie; take a cat nap; snooze,"[{""sentence"": ""['他在凉快的地方挺尸呢。']"", ""translation"": ""['He’s snoozing in the shade.']""}]"
同道儿,partners in crime; people involved in the same illegal trade,"[{""sentence"": ""['他们是同道儿，所以经常相互包庇。']"", ""translation"": ""['They are involved in the same illegal trade so they often help each other.']""}]"
筒子楼,"tubeshaped building with lining on both sides of a long corridor/In China, this type of building is mainly used for offices or classrooms but can also be used for residential quarters.","[{""sentence"": ""['他终于从破旧的筒子楼搬进了高层建筑。']"", ""translation"": ""['He finally moved out of the shabby tube-shaped building in to a new apartment highrise.']""}]"
头大,be puzzled; have a head ache; be in a stew,"[{""sentence"": ""['看见这封信他的头脑立刻大了，他不知怎样答复才妥当。', '一提我找一个照顾孩子的人，她的头发就大。']"", ""translation"": ""['This letter puzzled him. He didn’t know how to answer it properly.', 'She is in a stew over finding a baby-sitter.']""}]"
头儿,"leader; head of a unit, group or a gang; boss","[{""sentence"": ""['这件事头儿不同意，我没法干。']"", ""translation"": ""['I can’t do it unless the head of the unit agrees.']""}]"
秃瓢儿,baldhead,"[{""sentence"": ""['他不敢当众脱帽，因为他是个秃瓢儿。']"", ""translation"": ""['He doesn’t dare take off his hat in front of people because he is a baldhead.']""}]"
土,unsophisticated; not well-informed; ignorant; un-experienced/A term used to describe someone who hasn’t seen very much of the world.,"[{""sentence"": ""['你真土，连西餐都没吃过。']"", ""translation"": ""['You’re really unsophisticated. You haven’t even had Western-style dishes yet.']""}]"
土鳖,beetle,"[{""sentence"": ""['我小时候常抓土鳖到药店去卖。']"", ""translation"": ""['I used to catch beetles and sell them in a drugstore when I was young.']""}]"
土得掉渣儿,very ignorant; rustic; unrefined,"[{""sentence"": ""['她刚进城时土得掉渣儿。']"", ""translation"": ""['She looked very unrefined when she first came to the city.']""}]"
吐血,“spit blood”; to foot the bill; pay for sth.,"[{""sentence"": ""['你不能总吃白食。今天轮到你吐血了。']"", ""translation"": ""['You can’t have free meals all the time. It’s your turn to foot the bill today.']""}]"
脱口秀,talk show,"[{""sentence"": ""['每年在各大学都要举行脱口秀比赛，获奖者有机会步入电视主持人的行列。']"", ""translation"": ""['All the colleges and universities will hold a talk show competition each year and the winners might have an opportunity of stepping into a career as a television host.']""}]"
托儿,someone hired by a store owner to pretend to be a customer in order to attract customers,"[{""sentence"": ""['她是我哥哥雇来的托儿。']"", ""translation"": ""['She was hired by my brother to be an“enthusiastic customer”.']""}]"
托儿姐,a young woman hired by a store owner to pretend to a customer in order to attract customers,"[{""sentence"": ""['最近生意不好，你能帮我找两个托儿姐吗？']"", ""translation"": ""['My business is not going well. Would you find two young women to be“enthusiastic customers” for me?']""}]"
歪才,unique artistic talent; cleverness in a certain field,"[{""sentence"": ""['我真没料到他干这事还有点儿歪才。']"", ""translation"": ""['I had no idea he was so talented in this area.']""}]"
崴泥,get stuck in the mud/get into trouble; make things worse; go wrong,"[{""sentence"": ""['这次她崴泥了，到了海边才发现忘记带游泳衣了。']"", ""translation"": ""['She got into trouble this time. When she arrived at the beach she found she had forgotten to bring her swimming suit.']""}]"
外快,additional income; temporary income; extra money,"[{""sentence"": ""['她靠晚上辅导学生挣些外快。']"", ""translation"": ""['She makes some extra money by tutoring in the evening.']""}]"
玩主,fop; dandy; trouble-maker,"[{""sentence"": ""['他过去曾是个玩主。']"", ""translation"": ""['He used to be a troublemaker.']""}]"
玩儿得转,handle (sb. Or sth.)easily; use(a tool) with skill; master with ease; able to use or operate,"[{""sentence"": ""['这匹马除了我没人能玩儿得转。', '他太淘气，没人能玩儿得转他。']"", ""translation"": ""['No one can easily handle the horse except me.', 'He is naughty that nobody can keep him under control.']""}]"
玩和闹,mischievous person; naughty guy; ruffian; rascal; troublemaker,"[{""sentence"": ""['这个班有许多小玩儿闹。']"", ""translation"": ""['There are many troublemakers in this class.']""}]"
玩儿飘,show off one’s skill or talent on purpose,"[{""sentence"": ""['那两个男孩在马路上骑车玩儿飘。']"", ""translation"": ""['The two boys are showing off their bike riding skills on the strect.']""}]"
玩儿深沉,pretend to be sophisticated; speak in a way so as to deliberately mystify others.,"[{""sentence"": ""['你不必在我面前玩儿深沉。']"", ""translation"": ""['You needn’t pretend to be sophisticated in front of me.']""}]"
玩儿稀的,do sth. unique,"[{""sentence"": ""['年轻人喜欢玩潇洒。他们从不管明天该怎么过。']"", ""translation"": ""['He likes to do unique things to differentiate himself from others.']""}]"
玩儿一把,play(do)sth. once,"[{""sentence"": ""['这棋很有意思。你不想跟我玩儿一把吗？']"", ""translation"": ""['This is a very interesting game. Don’t you want to play it with me once?']""}]"
腕儿,famous person; expert,"[{""sentence"": ""['别小看他，他画龙点睛经也是个腕儿。']"", ""translation"": ""['Don’t look down on him. He’s a famous celebrity.']""}]"
网友,web,"[{""sentence"": ""['小李上网不到半年，已交了不少网友，还经常参加网友组织的聚会。']"", ""translation"": ""['Xiao Li has made many web friends in dthe six months since he was connecting to the Internet. He often goes to parties organized by web friends.']""}]"
危,far from settled; dangerous; not too encouraging.,"[{""sentence"": ""['她担心这事有点儿危。']"", ""translation"": ""['She is afraid this matter is far from settled.']""}]"
尾巴长,longtail /A term use for someone who never closes the door when he or she walds in or out .,"[{""sentence"": ""['他的尾巴特别长']"", ""translation"": ""['He has a long tail (he never closes the door behind him).']""}]"
温吞水,lukewarm water; slow coach or slowpoke,"[{""sentence"": ""['她是典型的温吞水，所以你跟她干事要有耐心。']"", ""translation"": ""['She is a typical slow coach, so you must be extremely patient when you when you work with her.']""}]"
揾钱,make money.,"[{""sentence"": ""['大多数人都搞投机揾钱，可他却要投资办厂当实业家。']"", ""translation"": ""['Most people engage in speculation to make money quickly, but he wants to invest in a factory and become an industrialist.']""}]"
窝里反,internal rebelling; internal dissension; domestic conflict,"[{""sentence"": ""['敌还没打进来，他们自己却先窝里反了。']"", ""translation"": ""['There was intermal dissension among them before the enemy’s invasion.']""}]"
卧底,hide(lie low)in middle of ponents,"[{""sentence"": ""['这家伙是准备派往敌方卧底的人。']"", ""translation"": ""['This fellow will be sent to lie low in the heart of the enemy.']""}]"
吸引眼球,eye-catching; attractive,"[{""sentence"": ""['前几年电视台最吸引眼球的节目是模特大赛。如今搞的太多了，收视率下降了。']"", ""translation"": ""['The most eye-catching program on TV was a model contest a few years ago. Now the viewer ratings have gone downhill because there are too many contests like that.']""}]"
细发,exquisite; delicate; careful; fine,"[{""sentence"": ""['她的皮肤真够细发的。', '以前我还没见过工艺做得这么细发的手表。']"", ""translation"": ""['She’s got fine skin.', 'I haven’t seen such delicate workmanship in a watch before.']""}]"
瞎掰,act senselessly; talk nonsense,"[{""sentence"": ""['别信他的话。他就会瞎掰。']"", ""translation"": ""['Don’t believe him. He’s only talking nonsense.']""}]"
瞎菜,have no way out; be finished ; be at the end of one’s hope,"[{""sentence"": ""['如果你告我卖假货，我就瞎菜了。']"", ""translation"": ""['If you sue me for selling fake goods, I’ll be finished.']""}]"
瞎迷,be dumbfounded; be stunned; find oneself at a loss,"[{""sentence"": ""['他们说得好听，但真正干起来就瞎迷了。']"", ""translation"": ""['They talked a big game, but they were at a loss as to what they should actually do.']""}]"
下海,go to sea/Originally this term referred to someone who joined a gang or a woman from a good family who became a prostitute. Now it refers to someone who has given up a stable job to engage in business.,"[{""sentence"": ""['许多人辞职下海去了。']"", ""translation"": ""['Many people gave up their regular jobs and started to do business.']""}]"
下面,unit at the basic level,"[{""sentence"": ""['不管政策如何定，下面是不执行。']"", ""translation"": ""['No matter what policies are made, the unit at the basic level refuses to carry them out.']""}]"
下片儿,(policeman) go to get information in local beat,"[{""sentence"": ""['今天所有警察都下片儿了。']"", ""translation"": ""['All the local police have gone to their beats today.']""}]"
闲磕牙,chat,"[{""sentence"": ""['他们不是聚在一起闲磕牙就是下象棋。']"", ""translation"": ""['They get together either to chat or play chess.']""}]"
现,lose face; make a fool of oneself; bring shame on oneself,"[{""sentence"": ""['他算是现了，刚讲了一半就说不出话了。']"", ""translation"": ""['He felt shamed by losing his voice in the middle of the speech.']""}]"
向毛席保证,"In Chairman Mao’s name/A term to indicate that what one says is absolutely true, mostly used in the 1970s of the 20th century.","[{""sentence"": ""['我敢向毛主席保证，我没拿你那本书。']"", ""translation"": ""['I swear in Chairman Mao’s name that I didn’t take your book.']""}]"
小巴,minibus; small bus,"[{""sentence"": ""['为了缓解320路大巴的拥挤现象，汽车公司又开辟了320路小巴业务。']"", ""translation"": ""['To ease up the overcrowding on bus No.320, the bus company is running minibuses along that route in addition to the normal bus service.']""}]"
小炒,an individual quick-fried dish,"[{""sentence"": ""['今天我请你吃小炒。']"", ""translation"": ""['I’ll treat you to small dishes today.']""}]"
小皇帝,little emperor/A term referring to children from one-child families or spoilt children,"[{""sentence"": ""['如今中国的小皇帝越来越多，这将成为中国未来的一个社会问题。']"", ""translation"": ""['There are more and more little emperors now in China. It will become a social problem in the future.']""}]"
小金库,private hoard,"[{""sentence"": ""['我丈夫用他小金库的钱买烟抽。']"", ""translation"": ""['My husband uses his private hoard to buy his cigarettes.']""}]"
小儿科,pediatrics/A term used to describe something trivial and insignificant or something that is neglected or looked down upon by others.,"[{""sentence"": ""['他干的那些事太小儿科了，不值得一题。']"", ""translation"": ""['His work is so trivial that it isn’t worth mentioning.']""}]"
笑星,comedy celebrity; comedy star/Usually refers to“cross talkers”(TV celebrities who perform short monologues) or comedians.,"[{""sentence"": ""['全国各地的笑星们纷纷云南集到北京，参加中央电视台1999年春节联欢晚会。']"", ""translation"": ""['Comedy stars from all over the country have gathered in Beijing to attend the CCTV1999Evening show held on the eve of the lunar new year.']""}]"
邪,not right; illegal; unconventional,"[{""sentence"": ""['我真担心他，他无论干什么总爱玩邪的。']"", ""translation"": ""['I’m worried about him. No matter what he does, he likes doing it in unconventional ways.']""}]"
邪乎,out of the ordinary; incredible,"[{""sentence"": ""['这个季节西瓜的价格高得都邪乎了。']"", ""translation"": ""['At this time of the year the price of watermelons is incredibly high.']""}]"
心里美,"turnip(which is light green on the outside and red on the inside)/Someone who has good heart, noble mind and solid virtues.","[{""sentence"": ""['她长得不漂亮，但却心里美。']"", ""translation"": ""['Though she’s not pretty, she’s got a good heart.']""}]"
星,star; celebrity,"[{""sentence"": ""['她梦想成为一个星，拥有一大批追随者。']"", ""translation"": ""['She dreams of becoming a star and having a lot of fans.']""}]"
星姐,intimate term for a female star,"[{""sentence"": ""['她女儿的房间里贴满了星姐星哥的照片。']"", ""translation"": ""['Her daughter’s room is full of pictures of male and female stars on the walls.']""}]"
醒,realize; understand; wake up to reality,"[{""sentence"": ""['我给他反复解释，但他还没有醒过来。', '她突然醒了，觉得这事不点儿不对头。']"", ""translation"": ""['I explained it to him again and again, but he still didn’t get it .', 'She suddenly realized that something was wrong .']""}]"
雄起,"Originally means“spring up; grow up ;”/A term often used in sport games, meaning “go!”,to cheer on .","[{""sentence"": ""['在足球比赛中，热心的球迷向他们喜欢的球队大喊：“雄起！”']"", ""translation"": ""['During a foot ball match the enthusiastic football fans shouted, “Go! Go! Go!”to their favorite teams .']""}]"
修长城,play mahjong,"[{""sentence"": ""['老年人靠修长城来消磨时间。']"", ""translation"": ""['The old people like to kill their time by playing mahjong.']""}]"
修理,teach someone a lesson ; make someone suffer,"[{""sentence"": ""['他们准备好好修理一下那个坏蛋。']"", ""translation"": ""['They decided to teach the scoundred a lesson .']""}]"
秀,show,"[{""sentence"": ""['如今各种秀特别多，有模仿秀、脱口秀、现场秀、电视秀、内衣秀等等，真是五花八门。']"", ""translation"": ""['Now there are so many kinds of shows including talk shows, 'live shows', 'and lingerie shows', etc .It is indeed a rich variety .']""}]"
嗅蜜,chase a woman; look for a girlfriend,"[{""sentence"": ""['他到这儿不是为锻炼身体，而是嗅蜜寻欢来了。']"", ""translation"": ""['He didn’t come here to exercise, but to chase women and have fun .']""}]"
悬的乎,dangerous,"[{""sentence"": ""['离电线远点儿，我觉得你站在那儿有些悬的乎。']"", ""translation"": ""['Keep away from the wire .I think it’s dangerous to stand there .']""}]"
寻开心,look for fun ;amuse ; make fun of,"[{""sentence"": ""['别跟人恶作剧寻开心。']"", ""translation"": ""['Don’t amuse yourselves by playing tricks on others .']""}]"
亚市民,second-class citizen/Refers to those who live in city suburbs with no urban residence card but lead a lifestyle like that of regular residents.,"[{""sentence"": ""['别小看人家亚市民，他们的生活比你的还强呢！']"", ""translation"": ""['Don’t look down upon second-class citizens. They lead a better life than you do.']""}]"
蔫蔫呼呼,"refers to one who is slow by nature, and doesn’t speak or act in a straightforward way","[{""sentence"": ""['你这人怎么这么蔫蔫呼呼的，有什么话就赶紧说。']"", ""translation"": ""['How come you’re so slow! Speak up if you have anything to say.']""}]"
洋插队,"study, work or live in a foreign country","[{""sentence"": ""['这几年在青年中流行一种洋插队热。']"", ""translation"": ""['In recent years it has been a growing trend for young people to study or work abroad.']""}]"
阳光,sunny; young and pretty/ handsome; full of youthful spirit,"[{""sentence"": ""['他给人一种非常阳光的感觉，不仅在电影中，而且在生活中也一样。']"", ""translation"": ""['He gives people a spirited, 'youthful feeling', 'not only in his movies', but also in real life.']""}]"
养小,have concubine,"[{""sentence"": ""['这么点儿钱怎么能养小呢？']"", ""translation"": ""['How can I afford a concubine with such little money?']""}]"
幺蛾子,a crafty plot; a wicked idea or thing; a trick,"[{""sentence"": ""['你怎么不说话，又想什么幺蛾子呢？']"", ""translation"": ""['Why don’t you speak? What wicked ideas are you thinking?']""}]"
野鸡,illegal trader or corporation without any business licenses or certificates,"[{""sentence"": ""['野鸡一旦被抓着是要受重罚的。']"", ""translation"": ""['Once an illegal trader is caught, he will be fined heavily.']""}]"
野模,amateur model/ someone hired to be a model with no previous experience.,"[{""sentence"": ""['商店雇了一些野模，向顾客展示店里所售的新服装。']"", ""translation"": ""['The shop hired some amateur models to present the shop’s new clothing to customers.']""}]"
夜陪,person who accompanies a taxi driver at night; taxi driver’s night assistant,"[{""sentence"": ""['如果我有他作夜客陪，她就可以放心了。']"", ""translation"": ""['If I had him as a night assistant she would be relieved.']""}]"
页子活,make big money; be rich,"[{""sentence"": ""['他想找个页子活的工作。']"", ""translation"": ""['He wants to find a job where he can make big money.']""}]"
一个数,one hundred yuan,"[{""sentence"": ""['她给了我一个数，便把那条裙子拿走了。']"", ""translation"": ""['She took the dress away and gave me a hundred yuan.']""}]"
一号,lavatory; toilet; bathroom; John,"[{""sentence"": ""['几分钟前他们去一号了。']"", ""translation"": ""['They went to the bathroom just a few minutes ago.']""}]"
一水儿,single color or sex only; completely; totally,"[{""sentence"": ""['他教的那个舞蹈班一水儿的女生，没有一个男生参加。']"", ""translation"": ""['The students of the dancing class he teaches are all girls, not one boy participated.']""}]"
一头雾水,to make one puzzled or confused; to cast a mist before someone’s eyes,"[{""sentence"": ""['这个案子对他简直就是一头雾水，根本不知人何入手。']"", ""translation"": ""['This case completely puzzled him. He had no idea how to handle it at all.']""}]"
意思,"presenting gifts as a token of affection, appreciation or gratitude","[{""sentence"": ""['请客人家帮忙总得意思意思。']"", ""translation"": ""['We have to send something to him as a token of appreciation for his help.']""}]"
瘾君子,drug addict,"[{""sentence"": ""['他给人的印象挺好的，谁也不知道他会是一个瘾君子。']"", ""translation"": ""['He gave good impression to people, so nobody knew that he could have been a drug addict.']""}]"
勇,brave; bold; daring,"[{""sentence"": ""['尽管你都四十七岁了，但还是像年轻人那样勇。']"", ""translation"": ""['Although you are 47, you’re still as bold as a young man.']""}]"
油,foxy; cunning; sly; crafty,"[{""sentence"": ""['他很油。他干一件事你很少能抓住他什么把柄。']"", ""translation"": ""['He is very crafty. He seldom lets you know what he’s doing.']""}]"
油葫芦,a kind of dark brown and shiny field cricket; a grungy person/A term to describe someone who is extremely dirty and hasn’t taken a shower in such a long time that his or her body and hair is oily.,"[{""sentence"": ""['我必须好好洗个澡。我觉得我活像个油葫芦。']"", ""translation"": ""['I must take a shower. I feel like a shiny field cricket.']""}]"
有把豆,"have skill, capability or ability","[{""sentence"": ""['你真有把豆，别人管不了的事，到你这儿一下子就解决了。']"", ""translation"": ""['You are really capable. You can solve problems which others can’t.']""}]"
有鼻子有眼,vivid description; description full of details,"[{""sentence"": ""['我想他不会骗我，因为他说得有鼻子有眼。']"", ""translation"": ""['I don’t think he lied to me because he described the whole thing in vivid detail.']""}]"
有根儿,have connections; have support,"[{""sentence"": ""['这事对他不难，这方面他有根儿。']"", ""translation"": ""['It’s not hard for him to do this because he’s got connections in this field.']""}]"
有头有脸,"have fame(social status, dignity); leader; head; famed person; VIP","[{""sentence"": ""['坐在主席台上的那些人都有是学校有头有脸的人物。']"", ""translation"": ""['Those who sit on the rostrum are some bodies of the school']""}]"
有一搭，无一搭,not take sth. seriously; pay little attention,"[{""sentence"": ""['他对别的忠告总是有一搭，无一搭的。']"", ""translation"": ""['He doesn’t take other’s suggestions seriously.']""}]"
有一号,have some fame; be considered one of the tops in one’s field,"[{""sentence"": ""['在这幢大楼里他算是有一号的象棋高手了。']"", ""translation"": ""['He enjoys the reputation of being the best chess player in this building.']""}]"
郁闷,bored; depressed/A phrase used by the young to express a fretful bad mood.,"[{""sentence"": ""['我朋友这次期中考试没考好，现在正郁闷着呢。']"", ""translation"": ""['My friend didn’t get good marks in the mid-term examination, so he is depressed now.']""}]"
越活越抽抽,shrink; become shorter,"[{""sentence"": ""['我记得我比你高，现在我们样一高。我怀疑越活越抽抽了。']"", ""translation"": ""['I remember I was taller than you, but now we’re the same height. I doubt I’ve shrunk.']""}]"
月嫂,a maid who cares for a woman in the month after she’s given birth to a child,"[{""sentence"": ""['我老婆很快就要生了，你能帮我找个月嫂吗？']"", ""translation"": ""['My wife is going to give birth. Would you help me find a maid to care for her?']""}]"
云山雾罩,covering the mountain with mist and clouds/An expression for something that is described or told in a vague and mysterious fashion.,"[{""sentence"": ""['他故意把事情说得云雾罩以吸引我们的注意力。']"", ""translation"": ""['He deliberately told us the story in a mysterious way in order to draw our attention.']""}]"
宰,overcharge; rip off,"[{""sentence"": ""['这么一个小玩意儿你宰我宰得也太多了。', '他知道今天被人宰了。']"", ""translation"": ""['You overcharged me for this small thing.', 'He knows he was ripped off today.']""}]"
糟践,harm; hurt; ruin; spoil,"[{""sentence"": ""['别抽那么多烟糟践自己的身体。']"", ""translation"": ""['Don’t harm your health by heavy smoking .']""}]"
造,run wild; mess things up,"[{""sentence"": ""['你可以带朋友到家来。但不能在家里造。']"", ""translation"": ""['You may bring your girl friends to our home, but don’t mess things up.']""}]"
造势,make a noise; promote,"[{""sentence"": ""['这部电影还未公演，各家媒体便开始造势。']"", ""translation"": ""['Before this movie was screened, all the media began to promote it.']""}]"
扎,draught beer,"[{""sentence"": ""['他喝扎喝上了瘾，顿顿饭都离不了扎。']"", ""translation"": ""['He’s got into the habit of drinking draught beer. He can’t have his meals without it.']""}]"
扎款,get money; make money,"[{""sentence"": ""['他想扎款买辆汽车。']"", ""translation"": ""['He wants to make money to buy a car first.']""}]"
扎啤,draught beer,"[{""sentence"": ""['他渴极了，一下喝了两杯扎啤。']"", ""translation"": ""['He was so thirsty that he drank two mugs of draught beer.']""}]"
扎账,owe a debt,"[{""sentence"": ""['现在的生意都有不好做，所以许多公司都扎账。']"", ""translation"": ""['Now it’s hard to do business, so many companies are in debt to other companies.']""}]"
渣儿,weakness; shortcoming; defect,"[{""sentence"": ""['这部电影描写的多是社会的渣儿，没有意思。']"", ""translation"": ""['This film is not interesting. All it describes are the problems of society.']""}]"
奓,(of clothes or hair)stand up on end; stick up; turn upwards; bristle,"[{""sentence"": ""['当猫受到惊吓时，它身上的毛会奓起来。', '瞧你的衣服都奓起来了。']"", ""translation"": ""['When a cat is frightened its fur bristles.', 'Look at your clothes. They are sticking up.']""}]"
炸篷,to raise the roof; raise a ruckus; raise hell/ A metaphor for a bad scene or unsuccessful performance which aroused anger and protest from people.,"[{""sentence"": ""['小贩的表演出了漏子，结果炸了篷不说，还让市容理人员给带走了。']"", ""translation"": ""['The vendor’s performance  went hardly. As a result it raised a ruckus, and the vendor himself was taken away by the market administration staff.']""}]"
择,select; choose; pick,"[{""sentence"": ""['这本书是他从书架上择出来的最好的一本。']"", ""translation"": ""['The book he selected is the best on the bookshelf.']""}]"
粘客,pirated software or CD-ROM seller,"[{""sentence"": ""['春节刚过，粘客们就又出现在街头巷尾或地铁站里，向路人兜售各种光盘。']"", ""translation"": ""['As soon as the Spring Festival was over, pirated software and CD_ROM sellers appeared again in streets and lanes or at the subway stations.']""}]"
长份儿,raise one’s social status and prestige,"[{""sentence"": ""['三年不见，她攻份儿了，也当上了车间主任。']"", ""translation"": ""['She has raised her social status and become the director of the workshop since I last saw her three years ago.']""}]"
招事（儿）,call down trouble; stir up trouble; bring trouble upon oneself,"[{""sentence"": ""['她儿子时常在学校招事。', '漂亮姑娘易招事。']"", ""translation"": ""['Her son often stirs up trouble in school.', 'It’s easy for a beautiful girl to bring trouble upon herself.']""}]"
着实,really; indeed,"[{""sentence"": ""['这景象着实壮丽。', '这着实是个好主意。']"", ""translation"": ""['The sight is really magnificent.', 'This is a good idea indeed.']""}]"
找辙,"think of a way(idea, solution); look for a way out; seek a way(solution)out","[{""sentence"": ""['我正找辙，怎么能尽快赶到那儿。']"", ""translation"": ""['I’m thinking of a way to get there as soon as possible.']""}]"
折进去,be involved in; get into trouble,"[{""sentence"": ""['我知他怎么把我也都折进去了，']"", ""translation"": ""['I don’t know how he got me into trouble.']""}]"
真格的,really; truly; seriously; real; true; serous,"[{""sentence"": ""['我骗他说我病了不能上班。他却动真格的来看我了。', '说真格的，你到底爱不爱他？', '这次他可是真格的，不是玩笑。']"", ""translation"": ""['I lied to him saying I was sick and could not go to work. He took me seriously and came to see me.', 'Tell me truthfully. Do you love him or not?', 'He is serious this time, not joking.']""}]"
震,cause a sensation; create a stir,"[{""sentence"": ""['她打破女子马拉松世界纪录的消息把整个世界给震了。']"", ""translation"": ""['The news that she broke the world record in woman’s marathon caused a sensation.']""}]"
蒸馏水衙门,distilled water unit/A term for government offices that give the lowest salaries and no bonuses.,"[{""sentence"": ""['现在没有人愿意在蒸馏水衙门做事。']"", ""translation"": ""['Now no one wants to work in a“distilled water unit” .']""}]"
正炒,flatter(lavish praise on)sb. Or sth. through the mass media,"[{""sentence"": ""['大多数流行歌手都是正炒出名的']"", ""translation"": ""['Most pop singers are made known to the public by over promotion through the mass media.']""}]"
支招,give counsel; think of a way,"[{""sentence"": ""['她输了这盘棋，因为她丈夫没给她支招。', '你们给我支个招，怎么才能让她不生气。']"", ""translation"": ""['She lost the game because her husband didn’t give her any advice.', 'Would you please help me think of a way to cheer her up?']""}]"
直来直去,(of speech or action) get to the point; do sth. straight out; be blunt,"[{""sentence"": ""['咱们直来去的谈这个问题。', '她喜欢说话办事直来直去。']"", ""translation"": ""['Let’s get to the point.', 'She likes to do and say things in a straightforward manner.']""}]"
中巴,"medium-sized bus/privately run buses in cities that run the same routes as public buses. They usually run more frequently and are more comfortable than public buses, but cost five times as much.","[{""sentence"": ""['中巴虽然比大巴贵，可比面的还是便宜了。']"", ""translation"": ""['Although the medium-sized buses are more expensive than public ones, they are much cheaper than taxis.']""}]"
轴,(of one’s action) inflexible; stiff; awkward,"[{""sentence"": ""['你的动作太轴，放松一些。']"", ""translation"": ""['Your movements are rather stiff. Relax a little.']""}]"
煮饺子,boil dumplings in a pot/A metaphor for a place that is full of people or overcrowded.,"[{""sentence"": ""['我不想这时去庙会，现在那儿正是煮饺子的时候。我想晚一点儿去。']"", ""translation"": ""['I don’t want to go to the fair at this time of the day. It is overcrowded now. I would rather go latter.']""}]"
抓瞎,find oneself at a loss; be in a rush and muddle,"[{""sentence"": ""['他对考试有充分的准备，所以不管考试多难从不抓瞎。']"", ""translation"": ""['He is well prepared for examinations, so he never finds himself at a loss no matter how hard a test is.']""}]"
转腰子,walk around; wander; take a long time to find a right way to solve sth.,"[{""sentence"": ""['你们家可真难找。我一直在这片儿转腰子，最后才找到。']"", ""translation"": ""['It’s so difficult for me to find your home. I kept walking around and around in this area for long time but found it at last.']""}]"
装洋蒜,pretend; fake; play dumb,"[{""sentence"": ""['别装洋蒜了，我知道你的腿根本没毛病，你只不过不想跟我们一起去罢了。']"", ""translation"": ""['Don’t pretend. I know there’s nothing wrong with your leg.\\\\nYou simply don’t want to go with us.']""}]"
追尾,tailgate,"[{""sentence"": ""['很多交通事故都是由汽车追尾造成的。']"", ""translation"": ""['A lot of traffic accidents are tailgating caused by people.']""}]"
滋,comfortable,"[{""sentence"": ""['这么大的办公室就你一个人用够滋的。']"", ""translation"": ""['It must be really comfortable working alone in such a big office.']""}]"
滋润,comfortable; at ease; free; in heaven,"[{""sentence"": ""['饭后一支烟，他感到十分滋润。']"", ""translation"": ""['He really feels in heaven having a smoke after a meal.']""}]"
子儿,money/Referred to copper coins in the old days,"[{""sentence"": ""['他挣的不多，每月下来没乘下几个儿子了。']"", ""translation"": ""['He doesn’t earn a lot. There is not much money left at the end of each month.']""}]"
自找,ask for it; suffer from one’s own actions,"[{""sentence"": ""['你不听我的忠告执意要那么做，这些后果都是你自找的。']"", ""translation"": ""['You didn’t listen to my suggestions and insisted on going ahead. Now you got what you deserve.']""}]"
走你,Here you are; here you go,"[{""sentence"": ""['A--书包好了吗？\\\\nB--马上就好，走你。']"", ""translation"": ""['A—Have you wrapped the book up?\\\\nB—Right away. Here you go.']""}]"
走背字,be unlucky; do sth. not well or unsuccessfully,"[{""sentence"": ""['他最近老走背字。上星期手机被人偷了，这星期又被撞了。']"", ""translation"": ""['He has been unlucky recently. Last week his cellular phone was stolen and this week his car was run into and damaged.']""}]"
走合,make a profit by buying and reselling goods; make money by working as a middleman,"[{""sentence"": ""['这两年他靠走合挣了不少钱。']"", ""translation"": ""['He has a lot of money by working as a middleman in the past two years.']""}]"
走火入魔,overdo; go too far; go to extremes,"[{""sentence"": ""['小男孩看功夫片走火入魔了。他也学着从树上往下跳， 结果摔断了双腿。']"", ""translation"": ""['The boy overdid it with kung-fu films. He thought he could jump from a tree and ending up breaking his legs.']""}]"
走人,go; leave,"[{""sentence"": ""['你再呆在这儿也没有什么用了，还不赶快走人。']"", ""translation"": ""['It’s no use for you to stay here any more. You’d better scram immediately.']""}]"
走眼,to see something mistakenly; to misjudge something; mistake sb. Or sth.,"[{""sentence"": ""['A--昨天在电影院我看见你和一个女孩子在一起。\\\\nB--你一定上看走眼了，我昨天哪儿也没去，一直待在家里。']"", ""translation"": ""['A--I saw you with a girl in a cinema yesterday.\\\\nB--You must have mistaken someone else for me. I didn’t go anywhere yesterday. I was at home all day.']""}]"
钻石王老五,a very wealthy bachelor,"[{""sentence"": ""['35岁的丹麦王储腓烈特是丹麦第一王位继承人，曾是欧洲最炙手可热的“钻石王老五”。']"", ""translation"": ""['Philiet, 'the thirty-five-year old crown prince of Denmark', is the first heir to the kingship of Denmark. He was once the most celebrated wealth bachelor in Europe.']""}]"
作,run wild; mess things up,"[{""sentence"": ""['在她外出时，她儿子常常一帮哥儿到家作。']"", ""translation"": ""['Her son often invites his friends over to run wild at her home when she goes on a trip.']""}]"
做瘪子,feel unhappy; worry; be in low spirits,"[{""sentence"": ""['这消息准会让他做瘪子。']"", ""translation"": ""['This news will surely make him unhappy.']""}]"
坐二等,perch on the back of a bicycle,"[{""sentence"": ""['他是坐二等来上班的。']"", ""translation"": ""['He came to the office perching on the back of a bicycle.']""}]"
做辣,put someone in a difficult situation; make someone feel embarrassed; put someone in a bind,"[{""sentence"": ""['你提出的要求真让我做辣。']"", ""translation"": ""['Your request put me in a very difficult situation.']""}]"
作脸,win the honor for; bring credit to,"[{""sentence"": ""['你作死呢？喝那么多酒。']"", ""translation"": ""['My daughter brought credit to me by entering a world-famous university.']""}]"
作死,look for trouble; court death,"[{""sentence"": ""['你作死呢？喝那么多酒。']"", ""translation"": ""['Are you looking for trouble by drinking too much wine?']""}]"
做秀,show,"[{""sentence"": ""['电视台邀请他去做秀，他婉言谢绝了，生怕在众人面前出丑，毁了自己的好名声。']"", ""translation"": ""['He was invited to give a show at the TV station, but he politely refused as he was afraid that he would make an exhibition of himself and ruin his good reputation.']""}]"
