Word,Definition,Examples
абзац,"Euphemism forпиздец(similar pronunciation, especially the ending), literallyparagraph(from the German wordAbsatz— paragraph).","[{""sentence"": ""Венец, — делу абзац…"", ""translation"": ""Wedding, the end is coming…""}]"
абрек,"Person from the Caucasus region, comes from the Ossetianабрегor Circassianабрекwhich both mean “bloke, good man”.","[{""sentence"": ""Над гладью рек,Хлебнув айрана,Крутой абрекЕбёт барана…"", ""translation"": ""On the riverbank,Drinking ayran,A bold abrekIs fucking a ram…""}]"
автозак,Prisoner transport vehicle (автомобиль для перевозкизаключённых).,"[{""sentence"": ""Автозак с бывшим премьером беспрепятственно заехал во двор Печерского райсуда под скандирование демонстрантов в поддержку Тимошенко."", ""translation"": ""The prisoner transport vehicle carrying the former prime minister reached the yard of the Pecherski court of justice unhindered, under the shouts of pro-Timoshenko demonstrators.""}]"
автоксива,"Driver’s license, see alsoксива.","[{""sentence"": ""Но надеюсь, что моё приближение к машине и получению автоксивы станут толчком к светлым вцелости дням."", ""translation"": ""But hopefully my getting closer to a car and getting an license will be a boost to brighter days.""}]"
ага,"Yeah, right. Sign of agreement or confirmation.","[{""sentence"": ""Говорят лучшая подружка это мама… ага, щас раскажи ей. Всё на утро уже будет знать вторая подружка Папа."", ""translation"": ""They say mum is your best girlfriend… Right, I’ll tell her about it. And in the morning everything will be known to the second best girlfriend daddy.""}]"
агрофюрер,"The Belarussian president Lukashenko, mocked as being anagricultural Führer. Allusion to Alexander Grigoryevich’s past job as the secretary of a state farm in the 1980s.","[{""sentence"": ""Лукашенковские менты заставляют задержанного извиняться на камеру и признавать, что агрофюрер президент. Действуют, как самые настоящие оккупанты, которые захватили чужую страну и пытаются насаждать свои правила."", ""translation"": ""The agro-Führer descends to new lows but he does not frighten us.""}]"
адназначна,"Phonetic rendering ofоднозначно(unambiguously), a word often used by politicians, especially Vladimir Zhirinovsky.","[{""sentence"": ""3 раза прочитал, пива выпил, но ниче не понял… Нужен третий (или больше пива), адназначна…"", ""translation"": ""Read it three times, had a beer, but I still don’t get it… I need a third (or more beer), clearly…""}]"
адстой,"Misspelling ofотстой, which means “sediment” but has gained the colloquial meaning “bullshit, crap” (the words carries a notion close to “left over, discarded”). Sometimes writtenацтой, атстой.","[{""sentence"": ""Адстой! Хоть и интересная идея, но адстой!"", ""translation"": ""Bullshit. A great idea, but bullshit.""}]"
АЖ/КЗ,"Short forаффтар жжот, креатифф зачотный(the author rules, the post is great). Antonym ofКГ/АМ.","[{""sentence"": ""Выражаясь языком оригинала: пелотки аццки жгут ) Одним словом, АЖ/КЗ"", ""translation"": ""To say it in the language of the original source: the cunts deliver big time ) in one word, wicked""}]"
азер,Azerbaijani.,"[{""sentence"": ""Стал покупать приправы исключительно на рынке у азеров — значительно вкуснее, помоему."", ""translation"": ""I started buying condiments at the market only from Azeris — they’re a lot tastier, in my opinion.""}]"
акробат,Passive homosexual. In standard Russian “acrobat”.,"[{""sentence"": ""Во первых я написал админу пояснение такого термина как «Армянская Королева» потому как этот термин на фене обозначает тоже самое что «Акробат», «Дырявы»… — пасивный гомосексуалист."", ""translation"": ""Firstly I wrote to the admin to explain the terms like “Armenian queen” as it means in cant the same as “acrobat”, “perforated”… a passive homosexual.""}]"
албанский,"Although the initial meaning is “Albanian”, this has come to mean Russian language in general or an internet based youth slang popular in the early 21stcentury in particular. The origin of this new meaning is the naive ignorance of an American livejournal user confronted with a script he could not read (Russian). Eventually he was told to “learn Albanian” and the sentenceучи албанскийis now used as an invitation to people making mistakes in Russian or in this jargon. Sometimes writtenолбанский.","[{""sentence"": ""Как говорят на остывающем албанском, «кроссавчегам всегда дорога» =)"", ""translation"": ""As they say in the waning leetspeak, “I32()5 2[_]1€” =)""}]"
алик,Alcoholic.,"[{""sentence"": ""Потом иду домой и думаю… вот дожилась я, уже алики приглашают разделить с ними вино, водку и сигареты…"", ""translation"": ""Then I go home and think… I’ve reached the point where winos begin offering to share their wine, vodka and cigarettes…""}]"
алканить,"To get pissed, to get wasted.","[{""sentence"": ""Хватит алканить! Проспиртованный уже!"", ""translation"": ""Enough drinking! You’re already soaked through with spirits!""}]"
алкарик,"Drunkard, alcoholic.","[{""sentence"": ""Да и то… когда жили в районе НВ, я несколько лет подряд каждое лето покупала айву у мужичка на Голубца. На вид алкарик натуральный, но айва у него просто фантастическая."", ""translation"": ""And even then… when we lived in the NV district, I used to buy quince every summer for several years in a row from a guy on Golubtsa Street. He looked like a real alcoholic, but his quince was simply fantastic.""}]"
алкаш,Alcoholic.,"[{""sentence"": ""Вообще, у меня сложилось ощущение, что это неудовлетворенный жизнью амбициозный алкаш."", ""translation"": ""In all I got the impression that he is an ambitious drunkard frustrated by life.""}]"
алконавт,"Alcoholic, “alconaut”, the cross-breed of alcoholic and cosmonaut).","[{""sentence"": ""Алконавт принял жену за вампира и отрубил ей голову."", ""translation"": ""A boozer mistook his wife for a vampire and chopped her head off.""}]"
алкота,"Drunks, collective noun.","[{""sentence"": ""В Бийске опрокинулась фура с пивом. И пока водитель едет в реанимацию, местная алкота вовсю набивает халявным бухлом свои тачанки."", ""translation"": ""A lorry carrying beer overturned in Biysk. And while the driver is on his way to the emergency room, the local alcoholics are busy filling their rides with free booze.""}]"
аллора,"Spic, wog, Italian. Loaned from Italianallora(“then”). Also calledаллерик, аллорец, аллорник. Used in the late Soviet times by individuals trading illegally with foreigners.","[{""sentence"": ""Вот про эту лотерею я и имею ввиду, и в ней повезло аллорам!"", ""translation"": ""That’s the lottery I mean, and it was a lucky one for the spics!""}]"
амара,"Whore, prostitute. Probably a Yiddish deformation of Frenchamour.","[{""sentence"": ""Произошло от слова «амара», которое обозначало любовницу, проститутку."", ""translation"": ""Derived from the word “amara”, which meant mistress, prostitute.""}]"
америкосы,"Yankees, citizens of the United States of America. Also known asАмерикашкиorпиндосы.","[{""sentence"": ""Америкосы любят Коку-колу, жевачку, своего президента."", ""translation"": ""Yanks love Coca-Cola, chewing gum, their president.""}]"
амортизатор,Tits;,"[{""sentence"": ""На ней шпильки, тесно облегающее короткое чёрное платье, а под этой тонюсенькой оболочкой ТАКИЕ формы. Совершенно потрясающие округлости, амортизатор тоже, а от кузова задохнулись бы даже дизайнеры Ситроена.Довольный увиденным беру полотенце и иду мыться."", ""translation"": ""She’s wearing stilettos and a tight, short black dress. And under that thin fabric, there are SUCH curves. Absolutely stunning curves, and the suspension… even Citroën designers would suffocate from envy. Satisfied with what I saw, I grabbed a towel and went to take a shower.""}]"
анаша,"Marijuana, cannabis, hemp. Loaned from Kazakhнаше.","[{""sentence"": ""По гражданке я знал, что такое анаша, и видел, как ее курят и балдеют, хоть сам и не курил. Но чтоб так накрыло, я и не думал: афганский чарс — это не анаша, да еще с непривычки нахапался."", ""translation"": ""From civilian life I knew what grass is and saw how to smoke it and get off, although I did not smoke it myself. But I did not expect you could get so stoned: Afghan chars is not like regular grass, moreover due to a lack of habit I took a deep puff.""}]"
анашист,"Pot-head, consumer of marijuana;","[{""sentence"": ""Здесь шагу негде ступить, не наткнувшись на анашиста или алкаша, и психоделики здесь лопают как карамельки, но кокс — совсем другое дело."", ""translation"": ""I saw on Tverskaya street client for the Anashists that had parked much as they liked. And on Pushkin square I saw the Anashists themselves, handing out stickers.""}]"
АПВС?,"Short forА пачиму ви спгашиваете?, which isа почему вы спрашиваете?pronounced with a supposedly Jewish accent. Loosely similar to WUU2 (what are you up to?).","[{""sentence"": ""wall66: Есть какие-нибудь официальные источники подтверждающие это?Зуев-Халупин: АПВС?Wall66: Просто интересно."", ""translation"": ""wall66: Have you any official sources confirming it?Zujev-Khalupin: WUU2?wall66: just wondering.""}]"
арбуз,Billion;,"[{""sentence"": ""Миллион это лимон, миллиард это арбуз а триллион это что?"", ""translation"": ""A million is a thousand grand, a billion is a yard and what is a trillion?""}]"
армянская королева,"Passive homosexual, literally an “Armenian queen” (Armenians are rumoured to be fond of sodomy).","[{""sentence"": ""“Армянская королева” это не название армян, кстати, это термин фене для обозначения отпетушенного армянами быдла."", ""translation"": ""An “Armenian queen” is not a name for Armenians, by the way, it’s cant for a redneck that has been raped by Armenians.""}]"
аська,The instant messaging program ICQ (computer slang).,"[{""sentence"": ""Привет, ты не можешь установить аську? Не понимаешь, откуда её скачать? Возникают проблемы с регистрацией? Тогда возможны два варианта: 1) Ты хорошенькая девушка, которой не очень-то охота вникать во все тонкости компьютерного мира (а зачем тебе это, ты и так красивая). 2) Ты парень, тогда ты совершил уже две ошибки. Первую — когда родился, и вторую — когда сел за комп."", ""translation"": ""Hi, you don’t know how to install ICQ? You don’t know where to download it from? Have trouble registering? Two possible answers: 1) you’re a cute gal that does not want to go into all the details of computers (why for? you’re cute anyway). 2) You’re a bloke then you made two mistakes. First to get born, second when you sat down in front of the computer.""}]"
атасный,"Cool, neat, brilliant, great, splendid.","[{""sentence"": ""Нашла @NadinProkopik атасного жениха,а она еще выпендривается #ужос"", ""translation"": ""Found @NadinProkopik a brilliant fiancé, and she’s still capricious #wtf""}]"
атошник,Ukrainian soldier who served between 2014 and 2022 in the Donbass as part of the anti-terrorism operation (АТО — анти-террористическая операция).,"[{""sentence"": ""По делу о «бунте против Зеленского» задержан экс-атошник."", ""translation"": ""In the case of the rebellion against Zelensky, a former ATO participant has been detained.""}]"
афедрон,"Bum, backside, the initial and now obsolete meaning is “the anus”. It is borrowed from the Greek word αφεδρών (anus) and is not quite a slang word but rather and elegant way of referring to the anatomy.","[{""sentence"": ""— Какого диаметра у вашей мамы, я извиняюсь, афедрон?"", ""translation"": ""— What is the diameter of your mother’s, I apologize, backside?""}]"
афтар,"Author, deformation ofавтор. Alternate orthography:аффтар. The author is usually the writer of an internet post (in a blog or on a forum).","[{""sentence"": ""Аффтар-матерщинник, если ты нас слышишь, не убивай сибя апстену, твой сайт на пиатьорку, мы тибя лавим."", ""translation"": ""Author-cusser, if you hear us, to take a running jump, your site is neat, we love you.""}]"
аффтар жжот,"“The author rules”, one of the highest sign of respect and widely used appreciative comment. In proper Russian it should read:автор зажигает(i.e. the author sets on fire).","[{""sentence"": ""Народ, аффтар жжот неимовернаа. Зачот ему. Такого еще никто не придумал."", ""translation"": ""People, the author seriously owns it. Full grade. Nobody had ever thought such a thing.""}]"
ахуеть,Phonetic spelling ofохуеть.,"[{""sentence"": ""Читал давешний Коммерсант и ахуевал."", ""translation"": ""I read recently the Kommersant and was pretty fucking much astonished.""}]"
ахуй,"State of big surprise, being awe-struck, experiencing an emotional schock. Derived fromохуеть.","[{""sentence"": ""блять это такой пиздец, в каком же ебаном мире мы живем. лишиться мечты из-за положительного теста, сука это такой ахуй, я не пожелаю этого никому."", ""translation"": ""Fucking hell, what a fucking world we live in. To lose your dreams over a positive test is so fucking fucked up, I wouldn’t wish it on anyone.""}]"
ахулиард,"Incredibly big amount, very large sum, bazillion, comparable toхулиард.","[{""sentence"": ""В головах кремлёвской верхушки видимо крепко засела мысль, что если они вложат в Крым ахулиард денег (наших с вами денег, кстати, в том числе отнятых пенсий), то полуостров станет российским."", ""translation"": ""It seems the Kremlin elite is firmly convinced that if they pump a shitload of money into Crimea (your money and mine, by the way, including the pensions they’ve taken from us), then the peninsula will become Russian.""}]"
аццкий,"Derived fromадский— hellish. It can convey both the meaning of something which is good, strong or the opposite meaning of something bad.","[{""sentence"": ""Народ, кто возит детей, сообщите, пожалуйста, насколько щас можно посадить ребенка 5 лет и отвезти на дачу, и не иметь при это аццкий геморой? Какая щас практика: большой ли штраф, если чо? могут ли запретить ехать дальше?"", ""translation"": ""Folks, those who drive children around, please tell if it is possible to have a five-year-old in the car and drive him to the dacha without getting a hell of a pain in the ass? What is the practice today: would the fine be expensive? Can they stop you from driving on?""}]"
б/п,"Honestly, no kidding. Short forбез пизды.","[{""sentence"": ""б/п, клянусь, честное слово, тоже плохо думал про альму матер."", ""translation"": ""No fuck, I swear, honestly, I also thought bad of my alma mater.""}]"
баба,"Woman, usually older woman, slightly derogative.","[{""sentence"": ""Бабы одеваются сейчас,помня, что слыхали от подружек:цель наряда женщины — показ,что и без него она не хуже."", ""translation"": ""Women dress nowadaysremembering what they heard from their friends:The purpose of a woman’s outfit is to showthat she looks just as good without it.""}]"
бабай,Central Asian.,"[{""sentence"": ""Таможенник, обрадовавшийся возможности показать работу, под взорами присутствующего руководства подошел к бабаю, почему-то в зимней ушанке, завязанной под подбородком, тулупе и валенках, и к такой же закутанной старухе, которые ошарашенно глядели на мундиры, мигалки и прочее великолепие."", ""translation"": ""The customs officer, delighted at the opportunity to show off his work under the watchful eyes of his superiors, approached the old Asian man, who was wearing a winter hat pulled down over his ears, a sheepskin coat, and felt boots, and the equally bundled-up old woman, who were both staring in astonishment at the uniforms, flashing lights, and other paraphernalia.""}]"
бабки,"Dough, money. Also known asбабульки. The name supposedly comes from the imperial banknotes bearing the portrait of Catherine II, which were called by the more criminal and less respectful “grannies”.","[{""sentence"": ""— Деньги приносит? Что тебе еще надо? Главное — бабки. А ты еще каких-то отношений хочешь. Моя мечта — выйти замуж за иностранца или богатого кооператора."", ""translation"": ""— Does he bring home money? What more do you want? The main thing is dough. And here you are wanting some relationship. My dream is to marry a foreigner or a rich co-operator.""}]"
бабломёт,"Cash dispenser, ATM, “dough-launcher”. Also calledбабкомёт.","[{""sentence"": ""Недалеко от дома, рядом с супермаркетом есть зоомагазинчик. Всякий раз на подходе к бабломету, что в здании зоомага, доча просит в него зайти и позырить на разных зверьков."", ""translation"": ""Not far from home, next to the supermarket, there is a pet shop. Every time I go the cash machine located inside the pet shop building my daughter begs to go in and look at all kinds of animals.""}]"
бабник,"Womaniser, skirt chaser.","[{""sentence"": ""Саркози — бабник и скряга."", ""translation"": ""Sarkozy is a skirt-chaser and a skinflint.""}]"
бабосики,"Dosh, money.","[{""sentence"": ""Отдал бабосики и отправился в ванную, получив два полотенца."", ""translation"": ""I hand over the cash and go to the bathroom, having received two towels.""}]"
бабосы,"Money, dough.","[{""sentence"": ""Для опытной гадалки клиент ― лох, которому она сейчас впарит полную чушь за бабосы."", ""translation"": ""For an experienced fortune teller, the client is just a stupid git, whom she will tell complete nonsense for money.""}]"
бабоукладчик,"Alcoholic beverage used to get women into bed, as a rule the strength of the drink is not perceptible at first. Amaretto or Martini are sometimes called that way.","[{""sentence"": ""Другое название Бейлиса — бабоукладчик!"", ""translation"": ""The over name for Bailey’s is the chick-opener.""}]"
бавовна,"Explosion. Ironical term that was created from a mistaken translation of Russian into Ukrainian: Russian authorities tend to call any major explosion aхлопок(clap), in this case the homographхлопок(coton) was translated. The mistake has replaced the euphemism in some media.","[{""sentence"": ""На оккупированной Луганщине «бавовна» на вражеском складе и в казармах."", ""translation"": ""In occupied Luhansk Region, “cotton” in enemy depots and barracks.""}]"
базар,"Chatter, banter.","[{""sentence"": ""Отчетов по этой девушке нет. Работает недолго. Цена соответствует качеству. Молодое упругое тело. Практич идеальное. Загорелое. Красивая попа. Бархатная кожа. Базарами не грузит. В натуре получше чем на фотках — редкое явление."", ""translation"": ""There’s no report about this girl. Hasn’t been working for long. Price reflects quality. Young hard body. Almost ideal. Tanned. Nice bum. Velvet skin. No annoying chit-chat. Looks better in real life than on pictures, a rare occurrence.""}]"
базарить,"To chatter, to talk.","[{""sentence"": ""Dragon: а я видел вчера игру… там типа мир какойто… и по нему ходить можно и с народом базаритьКвестор: эт ты из дома вышел)"", ""translation"": ""Dragon: Well, I saw a game yesterday… it’s like some sort of world… and you can walk it and talk to peopleQuestor: It’s just that you went outside)""}]"
байстрюк,Bastard. Ukrainian word meaning “illegitimate child” also used in Russian.,"[{""sentence"": ""Это я, честный кустарь, есть спекулянтская морда? Ах ты, байстрюк неблагодарный!"", ""translation"": ""I, an honest craftsman, would be a profiteering scoundrel? You ungrateful bastard!""}]"
бакинские,"Greenback, American Dollar. Ironical deformation ofбакс(means in fact “from Baku” but has nothing to do whatsoever with Azerbaijan).","[{""sentence"": ""Мысль отдать шесть штук бакинских за фотоаппарат не кажется мне совсем безнадежно невозможной. Я бы отдал. Но не за десять сраных мегапикселей."", ""translation"": ""The thought to part with six thousand bucks for a camera does not appear utterly utopian to me. I’d part. But not for ten fucking megapixels.""}]"
бакс,"Buck, US-Dollar. Loan word from American English (“bucks”), but it is considered as a singular in Russian. Plural isбаксы.","[{""sentence"": ""Доллар США идет на дно: извлекать баксы из чулков и менять их уже безнадежно поздно."", ""translation"": ""The US dollar is going down: it’s already hopelessly late to get your bucks from under the mattress and change them.""}]"
балда,"Dick, penis. Variant ofелда;","[{""sentence"": ""Сосет на полшишки, яйца чуток подполировывает, жопу не лижет, но языком так интересно круги вокруг балды наворачивает, смотрит в глаза, взгляд блядский."", ""translation"": ""She blows at half-glans, barely polishes the balls, doesn’t lick the ass, but she plays her tongue so interestingly around the willy, looks in the eyes with a sluttish look.""}]"
балдеть,"To dig something, to strongly appreciate something.","[{""sentence"": ""Пока, действительно, остатки, как там, совести и чести, хрен знает чего, того, что мешает, не дает балдеть, тащиться, ловить свой кайф со всеми наравне, в душе?"", ""translation"": ""While the remnants of, well, conscience and honor, whatever they are, still don’t let you fully enjoy yourself, to relax, to catch your high like everyone else, deep in your soul?""}]"
бандер,"Pimp, male manager of a brothel.","[{""sentence"": ""— А это правда, что сейчас даже бандер обязан быть членом партии? — на всякий случай поинтересовался Маркушевский."", ""translation"": ""— Is it true that now even brothel keepers have to be members of the party? enquired Markushevskkiy just in case.""}]"
"бандеровцы, бандерлоги","Ukrainian nationalists with a strong aversion of Russian rule, usually from Western Ukraine. Named after Stepan Bandera (1909-1959), founder of the Ukrainian insurgent army (UPA) and the Organisation of Ukrainian Nationalists (OUN), symbol of Ukrainian independentism. Having collaborated with the Germans during WWII he is seen by Russian media as a synonym for fascism. The name is sometimes misspeltбендеры, бендеровцыand is used in the surreal compoundжидобандеровцы(implying the supposed Ukrainian fascists cooperate with Jewish forces).","[{""sentence"": ""Благодаря таким женщинам Донбасс выстоит. Или как говорят демонстранты: да вы наших бабок с тяпками в руках не видели! Вот кто встанет насмерть против бандеровцев! Им терять нечего."", ""translation"": ""Thanks to such women, the Donbass will endure. Or as the demonstrators say: you haven’t seen our gals with hoes in their hands! That’s who will stand to the death against the Banderites! They have nothing to lose.""}]"
бандерша,"Madam, female manager of a brothel;","[{""sentence"": ""Бордель — это торговый дом, в котором все устроено как и в обычных торговых домах. Им управляет бандерша, ей помогает младшая бандерша, ей, в свою очередь — экономки."", ""translation"": ""A brothel is a trade house in which everything is going the same way as in traditional trade houses. It is being directed by the Madam, she is assisted by the junior Madam, which in turns receives help from the housekeeper.""}]"
бандерша,"unattractive, ugly woman.","[{""sentence"": ""Бордель — это торговый дом, в котором все устроено как и в обычных торговых домах. Им управляет бандерша, ей помогает младшая бандерша, ей, в свою очередь — экономки."", ""translation"": ""A brothel is a trade house in which everything is going the same way as in traditional trade houses. It is being directed by the Madam, she is assisted by the junior Madam, which in turns receives help from the housekeeper.""}]"
банчить,"To sell, often not legally, initially means to sell drugs in small quantities.","[{""sentence"": ""На следующий день они опять приехали, забрали деньги и сказали что бы больше не банчил. Но а деньги как то отдавать надо."", ""translation"": ""The next day they came back, took the money, and told me to stop dealing. But somehow, the money needs to be paid back.""}]"
бараться,"To copulate. In old Russian the verb meant “to battle” and comes from a Slavic root meaning “to penetrate, to touch, to feel” (compare Bulgarianбарам, Macedonianбара).","[{""sentence"": ""Приходит мужик домой, а там жена с любовником барается…"", ""translation"": ""This guy comes home and finds his wife and her lover screwing…""}]"
бардак,"Brothel — figuratively means disorder, mess, chaos. Stems from the Frenchbordelwith a Russian suffix. The figurative meaning is more commonly used:","[{""sentence"": ""Министры приходят и уходят, а бардак остается"", ""translation"": ""Ministers come and go — the mess remains.""}]"
бардачный,"Chaotic, unruly, disorderly.","[{""sentence"": ""Бардачное дело."", ""translation"": ""A messy business.""}]"
бардачок,Glove compartment.,"[{""sentence"": ""Собирался я недолго. Положил в багажник 2 канистры бензина, так как перебои с бензином были уже довольно часты, для маскировки — старую сеть, еще какого-то рыбацкого хлама, и 2 бутылки водки в бардачок."", ""translation"": ""It didn’t take me long to pack. I put 2 canisters of petrol in the boot, as petrol failures were already quite frequent, masked them with an old net, some other fishing stuff, and 2 bottles of vodka in the glove compartment.""}]"
барсук,Experienced homosexual.,"[{""sentence"": ""Когда я отбывал в колонии для несовершеннолетних, то там барсуками становились слабовольные пацаны, которые не могли за себя постоять."", ""translation"": ""When I did time in a camp for minor the weak-willed blokes that could not defend themselves were turned into homos.""}]"
барыга,"Fence, seller of stolen goods, drug peddler.","[{""sentence"": ""А тут барыга приходит, фарцовщик. Говорит, починить я вам не могу, а вот продать — продам. Секретная разработка, только у меня и есть. Лучше западной."", ""translation"": ""And then comes the fence, a spiv. He says: I can’t repair stuff, but I can sell all right. Secret design, you can get it only from me. Better than Western.""}]"
басран,"Git, useless individual.","[{""sentence"": ""Давай приезжай ко мне, утырок, я тя за волосы потаскаю и говном измажу, но ты не приедешь, ты басран, пиши еще чонить, чмо вялое."", ""translation"": ""Well then come to me, wanker, I’drag you by the hair and cover you in shit, but you won’t come, your a pussy, just write anything more, you hopeless bum.""}]"
батончик,Young prostitute (literally “small bun”).,"[{""sentence"": ""Батончики — развратные девочки четырнадцати-пятнадцати лет."", ""translation"": ""Batonchiki, those are perverted girls of fourteen to fifteen.""}]"
башка,"Head, probably borrowed from a Turkic language (Turkishbaş— head).","[{""sentence"": ""Если 1-ого января совершенно не болит башка — значит, деньги за выпитое вчера спиртное потрачены впустую."", ""translation"": ""If on January first you don’t have the slightest headache then the money spent on drinks last night was wasted.""}]"
башли,"Dough, money.","[{""sentence"": ""— Ну ладно, — вдруг заключил мой собеседник, — башли твои — трудовые, и потому скажу я этим двоим, чтоб тебя не трогали."", ""translation"": ""Well, — my interlocutor suddenly concluded, — your dough is hard-earned, and that’s why I’ll tell those two not to touch you.""}]"
башлять,"To give money, to pay.","[{""sentence"": ""Башляешь ментам 2500 р за разрешение на ружье и 5500 р. за сайгу (единовременно)."", ""translation"": ""You fork out 2,500 roubles to the fuzz for the weapon licence and 5,500 roubles for the hunting rifle Sayga (simultaneously).""}]"
без пизды,"No strings attached, no shit, honestly. Sometimes shortened toб/п.","[{""sentence"": ""Это было очень приятно, без пизды могу сказать."", ""translation"": ""It was very pleasing, I must frankly say.""}]"
безмудый,"Emasculated, eunuch, castrated;","[{""sentence"": ""Смотри, — сказал певец безмудый, —Мои алмазы, изумруды."", ""translation"": ""“Behold,” said the castrato, “my diamonds and emeralds.”""}]"
белокурва,"Blond airhead, bimbo.","[{""sentence"": ""Толи дело раньше — стакан бражки залил в ебло белокурвой партнерше — и еби не хочу."", ""translation"": ""In the old days it was different, get a glass of homebrew inside your blond bimbo and fuck all you want.""}]"
берлять,"Munch, eat.","[{""sentence"": ""Я уже давно не берлял ни камамбера, ни бри, хотя очень люблю это дело."", ""translation"": ""I haven’t eaten a camembert or a brie in a long time already even though I rather like it.""}]"
беспонтовый,"Without interest, boring, badly done, useless. Initially drug addicts’ slang for a drug showing no effect.","[{""sentence"": ""ЖЗТ. Тяжелый жилет, но беспонтовый. Любой автомат его насквозь прошивает."", ""translation"": ""The ZhZT is a heavy vest, but it’s essentially worthless. It offers no protection against automatic weapons.""}]"
бздение,"Farting, passing gas;","[{""sentence"": ""Почему я ржу когда слышу темы разговора про бздение?"", ""translation"": ""Why do I laugh when I hear a discussion about farting?""}]"
бздёнок,Person who farts frequently (obsolete).,"[{""sentence"": ""Пойду прогуляюсь с подругой и её маленьким бздёнком пёсиком. Всё-таки чихуахуа странные создания, так же как и название их породы… ^_^"", ""translation"": ""I’m going for a walk with my friend and her little fart-doggy. Chihuahuas are such strange creatures, just like the name of their breed… ^_^""}]"
бздеть,To fart silently;,"[{""sentence"": ""Понял, что главное, кудрявый? — обратился он к Сергею и сам ответил: — Главное не бздеть, в кабине и так душно."", ""translation"": ""You got what’s most important, curly-head? he asked Sergey and answered himself: — The main thing is not to fart, it’s already stuffy as it is in the cabin.""}]"
бздех,Passing of gas during a silent fart.,"[{""sentence"": ""Бздёх не схватишь, в жопу не впятишь."", ""translation"": ""You can’t get hold of a fart; you can’t suck it back in the ass.""}]"
бзднуть,To fart. Seeбздеть(ipf).,"[{""sentence"": ""А как бзднуть на работе, чтобы никто не догадался?"", ""translation"": ""And how does one fart at work, so that no one notices?""}]"
бздун,Farter;,"[{""sentence"": ""Машина не заводилась. Капитан Ермолаев сказал шоферу, что добьет его, бздуна, приставил пистолет к замотанной белой тряпкой голове шофера."", ""translation"": ""The car would not start. Captain Ermolayev told the driver, that he would get him, old fart, put his gun to the driver’s wrapped in a white towel head.""}]"
бздун,"Chicken, easily scared person.","[{""sentence"": ""Машина не заводилась. Капитан Ермолаев сказал шоферу, что добьет его, бздуна, приставил пистолет к замотанной белой тряпкой голове шофера."", ""translation"": ""The car would not start. Captain Ermolayev told the driver, that he would get him, old fart, put his gun to the driver’s wrapped in a white towel head.""}]"
бздюх,Fart.,"[{""sentence"": ""Еще через минуту мне уже было наплевать, услышит ли моя партнерша мой бздюх, или нет — в общем, я со всей силы вытолкнул зловонные газы из своей жопы."", ""translation"": ""After another minute, I didn’t care whether my partner heard my fart or not — in short, I let the stinking gases rip out of my asshole with all full power.""}]"
бикса,Slut. Probably a loan from Tatarbüka(lady).,"[{""sentence"": ""Клавка, конечно, бикса представительная, при всех наворотах: у ней через слово «как бы» да на «самом деле», но это ж сорок штук баксов! Тоже, блин, нашлась Клавдия Шиффер."", ""translation"": ""Claudia was, surely, a representative bitch with all the frills: her every other word was “like” or “you know”, but this was forty grands! Thinks she’s some frigging Claudia Schiffer, damn it.""}]"
бич,"Bum, homeless person.","[{""sentence"": ""На Тверской стоят бомжематы — принимают у бичей стеклотару, выдавая взамен деньги."", ""translation"": ""There are special recycling machines for the homeless on Tverskaya Street, where they can exchange glass bottles and cans for money.""}]"
блат,"Thieves’ lingo (loaned from Yiddish בלאַט [blat], gangster or criminal);","[{""sentence"": ""Человек, который «стучит по блату», перестает быть советским гражданином."", ""translation"": ""Do you have a friend at court? Do you take advantage of it? What have you obtained by protection?""}]"
блат (по ~у),"Through relations, connexions, with kick-backs.","[{""sentence"": ""Трудоустройство по блату во все времена считалось в нашей стране одним из самых верных способов получить хорошую должность."", ""translation"": ""At that time it seemed that in our country connexions where one of the surest way to get a good job.""}]"
блеать,Deformation ofблядь.,"[{""sentence"": ""Будь толерантным, блеать!"", ""translation"": ""Be tolerant, fuck!""}]"
блевать,"To puke, to barf, to vomit.","[{""sentence"": ""Хорошо смеется тот,Кто после пьянки не блюет!"", ""translation"": ""He laughs best who doesn’t puke after drinking!""}]"
блевотина,"Puke, vomit.","[{""sentence"": ""Когда он ушел, Маруся открыла окно у своей кровати и поблевала сверху. Блевотина стекала на подоконник соседей, а потом на сиреневый куст, что рос у Маруси под окном."", ""translation"": ""When he left, Marusya opened the window by her bed and vomited from above. The vomit flowed onto her neighbour’s window sill and then onto the lilac bush that grew under Marusa’s window.""}]"
блин,Euphemism forблядь. Means “pancake” in standard Russian.,"[{""sentence"": ""Ну вы, блин, даёте!"", ""translation"": ""Well, I say, you are some silly fuckers!""}]"
блохастик,"Fleabag, dog.","[{""sentence"": ""Жил да был Щукинский парк. На парк он мало похож, просто островок с деревьями в центре Москвы. Жители выгуливали там своих блохастиков, молодежь культурно ягуарила."", ""translation"": ""Once upon a time, there was park in Shchukino. It wasn’t much of a park, just an island of trees in the centre of Moscow. The inhabitants used to walk their fleabags there, and youths enjoyed downing alcopops in it.""}]"
бля,"Exclamation, contraction ofблядь.","[{""sentence"": ""Когда влюбляешься, появляется необходимость вместо «пиздец бля» писать «какой ужос»…"", ""translation"": ""When you fall in love, there’s an urge to write “ih my God” instead of “what the fuck”…""}]"
блядивый,"Perverted, whore-like.","[{""sentence"": ""Когда же вы сучки блядивые перестанете кончать от вида толстого кошелька?"", ""translation"": ""When will you fucking whores stop having orgasms at the sight of a fat wallet?""}]"
блядина,"Slut. Emphatic form ofблядь. As its name is pronounced almost the same way, the French baby food producer “blédina” did not quite meet its expectations on the Russian market.","[{""sentence"": ""Вот как можно нормальную добрую, милую, некурящую девушку променять на курящую обдолбаную блядину?"", ""translation"": ""How do you trade a normal, kind, nice, non-smoking girl for a smoking, stoned whore?""}]"
блядки,"Sex with women of negotiable affection or one night stands. The emotional relationship is unimportant, the physical contact is the main aspect, it should therefore not be used to describe sex with a long time partner.","[{""sentence"": ""— Пошли в общежитие на блядки,— предложил Серый."", ""translation"": ""— Let’s go for a fuck to the dormitory, suggested Grey.""}]"
блядовской,"Slutty, related to prostitutes or prostitution. Seeблядский.","[{""sentence"": ""Не нужно, конечно, принудительно вводить дресс-код. Но общественное мнение должно негативно относиться к блядовским одеждам."", ""translation"": ""No need, of course, to impose a dress-code. But the public opinion should react negatively to slutty outfits.""}]"
блядовство,Sluttiness. Seeблядство.,"[{""sentence"": ""Разврат как-то не всегда порождает секс. А должен быть секс, но не блядовство. Золотая середина."", ""translation"": ""Debauchery doesn’t always lead to sex. But there should be sex, without promiscuity. That’s the golden mean.""}]"
блядофон,"Mobile phone used to contact lovers or ladies of negotiable affection, usually so as not to arouse suspicion of the spouse.","[{""sentence"": ""Если же в течение нескольких дней она не обнаруживает ни одной прекрасной леди в записной книжке, то начинает искать «блядофон» — второй мобильный мужа, предназначенный для оравы любовниц."", ""translation"": ""If she doesn’t find a single lovely lady in his address book for a few days, she starts looking for a “whorephone” — her husband’s second mobile, destined for a horde of mistresses.""}]"
блядоход,Word composed ofблядьandход(walk) which is interpreted in different ways:,"[{""sentence"": ""Где он — летний блядоход? Ну конечно, здесь, на Мамбе! И понеслось!"", ""translation"": ""The girls are a nightmare — all of them have straightened hair and terrible makeup that hides their faces, figure-hugging dresses, and slutty shoes.""}]"
блядоход,"a slut-like behaviour —пуститься (пойти, уйти) в блядоход: to whore around (synonym ofблядствовать);","[{""sentence"": ""Где он — летний блядоход? Ну конечно, здесь, на Мамбе! И понеслось!"", ""translation"": ""The girls are a nightmare — all of them have straightened hair and terrible makeup that hides their faces, figure-hugging dresses, and slutty shoes.""}]"
блядоход,to go whoremonging;,"[{""sentence"": ""Где он — летний блядоход? Ну конечно, здесь, на Мамбе! И понеслось!"", ""translation"": ""The girls are a nightmare — all of them have straightened hair and terrible makeup that hides their faces, figure-hugging dresses, and slutty shoes.""}]"
блядский,"Having the attributes of a prostitute, figuratively used to emphasise.","[{""sentence"": ""Опоздал на самолет в Улан-Батор. Сука, ебаный экспресс с Савеловского — эти уебаны только раз в час отправляют поезд. Сука, ебучие пробки на Ленинградке. Сука, блядская касса Аэрофлота в Шереметьево — полный хамский совок и пиздец, а не касса."", ""translation"": ""I was late for the Ulan Bator flight. Damn, fucking express from Savelovskaya station — those fuckers have a train just once every hour. Damn, fucking traffic jams on Leningradskaya road. Damn, motherfucking Aeroflot ticket counter at Sheremetyevo airport — it’s a bloody Soviet style chaos and mayhem, not a ticket counter.""}]"
блядство,Habits and life-style reminiscent of those of a prostitute;,"[{""sentence"": ""Давно хотелось попробовать на вкус платиновую блондинку) Не знаю, как объяснить, но на мой взгляд этот цвет волос добавляет какого-то пафосного блядства в имидж девушек."", ""translation"": ""I liked Saint-Petersburg, nice place, quiet (which you feel instantly when coming from Moscow). Loads of architecture, whereas Louzhkov with his bloody shopping centers next to each and every metro station is really a pain in the arse.""}]"
блядство,"Prostitution in general; 3. Mess, a dire strait.","[{""sentence"": ""Питер понравился приятный город, спокойный (что приезжая из Москвы сразу чувствуется). Архитектуры много всякой, а то лужок со своим блядством в виде торгового центра у каждого метро реально заебал."", ""translation"": ""To sell a ticket for a flight for which boarding is already completed, that is some fucking sick shit.""}]"
блядствовать,To whore around. Seeблядовать.,"[{""sentence"": ""Блядствовать время есть, а с однокашником встретится не можешь."", ""translation"": ""You have time to fuck around, but can’t meet a classmate.""}]"
блядунья,"Small-time slut, easy and worthless girl. Pejorative deformation ofблядь.","[{""sentence"": ""Я старомодна, простите, что не одобряю полиаморию, юные блядуньи."", ""translation"": ""I’m old fashioned, sorry I don’t approve of polyamory, young sluts.""}]"
блядушка,Spunk-dustbin. Disrespectful diminutive variant ofблядь.,"[{""sentence"": ""И впредь о блядушках моего мужа мне не докладывай! Сука…"", ""translation"": ""And henceforward do not tell me about my husband’s sluts! Bitch…""}]"
блядь,"Whore, slut, bitch, woman of light virtue, promiscuous woman. Historically the noun means “lie, heresy, mistake” (and блѧдь can be found with this meaning in religious literature), and by extension a lost woman.","[{""sentence"": ""Весёлый вечер в жизни нашейЗапомним, юные друзья;Шампанского в стеклянной чашеШипела хла́дная струя.Мы пили — и Венера с намиСидела, прея за столом.Когда ж вновь сядем вчетверомС блядьми́, вином и чубуками?"", ""translation"": ""I stop drinking, smoking and swearing… Damn, my fag fell in the wine!..""}]"
"блядь (не ~, а честная давалка)","“Not prostitute, but honest slut”, to be used when somebody makes too frequent a use of the expletiveблядьin his speech.","[{""sentence"": ""Накинулись всем серпентарием на несчастную женщину! Ну, не блядь она, как некоторые написали, а честная давалка. Не за деньгами же погналась, а за любовью."", ""translation"": ""You all attacked the poor woman like a den of snakes! She’s not a slut, as some have written, but an honest giver. She didn’t chase after money but love.""}]"
бляздец,"Expression of surprise, disbelief. Combination ofблядьandпиздец.","[{""sentence"": ""Бляздец. Отрастил волосы, не стригся полтора года. Выгляжу точь в точь, как пикрил [кузя]. Как фиксить"", ""translation"": ""Bloody hell. I grew my hair, didn’t cut it for a year and a half. Now I look like the related picture. How can I fix it?""}]"
бляндинка,"Slut, tramp (блядь + блондинка).","[{""sentence"": ""Офигел от анкеты одной бляндинки… уж простите мне мой французский."", ""translation"": ""I was gobsmacked by the questionnaire of a blond bimbo… excuse my French.""}]"
бляпашлифсенахуймудаки,"Expression of exasperation and anger with the users around. Contraction ofбля, пошли все нахуй,мудаки(“damn, go all fuck yourselves, dickheads”) which is sometimes shortened asБПФНМ.","[{""sentence"": ""Учите албанский сцуки! Или Бляпашлифсенахуймудаки!"", ""translation"": ""Learn Elbonian, bitches! Or gofuckyourselvesyoumorons!""}]"
блять,Deformation ofблядь.,"[{""sentence"": ""Блять, вот положа руку на сердце могу честно сказать: никто, сука, не делает сайты лучше нас. Безо всяких скидок."", ""translation"": ""Fuck, hand on my heart I can say: no-one, damn, does sites better than we do. Without any concession.""}]"
бляха-муха,"Exclamation of surprise, expletive.Бляха(which actually means “steel plate”) is a euphemism forблядь,муха(a fly) is added as rhyming slang.","[{""sentence"": ""На улице плюс тридцать, а я, бляха-муха, простыл!"", ""translation"": ""It’s thirty degrees outside and I, bloody hell, I got a cold!""}]"
бодун,"Hangover,быть с бодуна— to have a hangover.","[{""sentence"": ""Проснулась с бодуна, обнаружила в кармане 1000 рублей. Радовалась, пока не нашла в другом кармане чек из банкомата, на снятие 15000."", ""translation"": ""I woke up hung over, found 1000 roubles in my pocket. I was pleased until I found in the other pocket a receipt from the ATM about retrieving 15000.""}]"
болван,"Idiot, stupid.","[{""sentence"": ""— Вы болван, Николай Иванович, — продолжала Маргарита, — скучный тип. И портфель у вас какой-то истасканный, и вообще вы мне все в такой степени надоели, что видеть вас больше не могу. Улетаю от вас."", ""translation"": ""You’re an idiot, Nikolay Ivanovich, Margarita continued, a boring guy. And your briefcase is all worn out, and I’m so fed up with you that I can’t stand to see you anymore. I’m leaving you""}]"
болт,Penis — “bolt” in standard Russian.,"[{""sentence"": ""Второй раз если б и получился, то только если болт к палке подвязать."", ""translation"": ""A second time would only have worked if the cock had been tied to a stick.""}]"
болт (забить ~),"To ignore, not to give a shit about something. Euphemism forхуй забить.","[{""sentence"": ""Зачем России бояться какого-то Магнитского? Россия — самодостаточная страна. России нужно ногой топнуть, забить болт на этих демократических страдальцев."", ""translation"": ""Why should Russia fear some Magnitski? Russia is a self-sufficient country. Russia should stomp its foot, and not give a fuck about those democracy afficionados.""}]"
бомбануть,"To experience sudden severe irritation, resentment, accompanied by overreaction, hatred or retaliatory aggression.","[{""sentence"": ""Помните американский фильм «Интервью» про Ким Чен Ына? После его анонса у жирного диктатора знатно бомбануло, и северокорейские хакеры атаковали сервера Sony Pictures."", ""translation"": ""Do you remember the American movie The Interview about Kim Jong-un? After its announcement, the fat dictator got seriously triggered, and North Korean hackers attacked Sony Pictures’ servers.""}]"
бомбила,"Illegal cab driver. As Caucasians often earn money working this way in Moscow, often disregarding the highway code, and driving cars past their prime, these taxis are also known asшахид-такси(шахидis loaned from Arabic شَهيد šahīd, martyr, and has been made well-known through suicide bombings).","[{""sentence"": ""Причем таких бомбил не испугают штрафы в 5 т.р. — только лишение."", ""translation"": ""Though those illegal cab drivers are not afraid of a five thousand roubles fine, only license suspension.""}]"
бомбить,"To moonlight as a taxi without licence and in a private car, “literally to bomb”. The driver is calledбомбила.","[{""sentence"": ""По-любому же таксерская тачка скорее всего застрахована по каске, это не бомбила, а именно таксёр."", ""translation"": ""Anyway, the cab should be fully insured, it is not a private driver, but a licensed cab.""}]"
бомж,"Hobo, homeless person. Short forбез определённого места жительства(without defined residence).","[{""sentence"": ""Он — по статусу — самый настоящий бомж и есть. Нетипичный — да, но бомж."", ""translation"": ""Unfortunately, we do not have a license for the culling of bums, and other legal ways of dealing with them do not exist today.""}]"
бомжатник,"Dump, pigpen, shelter for the homeless.","[{""sentence"": ""Хата убитая, но не бомжатник."", ""translation"": ""The flat is worn out, but not a pigpen.""}]"
бомж-пакет,"Instant noodles, usually of Asian origin.","[{""sentence"": ""Правильный способ заварить бомж-пакетКогда в доширак добавлен кипяток, говно должно настояться. От того, насколько крышка плотно прилегает, зависит вкус и наваристость. Чтобы крышка хорошо прилегла к стакану, ее нужно прижать прилагаемой к бомж-пакету вилкой. Иногда фольга протыкается, иногда можно ее просто прижать."", ""translation"": ""How to prepare the bum-pack correctlyWhen boiling water has been added to the dosirak, the shit should simmer. Taste and texture depend upon how tight the lid is. In order to have the lid fit tightly to the cup one should press on it with the fork included in the bum-pack. Sometimes the foil is not hermetic, sometimes it’s enough to press on it.""}]"
Бонжурия,"France, also calledстрана Бонжурия(the land of bonjour).","[{""sentence"": ""Перелет в направлении Парижа занял 2,5 часа, таможня как всегда, фото-фейс-фото, и вот она страна Бонжурия, вуаля."", ""translation"": ""The flight to Paris took 2.5 hours, customs are as always, picture-face-picture, and there it is, the land of Bonjour, voilà.""}]"
ботаник (ботан),"A book worm, nerd, geek.","[{""sentence"": ""Чем же я ботаников то притягиваю?"", ""translation"": ""Why do I attract nerds?""}]"
ботать по фене,"Speak cant, speak in the cryptolect ot the criminal underworld, s.феня.","[{""sentence"": ""Сотрудников тюрем в России отучат «ботать по фене»."", ""translation"": ""Prison staff in Russia will be taught to stop using “prison slang”.""}]"
боянист,User repeatedly posting old jokes (баяны) as though they were new.,"[{""sentence"": ""Серёга, ты решил прославится как боянист?"", ""translation"": ""Seryoga, have you decided to become famous for bringing up old memes?""}]"
"братан (братуха, брачо)","Bro, brother, friend, associate.","[{""sentence"": ""Имхо пить в однова не надо просто. Пить надо с братанами %)"", ""translation"": ""Imho you should simply drink on your own. You ought to drink with bros %)""}]"
брехня,Lie.,"[{""sentence"": ""На телефоне диспетчер, как всегда брехня — «Да, я Кира, жду и тарам парам…». Наводка норма, и вот уже у двери. Открывает дверь маленькая страшилка, ну ничего свалить всегда можно."", ""translation"": ""A dispatcher is on the line, lying as always — “Yes, this is Kira, I’m waiting and so on…”. Guidance is fine and I’m already standing in front of the door. A small gnome opens the door, well I can still go away at any point.""}]"
брушить,To work.,"[{""sentence"": ""Хотя в понедельник будни не начнуться — ну по крайней мере не придется идти на работу и там брушить, ибо отпуск в течение которого я буду совмещать труд на благо семьи с милым отдыхом и кофепитиями…"", ""translation"": ""Although the weekdays won’t start on Monday – at least I won’t have to go to work and grind there, because I’m on vacation during which I will combine work for the family with a nice rest and coffee breaks…""}]"
брюлики,"Bling, jewellery.","[{""sentence"": ""Кстати, пока мы тут сидели на жопе, в мире полностью пропал интерес к мехам и брюликам."", ""translation"": ""By the way, whilst we are sitting around on our arse the world has completely lost its interest in furs and bling.""}]"
бубен,"Face, especially the kind that is waiting for a fist to hit it.","[{""sentence"": ""Соседям, которые гриллят свиные тушки в 8 утра в воскресенье — я точно в бубен дам."", ""translation"": ""I’ll certainly smack those neighbours who have a barbecue with half a swine at 8 in the morning on a Sunday in the kisser.""}]"
бубенцы,Testicles. Literally “small metallic bells”.,"[{""sentence"": ""Кончал в неё в два этапа (т.е. потихоньку и потом побыстрее), тем самым хорошенько опустошив Бубенчики."", ""translation"": ""Came in her in two stages (i.e. slowly and then quickly), thus properly emptying the balls.""}]"
бугага,Symbolises laughter (ha-ha-ha).,"[{""sentence"": ""бугага, секретутка отожгла:— Андрей, верни мне чайник, потому что когда он у тебя на меня никто не обращает внимания"", ""translation"": ""Hahaha, the secretary outdid herself:— Andrey, give me back the tea pot, because when he is next to you nobody pays attention to me.""}]"
бугор,"Overseas, foreign countries.За бугром: abroad (mainly Western countries). The word comes from Russian cant and the mound (бугор) refers to the Ural, criminals sentenced to time in Siberia were over the mound —за бугром.","[{""sentence"": ""Заказывать сейчас за бугром, с новыми таможенными правилами я бы поостерегся."", ""translation"": ""I would be careful to order overseas now with all the new customs regulations.""}]"
будка,Face (“booth”).,"[{""sentence"": ""BlackGandjubas: Помогите найти выход из данной ситуации!Anton Verkhovtsov: Будь мужиком, дай ему в будку!"", ""translation"": ""BlackGandjubas: Help me find a way out of this situation!Anton Verkhovtsov: Be a man, hit him in the face!""}]"
булкотряс,"Night club, “bun-shaker”.","[{""sentence"": ""В воскресенье на булкотряс кто придет?"", ""translation"": ""How’s going clubbing on Sunday?""}]"
бульбаш,"Belarusian, derived from the Belarusian wordбульба(potato) which was widely cultivated in Belarus as a result of Stolypin agrarian reforms (early 20th century).","[{""sentence"": ""Слушай, я без тебя считать умею, бульбаш поганый! Что ты рта открыть не дашь!.."", ""translation"": ""Listen, I can count without your help, you damned Belarusian potato! You don’t let me speak out!..""}]"
бумер,"BMW, beamer, car from the Bayerische Motoren Werke AG. Sometimes also calledбомбаorбимер.","[{""sentence"": ""Ведь у меня есть чёрный бумер он всегда со мнойВедь у меня есть чёрный бумер быстрый и шальнойВедь у меня есть чёрный бумер бумер заводнойСадись смелей девчонка покатаемся с тобой."", ""translation"": ""Cause I have a black beamer, it’s always with me.Cause I have a black beamer, fast and wild.Cause I have a black beamer, a lively beamer.Hop in, girl, let’s take a ride together.""}]"
бундес,"Western German, in the slang of shady dealers with foerign tourists in the late Soviet union.","[{""sentence"": ""У «Березок» всегда толпились темные людишки со своим специфическим жаргоном, где магазин назывался склеп, финн — лысый, гражданин ГДР — дырка, гражданин ФРГ — бундес, итальянец — алора."", ""translation"": ""Next to the “Beriozka” shops was always a crowd of shady people with their own jargon, in which the shop was asklep, Finnsbalds, Germans from GDRholes, Germans from FRGBundes, ItaliansAlora.""}]"
бункерный дед,"Nickname of Vladimir Putin, the “grandpa in the bunker”, who has shunned the public since the outbreak of the covid-virus in March 2020.","[{""sentence"": ""Вот реально. Кто-нибудь понимает, зачем бункерный дед врет в каждом слове? По поводу и без. Лишь бы соврать."", ""translation"": ""Get real. Does anybody understand why the old man in the bunker lies with every word he says? With and without justification. Just for the sake of lying.""}]"
буферастая,Big-tittied.,"[{""sentence"": ""По скринам достоинства игры налицо: неплохая графика, интересная магия, своеобразный дизайн локаций, буферастая подруга (это главное! xD)."", ""translation"": ""Judging from the screenshots the strong points of the game are clear: fair graphism, interesting magics, quaint location design, girlfriend with big bazongas (that’s the main thing! xD).""}]"
бухарик,"Drunk, alcoholic.","[{""sentence"": ""Это нелепые попытки устроить строевую подготовку. И это дети, собирающие деньги на бутылку коньяка для этого бухарика, чтобы он от них отвалил."", ""translation"": ""These are absurd attempts to organize military drills.vAnd these are children collecting money for a bottle of cognac for this drunkard, so that he’ll leave them alone.""}]"
бухарь,Ironical name for January. Due to the numerous holidays in early January this month offers many opportunities to drink;,"[{""sentence"": ""О том, как бухарь ментов гонял…"", ""translation"": ""About a drunkard who pushed around the fuzz…""}]"
бухарь,"Alcoholic, booze-head.","[{""sentence"": ""О том, как бухарь ментов гонял…"", ""translation"": ""About a drunkard who pushed around the fuzz…""}]"
бухать,"To get drunk. Perfective:бухнуть. The initial meaning of the verb is to make a loud noise, to hit something heavily.","[{""sentence"": ""Можно жить так, но лучше ускориться,Я лично бухаю, а кто-то колится."", ""translation"": ""You can live that way, but you’d better speed upI myself booze, but some shoot up.""}]"
бухло,"Booze, alcoholic beverages.","[{""sentence"": ""Женский Юбилей — это когда много цветов и никто не умер.Мужской Юбилей — это когда много бухла, и кто-то завтра захочет сдохнуть."", ""translation"": ""Women’s Jubilee is when there are lots of flowers and no one died.Men’s Jubilee is when there’s lots of booze and someone wants to die tomorrow.""}]"
бухой,"Drunk, pissed.","[{""sentence"": ""Когда переехал — не помню,наверное, был я бухой."", ""translation"": ""I can’t recall when I moved,I guess I must have been hammered.""}]"
быдлостан,"Backward place, boring and behind the times area populated by Philistines.","[{""sentence"": ""Какой народ, такие и судьи с милицией. Лучче бить адвокатов. А таких ментов — кишка тонка. Вот поэтому и живем в быдлостане."", ""translation"": ""Every nation has the judges and cops it deserves. It’s better to beat up lawyers. But those cops are sissies. That’s why we’re living in such a dump.""}]"
бычара,"Rough-mannered peasant, bully (literally “bull”).","[{""sentence"": ""Если ты в очках, и слабенький. А тут подходит бычара и начинает выпендриваться и он такой крутой, а я ничего не могу сделать. Как быть? Обидно всё таки…"", ""translation"": ""What if you’re wearing glasses and you’re not very strong? Then a big bully comes up and starts acting tough, and you feel powerless. It’s frustrating, isn’t it?""}]"
бычить,"To bitch, protest, make a scandal.","[{""sentence"": ""Как правильно бычить гаишнику когда тот тварь остановил меня без причины остановки?"", ""translation"": ""How to bitch at a traffic policeman, when that beast stops me without a reason?""}]"
бэушный,"Second hand, used, derived from the short form ofбывший в употреблении (б/у).","[{""sentence"": ""зная четыре слова на турецком, купили бэушный холодильник в каком-то магазине на окраине стамбула. думаю, мы героини."", ""translation"": ""knowing four words in Turkish, we bought a second-hand fridge from some shop on the outskirts of Istanbul. I think we are heroes.""}]"
валить,To run away.,"[{""sentence"": ""— Ну и вали отсюда, пока по шее не дал! — сказал молодой мужчина и пошёл опять к киоску."", ""translation"": ""— Will you bugger off before I smack you! — said a young man and went back to the kiosk.""}]"
варзуха,Arse.,"[{""sentence"": ""За такую показуху хуй тебе в варзуху."", ""translation"": ""Up yours for such a show-off.""}]"
варик,"Variant, short forвариант, used by youths.","[{""sentence"": ""уходить от проблем — неоправданный варик."", ""translation"": ""Going away from problems is an unjustified alternative.""}]"
ватник,"Russian patriot and nationalist, outspoken follower of Putin, who aims to compensate his meaningless life by glorifying the motherland. This insulting term derives from the name of a iconic soviet padded uniform jacket issued during WWII.","[{""sentence"": ""Кончилось все это тем, что многие украинцы заболели антироссийскостью. И даже я, тихий никому не нужный дизайнер из Москвы, вдруг становлюсь ватником, колорадом, путиноидом и врагом. Особенно, когда я говорю, что на Украине у людей потеряна способность сомневаться, скептицировать, искать источники и пр."", ""translation"": ""This all ends with many Ukrainians falling for russophobia. And even I, a quiet nobody designer from Moscow, suddenly become a vatnik, a kolorad, a Putinoid and an enemy. Especially when I say that in Ukraine people have lost the ability to doubt, to scepticize, to look for sources, etc.""}]"
вату катать,"To waste time, hang around.","[{""sentence"": ""В Москве Юля и Лена вату катают"", ""translation"": ""In Moscow, Julia and Helen do not engage in any meaningful activity.""}]"
вафлёрка,Fellatrix.,"[{""sentence"": ""При этом сказать, что «она минетчица знатная, вафлёрка» — это похвалить не ее, а самого себя — показать как тебе повезло и слегка смешать с дерьмом ту самую знатную доярку собственных гениталий."", ""translation"": ""All the same, to claim “she’s great at blowjobs, a gobbler” is not to praise her, but yourself — to show how lucky you are and to slightly drag through the shit with the very great milkmaid of your own genitals.""}]"
вафли ловить,"To stay with a gaping mouth, literally “to catch flying dicks”.","[{""sentence"": ""Всё, что тpебовалось ты уже дождался ;) А так… вафли ловить… смысла — ноль целых, хpен десятых."", ""translation"": ""Everything you wanted has already happened ;) And so… to hang around doing nothing… it makes absolutely no sense.""}]"
вафлю ловить,To get wi-fi (Russianвайфай) signal.,"[{""sentence"": ""Утром ноут работал исправно, выключил, уехал из дома, вечером приезжаю, включаю — не видит WiFi. Рядом лежащий смартфон вафлю ловит исправно, так что с роутером все хорошо."", ""translation"": ""This morning the notebook worked fine, I turned it off, went out, came back in the evening, turned it on and it doesn’t see the Wi-Fi. The smartphone next to it gets a clear signal, so the router is fine.""}]"
вдувать,"Fuck, screw. Perfective:вдуть.","[{""sentence"": ""Парни, а кто-нибудь с ней встречался? bez-masok.ru/content/liliana-24-moskva А то я только один раз с ней созванивался и все. Это бот или нет? Просто фотки там висят такие, что я б вдул )"", ""translation"": ""Guys, has anybody met her? bez-masok.ru/content/liliana-24-moskva I have just talked to her once on the phone and that’s it. Is it a bot or not? It’s just that the posted picture are such that I’d bang her )""}]"
вездеход,"Highly official identification document giving almost universal access, for example the ID of an assistant to a member of parliament.","[{""sentence"": ""У неё был волшебный пропуск-вездеход, по нему мы проехали КПП без очереди, которая обычно здесь 10-12 машин, и досмотра."", ""translation"": ""She had a magic all-access pass, which let us pass the checkpoint without waiting in the usual line of 10-12 cars and without inspection.""}]"
вентиль,"Prick, penis (“valve”).","[{""sentence"": ""Кендру пробурил большой вентиль."", ""translation"": ""Kendra got rogered by a big shlong.""}]"
вертухай,"Overseer, guard, warden.","[{""sentence"": ""Единая Россия отказалась поддержать поправки по отсрочке от мобилизации для многодетных отцов и отцов детей-инвалидов.Только в проклятой стране может быть так, что отцов детей-инвалидов, которые обычно бывают единственными кормильцами в семье, отправляют на фронт, а вертухаев и ментов, которые избивают женщин на митингах, оставляют в тылу. Российская Федерация — это ёбаный позор"", ""translation"": ""United Russia has refused to support amendments to defer mobilisation for fathers of many children and fathers of disabled children.Only in a cursed country can it be that fathers of disabled children, who are usually the only breadwinners in the family, are sent to the front, while prison wardens and cops who beat up women at rallies are left behind. The Russian Federation is a fucking disgrace""}]"
вжарить,"To fuck, screw.","[{""sentence"": ""Вжарить бы ей! Эх! Классная телка!)"", ""translation"": ""I’d do her! Eh! Classy chick!)""}]"
вздрючить,"Fuck, screw.","[{""sentence"": ""Ты стоишь на пустой ночной остановке и раздумываешь: куда бы направиться. Конечно, ты идешь домой, но там пусто и одиноко, а тебе так хочется поебать кого-нибудь еще. Познакомиться и вздрючить ее по-настоящему."", ""translation"": ""You stand at a deserted night stop a think: where shall I go to. Of course, you go home, but there it’s deserted and lonely, and you’re so eager to screw somebody. To get acquainted and bang her for real.""}]"
взъёбка,A cussing out.,"[{""sentence"": ""— Товарищ Беляев сказал — пусть зайдет до отъезда. А то ему будет взъёбка…"", ""translation"": ""— Comrade Belayev said — let him come in before he leaves. Otherwise he’ll get some bollocking…""}]"
видик,"VCR, sometimes also writtenвидак.","[{""sentence"": ""— Так у тебя, Алексей Василич, видик, я слышал, сгорел. Как же он показывать будет?"", ""translation"": ""— So, Aleksey Vasilich, I hear your VCR has burnt out. How will it show?""}]"
вискарь,Whisky.,"[{""sentence"": ""А вискарь дерьмо рядом с водкой, носками пахнет."", ""translation"": ""But compared to vodka whisky is shit, it smells like socks.""}]"
вкуривать,"To dig, understand. Perfective:вкурить.","[{""sentence"": ""Во втором где-то с середины я перестала вкуривать сюжет совершенно."", ""translation"": ""Secondly around the middle I completely stopped getting the story.""}]"
влом,"Can’t be bothered, too lazy to do something.","[{""sentence"": ""Когда сайлент хилл 2 выйдет кто знает? Влом в нете лазить )"", ""translation"": ""Anybody knows when Silent Hill 2 comes out? Too lazy to search the web )""}]"
вляпаться в говно,"To get unexpectedly into a difficult situation, to get stuck between a rock and a hard place.","[{""sentence"": ""Отношения — это когда оба чётко понимают, в какое говно вляпались, когда встретились и что уже ни за что в жизни не вылезут из него."", ""translation"": ""A relationship is when both clearly understand in what fine mess they have got themselves into when they met and that no matter what they will not be able to get out of it.""}]"
вмазаться,"To shoot drugs, to inject narcotics in the vein.","[{""sentence"": ""Прямо напротив входа в Госдуму бухают какие-то бомжи. Мужик с татуировками не постеснялся вмазаться на глазах о офигевших прохожих, выбросил шприц в урну и запил водочкой. Наверное, это бывшие депутаты."", ""translation"": ""Some tramps are boozing right in front of the State Duma. The tattooed bloke did not shy away from giving himself a shot in full view of the gobsmacked passers-by, threw the syringe away in the dust bin and downed some vodka. Probably former MPs.""}]"
вмандячить,To hit.,"[{""sentence"": ""Надо было, конечно, вмандячить камнем. С крысами я строг."", ""translation"": ""Should have hit with stones, of course. I’m hard on rats.""}]"
водовка,Vodka.,"[{""sentence"": ""Мне завтра туда пора, — швейцар указал пальцем на потолок. — Дай мне на бутыловку водовки, и я за тебя замолвлю ТАМ словечко, за твой журнал."", ""translation"": ""I’m heading up there tomorrow, — the doorman pointed to the ceiling. — Give me some cash for a bottle of vodka, and I’ll put in a good word for you UP THERE, for your magazine.""}]"
водяра,Vodka.,"[{""sentence"": ""Приличные девочки с мужиками водяру на лавках не бухают."", ""translation"": ""Decent girls don’t get smashed on vodka with men on a bench.""}]"
волосянка,Pubic hair.,"[{""sentence"": ""Блять! А темно же! Мне бы на песду посмотреть сначала, разобрацца, чо к чему. Нихуя не видно же. Я кароч давай наощупь. Так, тут волосянка, значит дырка ниже должна быть."", ""translation"": ""God gracious! It’s dark indeed! I’d need to have a look at the pussy to understand what goes where. But I can’t see a damn thing. I’ll have to feel my way around. So, here are some pubes, meaning the whole should be a little further down.""}]"
воронок,"Police car, vehicle for the transportation of prisoners. Also calledчёрный ворон.","[{""sentence"": ""Может, воронков не хватает, в чём арестантов возить?"", ""translation"": ""Maybe they don’t have enough paddy wagons to carry the prisoners?""}]"
впендюрить,"To screw, fuck (to insert). Imperfective:впендюривать.","[{""sentence"": ""Ну да хочется! мне весной вообще всем впендюрить хочется!"", ""translation"": ""So yes, I want some! Actually, I feel like banging anyone in the springtime!""}]"
впиздячить,To hit.,"[{""sentence"": ""Когда я слышу этот ёбанный аккорд Ля, то зразу же хочется впиздячить по яйцам Тихонову и обоссать бюст старика Людвига."", ""translation"": ""When I hear that fucking A chord, I immediately want to kick Tikhonov in the balls and piss on old man Ludwig’s bust.""}]"
впиздячиться,To smash into.,"[{""sentence"": ""Сидел, смотрел ролики с обзоров видеорегистраторов. Непроизвольно ждал когда кто-нибудь в кого-нибудь впиздячится."", ""translation"": ""I sat watching a film about the range of dashcams. Involuntarily I was waiting for someone to smash into something.""}]"
врезать,"To hit, beat.","[{""sentence"": ""Как достало, на кой черт мне сдалась эта чувственность, хочется быть толстокожим мамонтом, чтобы похуй на всё, чтобы врезать по ебалу, а не глотать сопли, накрывшись с головой одеялом."", ""translation"": ""I’m so fed up, why do I need this sensitivity? I wish I were a thick-skinned mammoth, not giving a damn about anything, so I could punch someone in the face instead of lying under a blanket, swallowing my tears.""}]"
врубаться,"To understand, to catch on.","[{""sentence"": ""— Не врублюсь никак, при чем тут я."", ""translation"": ""— I don’t get at all what I have to do with it.""}]"
всратый,Shitty.,"[{""sentence"": ""Смысл разницы поколений именно в разделении поколений, а не в том, что прошлое поколение не вдупляет всратые синекдохи и упоротые лулзы пубертатов."", ""translation"": ""The essence of the generation gap lies in the separation of generations, not in the fact that the older generation doesn’t get the weird shitty synecdoches and crazy humor of teenagers.""}]"
всраться,"To be in dire need of something, to want it badly. Usually used in a derogatory way with a negation.","[{""sentence"": ""Казанский стрелок Ильназ Галявиев раскаялся в содеянном. Через решетку он сказал, что действовал один, никто его не подстрекал. Также обвиняемый попросил прощения у родственников погибших и пострадавших.И нах твое извинение всралось? Ублюдок."", ""translation"": ""The Kazan shooter Ilnaz Galyaviev has repented his actions. Through the bars he said that he acted alone, nobody egged him on. The accused also apologised to the relatives of the dead and injured.And who gives a shit about your apology? Asshole.""}]"
встояка,Sex in an upright position.,"[{""sentence"": ""Затем герои все-таки попадают в самолет, закрываются в сортире, где и совокупляются, пардон, встояка."", ""translation"": ""Then the heroes somehow still get on the plane, lock themselves in the toilet where they mate, excuse my French, standing.""}]"
всуки,"Insulting name for the Ukrainian armed forces, used by supporters of the Russian invasion to disparage their opponents. Combination of the Russian acroynmВСУ(short forВооружённые Силы Украины) andсука. Sometimes writtenВСУки.","[{""sentence"": ""Когда Всуки дойдут до Москвы, им с собянинских камер столько штрафов прилетит, что сразу капитулируют!"", ""translation"": ""When the bloody Ukrainian troops reach Moscow, they’ll receive so many fines from Sobyanin’s surveillance cameras that they’ll surrender immediately!""}]"
втюриться,To fall in love.,"[{""sentence"": ""Блииин! Я втюрилась в кавказца. Что теперь делать?"", ""translation"": ""Blimey! I’ve fallen in love with a Caucasian. What shall I do now?""}]"
вундервафля,"Secret superweapon, that either does not exist or does not perform as intended. Neologism combining the GermanWunderwaffeand Russianвафля.","[{""sentence"": ""Та самая вундервафля — сармат. Пи…дец Лондону!"", ""translation"": ""The supraweapon is the Sarmat. London is f*cked!""}]"
вхуячивать,To work hard.,"[{""sentence"": ""В сентябре я уже доказал себе, что могу вхуячивать, как энерджайзер. Теперь пора сделать это привычкой!"", ""translation"": ""In September I already proved to myself that I can work hard as an energizer. Now it’s time to make a habit of it!""}]"
вшивый,"Lousy, worthless, rotten.","[{""sentence"": ""Два часа! Каких-то вшивых два часа осталось до боя курантов, чёрт бы их побрал совсем."", ""translation"": ""Two hours! There’s just two lousy hours until new year, the devil with them.""}]"
въебать,"To punch, hit violently.","[{""sentence"": ""Ну, вот если работать неохота, в смысле штаны протирать в офисе с 9.00 до 18.00, а замшевую куртку хочется, легко выйти вечером на улицу и въебать кому-нибудь по сопатке."", ""translation"": ""Well, if you don’t feel like working, as in sitting in an office from 9:00 to 18:00, but you want a suede jacket, it’s easy to go out in the evening and punch someone in the face.""}]"
въебаться,"To hit something violently, to have an accident (in an automobile).","[{""sentence"": ""Вчера чуть не въебался на перекрестке в долбоёба, пролетающего на охуенно покрасневший зеленый."", ""translation"": ""I almost smashed into a motherfucker flying through on a fucking red light at an intersection yesterday.""}]"
въехать,"To understand, to get it.","[{""sentence"": ""То есть они реально не въехали, что раньше было можно, а теперь стало нельзя."", ""translation"": ""That is to say they really did not get it that you could in the past but now you can’t.""}]"
выблядок,"Bastard, in the direct and figurative meaning.","[{""sentence"": ""Ненавижу вас всех, выблядки! Сдохните нахуй. Меня тошнит от этого гребаного форума."", ""translation"": ""I hate you all, bastards! Fucking die. I’m sick of the freaking forum.""}]"
выебать,"To screw, to fuck (see alsoебать);","[{""sentence"": ""Мне кажется, что мечта у человека должна быть светлая и обязательно недостижимая. Hу, например, выебать Шерон Стоун. Хорошая мечта, согласитесь. Во-первых, она не вредная. Хочет человек выебать Шерон Стоун. Хочет и хочет."", ""translation"": ""It seems to me that a person’s dream should be bright and necessarily unattainable. Well, for example, fucking Sharon Stone. It’s a good dream, don’t you agree? First of all, it’s not harmful. A man wants to fuck Sharon Stone. Wants it and that’s all there is to it.""}]"
выебон,"Show-off, trick, prank, something out of the ordinary.","[{""sentence"": ""Я так просто не могу — мне ведь надо с выебонами."", ""translation"": ""I can’t do it just like that, it has to have bells and whistles on.""}]"
выёбываться,To show off — derived from the verbебать.,"[{""sentence"": ""Ты у меня сейчас довыёбываешься."", ""translation"": ""Can it, or you’ll be in troubles.""}]"
выпендрёж,"Boasting, bragging, capriciousness.","[{""sentence"": ""Я не ем оливье в Новый год (не выпендрёж, просто не было такой традиции в семье), не смотрю Иронию судьбы (просто не люблю). Я один такой или нет?"", ""translation"": ""I don’t eat Olivier salad on New Year’s Eve (not showing off, just didn’t have that tradition in the family), I don’t watch The Irony of Fate (just don’t like it). Am I the only one or not?""}]"
выпердыш,"Farter, common insult for somebody passing gas.","[{""sentence"": ""Реалити-шоу — это выпердыш нашего бездарного времени."", ""translation"": ""Reality shows are the fart of our untalented time.""}]"
выпердыш,A fart.,"[{""sentence"": ""Реалити-шоу — это выпердыш нашего бездарного времени."", ""translation"": ""Reality shows are the fart of our untalented time.""}]"
выпивон,"Liquor, alcoholic drinks, drinking party.","[{""sentence"": ""Послали меня в магаз за шампанским и чесноком. Хороша жизнь раз больше ничего не надо. Стоял в кассе с 3 бутылками и 3 головками чеснока. Выпивон и закусон."", ""translation"": ""Sent me to the shop for champagne and garlic. It’s a good life if you don’t need anything else. Standing at the till with 3 bottles and 3 heads of garlic. Drinks and snacks.""}]"
выпиздить,"To get rid of somebody, to eject someone.","[{""sentence"": ""Декан обещал меня выпиздить к хуям из универа, если на этой неделе не закрою сесию."", ""translation"": ""The dean swore to fucking eject me out of the university if I don’t finish off my exams this week.""}]"
вякнуть,"Pipe up, bark.","[{""sentence"": ""«Еще раз вякни что-то в таком тоне, и твоего Катара завтра не будет», — якобы заявил представитель России в ООН В. Чуркин."", ""translation"": ""“Say something like that again and your Qatar will be gone tomorrow,” Russia’s UN representative V. Churkin allegedly said.""}]"
галоша,Condom. Initially means a rubber shoe protection (“galosh”).,"[{""sentence"": ""После помывки в койку. Минет без галоши без вопросов."", ""translation"": ""After washing into the bunk. Blowjob without rubber without problem.""}]"
ганджа,"Marihuana, ganja (from Sanskrit गांजा, gañjā, meaning hemp).","[{""sentence"": ""потом на третий день приехал брат Франца у ккоторого тоже был др) и подарил ему охуенный бонг)) ну мы его обкурили остатками ганджи и нас вкурило нипадеццки с водного то))"", ""translation"": ""Then on the third day came Franz’s brother who also had had his birthday) and received an awesome bong)) well we used it with the remaining ganja and it hit us seriously already with water))""}]"
ганджубас,"Hemp, cannabis.","[{""sentence"": ""Мы сидим на кухне и пьем,Нам сейчас принесут ганджубас,Мы его с нетерпением ждем,И латинские ритмы пульсируют в нас…"", ""translation"": ""We’re sitting in the kitchen, drinking,They’ll bring us some ganja soon,We’re eagerly waiting for it,And Latin rhythms pulse within us…""}]"
гандон,Condom;,"[{""sentence"": ""Выебал без гандона одну шлюху пару недель назад. Теперь ночью просыпаюсь уже второй раз от того, что трусы чуть чуть мокрые. Что это за хуйня, кто знает?"", ""translation"": ""I fucked a whore without a condom a couple of weeks ago. Now I’m waking up at night for the second time because my pants are a bit wet. What the fuck is that, who knows?""}]"
гандон,Moron. Seeгондон.,"[{""sentence"": ""Так что я с полной уверенностью могу сказать: в компании Ленд Ровер работают штопанные гандоны и уебки, которые срать хотели на всех своих клиентов."", ""translation"": ""Therefore I can with full certainty say: the company Land Rovers employs stupid wankers and plonkers that don’t give a fuck about their clients.""}]"
гасить,To kill.,"[{""sentence"": ""В сталинские времена стояла задача по физическому истреблению инакомыслящих (политических), и то никто их не гасил в тюрьмах (расстрелы — тема отдельная), и не оформлял как несчастный случай."", ""translation"": ""In Stalin’s times, the task was to physically exterminate dissidents (political), and no one snuffed them in jail (shootings are a separate topic), only to declare it an accident.""}]"
гаситься,"To ghost, go into hiding, disappear and avoid contact.","[{""sentence"": ""Клиент гасился, 3 месяца не оплачивал перевозку и не забирал груз (а там оборудование на несколько мильонов). На связь выходил периодически и только по ватсапу.Пришёл на днях. Спрашиваем мол чего так долго не забирали? Ответ: Я СИДЕЛ…"", ""translation"": ""The client was ghosting us, didn’t pay for the shipping for 3 months, and didn’t pick up the cargo (which was worth several million). He only contacted us sporadically and only via WhatsApp. The other day he showed up. We asked him why he hadn’t picked it up for so long. His answer: “I was doing time…”""}]"
гебня,"Russian secret services, pejorative name derived from the last letters of the acronymКГБ. Often used with the adjectiveкровавая гебня, variants areгэбня, гэбуха, гэбьё. It can be used to describe the machinery of power of the KGB colonel Putin.","[{""sentence"": ""Кровавая гебня запретила разрешённые гей-парады в Москве и Костроме."", ""translation"": ""The bloody KGB forbid the authorised gay prides in Moscow and Kostroma.""}]"
гейропа,"Europe, insulting blend ofгейandЕвропаused to mock a gay friendly or even gay controlled, decandent Europe.","[{""sentence"": ""День ВДВ в Москве: «Папа, это гейропа? Нет, хуже…»"", ""translation"": ""The day of the paratroopers in Moscow: “Dad, is that gay Europe? Not, worse…”""}]"
гелик,"Mercedes G-class, apocope of the German designationGeländewagen(terrain-vehicle) with the Russian suffix-ик.","[{""sentence"": ""Бандиты не на геликах ‒ на геликах с мигалкой."", ""translation"": ""Bandits do not drive around in Geländewagen, they drive around in Geländewagen with emergency lights.""}]"
геморрой,"Problem, trouble (“haemorrhoids”).","[{""sentence"": ""Если милиционер тупой, значит будет геморрой."", ""translation"": ""If the cop is a dunce there will be a pain in the ass.""}]"
гёрла,"Lass, broad, chick, the word is loaned from English “girl”. Sometimes altered toгерлица.","[{""sentence"": ""Если мы приезжаем на пол дня, можно один большой гостиничный номер или квартира на несколько часов + один хозяин. С возможностью приготовления еды. Для этого надо мобилизовать хозяйственную герлу, она должна частично заранее приготовить все ингредиенты (химическая еда по типу дошерак непреемлема)."", ""translation"": ""If we come for half a day, one large hotel room or a flat for a few hours + one host is possible. With the possibility of cooking. A housekeeper of a girl has to be mobilized for this, she has to partially prepare all the ingredients in advance (chemical grub like dosherak is not acceptable).""}]"
глюки,"Hallucination, optical illusion.","[{""sentence"": ""Две последние фотографии на её ссылке — ну совершенно другая девушка. Это как — никто не досмотрел фоторгафии, или у меня уже глюки?"", ""translation"": ""The two last pictures on her link, well it’s a completely different girl. How’s that, has nobody looked at the pictures to the end or am I already seeing things?""}]"
гнать,To talk a lot;,"[{""sentence"": ""ГИБДД или гони инспектору бабки и дуй дальше!"", ""translation"": ""Traffic police or hand over the dough to the inspector and move on!""}]"
гнать,"to lie; 3. to give, to hand over.","[{""sentence"": ""ГИБДД или гони инспектору бабки и дуй дальше!"", ""translation"": ""Traffic police or hand over the dough to the inspector and move on!""}]"
гнида,"Louse, despicable individual. The initial meaning of the word is “nit” (lice eggs).","[{""sentence"": ""Президент Зеленский просто гнида."", ""translation"": ""President Zelenskyy is simply a louse.""}]"
гниломудый,"Impotent, literally “with rotten nuts”.","[{""sentence"": ""Я полагаю, что Сергей — писун поддатый. А ещё он откормленный бобруйский гниломудый прыщ."", ""translation"": ""I believe that Sergey is a drunken pisser. And also a fat purulent zit with no balls from Loamshire.""}]"
говённый,"Shitty, lousy (derived fromговно). Sometimes writtenговеный.","[{""sentence"": ""Впрочем, хуевая и еда и говеный кофе все равно перевесили все плюсы, включая прикольное название."", ""translation"": ""All in all, the rotten grub and the shitty coffee overweigh all the positive aspects, including the cool name.""}]"
говнецо,Little piece of shit. Diminutive form ofговно.,"[{""sentence"": ""— Хороший ты мужик, Федя, но есть в тебе говнецо интеллигентское!— Я вот тебе счас переебу промеж глаз — будет тебе говнецо и интеллигентское, и пролетарское! — рассвирепел Федор."", ""translation"": ""— You’re a good guy, Fedya, but there’s a bit of intellectual filth in you!— I’ll smack you right between the eyes – then you’ll get filth, both intellectual and proletarian! – Fyodor snapped angrily.""}]"
говнище,"Major crap, superlative ofговно.","[{""sentence"": ""Больше всего на свете рестораны любят людей с живым налом в руках. Как только ресторан получил предоплату за 50 мудаков, он тут же радостно варит говнище вместо еды."", ""translation"": ""More than anything else, restaurants love people with cash in hand. As soon as a restaurant has received an advance payment for 50 idiots, it happily cooks shit instead of food.""}]"
говно,"Shit. General Slavic term that appears also, amongst others, in Polish,gówno. Usually used in the direct meaning (faeces) and not as an expletive.","[{""sentence"": ""Обдолбанный Сеня взглянул с омерзеньемНа долбанный Невский, говно — не страна!— Пошли-ка долбиться! — воскликнула Маша.Что ж кайфа здесь нету. Пошли, старина."", ""translation"": ""How to understand that social networks are crap.""}]"
говно вопрос,"Of course, not worth asking. Literally “Shit question”.","[{""sentence"": ""Один раз читатель попросил у меня разрешения на публикацию одной из картинок. «Говно вопрос» — ответил я читателю. Тот страшно обиделся. Он решил, что его вопрос — полное говно. Читатель давно не жил в России и не был знаком с синонимом выражения «ради бога»."", ""translation"": ""Once a reader asked me for permission to reproduce one of the pictures. I answered “shit question” to this reader. He was seriously offended. He thought that his question was worth shit. This reader has been living outside Russia for long and was not aware of the expression synonymous to “be my guest”.""}]"
говнодавы,"Heavy footwear, “shit-crushers”.","[{""sentence"": ""В начале войны, только что забритый, в негнущейся робе и грубых бахилах, имевших не совсем табельное название «говнодавы», попал он на колёсный грузовой пароходишко."", ""translation"": ""At the beginning of the war, freshly shaved, in stiff overalls and rough boots, which had the unofficial name “mud crushers”, he ended up on a small cargo steamer.""}]"
говнюк,Bastard — literally “shitter”.,"[{""sentence"": ""Ты называешь меня говнюком,да, я все время бухой."", ""translation"": ""You call me a shithead,Yes, I’m always pissed up.""}]"
говняный,Shitty. See alsoговённый,"[{""sentence"": ""Стоял тихий августовский погожий денек. Ничто не предвещало мерзкой бездушной говняной кучи, которая вдруг упала за шиворот."", ""translation"": ""It was a quiet, sunny day in August. Nothing could lead to the shit about to hit the fan.""}]"
голоёбица,Groupsex scenes with many naked participants in porn flicks;,"[{""sentence"": ""Пиздец! Вот это голоебица — пять раз упал пока до дому дошел."", ""translation"": ""Blimey! This is one hell of black ice; I fell five times on my way home.""}]"
голоёбица,"Nudist beach; 3. Black ice, ice-covered ground.","[{""sentence"": ""Пиздец! Вот это голоебица — пять раз упал пока до дому дошел."", ""translation"": ""Blimey! This is one hell of black ice; I fell five times on my way home.""}]"
голожопый,"Poor, shabby, miserable (“butt-naked”, seeжопа).","[{""sentence"": ""А голожопый некогда Китай обогнал Америку и осваивает самостоятельно Космос."", ""translation"": ""The once butt-naked China has overtaken America and is exploring Space on its own.""}]"
голубой,"Male homosexual, queer, fag — Literally “light blue”.","[{""sentence"": ""Если вам все до жопы, может вы голубой?.."", ""translation"": ""If everything is a pain in the arse to you, maybe you’re a fag?""}]"
гомосек,Male homosexual. Also used as a general insult.,"[{""sentence"": ""Хуй тебе, а не чаю, гомосек проклятый!"", ""translation"": ""Here’s bugger all for you, not tea, damned faggot!""}]"
гомосятина,Negative term for describing gays as a whole or for actions or things perceived as queer.,"[{""sentence"": ""«Портрет Дориана Грея» Уайльда — самая отборная гомосятина, которая мне когда-либо попадалась на глаза."", ""translation"": ""“The portrait of Dorian Grey” by Oscar Wilde is the most exquisite gayish thing that ever met my eyes.""}]"
гондон,"Condom. Derived from the English or identical German word, which both come most probably from Latincondon, recipient. Can also be used figuratively for a despicable person.","[{""sentence"": ""Злые языки утверждают, что популярных блоггеров огондошивают чуть ли не за деньги, но суровая правда жизни такова, что блоггерам приходится покупать гондоны на свои заработанные непосильным трудом кровные."", ""translation"": ""Malicious tongues claim that popular bloggers get screwed almost for money, but the harsh truth is that bloggers have to buy condoms with the hard-earned cash they’ve made.""}]"
гониво,"Chatter, boring talk.","[{""sentence"": ""Второй раз произошёл на паре английского языка. Господи! Такой задротины я в жизни не видал! По сравнению с той старухой, даже препод по высшке выглядит милашкой… =_= Капец, она гонит нереально! Сидим мы с Чушаком на последней парте, молчим и слушаем гониво той тётки."", ""translation"": ""The second time happened in English class. Christ! I’ve never seen such a waste of a person in my life! Compared to that old lady, even the high school teacher looked cute… =_= Man, she’s driving me crazy! Me and Chushak are sitting in the back, not talking and listening to that lady’s rant.""}]"
гонять,"To chatter, utter uninteresting speeches, to speak.","[{""sentence"": ""Вас часто спрашивают: «Что ты гонишь…?»"", ""translation"": ""Do you often get asked: “what are you going on about…?”""}]"
гопник,"Chav, redneck, bum, lout (without meaningful own opinion, usually found in groups, shabby).","[{""sentence"": ""Romik: в эпоху рыцарей люди мочились на улице, не чистили зубы и убивали из-за словIon: Ну щас тоже такие есть. Гопники называются"", ""translation"": ""Romik: In the times of knights people peed in the street, did not brush teeth and killed because of wordsIon: And today we have people like these. They’re called punks.""}]"
гопота,"Riff-raff, hooligans.","[{""sentence"": ""nic_aaL: Айпад поменял слово «гопота» на «господа». Какой он у меня вежливый! Прямо петербуржец :)"", ""translation"": ""nic_aaL: The Ipad changed the word “scum” to “gentlemen”. How polite he is! Just like someone from St. Petersburg :)""}]"
гребанный,Euphemistic variant forёбанный.,"[{""sentence"": ""Гребанный военкомат, как они хоть работают. Но хорошо что перенесли отправку. Теперь я с вами еще 8 дней xD"", ""translation"": ""Frigging military commissariat, who do they even work. But it’s a good thing they put off the departure. Now I’m with you for another 8 days xD""}]"
грёбаный,Euphemism forёбаный.,"[{""sentence"": ""Девки вроде как симпатичные. Но вот это их гребаное отношение к работе, прямой обман в виде хитрожопой ценовой политики (40-60 минут, 2000-3000 рублей) и жуткий анти-секс в постели, сводит все впечатления даже не к нулю, а к резко отрицательной величине с двумя нулями."", ""translation"": ""The chicks are basically cute. But their bloody working attitude, the open deceit they call price policy (40-60 minutes, 2000-3000 roubles) and the utterly sex-unfriendly beds lower the impression not to nil but to a negative value with two zeros.""}]"
гребать,To copulate.,"[{""sentence"": ""Когда гребать некого, начинает гребать мозг."", ""translation"": ""When there is noone to fuck, she starts to screw the mind.""}]"
грины,"US-Dollar, stems from English “green”.","[{""sentence"": ""Фильм представляет собой набор образов я бы сказал стандартных образов. Платон пересчитывающий грины, гринов много и откуда они берутся непонятно, но всем похуй, если ты молод и красив собою то этот мир должен тебе."", ""translation"": ""The film is a collection of images, I would say standard images. Plato counting his greens—there are many, and where they come from is unclear, but no one cares. If you’re young and good-looking, then this world owes you.""}]"
грохнуть,To kill.,"[{""sentence"": ""Дедушка должен был председателя горкома грохнуть. Но тут кто-то донёс. В самый последний момент…"", ""translation"": ""Grandpa was supposed to kill the mayor. But somebody ratted on him. At the last moment…""}]"
груз 200,"Military slang for the transport of a coffin, also used as a ephemism for fallen soldier, lit. “cargo 200”. Derives from the number of a directive issued in 1984 during the Afghan war and made widely known by a 2007 film of the same name.","[{""sentence"": ""Это ленд-лиз идёт в Украину. В том же темпе из Украины в РФ пойдет «Груз-200»."", ""translation"": ""This lend-lease goes to Ukraine. With the same temp coffins are going from Ukraine to Russia.""}]"
грузить,"To bore someone to death by talking, to speak rubbish (literally “to load”).","[{""sentence"": ""Однажды долго шёл за такой парочкой — девушка полчаса грузила какого-то типичного кавказца (чуть ли даже не чеченца) своими проблемами, а он с готовностью поддакивал."", ""translation"": ""I once observed a couple where the girl was venting to a man who appeared to be of Caucasian descent, possibly Chechen, for about half an hour. He listened patiently and offered sympathy.""}]"
гузно,Arse.,"[{""sentence"": ""Палец кнутобойца указывал на гузно его превосходительства. Повыше нахлестанного места, где копчик, виднелась малая картинка: красный цветок навроде ромашки."", ""translation"": ""The whipper’s finger was pointing to His Excellency’s bottom. Above the whipped spot, where the coccyx was, was a small picture: a red flower like a daisy.""}]"
гумозно,"Tedious, boring, uninteresting (sometimes writtenгомозноorгуммозно).","[{""sentence"": ""Только настраивать все это дело очень гуммозно"", ""translation"": ""But setting the whole thing up is a pain in the neck.""}]"
гундосить,"Grumble, mutter, mumble.","[{""sentence"": ""Я вечно как напьюсь — начинаю гундосить и путаться в словах."", ""translation"": ""Every time I get drunk I start mumbling and mix words.""}]"
гусарский насморк,"Tripper, gonorrhoea (“Hussar’s cold (= running nose)”).","[{""sentence"": ""Гусарский насморк — это тот же триппер, который врачи упорно называют гонореей, чтобы нас запутать."", ""translation"": ""The hussar’s cold is just the clap, that doctors call gonorrhoea in order to confuse us.""}]"
"да разъебись ты блядским трипиздопроебом, остохуетелое пиздострашилише, залупоглазая ящерица!","Offensive phrase with heavy emotional content, and little meaning. Can be used to tell someone to leave in a rather rude fashion.","[{""sentence"": ""«Да разъебись ты блядским трипиздопроебом, остохуетелое пиздострашилише, залупоглазая ящерица!»Акунин. Спасибо ВКР за пополнение вокабуляра)"", ""translation"": ""“Go to hell with your damn nonsense, you disgusting piece of shit, you ridiculous lizard with bulging eyes!” Akunin. Thanks to my thesis for expanding my vocabulary)""}]"
давалка,"Woman of light virtue, easy girl, “giver”.","[{""sentence"": ""На самом деле я ж понимаю — тебе не просто давалка нужна, а классная герлфренд, с которой как бы не стыдно потусоваться в престижном обществе."", ""translation"": ""Actually, I understand, you don’t need just some girl to hump but a classy girlfriend, with which you wouldn’t be ashamed to go in high society.""}]"
давать,"To put out, consent to have sex, to let somebody get it. Usually used in relation to women.","[{""sentence"": ""Удивляется народ:— Что нам партия даёт?— Наша партия не блядь,Чтобы каждому давать."", ""translation"": ""People are surprised:— What does the party give us?— Our party isn’t a whore,To give itself to everyone.""}]"
даги,Dagestani (ethnic group from the North-Eastern Caucasus).,"[{""sentence"": ""В итоге у нас рынке разный народ был: в основном белорусы шмотьем торговали, хачей мало было и ни были не даги, грузины, абзахы, немного азеров. Ну почти чуть-чуть. В итоге за 3-4 года весь рынок стал дагестанским. Одни даги, короче. Эти всех отжали."", ""translation"": ""In the end we had different nations in the market: mainly Belarusians were dealing with clothing, there were few Caucasians and no Dags, Georgians, Abkhazians, a few Azeri. Just a few. In the end after 3 to 4 years the whole market is now Dagestani. Only Dags, for short. They pushed all the others out.""}]"
данунах,"Mark of disbelief, contraction ofда ну нахуй(well you don’t say… that cannot be).","[{""sentence"": ""Ну вот почему все те модели, которые расчитаны на просто «позвонить» такие уродские, а? prizm? данунах 9 тыщ за вещь которая мне не нужна."", ""translation"": ""Why are all the models designed for just “making a call” so ugly? A Prizm? Seriously, 9,000 roubles for something I don’t need?""}]"
Даунбасс,"Disparaging nickname of the separatist Donbass region, usually used by pro-Ukrainian activists. Combination ofДонбассandдаун(person with Down-syndrom).","[{""sentence"": ""В принципе, это характерная картинка для Даунбасса. Погромы, пьянство, зверства — это агрессивная часть быдло-стада, криминальные элементы."", ""translation"": ""In principle, this is a typical picture of the occupied Donbass. Pogroms, drunkenness, atrocities are the aggressive face of this cattle herd, those criminal elements.""}]"
двустволка,"Woman, girl;","[{""sentence"": ""Будем считать что это трансы-двустволки?"", ""translation"": ""We’ll assume that they are transvestites open both ways?""}]"
двустволка,Woman having intercourse with two men at the same time; 3. Bisexual man. The initial meaning of the word is a gun with two barrels.,"[{""sentence"": ""Будем считать что это трансы-двустволки?"", ""translation"": ""We’ll assume that they are transvestites open both ways?""}]"
двухсотить,"To kill, snuff, slay. Military slang derived from the euphemistic administrative termгруз 200.","[{""sentence"": ""Лапоть, я ваших в 2014м двухсотил… сейчас инвалид войны… об одном жалею: Мало задвухсотил."", ""translation"": ""Sweety, I snuffed a lot of your back in 2014… now I am a war cripple… I regret one thing: snuffed too few.""}]"
делать ноги,"To run away, to flee.","[{""sentence"": ""Я бы на месте пиратов делал ноги. Уже пора."", ""translation"": ""In place of the pirates I would piss off. It’s about time.""}]"
дерево,"Moron, idiot.","[{""sentence"": ""Вьебать бы Джуру за то что он такое дерево. Гнать нужно этого товарища с команды нахуй."", ""translation"": ""Jur deserves to be punished for being so useless. Let’s get rid of him from the team.""}]"
деревянные,Roubles (“wooden ones”).,"[{""sentence"": ""Мне коньки точно нужны, так что на Ботаническом саду есть прокат. Заранее оговорюсь, что там надо в залог сдавать либо паспорт, либо штуку деревянных."", ""translation"": ""I definitely need skates, and there is a rental service at the botanical garden. I warn beforehand that you need as a deposit either your passport or one grand roubles.""}]"
дерьмо,"Shit, can sometimes be used as an expletive.","[{""sentence"": ""— Вся эта водка — дерьмо, — мрачно заявил полковник."", ""translation"": ""— All this vodka is shit, gloomily said the colonel.""}]"
дерьмовщик,Shithouse cleaner. Seeдерьмопрят. Usually used figuratevely as an insult.,"[{""sentence"": ""Ну насчёт Кличко — это уже состоялось. Этот дерьмовщик мало того что в Украине вообще не живёт, транслируется на всю страну под водярной маркой, так ещё и боксировать выходил с оранжевой тряпкой на поясе."", ""translation"": ""As for Klichko, it’s already happened. That jerk not only doesn’t live in Ukraine, but he’s broadcast nationwide under a vodka brand, and he even went boxing with an orange ribbon on his belt.""}]"
дерьмовый,"Poorly made, shitty, damned.","[{""sentence"": ""Дерьмовый словарь"", ""translation"": ""A dictionary of doubtful value.""}]"
дерьмократ,"Rotten politician, a cross ofдемократandдерьмо.","[{""sentence"": ""Разворовали страну напрочь, сволочи! До чего Россию довели, дерьмократы паршивые!.. Все потому, что порядку нет!.."", ""translation"": ""They robbed the country clean, rascals! What have they done out of Russia, those damned so-called democrats!.. All that because there is no order!..""}]"
дешманский,"Cheap, made from the most inexpensive material.","[{""sentence"": ""Сегодня в твиттере обосрали «дешманский» пуховик за 20к. смотрю на свой, который мне сшила швея знакомая знакомой за 4 тыщи. пойду поплачу."", ""translation"": ""Today on twitter a “cheap” 20 -grand-parka was derided. I look at mine, that a tailor I know made for me for 4 grand. I’ll go and weep.""}]"
дикан,Ten roubles or kopecks.,"[{""sentence"": ""За дикан ― десятикопеечную монету ― автомат выплевывал из соска двести грамм рыжей жидкости."", ""translation"": ""For two bobs, a 10 kopeck coin, the machine spat out of its pacifier two hundred gramm of ginger liquid.""}]"
динамистка,"Woman, toying with men, female crook.","[{""sentence"": ""Мой друг решил, что имел дело с динамисткой, но, по-моему, тут другое: какой-то психический сдвиг. В нашей среде в ласках отказывают столь же спокойно, как и соглашаются на них."", ""translation"": ""My friend thinks he was dealing with a manipulative woman, but I think it’s something else entirely: some kind of psychological breakdown. In our circles, people are just as likely to refuse affection as they are to accept it.""}]"
динамить,"To toy (with men). Behaviour of young women who get a kick of using their power over men through psychological means (wilfully turning up late or not at all for dates, high demands of expensive nature, refusal to reward with intercourse…). A group of young ladies behaving in such a manner is often calledОбщество Динамо(Company Dynamo — in fact the name of a sport club).","[{""sentence"": ""Как «динамить» мужчин? То есть разводить на деньги, на материальные блага. По-крупному!"", ""translation"": ""How to shake down men? That is to trick them out of money, out of material well-being. Big time!""}]"
днивниг,"Diary or blog, deformation ofдневник.","[{""sentence"": ""Прихуел одназначно, куча мата безграмотность и ваобще пиздец, а не днивниг!"", ""translation"": ""I was fucking taken aback, heaps of foul language illiteracy and generally fucked up, not a blog!""}]"
догонять,"To get something, to understand.","[{""sentence"": ""Фу, какой ты прозаичный! Ты явно не догоняешь свободное парение моей мысли!.."", ""translation"": ""Well, how prosaic you are! You clearly cannot follow the free flow of my thoughts!..""}]"
доебать,"To obtain something, to finish, to conclude, to screw to the end.","[{""sentence"": ""Иногда мне кажется, что в современном обществе муж нужен женщине для того, чтобы доебать ее, когда с этим не справляется любовник."", ""translation"": ""Sometimes I feel that in modern society the wife needs the husband only to screw her brains out when her lover could not do it.""}]"
дойки,Boobs. Plural ofдойка(milking).,"[{""sentence"": ""Одной рукой взял мою голову и впился поцелуем, засовывая язык мне в рот, а другой тискал мои дойки."", ""translation"": ""With one hand he took my head and planted a kiss, shoving his tongue into my mouth, with the other he fondled my boobs.""}]"
долбать,"To fuck, have sex, screw.","[{""sentence"": ""Полный хаос в понимании проблемы, но выход все же есть — просто надо без колебаний подряд долбать разных развратных девчонок!"", ""translation"": ""There is utter confusion surrounding the problem, but there still is an issue: simply bang without hesitation all kind of depraved chicks.""}]"
долбёжка,"Fuck, sex. Variant:долбёж.","[{""sentence"": ""Несмотря на смазку, в письке достаточно плотненько, на удивление быстро отстрелялся, хотя слишком мягкий траходром испортил впечатление, так как в процессе долбежки фея просто начала проваливаться в матрас."", ""translation"": ""Despite the lube, it was tight enough in the pussy, I came surprisingly quickly, although the overly soft bunk spoiled the experience, as the fairy just started to sink into the mattress as she was being fucked.""}]"
долбить,To annoy;,"[{""sentence"": ""В противном случае будем весь 11 класс вместо учебы «долбить» тесты потому, что «дело надо делать»."", ""translation"": ""Otherwise we will spend the whole of 11th grade “swotting up” on tests instead of studying because “things need to get done”.""}]"
долбить,"To learn, study. Literally “to empty, to hammer”.","[{""sentence"": ""В противном случае будем весь 11 класс вместо учебы «долбить» тесты потому, что «дело надо делать»."", ""translation"": ""Otherwise we will spend the whole of 11th grade “swotting up” on tests instead of studying because “things need to get done”.""}]"
долбогномы,"Wanker. Insult deriding the intellect or appearance of the victim, variant ofдолбоёб. Sometimes refers to Putin and Medvedev, both being small.","[{""sentence"": ""Долбогномам следовало бы прочитать роман Never.«Никогда» — роман-триллер 2021 года, написанный британским писателем Кеном Фоллеттом."", ""translation"": ""Those idiots should read Never, a thriller written in 2021 by the british author Ken Follett.""}]"
долбоёб,"Moron, idiot, dumbass. Similar toопесдолandраспиздяй, but with added stubbornness.","[{""sentence"": ""Ремонт дорог — есть суть процесс замены выбоин набоинами, производимый долбоебами."", ""translation"": ""Road repair is in its essence the process of replacing potholes with potmounds, done by dickheads.""}]"
долбоебизм,Stupidity.,"[{""sentence"": ""Почему нельзя было ремонтировать в июне-июле-августе, когда народ сваливает в отпуска/дачи и спогрызам не надо в школы, долбоёбам в институты? Откуда такой долбоебизм?"", ""translation"": ""Why can’t they repair the escalators in June-July-August when everyone’s is away on holiday or in the countryside and kids don’t go to school, nor dickheads to university? Where does such stupidity come from?""}]"
домбаец,"Ethnic slur for Koreans, mostly used in Far East Russia. Female:домбайка.","[{""sentence"": ""Слышь ты домбаец ебучий! базаришь слишком много! и ни чё про тачки не знаешь! я б тебе всю ебучку разнёс!!! ты не с дальнего востока случайно будешь?"", ""translation"": ""Listen, you fucking Gook! you talk too much! and you don’t know shit about cars! I’d beat up your frigging face! You wouldn’t happen to be from the Far East, would you?""}]"
дон,"So to say, like. Chechen idiomatic structure use extensively by Ramzan Kadyrov in his speeches in Russian, leading some to nickname him Дон-дон.","[{""sentence"": ""И там вопрос, дон, мы занимаемся уже давно."", ""translation"": ""And this subject, like, we have been dealing with for some time.""}]"
доставать,"To be annoying, to get on the nerves.","[{""sentence"": ""Что ответить навязчивому протестанту, чтобы он не доставал меня — православного — своей лжеверой?"", ""translation"": ""What could I answer to an obsessive protestant so that he won’t get on my orthodox nerves with his pseudo-faith?""}]"
дохуя,"A fucking lot, orthographic variant ofдо хуя.","[{""sentence"": ""Ни один нормальный богатый человек никогда не будет говорить: «Да, я богат! Я очень богат! У меня дохуя бабла! У меня бабла больше, чем можно представить!»"", ""translation"": ""No normal rich person would ever say: “Yes, I’m rich! I’m very rich! I have a shitload of money! I have more money than you can imagine!”""}]"
дохуярд,"Fucking big amount, gazillion, imagniary figure derived fromдо хуя. More thanхулиард.","[{""sentence"": ""Давно пора ввести ГОСТ чтоб к выделяемому на строительство дохуярду рублей добавлять еще тыщу на плёнку для теплиц из ближайшего строительного рынка."", ""translation"": ""It’s about time we had a GOST to add another thousand for greenhouse film from the nearest construction market to the fucking shitload of ruble allocated for construction.""}]"
драндулет,"Rust bucket, run down car (or other means of transportation).","[{""sentence"": ""Драндулеты генерала Манвела (автобус №122), напоминающие экспонаты прошлого тысячелетия, спокойно курсируют по центру города."", ""translation"": ""General Manvel’s clunkers (bus no. 122), reminiscent of exhibits from the last millennium, quietly ply the city centre.""}]"
драпать,To run away.,"[{""sentence"": ""Короче, мое желание драпать из вонючей рашки растет с каждым годом."", ""translation"": ""In short, my wish to get the fuck out of this stinking Russia grows every year.""}]"
драть,"To fuck, to screw;","[{""sentence"": ""Короче скажите, по всем вашим методикам шансы есть завалить ее в тот же день в постель и отодрать так, чтоб дым валил из окна и люди собрались подумали шоб, шо пожар какой то, а когда пожарные вломились, то увидели и всем рассказали какую я телку драл, ваще!"", ""translation"": ""Drunk driving will now get a good pounding.""}]"
дрисня,"Liquid stool, the runs, diarrhoea.","[{""sentence"": ""Не дрисня так понос."", ""translation"": ""If it’s not the squits then it’s diarrhoea.""}]"
дрочение,"Wanking, masturbation.","[{""sentence"": ""Для меня не существует секса без обязательств. Хотя, для меня существует дрочение без обязательств, да…"", ""translation"": ""In my opinion there is no sex without obligations. Though for me there is wanking wiithout obligations, certainly…""}]"
дрочер,"Wanker, internet porn consumer. This depreciating name reportedly comes from the designation of adult website visitors by webmasters of those sites.","[{""sentence"": ""Если какая-либо фотография девушки вам не нравится, посмотрите трезво на свою девушку (если она у вас есть, муа-ха-ха, дрочеры хуевы)."", ""translation"": ""If you don’t like a picture of a girl then have a sober look at your girlfriend (if you have one, ha-ha-ha, stupid wankers).""}]"
дрочёр,"Wanker, rare variant ofдрочер.","[{""sentence"": ""Что б ты подох, дрочёр вонючий."", ""translation"": ""Hope you die, you stinking wanker.""}]"
дрочилка,"Masturbatory aid, depending on the context this could be pornographic materials, toys for the discerning adults or somebody performing a hand job.","[{""sentence"": ""Те, кто плохо разбираются в вопросе, называют сотрудниц сексуального массажа дрочилками. Но это классическое унижение от непонимания."", ""translation"": ""Those who are poorly versed in the subject call female sexual massage employees hand-jobbers. But this is a classic debasement due to misunderstanding.""}]"
дрочить,"To jack off, to spank the monkey.","[{""sentence"": ""Короче пиздец — дрочить намного приятней чем ее ебать."", ""translation"": ""Well, in short, fuck — it’s much more pleasant to wank than to hump her.""}]"
дрыхнуть,To sleep.,"[{""sentence"": ""Я тебя зачем с собой брал? Дрыхнуть я тебя сюда брал?"", ""translation"": ""Why did I take you along? Did I bring you here to take a nap?""}]"
дрыщ,"Derogatory term for a slim, or skinny, person.","[{""sentence"": ""Жесть, Фалько такой дрыщ рядом с Габи. Какое нахуй на руках держать – он развалится, если приподнять ее попытается."", ""translation"": ""Damn, Falco is such a twig next to Gabi. How the hell is he supposed to carry her — he’ll collapse if he tries to lift her.""}]"
дрючиться,"To screw, have sex with.","[{""sentence"": ""Как джентельмен конечно чуствовал что второй патрон должен достаться Диане, хотя Леся возбуждала больше и хотелось постоянно дрючить именно ее."", ""translation"": ""As a gentleman I naturally felt that the second load should go to Diana, even though Lessya excited me more and I wanted to bang just her all the time.""}]"
дрючка,"Slut, whore.","[{""sentence"": ""Дрючка за штучку (мегабюджет)."", ""translation"": ""A slut for one grand (cheap!).""}]"
дубак,"Freezing cold, unpleasantly low temperature (which makes one as stiff as oak).","[{""sentence"": ""Поскольку в комнате стоял нехилый дубак, было решено начать согреваться самым естественным и самым природным способом."", ""translation"": ""As it’s rather cold in the room we decided to start warming each other in the most logical and natural way.""}]"
дуло,"Prick, penis.","[{""sentence"": ""А мне что… нельзя поцеловать… твоё дуло? :-) Если я очень хочу? :-)"", ""translation"": ""And what about me… can’t I kiss… your prick? :-) What if I really want to ? :-)""}]"
дупа,Arse. Can also be used figuratively as a point in a scale of advanced inhebriation:пьяный в дупу.,"[{""sentence"": ""Дискуссию начал пьяный в дупу советский пилот."", ""translation"": ""The discussion was started by a drunk out of his mind soviet pilot.""}]"
дупло,"Ass, backside.","[{""sentence"": ""Плюсы антропологические:— Хорошая фигура (пресс, низкая жировая прослойка, мышечная структура на руках, спине, ребрах и животе — небольшая но эстетически красивая).— Дупло, выхлоп и булки визуально красивые— Приятная на ощупь кожа."", ""translation"": ""The anthropological pros:— Good figure (abs, low fat, muscle structure on arms, back, ribs and stomach — small but aesthetically beautiful).— Abdomen, exhaust and buns are visually beautiful— The skin is pleasant to the touch.""}]"
дурак,"Idiot, stupid.","[{""sentence"": ""У старинушки три сына:Старший умный был детина,Средний сын и так и сяк,Младший вовсе был дурак."", ""translation"": ""The old woman had three sons:The eldest was a smart lad,The middle one was so-so,The youngest was a complete fool.""}]"
дуроёб,"Idiot, dickhead;","[{""sentence"": ""«Светлое будущее» отменили. Вернее, оно стало нынче индивидуальным. Теперь даже совсем дуроёб не поверит, что он здесь и сейчас живёт плохо «ради счастья будущих поколений»."", ""translation"": ""The “bright future” has been abolished. Or rather, it has now become individual. Now even a complete idiot would not believe that he is living badly here and now “for the happiness of future generations”.""}]"
дуроскоп,Television.,"[{""sentence"": ""Товарищ помни, включая дуроскоп не позволяй ему съесть твой мозг!"", ""translation"": ""Remember, comrade, when you turn on the telly don’t let it eat your mind!""}]"
дурь,"Hashish, Marijuana, sometimes drugs in general.","[{""sentence"": ""Клей «Момент» купил за рубльИ пакет к нему купил.Надышавшись этой дури,Музыку я полюбил."", ""translation"": ""I bought instant glue for a ruble and a bag to go with it.I’ve been inhaling this shit, and fell in love with music.""}]"
дуть,To smoke dope (“to blow”).,"[{""sentence"": ""Кто-то дует, кто-то пьётКто-то в подъезде палку кинет."", ""translation"": ""Some smoke weed, some binge,Some fuck in the stairwell.""}]"
духопёр,"Prick, penis;","[{""sentence"": ""Уж не знаю как она отдохнула, но духопёр ей серьёзно прочистили, да и про остальные дырки дядя не забыл."", ""translation"": ""I cannot say how she relaxed, but she got seriously rogered in the arse, and the bloke did not forget about the other holes.""}]"
духопёр,"Anus, arseholse.","[{""sentence"": ""Уж не знаю как она отдохнула, но духопёр ей серьёзно прочистили, да и про остальные дырки дядя не забыл."", ""translation"": ""I cannot say how she relaxed, but she got seriously rogered in the arse, and the bloke did not forget about the other holes.""}]"
душман,"Afghan, term used during the war in Afghanistan (1979-89). Loaned from Dari (دشمن dušman, enemy), sometimes shortened toдухin Russian.","[{""sentence"": ""И еще, когда я пришел из Афгана, мне все знакомые задавали один и тот же вопрос:— Расскажи, сколько душманов убил?Это самый глупый вопрос, какой приходилось мне слышать, такие вопросы не стоит задавать тем, кто был в горячих точках."", ""translation"": ""After returning from Afghanistan, everyone I knew asked me the same question: “How many enemies did you kill?” It’s the dumbest question I’ve ever been asked. You shouldn’t pose such questions to veterans.""}]"
душнила,"Bore, uninteresting or pedantic person.","[{""sentence"": ""Сижу пью кофе, рядом свидание. Хочется подойти и сказать парню «Боже какой ты душнила»."", ""translation"": ""I’m sitting having a coffee, there’s a date next to me. I feel the urge to go over and tell the bloke “by God you’re such a bore”.""}]"
душный,Boring (“stuffy”).,"[{""sentence"": ""Что-то совсем тут душно стало."", ""translation"": ""Somehow it got all boring around here.""}]"
дымоход,"Anus, chocolate chute (“stove pipe”).","[{""sentence"": ""Вот же неугомоный шерстяной лягушатник) Очередной дурашке дымоход прочистил)"", ""translation"": ""Here’s the ever active woolly Froggy) Another pumpkin gets her bum cleaned)""}]"
дырка,"Hole or slit, euphemism for female genitalia.","[{""sentence"": ""Затем можете проверить, достаточно ли узкая у нее дырка, вставив палец туда…"", ""translation"": ""Then you can check whether or not her slit is tight enough by inserting a finger…""}]"
дырка глупая,Stupid young girl (“stupid hole”).,"[{""sentence"": ""Да она жена его, у них дети общие, а ты дырка глупая, какие тебе нах цветочки…"", ""translation"": ""Yes, she’s his wife, they have common children, and you’re a stupid cunt, why the fuck should you get flowers…""}]"
ёб вас,Go fuck yourselves (lit. “I fucked you”).,"[{""sentence"": ""Ёб вас и вашу мать."", ""translation"": ""Fuck you and your mother.""}]"
ёб твою мать,"I have intimate knowledge of your mother! — very commonly used, it is so often said that it can mean, depending on the context, anything between “how do you do?” (rarely) and “go to hell” (a tad more often), mostly it is used to denote surprise and disbelief.ёбis an obsolete form of the past tense, correct conjugation of the verbебатьin the past tense isебал, ебала, etc..","[{""sentence"": ""Да? Да? А кто вчера за тебя двадцать рублей дал? А вот хуй те в рот, чтоб голова не болталась! Так что давай, на хуй, твоя очередь. Москвич хуев. Вот такие, как ты, Москву и придумали. Как пить, так еб твою мать, а как деньги, так хуй!"", ""translation"": ""Yeah? Yeah? And who gave twenty roubles for you yesterday? Well, suck my dick, it will give your head something to hold on! So go on, fuck, it’s your turn. Fucking Muscovite. It’s people like you that thought up Moscow. When there’s something to drink, fuck yes, when it’s about money, bugger all!""}]"
ебабельна,Screwable.,"[{""sentence"": ""Внешностью Марина не то чтобы мисс Караганда, но мисс какой-нибудь райцентр, вполне вероятно. То бишь вполне ебабельна, сиське вроде вполне ощутимы, еблет тоже подходящий, с мозгами может быть не то, чтобы траблы, но и не Эйнштейн."", ""translation"": ""By her looks Marina is not so much a Miss Karaganda but rather a Miss regional capital, more likely than not. That is to say quite fuckable, tits are appreciable, the face is comely, the brains do not spell trouble, but this is no Einstein.""}]"
ёбалды,"Bollocks, testicles.","[{""sentence"": ""Aresko: Крутят ручки вот таким дэбилам как ты…Olegat: Ёбалды покрутить себе не пробовали…"", ""translation"": ""Aresko: They should twist the arm of idiots like you…Olegat: Go and try twisting your balls…""}]"
ебалом щёлкать,To yawn or talk useless nonsense.,"[{""sentence"": ""Не щёлкай ебалом."", ""translation"": ""Stop yawning.""}]"
ебальник,"Mug, face — seeебало.","[{""sentence"": ""Суки, блять, опять на нашу жэжэшечку православную ебальник раззявили. Хуй вам, опричники ебаные. Кол осиновый вам в нутро, нашисты ненасытные."", ""translation"": ""Bitches, fuck, once again they turned their gaping mug towards our orthoddox livejournal. Fuck you, sodding oppressors. May a wasp sting your innards, insatiable fascists.""}]"
ебанат,"Plonker, idiot, dumbass. Seeебонат.","[{""sentence"": ""Вы для меня — как семья. Много среди вас и мудаков полных, и пидарасов и ебанатов, конечно. Но ведь много и прекрайнейших, светлейших, талантливейших людей."", ""translation"": ""You are like family to me. There are a lot of assholes, faggots and fuckheads among you, of course. But there are also many of the loveliest, brightest, most talented people.""}]"
ебанатик,"Eccentric, loony, retard.","[{""sentence"": ""Благоразумный Алексрус заявил, что мы ебанатики, и с нами не поехал. А мы поехали."", ""translation"": ""The reasonable Alexrus stated that we are loonies and did not come with us. But we went.""}]"
ёбанной матери (до ~),A lot;,"[{""sentence"": ""И трансформаторов силовых там было — до ебаной матери."", ""translation"": ""And there was also a bloody lot of power transformers there.""}]"
ёбанной матери (до ~),enough.,"[{""sentence"": ""И трансформаторов силовых там было — до ебаной матери."", ""translation"": ""And there was also a bloody lot of power transformers there.""}]"
ёбанный,Adjective derived from the verbебать1. Bad;,"[{""sentence"": ""Я хочу играть в игры а не смотреть ваши ебанные фильм."", ""translation"": ""I want to play games, not watch your fucking movies.""}]"
ёбанный в рот (жопу),Despicable individual.,"[{""sentence"": ""Деньги есть, так Ванечка-Ванечка, денег нет-так ебаный в рот!"", ""translation"": ""When there’s money it’s all “Johnny-boy”, when there’s money it’s “cocksucker”!""}]"
ебанутость,"Stupidity, idiotism.","[{""sentence"": ""Все, что мне в ней казалось загадочным и богатым внутренним миром, оказалось просто ебанутостью."", ""translation"": ""Everything about her that I thought was mysterious and rich personality turned out to be just dumbness.""}]"
ебанутый,"Stupid, idiotic, moronic, crazy.","[{""sentence"": ""Бля — откуда ж столько ебанутых дур! Вот скажите мне, как можно после виртуального секса на сайте, по телефону говорить, что она целоваться на первом свидании не хочет?"", ""translation"": ""Sly: Believe me, the attitude towards a girl changes very quickly from the stage of Wow, you’re so unpredictable! to the stage of Are you completely nuts or what?""}]"
ебануть,To hit;,"[{""sentence"": ""И ты никогда здесь не сможешь добиться победы. Все арабы мира, все мусульмане мира, вся восточная Европа, Москва, — все против тебя. Москва, Москва не хочет этой войны, и тебе наш президент это ясно, по-русски, сказал: «Не сметь стрелять по Багдаду». Лучше вместе ебанём по Тбилиси."", ""translation"": ""And you can never achieve victory here. All Arabs of the world, all Muslims of the world, all Eastern Europe, Moscow… all are against you. Moscow, Moscow does not want this war, and our president told you in clear Russian: “don’t you dare to shoot Baghdad”. Better let’s bomb Tbilisi together.""}]"
ебануться,Reflexive form ofебануть;,"[{""sentence"": ""Пиздец, что за хуйня? Вы слышали взрыв, нахуй? Ебать нахуй, не полезу на эту ебучу стройку сегодня. Ебануться, бля, пацаны это пизда… Я охуел, я когда… это пизда нахуй… Это нас ебашут, походу? Охуеть!"", ""translation"": ""In America, the latest trend is to wear two masks. Can you believe it? Apparently, if the virus gets past the first one, the second one will catch it! Fuck!""}]"
ебануться,"Mark of surprise and disbelief, like after the explosion of a meteorite:","[{""sentence"": ""Пиздец, что за хуйня? Вы слышали взрыв, нахуй? Ебать нахуй, не полезу на эту ебучу стройку сегодня. Ебануться, бля, пацаны это пизда… Я охуел, я когда… это пизда нахуй… Это нас ебашут, походу? Охуеть!"", ""translation"": ""In America, the latest trend is to wear two masks. Can you believe it? Apparently, if the virus gets past the first one, the second one will catch it! Fuck!""}]"
ёбаный,Fucked-up.,"[{""sentence"": ""Отпишите мой адрес от своей ебаной рассылки и никогда не тревожьте меня по поводу своего сраного народного фронта, куда вступают только лемминги в терминальной стадии анабиоза."", ""translation"": ""Today it became clear that a person who writes in their blog the words “party of crooks and thieves” is a stupid, c*cksucking sheep :)""}]"
ебарёк,Fucker. Diminutive form ofёбарь.,"[{""sentence"": ""У каждой там, дома, есть парень, муж или еще какой ебарек, который нихрена не знает о том, чем она занимается."", ""translation"": ""Each one has a boyfriend, a husband or some sort of fucker at home who has no idea of they are doing.""}]"
ебаришка,Despicable person (with a pejorative suffix: “small time fucker”).,"[{""sentence"": ""Неудачницы… жить с мужем и еще по сайтам ебаришек себе искать…"", ""translation"": ""Losers… living with your husband and still looking for fuckers on websites…""}]"
ёбарь,"Fucker (male engaging in sexual intercourse, pejorative).","[{""sentence"": ""Как утверждают его приятельницы и подружки, — ебарь хорошего класса."", ""translation"": ""As his girlfriends and female acquaintances confirm, he’s a first-class shag.""}]"
ебасос,"Face, dimwit.","[{""sentence"": ""телефон на ебасос упал. пора спать"", ""translation"": ""My phone fell on my kisser. Time get some sleep.""}]"
ебаторий,"Problems, superfluous matter.","[{""sentence"": ""Контролеры отстали, а до меня медленно начинает доходить: какая к ебеням Истра в пятой зоне? Истра — 6-я зона, причем последняя в ней станция. Вот такие дела, такая, брат, ебатория…"", ""translation"": ""The inspectors let me off, and it’s only now dawning on me: what the heck is Istra doing in the fifth zone? Istra is in the sixth zone, and it’s the last station there. That’s the way things are, man, what a mess…""}]"
ебаторно,"Tedious, fucking unpleasant.","[{""sentence"": ""Насколько сейчас ебаторно переоформить автомобиль? В смысле, договор купли-продажи, смена собственника. Сколько времени занимает?"", ""translation"": ""How much of a pain in the ass is it to modify car documents now? I mean a contract of sale, change of owner. How much time does it take?""}]"
ебать,"To fuck, screw, copulate;","[{""sentence"": ""Только с тобой одной сегодня буду танцевать,Только тебя одну сегодня буду я ебать!"", ""translation"": ""Only with you shall I dance today, only you shall I fuck today!""}]"
ебать его в рот,“The hell with him”.,"[{""sentence"": ""Вот и старый год прошёл… ну и нахуй он пошёл! Будет новый год опять… ну и в рот его ебать!"", ""translation"": ""There goes the old year… it was a fucked up one! Now it’s time for the new year… well bugger it!""}]"
ебать мозги,To get on the nerves (literally “to screw the brains”).,"[{""sentence"": ""И не вздумайте, пожалуйста, ебать мозги лекциями о субъективном и объективном. Не глупите."", ""translation"": ""And, please, don’t think of buggering me with lectures on subjectiveness and objectiveness. Don’t be fools.""}]"
ебать му-му,"To waste time on a useless activity, to get on the nerves, to be dishonest.","[{""sentence"": ""Хватит муму ебать!"", ""translation"": ""Stop fucking around!""}]"
ебать-копать!,Expletive defying precise translation — roughly meaning “damned!”.,"[{""sentence"": ""Тапки. Зеркало. Кровать.Бабло вперед? Ебать-копать…"", ""translation"": ""Slippers. Mirror. Bed.Cash up front? Jesus fucking Christ…""}]"
ебаться-сраться,"Colourful expression of surprise, “dang!”.","[{""sentence"": ""Да ну нахуй… ебаться сраться… надо туда бля полюбому!"", ""translation"": ""Bugger it… well, slap my ass and call me Sally… I must get there anyway!""}]"
ебать-тарахтеть!,Expletive defying precise translation — roughly meaning “damned!”.,"[{""sentence"": ""Ебать-тарахтеть, закрыть туалеты на вокзале, куда приезжают люди! Охренеть!"", ""translation"": ""Fucking bloody hell, to close the rail station’s toilet, where people are arriving! Bloody nonsense!""}]"
ебеня,"Bumblefuck, far off place away from the blessings of civilisation.","[{""sentence"": ""Пока подъехали в эти ебеня, нашли место припарковать машину, долго звоним (не отвечают) и выясняем куда подойти."", ""translation"": ""Magadan: Russia’s golden outback.""}]"
ебистика,"Something boring and tiresome (the ending reminds of the name of scientific classes at university), seeебаться.","[{""sentence"": ""Что-то мне так впадлу отдыхать. Точнее заниматься оргнизацией отдыха. Ездить в эти конторы, покупать тур, потом вся эта ебистика с билетами, стоять в очередях, покупать шмотки к походу, собирать этот долбанный рюкзак, потом все это тащить на себе."", ""translation"": ""Somehow I can’t get around to relax. More precisely to organise holidays. To go to agencies, buy travel tours, then the frigging tickets, to stay in line, buy holiday clothing, pack the bloody backpack, and then carry all that on the back.""}]"
ебическая сила,Exclamation of surprise and disappointment.,"[{""sentence"": ""Ебическая сила, там наверное под 30!"", ""translation"": ""Well screw me, it must be almost 30 degrees over there!""}]"
ёбкая,"Hot, horny.","[{""sentence"": ""Но на самом деле, это мои персональные тараканы, думаю. И для меня сказанное не на широкую публику «до чего же ты ёбкая» почему-то гораздо более ценный комплимент, чем «какая же ты умная»."", ""translation"": ""I guess it’s just me being weird, but I find a crude compliment like “you’re insanely fuckable” much more meaningful than a generic “you’re so smart.”""}]"
еблан,Dickhead. seeебанутый.,"[{""sentence"": ""В комментах написали, что за рулем бухой 13-ти летний еблан. Один потерпевший погиб, двое госпитализированы."", ""translation"": ""In the comment they wrote that a pissed 13 years old dickhead was driving. One victim died, two are in hospital.""}]"
ебланить,Look at girls while shyly trying to hit on them.,"[{""sentence"": ""Будь наглее. Заинтересуй девушку чем-нибудь (фокусы, покусы, мини сувенир = безделушка и т.д.). Будешь ебланить дальше, парень другой ей присунет."", ""translation"": ""Be bolder. Interest the girl with something (tricks, nibbles, mini-souvenir = trinket, etc.). If you keep fooling around, another guy will get her.""}]"
еблет,"Face, mouth. Variants:еблетень, еблетка, еблец, еблецо.","[{""sentence"": ""А я быстро вытерла еблет олимпийской майкой."", ""translation"": ""And I quickly wiped my face with the Olympic shirt.""}]"
ебливая,Hot;,"[{""sentence"": ""Но при этом любоваться молодым зачотным тельцем со стоячими грудками, красивой пелодкой и гримасками личика, глядя, как в девице просыпаецца под твоим чутким руководством молодая ебливая самка — это дорогого стоит."", ""translation"": ""It is priceless to admire a young, attractive body with full breasts and a pretty face. It is particularly gratifying to watch as a young, passionate woman awakens under your gentle guidance.""}]"
ебливая,of light virtue; 3. sexy; 4. sex-crazed.,"[{""sentence"": ""Но при этом любоваться молодым зачотным тельцем со стоячими грудками, красивой пелодкой и гримасками личика, глядя, как в девице просыпаецца под твоим чутким руководством молодая ебливая самка — это дорогого стоит."", ""translation"": ""It is priceless to admire a young, attractive body with full breasts and a pretty face. It is particularly gratifying to watch as a young, passionate woman awakens under your gentle guidance.""}]"
ебло,"Face, almost equivalent toебало, but slightly more vulgar.","[{""sentence"": ""Можно ли влюбиться в этого лоха, оцените его ебло."", ""translation"": ""Can one fall in love with this wanker, appreciate his mug.""}]"
еблом щелкать,"To chatter, to yawn (“to click with the kisser”).","[{""sentence"": ""Не щелкай еблом, еби сразу!"", ""translation"": ""Don’t chatter, fuck straight away!""}]"
ёбнутый,"Moron, loony. Seeебанатик.","[{""sentence"": ""Слишком разные для того, чтоб быть вместе, слишком ёбнутые, чтобы пройти мимо друг друга."", ""translation"": ""Too different to be together, too fucked up to pass by each other.""}]"
ёбнуть,Hit somebody or something;,"[{""sentence"": ""Если не работает бензонасос… надо выйти и ебнуть по нему молотком… тогда включается…"", ""translation"": ""If the fuel pump does not work… you have to get out and bash it with a hammer… then it will turn up…""}]"
ёбнуться,To hit oneself;,"[{""sentence"": ""Чтобы я не ебнулся в открытый колодец. Я молился, чтобы просто дойти до ближайшего освещенного тротуара."", ""translation"": ""The sheikh is totally bonkers! An Arab sheikh wrote his name in the sand in letters a kilometer high.""}]"
ебня,"A fuck, shag.","[{""sentence"": ""Ладно, думаю, посмотрю, какая такая барская ебня!"", ""translation"": ""Well, I thought, I shall have a look at a lordly fuck!""}]"
ебота,"A fuck, shag.","[{""sentence"": ""В борделе. Девушка, а чем вы занимаетесь в свободное от еботы время?"", ""translation"": ""In a brothel. Miss, what are you doing in your free of shagging time?""}]"
еботня,"Tiresome and ungrateful hard work, something useless.","[{""sentence"": ""Современное искусство — провинциальная жалкая коммерческая еботня! И больше ничего!"", ""translation"": ""Modern art is some pitiful provincial commercial fuck! And nothing more!""}]"
еботуха,"A fuck, sex, shag;","[{""sentence"": ""Я сейчас убийствами не занимаюсь, экономику расследую. Ну есть конечно еботуха для галочки и один потеряшка."", ""translation"": ""I’m not dealing with murders right now, I’m investigating the economy. Well, and then there’s of course this whole mess, just to keep busy, and one lost cause.""}]"
еботуха,"Problem, something tiresome.","[{""sentence"": ""Я сейчас убийствами не занимаюсь, экономику расследую. Ну есть конечно еботуха для галочки и один потеряшка."", ""translation"": ""I’m not dealing with murders right now, I’m investigating the economy. Well, and then there’s of course this whole mess, just to keep busy, and one lost cause.""}]"
ебошить,"Hit, beat up;","[{""sentence"": ""Мне надо ебошить домашку, а мне даже лень пойти воды попить."", ""translation"": ""I have to work on a project, but I’m too lazy to even get up and drink water.""}]"
ебошить,Work hard.,"[{""sentence"": ""Мне надо ебошить домашку, а мне даже лень пойти воды попить."", ""translation"": ""I have to work on a project, but I’m too lazy to even get up and drink water.""}]"
ебун,"Fucker, sex partner;","[{""sentence"": ""вот блядь май, а на улице ебун! ни погулять, ни пивка попить ни покурить!"", ""translation"": ""It’s bleeding May but it’s fucking cold outside! No way to go out, have beer and a cigarette!""}]"
ебун,Extreme cold.,"[{""sentence"": ""вот блядь май, а на улице ебун! ни погулять, ни пивка попить ни покурить!"", ""translation"": ""It’s bleeding May but it’s fucking cold outside! No way to go out, have beer and a cigarette!""}]"
ебучий,"Fucking, damn, sodding.","[{""sentence"": ""Ебучий совок."", ""translation"": ""Fucking socialism.""}]"
ебучка,"Face, usually none to pretty;","[{""sentence"": ""Удачи тебе, Марина. Пусть удары судьбы, которые наверняка ебанут тебя колуном по ебучке придут поскорее. Может исправят тебя."", ""translation"": ""Good luck Marina. I hope that the blows of fate that will probably hit you with an axe in the kisser shall come quickly. Maybe they will improve you.""}]"
еврик,Euro (currency). Pun referring also toеврей(Jew).,"[{""sentence"": ""Если есть лишние деньги можно пробовать. Набирайте в гугле франкоязычный поиск Escort girls Paris и вперед тратить еврики."", ""translation"": ""If you can spare the money, you can give it a go. Type Escort girls Paris in google in French and go spend your euros.""}]"
едальня,"Eatery, any place serving food.","[{""sentence"": ""В Питере огромное количество достойных едален. Особенно в центре. И цены везде весьма и весьма бюджетные. Во всяком случае по сравнению с Москвой…"", ""translation"": ""There are a huge number of decent eateries in St Petersburg. Especially in the centre. And the prices everywhere are very, very reasonable. At least compared to Moscow…""}]"
едрить,To copulate.,"[{""sentence"": ""Цена завышена. А может, это инфляция такая, едри её в качель? Если бы мне ещё так же зарплату умножали!"", ""translation"": ""The price is exaggerated. But maybe it’s inflation, screw it? If my salary could be increase that way!""}]"
ежу понятно,"It goes without saying, “it’s understandable for the hedgehog”.","[{""sentence"": ""Ежу понятно что страна находилась в полной жопе."", ""translation"": ""It goes without saying the country was down in the dumps.""}]"
елдак,"Dick, prick. Variant forелда.","[{""sentence"": ""И в современной Японии на определенных фестивалях вполне весело и задорно таскают по городу огромыный деревянный елдак, на котором свесив ножки сидят милые девушки и улыбаются."", ""translation"": ""And in modern Japan, at certain festivals, it is quite fun and perky to drag a huge wooden prick around town, with cute girls sitting on it dangling their legs and smiling.""}]"
ёпта,"Exclamation of surprise, also written asйопта, йопт, йоптваюorйобз. Derived fromёб твою мать.","[{""sentence"": ""ёпта, в первом же каменте написал, что у меня картинку не кажет."", ""translation"": ""Jesus, I already wrote in the first comment that I cannot see the picture.""}]"
жаба,Unattractive girl.,"[{""sentence"": ""Уходила 3 раза, то за чай, то за водой… Отсутствовала каждый раз 5 минут, чай так и не принесла. Жаба."", ""translation"": ""Left three times, once for tea, once for water… Each time she was gone for 5 minutes, but never brought the tea. What a shrew.""}]"
жабить,"Edit and modify pictures on the computer, often to produce a funny effect. The verb comes from the ironical Russian nickname for Photoshop —Фотожаба, after aphaeresis and suffixation.","[{""sentence"": ""Сегодня жабим советский плакат про спорт."", ""translation"": ""Today we’ll deface a Soviet sports poster.""}]"
жарить,To copulate.,"[{""sentence"": ""Там, никого не стесняясь, Мишка жарил Сашу так, что ее заброшенные ноги стучали в стенку в пионерском ритме."", ""translation"": ""There, not the least shameful, Mikhail was banging Alexandra in such a way that her feet in the air were beating against the wall rhythmically.""}]"
жахач,"Sex, fuck.","[{""sentence"": ""Сюжета на данном сайте я не заметил,просто жахач. Из актрис знаю только двоих."", ""translation"": ""I didn’t notice any plot on this site, just intercourse. Of the actresses, I only know two.""}]"
жахнуть,To drink a shot of vodka;,"[{""sentence"": ""Стандартное клубное освящение, все белое светится, мигают разноцветные лампочки, дым. Перед тем как зайти туда, мы устроили препати: жахнули водки с колой в соседнем дворе."", ""translation"": ""Standard club lightning, everything white is shining, lamps in various colours are flashing, fog. Before we went in, we had a pre-party: knocked down some coke and vodka in the yard next door.""}]"
жахнуть,to hit.,"[{""sentence"": ""Если я считаю вас другом — я все равно считаю вас другом, даже если в данный конкретный момент времени испытываю острое желание жахнуть вас по башке чем-нибудь тяжелым."", ""translation"": ""If I count you as a friend, I’d still count you as a friend even if at the moment I feel the urge to hit you with something heavy.""}]"
жёлтый домик,"Loony bin, psychiatric hospital (“yellow house”).","[{""sentence"": ""Почему вы не хотите желтый домик?"", ""translation"": ""Why don’t you want to be in the loony bin?""}]"
жеребила,"Butch, active lesbian.","[{""sentence"": ""Да ты ваще лесбиянка — да ещё и активная… жеребила. Кагбе мужык…"", ""translation"": ""You’re a lesbian — and an active one too… butch. Like a bloke…""}]"
жертва аборта,"Despicable individual, useless idiot — literally “abortion victim”.","[{""sentence"": ""Ну ты, жертва аборта, а ну быстро говори, кому продал стул?!"", ""translation"": ""Hey you, lowlife git, come on tell us whom to you sold the chair?""}]"
жесть,"Impressive, awe-inspiring, distortion of “жёстко” (hard, tough). Can also be written asжостко, жосско, жозенько.","[{""sentence"": ""Блять! это жесть! суки ёбнутые! зачем же так палить!"", ""translation"": ""xxx: That’s crazy. Can you believe it, I was banned from the chat just because I hadn’t been there for a long time!yyy: I was banned from the university for the same reason…""}]"
жжот,"Rules, misspelling ofжжёт(“burns, sets on fire” in standard Russian). See alsoаффтар.","[{""sentence"": ""Гугль жжот."", ""translation"": ""Google rules.""}]"
жид,"Kike, Yid. Insulting name for Jews, in line with all anti-Semitic clichés (although it was the standard name for Jews in Russia until the 18th century and still is in other Slavic languages).","[{""sentence"": ""Два еврея, один жид и один антисемит."", ""translation"": ""Two Jews, one kike and one anti-Semite.""}]"
жидовия,"Israel, depreciating name.","[{""sentence"": ""Я ехал в Жидовию, Израиловку, названия уничижительные, но бытующие в окружающем мире, а возвратился с ощущением гордости от пребывания в маленькой гордой стране. С трудолюбивым и талантливым народом."", ""translation"": ""I went to Jewland, Israelshire, derogatory but common names around us, and returned with a sense of pride in having been in a small, proud country. With a hard-working and talented people.""}]"
жмур,"Stiff, corpse.","[{""sentence"": ""Воскресить жмура нереально… можно лишь сделать зомби."", ""translation"": ""Ressurecting a corpse is unrealistic… you can at most get a zombie.""}]"
жмурик,"Stiff, deceased individual.","[{""sentence"": ""Голос мне поведал о том, что кроме обычных врачей оказывается имеются доктора для жмуриков, патологоанатомы зовутся."", ""translation"": ""A voice told me that besides regular doctors there are doctors for stiffs, they’re cold pathologists.""}]"
жопа,"Backside, arse. Note that the word is not perceived as being vulgar. Diminutives:жопка, жопочка. Superlative:жопища. See:голожопый,хитрожопый,черножопый.","[{""sentence"": ""Родина, друзья, это не жопа президента, которую надо все время мусолить, целовать."", ""translation"": ""Homeland, my friends, is not the president’s ass that needs to be constantly licked and kissed.""}]"
жопа,"Figuratively an unpleasing situation, a fine mess.","[{""sentence"": ""Если едешь на Кавказ —Солнце светит прямо в глаз;Если едешь ты в Европу —Солнце светит прямо в жопу."", ""translation"": ""Kirghiz authorities have at least sorted out why the country is down in the dumps, despite the many different coloured revolutions in the past five years.""}]"
"жопа с ручкой, жопа на колёсиках","Useless git, dumbass.","[{""sentence"": ""И укатили они, жопы с ручками, в Нижний."", ""translation"": ""And they took off, those wankers, for Nizhny.""}]"
жопень,"Fat arse, big bum.","[{""sentence"": ""А жопень там такой смачный, что подскочил мой «друг» по дороге в ванную от одного его вида сквозь прозрачную накидку."", ""translation"": ""And her bum was so enticing that my “best friend” got up just on the way to the bathroom just from the view through the transparent cape.""}]"
жоперский,"Shitty, fucked-up, bad. Used as a euphemism forхуевый.","[{""sentence"": ""Настрой жоперский, заебало как то немного все!.. Опять хочу не знаю чего… А то что знаю нихочу… Вечная проблема…"", ""translation"": ""The mood is down the drains, I’m sich of just about everything!… I don’t know what I want… I don’t want what I do know… Eternal problem…""}]"
жопища,"Big bum, large arse. Superlative ofжопа.","[{""sentence"": ""Ты знаешь, а я за запрет на мини-шорты и мини-юбки. Мне противно. Особенно когда жопища 48-50 размера, с оттопыренными целлюлитными ягодицами."", ""translation"": ""You know, I’m all for banning mini shorts and mini skirts. I’m disgusted. Especially when the ass is a size 48-50, with bulging cellulite buttocks.""}]"
жополиз,"Brown-nose, arse-kisser.","[{""sentence"": ""Обрати внимание, что все жополизы на тебя теперь по-другому смотрят. На тебе печать только что поставили: «Одобрен дядей Изей»."", ""translation"": ""Pay attention, all brown-nosers will now look at you differently. You have just been marked with a seal: “approved by uncle Izya”.""}]"
жопочник,"Fag, queer, homosexual. Arse-kisser.","[{""sentence"": ""Hедавно слушал пеpедачу укpаинского опеpного певца — к сожалению забыл его фамилию, так он pассказывал, что был пеpиод когда пpоpваться на сцену молодому таланту не было возможно, только по той пpичине, что он не жопочник."", ""translation"": ""Recently, I listened to an interview with a Ukrainian opera singer – unfortunately, I forgot his name. He said that there was a time when it was impossible for young talents to break into the scene, simply because they weren’t ass-kissers.""}]"
жопушка,"Small ass, diminutive form ofжопа.","[{""sentence"": ""Если Луговой невиновен, то он должен отдать свою жопушку под английский суд и под любой другой какой скажут."", ""translation"": ""If Lugovoy is innocent, then he should turn his ass over to English justice, or to whichever justice they say.""}]"
жратва,"Food, meal (negative). Also referred to asжрачка.","[{""sentence"": ""Сегодня на улице холодный порывистый ветер. Как не хочется вылезать в магазин за жратвой!.."", ""translation"": ""Today a cold gusty wind is blowing outside. I so don’t want to go out to buy food!..""}]"
жрачка,"Grub, food.","[{""sentence"": ""встретилась с друзьями. в ресторации за время посиделок свет гас 3 раза. но жрачка вкусная и рислинг хороший. и недалеко, что в мороз прям жирный плюс заведению. персонал без возражений прикрутил громкость по просьбе. понравилось"", ""translation"": ""met with friends. 3 times the lights went out in the restaurant. but the food was good and the riesling was good. and not far away, which in freezing temperatures is a plus. the staff turned up the volume on demand without objection. Liked it.""}]"
жучить,To copulate. Initial meaning: to nag and make harsh criticism.,"[{""sentence"": ""Сегодня вечером веду Ольчика в «Папараци» — и напишу подробный отчет, о том, как я ее буду жучить!"", ""translation"": ""Tonight, I will take Olga out to the “Paparazzi” and I’ll write a complete report about how I bang her!""}]"
забугорный,"Foreign, imported.","[{""sentence"": ""Во вторых много людей работает на забугорные компании и производят что то полезное исключительно за бугор, и стране от этих людей как то толку ноль."", ""translation"": ""Secondly many people work for foreign companies and produce something useful exclusively abroad, and the benefit for the country from these people is nil.""}]"
завафлить,Ejaculate in the face.,"[{""sentence"": ""Завафлил стройную метисочку."", ""translation"": ""Facialised a slender mixed-race girl.""}]"
завинтить,"Screw, fuck.","[{""sentence"": ""Причем губки растягивает так, что прямо счас бы подпрыгнул и завинтил бы ей МБР без предупреждения."", ""translation"": ""She actually opens her lips in such a way, that I would jump up right away and have her give me a blowjob without rubber or warning.""}]"
зависать,To freeze (regarding computers);,"[{""sentence"": ""Блять, комп завис, пришлось перезагружать :D"", ""translation"": ""Fuck, the computer froze, had to restart it :D""}]"
загнать,"To flog, to sell.","[{""sentence"": ""Чтоб потом не жалко выкинуть или по-дешёвке загнать."", ""translation"": ""So that later it doesn’t hurt to throw it away or flog it cheaply.""}]"
загнуть,To con;,"[{""sentence"": ""Вот блин, чёт я и вправду загнула. Искала приятные ассоциации, а со смыслом пролетела."", ""translation"": ""Oh shoot, I guess I really messed up. I was looking for positive associations, but I completely missed the mark on the meaning.""}]"
загнуть,To exaggerate. Literally “to fold”.,"[{""sentence"": ""Вот блин, чёт я и вправду загнула. Искала приятные ассоциации, а со смыслом пролетела."", ""translation"": ""Oh shoot, I guess I really messed up. I was looking for positive associations, but I completely missed the mark on the meaning.""}]"
загреметь,To end up between a rock and a hard place.,"[{""sentence"": ""В Аргентине за курение за рулем можно загреметь в тюрьму."", ""translation"": ""In Argentina, smoking behind the wheel can land you in jail.""}]"
заделать,"Fuck, screw.","[{""sentence"": ""Так что, кто ей в ШГ заделает — у того маленький, хи-хи!"", ""translation"": ""Therefore whoever gives it to her in the bumhole has to have a small one, hi-hi!""}]"
задница,"Bum, arse, backside.","[{""sentence"": ""А втретьих, пусть засунут уже себе в задницу свои таланты, они на хер никому не нужны."", ""translation"": ""Thirdly they can shove their talent up their backside, it’s no use to anyone.""}]"
задолбать,"Be a pain in the neck, get on the nerves.","[{""sentence"": ""Следующим шагом попытался задолбать суппорт провайдера."", ""translation"": ""The next step was to get on the provider’s support nerves.""}]"
задолбаться,To be fed up with.,"[{""sentence"": ""Задолбались жить в советской панельке? Снесите её и застройте всё многоэтажками! Таким принципом руководствуются российские власти, затевая реновации. Но есть способ решить проблему старого жилья дешевле и рациональнее."", ""translation"": ""Fed up with living in a Soviet-era apartment block? Tear it down and replace it with high-rises! That’s the approach Russian authorities are taking with their renovation projects. However, there’s a more affordable and sensible solution to the problem of aging housing.""}]"
задрать,Get on the nerves.,"[{""sentence"": ""Вот задрало меня — вирусная угроза…"", ""translation"": ""This virus threat is really getting on my nerves…""}]"
задубеть,"To freeze, to experience discomfortingly low temperatures.","[{""sentence"": ""Как не задубеть в мороз."", ""translation"": ""How not to freeze your ass off in the cold.""}]"
заёб,"Sudden incongruous idea, temporary mental disorder.","[{""sentence"": ""У одной моей знакомой — тоже есть принцип. Точнее заёб. Не давать мужикам чаще одного раза."", ""translation"": ""One of my acquaintances also has a principle. More precisely a quirk. Never sleep more than once with men.""}]"
заебательский,"Great, brilliant, awesome.","[{""sentence"": ""Что б сделать такого заебательского, что бы всем хуево стало…"", ""translation"": ""What could be done so fucking brilliantly that it makes everyone feel bloody miserable…""}]"
заебать,"To get on one’s nerves, to bore, to be a pain in the neck.","[{""sentence"": ""А я вот день рожденья не буду справлять!Все заебало! Пиздец на хуй блядь!"", ""translation"": ""Lectures haven’t started yet but they are already a pain in the ass.""}]"
заебаться,To get tired.,"[{""sentence"": ""Заебался я учить хуйню какую-то."", ""translation"": ""I’m fucking sick of learning some bullshit.""}]"
заебашить,"Perform an action quickly, unexpectedly, brutally and suddenly (depending on the context for example: to hit, to begin, to turn on, to do, to drink…).","[{""sentence"": ""Надежда застрелила всех остальных блядских подруг и заебашила наконец-то и себя…"", ""translation"": ""Nadezhda shot all her other slutty friends and finally blew herself away…""}]"
заебок,"Awesome, neat.","[{""sentence"": ""Самый конец фильма немного не хеппи-энд, конечно, но в целом заебок. Крайне рекомендовано."", ""translation"": ""The end of the film is a bit of a non-happy ending, sure, but overall it is wicked. Highly recommended.""}]"
зажать,"To appropriate, to hog, to hide.","[{""sentence"": ""Кстати, красноярцы еще зажали инструменты, которыми они чинили мотор Мумусика. А инструметы были моими личными — с тех самых пор, как меня обязали их купить у белого и официального дилера Ленд Ровера в Улан-Баторе."", ""translation"": ""By the way in Krasnoyarsk they also nicked tools with which they repaired Moumoussique’s engine. And those tools were my own, right from the point where I had to buy them from an official Land Rover dealer in Ulan Bator.""}]"
зажигалка,"Temptress, cock-teaser.","[{""sentence"": ""В трахе как и большинство таких девушек-моделек, не зажигалка, но не цифирит, охи-вздохи натуральные и естественые."", ""translation"": ""In bed, like most of these model-type girls, she’s not a firecracker, but she’s not mechanical putting on a show either. Her sighs and moans are natural and genuine.""}]"
Зажопинск,"Hicksville, dump. Ironical name for supposedly godforsaken places.","[{""sentence"": ""Без обид, но по таким симптомам она либо тупая либо извращенка, ибо нахрен ей такой мутный мудак из зажопинска."", ""translation"": ""No offence meant, but with those symptoms she is either stupid or perverted, or why the fuck does she need a dull dickhead from Loamshire for.""}]"
заказать,"Put out an assassination contract on somebody (depends on the context, normally the verb means “to order”).","[{""sentence"": ""В интервью он говорил, что его «заказали» ореховской мафии."", ""translation"": ""In the interview he said that the Orekhovo mafia had put out a contract on him.""}]"
заклеить,To chat up.,"[{""sentence"": ""Мы пойдем на вечеринку и заклеим телок!"", ""translation"": ""We go to a party chat up some chicks!""}]"
залететь,"Get knocked up, become pregnant (usually unplanned).","[{""sentence"": ""Когда девушка залетала, он «как честный человек» готов был жениться."", ""translation"": ""When the girl got knocked up, he was, as a gentleman, ready to marry her.""}]"
заложить,Betray.,"[{""sentence"": ""Зато готова была заложить боевого товарища, все таки взгляд на жизнь у наших ребят и у нее совершенно разный."", ""translation"": ""However, she was ready to betray a comrade-in-arms, as her outlook on life is completely different from that of our guys.""}]"
залупа,"Dick head, jerk — really means the end of the penis.","[{""sentence"": ""Это 10 летняя залупа из посёлка Жуковского, не обращайте внимания."", ""translation"": ""It’s a 10-year-old jerk from Zhukovski, don’t pay attention.""}]"
замкадыш,"Slightly insulting name for people living in Moscow outside the MKAD (Moscow Automobile Ring Road, about 10 miles from city centre). Alludes to the wordвыкидыш(miscarriage).","[{""sentence"": ""* xxx качает кино баксЫxxx: жалко, скорость медленная слишком :(yyy: замкадыш чтоле?!xxx: даxxx: из германии я :("", ""translation"": ""* xxx is downloading a movie.xxx: Too bad, the speed is way too slow :(yyy: Would you happen to be outside the M25?xxx: Yes.xxx: I’m from Germany :(""}]"
заморочка,"Problem, mind boggling situation.","[{""sentence"": ""Веселитесь, пока молоды! Что вас заботит? Заморочки в институте? Двухчасовые очереди к пустым прилавкам?"", ""translation"": ""Have fun while you’re young! What problems do you have? Troubles at college? Queuing two hours to get to empty stalls?""}]"
замудоханный,"Tired, exhausted.","[{""sentence"": ""Хорошо замотивированный работник приносит больше пользы, чем замудоханный."", ""translation"": ""A well-motivated employee brings more value than a battered employee.""}]"
замутить,To organise something;,"[{""sentence"": ""Краснодар. Славик и Димон снова пытаются замутить с девчёнками."", ""translation"": ""Krasnodar. Slavik and Dimon try to hook up with girls.""}]"
замутить,to start a loving relationship.,"[{""sentence"": ""Краснодар. Славик и Димон снова пытаются замутить с девчёнками."", ""translation"": ""Krasnodar. Slavik and Dimon try to hook up with girls.""}]"
зануда,"Bore, fun spoiler, moron.","[{""sentence"": ""Зануда — человек, корорый всегда говорит то, с чем вы не согласны."", ""translation"": ""A bore is a person that always says that with which you do not agree.""}]"
западло,"Embarrassing, awkward, causing discomfort.","[{""sentence"": ""Бaтькa потягивaет пиво, тaщится. Хочется попросить у него глоток, но при мaмaше – зaпaдло."", ""translation"": ""Dad drinks his beer, enjoys it. I’d ask for a sip but do not dare in front of mom.""}]"
запарить,"To annoy, get on the nerves.","[{""sentence"": ""Я полностью согласен! Вот им всё надо сделать что бы запарить людей!"", ""translation"": ""I completely agree! They just have to do everything to annoy people!""}]"
запариться,To be fed up.,"[{""sentence"": ""Итак, суббота, жарко и я запарился разбираться с великами на лоджии (у меня их немало)."", ""translation"": ""And so, Saturday, it was hot, and I was fed up with fixing the bikes (I have a few of them) on the loggia.""}]"
запарка,"Rush, stressfully high workload.","[{""sentence"": ""Блин, не могу счас посмотреть, на работе «запарка». Дома вечером посмотрю."", ""translation"": ""Damn, I cannot look at it right now, we’re drowning in work in the office. I’ll have a look tonight at home.""}]"
запендюрить,"Fuck, screw.","[{""sentence"": ""Кто-то закончил свое дело и ушел, а мой новый знакомый запендюрил мне в анал."", ""translation"": ""Somebody did his job and left, but my new acquaintance buggered me.""}]"
запивон,Juice or drink with less alcohol content used to wash down vodka.,"[{""sentence"": ""Обожаю после пьянки находить в рюкзаке ништяки о которых забыл. То бухлишко, то запивон, то какие-то сладости. И сразу на душе так тепло-тепло. Будто мне 5 и дед из леса принёс хлеб от зайчика."", ""translation"": ""I love finding things that I forgot about in my backpack after a piss-up. Be it booze, soft drinks or sweets of some kind. It makes me feel so warm inside. As if I was five and my grandfather had brought me a gift.""}]"
засаживать,"Fuck, screw.","[{""sentence"": ""Трах тоже весьма недурен, особо неплохо засаживать ей сзади ухватив ее крепкую мускулистую попку)), а так же когда она лежа на животе засаживать сверху."", ""translation"": ""Fucking her is pretty good too, especially nice to take her from behind by grabbing her firm muscular ass)), and also when she’s lying on her stomach to give it to her from the top.""}]"
засранец,Bastard — literally “someone who soils himself with faeces”. Female variant:засранка.,"[{""sentence"": ""Замполит, засранец, первым взломал дверь радио магазина и утащил от туда приемник."", ""translation"": ""The political supervisor, that bastard, was the first to break up the door of the radio shop and took a receiver from it.""}]"
зассать,"To be frightened, to chicken — means “to wet oneself [out of fear]”; seeприссать.","[{""sentence"": ""Так что дурачок он действительно может зассать и не показаться на экране."", ""translation"": ""So, this twit might really chicken out and not show up on screen.""}]"
застукать,Catch red handed.,"[{""sentence"": ""Короче пока будущая мама была в больнице — муж с этой «некрасивой» переспал. Их застукала несостоявшаяся тёща. Был скандал."", ""translation"": ""In short while the expecting mum was in hospital her husband slept with this “ugly” one. They got caught by the not yet mother-in-law. It was a scandal.""}]"
захуярить,To do something;,"[{""sentence"": ""Сука еще раз ответите на мой блоги я вас точно захуярю."", ""translation"": ""Bitch, answer once more to my blogs and I’ll certainly beat you up.""}]"
захуярить,To hit.,"[{""sentence"": ""Сука еще раз ответите на мой блоги я вас точно захуярю."", ""translation"": ""Bitch, answer once more to my blogs and I’ll certainly beat you up.""}]"
зачот,Form of praise referring to university exams with two possible results —зачет — не зачет/ “passed — failed”. Alternative spelling:зачод.,"[{""sentence"": ""Встретила меня Тина одетая в очень даже эротичный прикид: чулки, туфли на каблуке и прочие весьма необходимые атрибуты одежды (ну не знаю я как они правильно называются, не знаю) за что ей безаговорочный зачот."", ""translation"": ""Tina met me dressed in a very sexy outfit: stockings, high heels, and other very necessary clothing attributes (I don’t know what they’re called, I don’t know) for which she gets an unconditional A+.""}]"
зачотный,"Very good, neat.","[{""sentence"": ""Зачотный отечественный триллер о том, как учитель приезжает в провинциальную школу и понеслась. Готично. Башаров красафчег."", ""translation"": ""Brilliant homemade action movie about how a teacher moves to a provincial school and things get started. Gothic. Basharov is the man.""}]"
зашибись,"Neat, awesome, very good, euphemism forзаебись.","[{""sentence"": ""Зашибись перевод)"", ""translation"": ""Awesome translation)""}]"
зашквар,"Something shameful, shocking, cringey.","[{""sentence"": ""xxx: В конце 90-х бухал у сокурсника на даче в малознакомой компании. Половина тусы — соседские деревенские гопники. Утречком с похмела смотрим с ними под пивко MTV (тогда они еще музыку крутили). На кинескопном телеке в подводном качестве идет Karma Chamelion. Старший гопник на середине клипа выражается, дескать, девахе ябывдул. Я уже слегка прошарен в музыке и робко замечаю, что деваха — пацан и зовут его Бой Джордж. Неловкая пауза. Гопник долго пялится в цветастые пятна на экране, потом выдает «не зашквар, пиздато выглядит хуле»."", ""translation"": ""In the late 90s, I was drinking at a friend’s country house with a bunch of people I barely knew. Half the crowd were local village thugs. In the morning, hungover, we were watching MTV (they still played music back then) over beers. On a tube TV, in underwater quality, Karma Chameleon was playing. Halfway through the video, the oldest thug said something like, “I’d hit that chick.” I was already a bit into music and timidly pointed out that the chick was a dude and his name was Boy George. Awkward pause. The thug stared at the colorful spots on the screen for a long time, then said, “No shame to it, he looks fucking cool.”""}]"
зашквариться,"To cover onself in shame, to behave in an inappropriate manner.","[{""sentence"": ""Как мы знаем Сергей Шнуров ушел с большой сцены, распустил свою группу, пошел в политику, начал задавать какие-то травоядные вопросы Путину и… стал там на RTVi там чем-то заниматься, в общем, как посчитали многие его фанаты, комментарий, политологи — зашкварился."", ""translation"": ""As we know Sergei Shnurov left the big stage, disbanded his band, went into politics, started asking some tame questions to Putin and… started doing something on RTVi, in general, as many of his fans, commentators, political scientists thought — he sold out and shamed himself.""}]"
звездёж,"Lies, bullshit. Euphemism forпиздёж.","[{""sentence"": ""А если без шуток, то пусть этот лампас пропитый сам туда поедет, а после пусть интервью раздает. Уже сил нет на этот постоянный звездёж смотреть."", ""translation"": ""But honestly, that drunk big brass should go there himself, and only then give interviews. I don’t have the strenght to watch that non-stop bullshit.""}]"
звякнуть,"Give a ring, phone.","[{""sentence"": ""Поэтому решил всё-таки звякнуть ещё раз с другого номера и всё-таки посетить её."", ""translation"": ""Therefore I decided to nevertheless phone her from a different number and still visit her.""}]"
здоровский,"Cool, neat, brilliant.","[{""sentence"": ""Верю, что путешествие получится здоровским, долгим и красивым."", ""translation"": ""I trust that the journey will be smashing, long and beautiful.""}]"
зек,"Inmate, prisoner. Abbreviation ofзаключенный каналоармеец— a name from the 1930s referring to the prisoners forced to work on the White Sea Canal, the acronym initially referred to arrested soldiers of the red army (заключённый красноармеец) before its meaning was polit-corrected. Can also be writtenзэкorзека.","[{""sentence"": ""Упомянут Солженицыным в «Архипелаге» как почти единственный зек, успешно бежавший из магаданского лагеря."", ""translation"": ""Mentioned by Solzhenitsyn in “The Gulag Archipelago” as almost the only prisoner to have successfully escaped from a camp in Magadan.""}]"
зелень,"Money, greenbacks, bucks;","[{""sentence"": ""Приват еще с прошлого года перестал зелень в банкоматы закладывать. Но без проблем выдает гривны по долларовым картам. Или зелень — через кассу."", ""translation"": ""Privat stopped already last year to put bucks in ATMs. But gives out grivna with dollar cards without problem. Or greenbacks, at the cash desk.""}]"
зенки,Eyes.,"[{""sentence"": ""Пришейте слепой дуре зенки, пусть посмотрит, что натворила."", ""translation"": ""Sew eyes onto the blind fool so she can see what she’s done.""}]"
зерба,Azerbaijani. Also calledзербодorзербут.,"[{""sentence"": ""Наиболее распространенными являются прозвища этносов Кавказа — грузин, армян и других: армяш, зерба, зербуд, лицо кавказской национальности, хач, чернота."", ""translation"": ""The most common nicknames of the Caucasian ethnic groups — Georgians, Armenians and others are: Armyash, Zerba, Zerbud, person of Caucasian nationality, Khach, Darky.""}]"
зетник,"A person supporting the Russian army in the war against Ukraine. This term has a negative connotation, with the positive equivalent being “Z-patriot” (Z-патриот) or “turbo-patriot” (турбопатриот). These terms refer to the use of the letter Z as a tactical recognition symbol by some Russian troops. In a way, an update form of theватникthat appeared after February 2022.","[{""sentence"": ""Заметны либо политзаключенные, которые сидят, либо зетники."", ""translation"": ""Only political prisoners who are imprisoned or Z-supporters are visible.""}]"
зетнутый,Supporter of the Russian war on Ukraine. Insulting term used by their opponents alluding to the use of the letter Z as a symbol of aggression.,"[{""sentence"": ""То есть, если какому-нибудь спортсмену-россиянину через пару дней не откажутся жать руку, а плюнут в лицо — организаторы тоже не должны на это реагировать?Или должны, но только если есть официальное подтверждение, что спортсмен не зетнутый?"", ""translation"": ""So, if in a couple of days, some Russian athlete doesn’t just get a handshake refused but gets spat in the face, should the organizers also not react? Or should they react only if there is official confirmation that the athlete isn’t a Z-supporter?""}]"
зиговать,"Do a nazi salute, derived from GermanSieg(in cyrillics зиг). During the invasion of Ukraine in 2022 many units of the Russian military were marked with a latin Z which led to an updated form:zиговать, for loud support of the fascist aggression by Vladimir Putin.","[{""sentence"": ""Какое безумие. Zомбаки уже откровенно Zигуют."", ""translation"": ""What a crazy time. Propaganda zombies already do nazi salutes in the open.""}]"
злоебучая,"“Hot”, sexy,","[{""sentence"": ""Сука ты злоебучая."", ""translation"": ""You fucking bitch.""}]"
злоебучая,"A bore, a pain in the neck — describes something that seriously annoys the speaker. Literally “evil fucker”.","[{""sentence"": ""Сука ты злоебучая."", ""translation"": ""You fucking bitch.""}]"
зомбоящик,"Telly, television.","[{""sentence"": ""А по российским каналам зомбоящика сегодня идет обычная выходная бредятина или руководство каналов изменило сетку вещания в связи с трагедией под Смоленском?"", ""translation"": ""Do the Russian channels show their usual weekend crap on the telly or has the management of the channels change the grid with respect to the tragedy in Smolensk?""}]"
зудить,To have sex;,"[{""sentence"": ""Очень покладистая, послушная, в сексе может проявить инициативу, но что особенно ценно, со своей инициативой не зудит когда всё хорошо, и делает то что просят, а не то что считает правильным."", ""translation"": ""Very compliant, obedient, can take initiative in sex, but what is especially valuable is that she doesn’t insist with her initiative when all is well and does what is asked and not what she thinks is right.""}]"
зудить,To get on somebody’s nerves. Literally “to itch”.,"[{""sentence"": ""Очень покладистая, послушная, в сексе может проявить инициативу, но что особенно ценно, со своей инициативой не зудит когда всё хорошо, и делает то что просят, а не то что считает правильным."", ""translation"": ""Very compliant, obedient, can take initiative in sex, but what is especially valuable is that she doesn’t insist with her initiative when all is well and does what is asked and not what she thinks is right.""}]"
зырить,"To look, stare.","[{""sentence"": ""Погляди, как он на нее зырит. А она виляет перед ним. Шалава она шалава и есть."", ""translation"": ""Look how he stares at her. And she twists in front of him. She is a slut all right.""}]"
зэк,Convict. Seeзек. Female form:зэчка.,"[{""sentence"": ""Скрипя валенками по снегу, быстро пробегали зэки по своим делам — кто в уборную, кто в каптерку, иной — на склад посылок, тот крупу сдавать на ндивидуальную кухню."", ""translation"": ""Crunching their felt boots on the snow, the prisoners quickly hurried about their business — one to the bathroom, another to the storage room, someone else to the package depot, and another to hand in grain for personal cooking.""}]"
зяма,"Kike, Jew (derogative term).","[{""sentence"": ""Эдуард Чушкин: А Жириновский по национальности еврей? А Немцов еврей?Я: Они зямы..просто зямы."", ""translation"": ""Edward Chushkin: Is Zhirinovsky a Jew? And is Nemtsov a Jew?Ya: They’re kikes… just kikes.""}]"
идиот,Idiot.,"[{""sentence"": ""Если человека все устраивает, то он полный идиот. Здорового человека в нормальной памяти не может всегда и все устраивать."", ""translation"": ""If a person is fine with everything, it’s a complete idiot. A healthy person with a normal memory cannot be fine with everything all the time.""}]"
измудохать,"To beat up utterly — implies substantial damage to the victim, seeотпиздить.","[{""sentence"": ""Что это предвещает, знатоки истинной философии истории? Совершенно верно: в ближайший же аванс меня будут пиздить по законам добра и красоты, а ближайший аванс — послезавтра, а значит, послезавтра меня измудохают."", ""translation"": ""What does this foretell, experts in the true philosophy of history? Exactly: On my next payday advance, I’ll be beaten according to the laws of goodness and beauty, and that payday advance is the day after tomorrow, so the day after tomorrow, I’ll get thoroughly thrashed.""}]"
изъёб,"Great efforts, close to perversity.","[{""sentence"": ""Но что может быть лучше изъёба кулинарного?.."", ""translation"": ""But what could be better than some culinary decadence?..""}]"
изя,"Ikey, Yid, Jew (Russian short form of the first name Israel used in a derogative way).","[{""sentence"": ""Но евреев с именем Юрген я думаю не очень много, так что легче поверить в шведского еврея чем в чистокровного изю…"", ""translation"": ""But I don’t think are very many Jews with the name Jürgen, so it’s easier to believe in a Swedish Jew than a purebred kike…""}]"
имхо,Russian transliteration of IMHO (“in my humble opinion”). Sometimes explained as the acronym ofИмею Мнение Хуй Оспоришь(meaning loosely “I have an opinion which you cannot contest”).,"[{""sentence"": ""Пришла СМС от оператора — общайтесь с друзьями в три раза больше. ИМХО у меня либо печень откажет, либо жена из дома выгонит."", ""translation"": ""I received an SMS from my operator: have three times more contact with your friends. IMHO that would lead to liver failure, or to my wife kicking me out of the house.""}]"
инет,Internet.,"[{""sentence"": ""Если бук работает от батареи, то инет летает без проблем. Как только подключаю питание — инет отрубается."", ""translation"": ""If the notebook is running on battery Internet is flowing without problem. As soon as I plug in the power Internet disconnects.""}]"
интердевочка,Prostitute sleeping with foreigners for hard currency (obsolete).,"[{""sentence"": ""«Интердевочки» продают свои тела, а мы, советские гуманитарии, продавали свои души, свои творческие устремления…"", ""translation"": ""“Intergirls” sell their bodies, and we Soviet humanitarians sold our souls, our creative aspirations…""}]"
интим,Sex or anything linked to it (sex shops…).,"[{""sentence"": ""Молодой человек познакомится с симпатичной девушкой. Интим не отвергать!"", ""translation"": ""Young man looks to get acquainted with pretty girl. Don’t turn down intimate relationships.""}]"
ипать,"Screw, fuck, alternate spelling ofебать.","[{""sentence"": ""Трах очень приятный, ладная такая девушка, очень удобно ее ипать. Сексом Яна видно что занимается не без собственного удовльствия, хотя и видно что головы не теряет и держит себя в рамках приличия."", ""translation"": ""The hump is very nice, she’s a well-built girl, it’s very comfortable to screw her. Yana obviously fucks not without pleasure although it is also clear that she does not loose her mind and remains decent.""}]"
ипацца,Deformed spelling ofебаться(slang verb for intercourse or some tedious activity).,"[{""sentence"": ""Посетив вчера данную фейку был крайне разочарован. Причины: возраст значительно занижен, на самом деле ей не меньше 50, потертая вся какая-то. Почему остался, а не ушел сразу — поленился тащиться еще куда-то, да и ипацца хотелось."", ""translation"": ""I was quite disappointed after a visit to this hooker yesterday. Reasons: the age had been noticeably reduced, actually she was no younger than 50, all used up. Why did I stay and not leave straight away? I was too lazy to drag myself somewhere else, and I wanted to fuck, of course.""}]"
ипливая,"Hot, fuckable, phonetic variant ofебливая.","[{""sentence"": ""Девка оказалась, красивой, спокойной и как оказалось в последствии на редкость ипливой."", ""translation"": ""The girl turned out to be pretty, quiet and, as would become clear later, highly fuckable.""}]"
испацтула,"ROFL, deformation ofиз под стула(from under the chair), implying that the person writing fell of his chair from laughing. Form of praise for the comments or posts above.","[{""sentence"": ""*ржет испацтула* вопрос, конечно, интересный риторический!…"", ""translation"": ""*ROFL* the question is of course interesting, rhetorical!…""}]"
испиздить,To beat up (deformation ofизбить).,"[{""sentence"": ""Мне однажды приснились призраки-непризраки, херзнает, они меня ищут, чтобы испиздить, а я прячусь и готовлюсь к внезапной обороне: всё равно испиздют, их много, ну хоть кого-нибудь согрею или укушу."", ""translation"": ""Once I dreamt of ghost, or not ghost, fuck knows, they were out to get me, and I’m hiding and preparing to defend myself: they’ll be me up all right, there’s lots of them, but at least I’ll get a punch or a bite at someone.""}]"
испиздячить,"To beat up, injure, deface.","[{""sentence"": ""миссия не испиздячить руку провалена… я опять режусь…"", ""translation"": ""The mission not to deface my arm has failed… I am cutting myself again…""}]"
исхуячить,To beat up;,"[{""sentence"": ""И что?.. в связи с этим надо всю Москву «исхуячить»?.. А потом еще и премию за это получить?.."", ""translation"": ""So what?.. with regards to this we have to beat up all Moscow?.. A get a reward for it afterwards?..""}]"
ихтамнет,"Russian individual, often military personnel, fighting in a conflict zone of the former USSR. Contraction of the phraseих там нет(they aren’t there) used by Russian officials to deny any involvement. Alternative form:ихтамнету.","[{""sentence"": ""Благо, традиция ихтамнетов, устоявшаяся и обкатанная неоднократно."", ""translation"": ""Fortunately the “ain’t-noone-there” tradition is well-established and tried and tested repeatedly.""}]"
йа,"I, phonetic spelling ofя.","[{""sentence"": ""Я вот жалею иногда, что ник женский взяла. Нужно было нейтральный брать. И высказываться о себе в среднем роде «йа конфетко»."", ""translation"": ""Well, I sometimes regret that I picked a female nickname. Should have picked something neutral. And only write about me in a neutral form, like “it’s cute”.""}]"
йад,"Poison, deformed spelling ofяд. Usually used in the sentenceвыпей йаду(drink poison) to underline one’s disagreement with the opinion of somebody else (who should therefore rather leave this vale of tear voluntarily).","[{""sentence"": ""Йад— общее название душехолодительных напитков на основе диокситрихлорметилбутилпропилэтиленпропиленхурдымурдыоранж."", ""translation"": ""Poyson: general name for mind-cooling drinks made from dioxytrichlormethylbottomsupethylenpropylenmumblejumbleorange.""}]"
йепля,"Sex, intercourse, alternate spelling ofебля.","[{""sentence"": ""Кому-то еще может не понравиться, что през одевает руками (мне это похрен, даже быстрее получается — а значит, больше времени на йеплю)."", ""translation"": ""Some may not like that the French letter is put on manually (I don’t give a damn, it’s even faster which means there is more time for shagging).""}]"
йопта,"Exclamation of surprise, also written asйопт, йоптваюorйобз. Derived fromёб твою мать.","[{""sentence"": ""Звонок мне: Ну ты где? Йопта, грю, я уже на@бался и теперь еду."", ""translation"": ""I get a call: So where are you? Damn, I say, I already sorted that fuck out and am on my way.""}]"
йух,"South (юг), this word is particularly amusing because it is actuallyхуйspelt backwards. Gives a second meaning to the harmless sentence:","[{""sentence"": ""Осенью все птицы улетают на йух."", ""translation"": ""In autumn all birds fly south / go to hell.""}]"
кабысдох,Small or sick dog.,"[{""sentence"": ""Всякие кабысдохи вроде пекинесов и йорктерьеров — не собаки!"", ""translation"": ""Mutts such as Pekinese or York terrier are no dogs!""}]"
кадрёж,Pick-up.,"[{""sentence"": ""перестала различать вежливость и кадреж"", ""translation"": ""I stopped making a difference between politeness and pick-up lines.""}]"
кадрить,"To chat up, get acquainted.","[{""sentence"": ""Девчонки, зачем каждый раз когда меняем семейное положение, пишем: «Я начинаю жизнь сначала!»… Давайте писать: «Один козёл ушел, будем новых кадрить!»"", ""translation"": ""There were chicks, but I couldn’t decide which chick was better to pick up, and while I was slowly pondering everyone had already left.""}]"
каждый дрочит как он хочет,Means “each finds his way”; Literally “everyone masturbates at it pleases him”.,"[{""sentence"": ""Надо реально понимать, что люди, идущие на обучение и сдачу на «А», по большей части не имеют опыта вождения и даже те 10-15 занятий на неплохих мото в «правильных» мотошколах нихуя не сделают из него профи. А вообще каждый дрочит как хочет. Как обычно система в действии :)"", ""translation"": ""It’s important to realize that people who go to get their motorcycle license, for the most part, have no driving experience, and even those 10-15 lessons on decent bikes in “proper” motorcycle schools won’t make a pro out of them. Everyone does their own thing anyway. That’s just how the system works :)""}]"
кайф,"Euphoric pleasure, extreme satisfaction, substance-induced high. From the Arabic word كَيف (keyf) meaning “mood, pleasure, atmosphere”. The word was introduced into Russian in 1821 by Józef Julian Sękowski in his accounts of his journey through Egypt.","[{""sentence"": ""А еще в идеале чтобы — цветы, шампанское и машина. Это кайф; чего еще-то."", ""translation"": ""Ideally there should be flowers, champagne and a car. Fucking awesome, what more could you want.""}]"
кайф (ловить ~),"Enjoy, appreciate, to be high (including under the influence of drugs or alcohol).","[{""sentence"": ""А мальчики в кожах ловят свой кайфи девочки смотрят им вслед."", ""translation"": ""In leather jackets, the boys seek their thrill,as girls gaze after them dreamily.""}]"
кайфануть,To enjoy intensely.,"[{""sentence"": ""Вошёл в неё с большим трудом и только со смазкой, основное у неё узенькое! Но когда ощутил её плотный обхват, реально кайфанул!"", ""translation"": ""I entered her with great difficulty and only with lube, her bum is tight! But when I felt her tight girth, I really got a jolly good time!""}]"
кайфовать,"To be high, experience intensive pleasure.","[{""sentence"": ""Первый раз так и отстреллялся. Затем мы снова выпили шампусика, девчёнки уложили меня на живот и отмассировали в 4 руки моё тело. Так бы и лежал и кайфовал."", ""translation"": ""First time that’s how I came. Then we had some champagne again, the girls laid me on my stomach and massaged my body in 4 hands. I could just lie there and enjoy.""}]"
кайфово,"Cool, brilliant, very neat.","[{""sentence"": ""У члена работа всегда стоячая, зато кайфовая."", ""translation"": ""The dick has a hard job, but an exciting one.""}]"
кайфолом,"Party-pooper, buzzkill, derived fromкайф.","[{""sentence"": ""капец ты кайфолом, Лёх"", ""translation"": ""You are such a spoilsport, Aleksey""}]"
камент,"Comment, message posted on a blog or a forum as a reply to the lead post. Correct Russian term:комментарий.","[{""sentence"": ""В коммуне что_читать мне навешали люлей, когда я написала в каменте, что не люблю «Войну и мир»."", ""translation"": ""In the community reading_recommendation I got flamed for having written in a comment, that I do not like “War and Peace”.""}]"
канарейка,Police car (“canary”).,"[{""sentence"": ""Мы не успели даже удивиться, как со стороны 1-го Неглинного подъехала канарейка, и два мента, подхватив Эпилептика под руки, потащили его в машину. Он, бедняга, и не сопротивлялся."", ""translation"": ""We didn’t even have time to be surprised when a paddy-wagon drove up from 1st Neglinny lane, and two cops took Epileptic under their arms and dragged him into the car. He didn’t resist, poor thing.""}]"
капец,"Disaster, catastrophe, end. Euphemism forпиздец.","[{""sentence"": ""Капец… зафиг этот субботник ваще придумали… у мя столько планов на субботу было :( капец…"", ""translation"": ""Fuck… why the heck did they come up with this community workday… I had so many plans for Saturday :( Fuck…""}]"
капуста,"Money, dough (“cabbage”).","[{""sentence"": ""Pas’ha: а ещё сегодня улыбнул торговец овощами в переходе, который пиарил товар слоганом «меняю капусту на капусту»."", ""translation"": ""Pas’ha: today the vegetable merchant in the pedestrian underpass made me smile, he hawks his products with the slogan “exchange cabbage for dough”.""}]"
каркалык,"Penis, used in the idiomatic expressionна каркалык, loaned from the Tartar word for fraud through Russian cant. Variant:каркалыга.","[{""sentence"": ""Если ты нажрался, съел в автомобиль и убил человека… Всё, извини меня, как на родину, на каркалык."", ""translation"": ""If you got hammered, sat behind the wheel and killed someone… that’s it, sorry, like they say, you’re done for.""}]"
касарик,"Thousand, a grand, phonetic rendering of the diminutive ofкосарь.","[{""sentence"": ""Сразу выложил тридцатничек ( два часа по 12 т, плюс 5 т. Мбр с ОВР ( до овээрчика дело так и не дошло, но и хрен бы сним)) плюс касарик на чай… не люблю у девочек сдачу клянчить."", ""translation"": ""I straight away lay down thirty grand (two hours at 12 grand each, plus 5 grand for a BJ with cum in mouth (we never got to the cum in mouth, but never mind that)) and a one grand tip… I don’t like to ask the girls for change.""}]"
катя,"Hundred roubles, alludes to the tsarist banknotes bearing the portrait of Catherine II. Variant:катёвая. From this word derivesпол-кати(fifty).","[{""sentence"": ""Известно, что на дореволюционных ста рублях красовался профиль Екатерины Второй, поэтому, собственно, до сих пор 100 рублей и называют «катя»."", ""translation"": ""It is known that the pre-revolutionary one hundred ruble notes featured a profile of Catherine the Great. That’s why, in fact, one hundred rubles are still often called “Katya”.""}]"
кацап,"Russian, Great-Russian. Usually used in a somewhat insulting way, often in the context of a confrontation between Russians and Ukrainians.","[{""sentence"": ""Проклятые кацапы, как я после узнал, едят даже щи с тараканами."", ""translation"": ""Those damned Russkies, as I found out afterwards, even eat cabbage soup with cockroaches.""}]"
квасить,"To piss up, to drink.","[{""sentence"": ""— Правильно. Однако пить будем не в канцелярии. Пойдем к нам в комнату. Иначе получится нехорошо. Только что солдат воспитывали, а сами усядемся квасить, — заметил я."", ""translation"": ""— Exactly. Still, we shall not drink in the office. Let’s go to our room. Otherwise it would be wrong. We just lectured the soldiers and then we sit down to drink — I commented.""}]"
кекс,Bloke;,"[{""sentence"": ""День, как день. Иду по улице. До меня доебался какой-то кекс.Я ему вломил пиздюлей и настроение улучшилось."", ""translation"": ""A day like any other. I walk down the street. Some bloke comes up to bother me.I fucking beat him up and my mood lightens up.""}]"
кент,"Pal, friend.","[{""sentence"": ""О ненадежном, подозрительном человеке скажут: «Сегодня кент, а завтра — мент»."", ""translation"": ""An unreliable, suspicious person will be said to be “a friend today and a cop tomorrow”.""}]"
кидалово,Rip-off.,"[{""sentence"": ""Даже самый оконченный аферист способен на честный бизнес, если убедить его, что долгосрочные отношениая будут ему выгоднее единовременного кидалова."", ""translation"": ""Even the most finished crook can do fair business if you convince him that long term relationships well be more profitable for him than one-time rip-offs.""}]"
кинуть,To con.,"[{""sentence"": ""Кого же кинул Вексельберг?"", ""translation"": ""Who did Vekselberg con?""}]"
кинуть по мылу,To send by email.,"[{""sentence"": ""Если хочешь, могу по мылу кинуть, запросто. Но только чтоб никто посторонний не видел."", ""translation"": ""If you want I can mail it to you, easy. But make sure that no one else sees it.""}]"
киска,Attractive young lady (standard meaning: “kitten”);,"[{""sentence"": ""Экстерьер: аккуратная фигурка, в пупке пирсинг, попа на мой вкус плосковата и маловата, киска симпотичная, выбрита наголо, но чуть колется."", ""translation"": ""Outside: nicely built, navel piercing, the bum is a bit too flat and small to my liking, charming shaved pussy, although slightly stingy.""}]"
киска,"Pussy, cunt;","[{""sentence"": ""Экстерьер: аккуратная фигурка, в пупке пирсинг, попа на мой вкус плосковата и маловата, киска симпотичная, выбрита наголо, но чуть колется."", ""translation"": ""Outside: nicely built, navel piercing, the bum is a bit too flat and small to my liking, charming shaved pussy, although slightly stingy.""}]"
кит,"Chinese, derogatory abbreviation ofкитаец. In standard Russian the word means “whale”.","[{""sentence"": ""Причем нажраца так, что блевать будешь не только от выпитого, но и от сожратаго количества, да так, шо глаза оплывают и становятся узкими как у китов."", ""translation"": ""And to get so pissed up that you will throw up not only due to what you drank but also from the amount you ate, to the point that your eyes melt and become narrow like Chinamen’s.""}]"
китаёза,"Chinaman, Chinese;","[{""sentence"": ""Неспешный голос с татарским проглатыванием окончаний пробасил:— Как ж не тот, дурь твоя башка! Сказан ж было — который с косоглазым китаезом, того и бей.— Дык этот не китаеза, а киргизец.— Сам ты киргизец! Мног у нас тут по Хитровке косоглазых-то ходит? А и ошибся бы — невелик беда. Скинули бы в рек, да дел с концом."", ""translation"": ""A slow, deep voice with a Tatar accent, swallowing the endings, rumbled:— How is it not the right one, you fool! I told you — hit the one with the squint-eyed Chinaman.— But this one’s not a Chinaman, he’s a Kyrgyz.— You’re the Kyrgyz! How many squint-eyed ones do we have walking around Khitrovka? And even if you made a mistake, it wouldn’t be a big deal. We’d toss him in the river, and that would be the end of it.""}]"
китаёза,"Gook, Asian in general.","[{""sentence"": ""Неспешный голос с татарским проглатыванием окончаний пробасил:— Как ж не тот, дурь твоя башка! Сказан ж было — который с косоглазым китаезом, того и бей.— Дык этот не китаеза, а киргизец.— Сам ты киргизец! Мног у нас тут по Хитровке косоглазых-то ходит? А и ошибся бы — невелик беда. Скинули бы в рек, да дел с концом."", ""translation"": ""A slow, deep voice with a Tatar accent, swallowing the endings, rumbled:— How is it not the right one, you fool! I told you — hit the one with the squint-eyed Chinaman.— But this one’s not a Chinaman, he’s a Kyrgyz.— You’re the Kyrgyz! How many squint-eyed ones do we have walking around Khitrovka? And even if you made a mistake, it wouldn’t be a big deal. We’d toss him in the river, and that would be the end of it.""}]"
классно,"Neat, brilliant.","[{""sentence"": ""Было бы классно если все мужики были такие. Мир наверное тогда перевернется."", ""translation"": ""It would be brilliant if all men were like that. The world would probably change.""}]"
клёво,"Awesome, brilliant, great, neat.","[{""sentence"": ""Шотландия. Шотландия охуительна. Виски пахнут сапогом, все клево."", ""translation"": ""Scotland. Scotland is amazing. Whisky smells like old boots, everything is brilliant.""}]"
клеить,"To chat up, get acquainted.","[{""sentence"": ""Ко мне клеится парень на 5 лет младше меня. Приятно, но не в моем вкусе."", ""translation"": ""A bloke five years my junior is trying to chat me up. Flattering, but not my taste.""}]"
клюшка,Unattractive woman. Literally “ice hockey club”.,"[{""sentence"": ""Честно говоря, даже завидно — иметь время и настроение трахаться с разными клюшками каждые несколько часов, да еще и успевать бабло на это зарабатывать!"", ""translation"": ""To be honest, it’s even enviable to have the time and the mood to fuck around with different broads every few hours, and still manage to make dough for it!""}]"
кляп,Penis — lit. “gag (obstructing the mouth)”.,"[{""sentence"": ""Болтает только много, «кляп» в рот надо периодически вставлять."", ""translation"": ""Babbles only a lot, a “gag” needs to be put in her mouth periodically.""}]"
книжка,"Joint, spliff.","[{""sentence"": ""Стали курить книжку все по очереди."", ""translation"": ""We started sharing a spliff.""}]"
кобёл,"Butch, active lesbian.","[{""sentence"": ""Вообще, есть лесбиянки трёх типов — буч (кобёл по народному, мужеподобные), фема — женственная (ковырялка), обычная — как все."", ""translation"": ""Generally speaking, there are three types of lesbians — the butch (male in the vernacular), the feminine (the picker), the regular — like everyone else.""}]"
кожаной флейте (играть на ~),To perform a fellatio;,"[{""sentence"": ""Процесс: игра на кожаной флейте без особых изысков, монотонно, но с вылизыванием. Далее заход в основное отверстие, затем вШГ. ШГ рабочий, принимает без проблем."", ""translation"": ""Process: head job without extravagance, monotonous, but with licking. Further a round through the main opening, then in the Cadbury channel. The chocolate eye is in working condition, takes one in without trouble.""}]"
козёл,"Moron, idiot;","[{""sentence"": ""Еду на машине, все пешеходы — козлы.Иду пешком, все водилы — козлы.Еду на велосипеде, ваще все козлы!"", ""translation"": ""If I drive my car all the pedestrians are morons. If I go for a walk all the drivers are morons. If I ride my bike everyone around is an idiot!""}]"
кокос,"Yank, citizen of the USA. Probably a deformation ofАмерикос;","[{""sentence"": ""— Пить после гашиша — это все равно что высморкаться после кокоса."", ""translation"": ""— To drink after hashish is like blowing your nose after coke.""}]"
кокос,Cocaine.,"[{""sentence"": ""— Пить после гашиша — это все равно что высморкаться после кокоса."", ""translation"": ""— To drink after hashish is like blowing your nose after coke.""}]"
кокушки,"Balls, nuts, testicles.","[{""sentence"": ""Новости: Педофилу присудили 17 лет тюрьмыБудёный: Мало, кокушки отрезать — чтобы не тянуло!"", ""translation"": ""News: A paedophile was sentenced to 17 years in prisonBudeny: It’s too good for him, he should have is balls cut off so that he shall not wish to do it again!""}]"
колбасина,Penis — “the sausage”.,"[{""sentence"": ""Тебе бы, наверное, мужик подошел. Прикинь, почти все то же самое и вместо мегаклитора огромная колбасина, да еще пара шаров впридачу!"", ""translation"": ""You’d probably be better off with a man. Imagine, almost the same thing, but instead of a mega-clitoris, there’s a huge dong, plus a pair of balls to go with it!""}]"
колбасники,Ethnic slur for Germans.,"[{""sentence"": ""Сборная Германии против сборной Италии, «колбасники» против «макаронников». Немцы последние годы всегда были фаворитами на чемпионатах. Правда, итальянцы если и уступали им в игре, то только чуть."", ""translation"": ""The German team against the Italian one, “Krauts” against “Wogs”. The German have been favourites in cups for the last years. To be fair, if the Italians have been less good in the game, it wasn’t ever by much.""}]"
колдырить,To booze.,"[{""sentence"": ""Смешно, но еду не (только) колдырить с натахой, а вообще-то участвовать в тренингах BBC по радио-журналистике."", ""translation"": ""Funny, but I don’t (only) go to get wasted with Natasha, in fact we take part in the BBC-training for radio-journalism.""}]"
колеса,"drug tablets, XTC;","[{""sentence"": ""Кстати, пробывала колёса, типо экстази… вы нечего не подумайте, всего один раз попробывала, больше не буду!"", ""translation"": ""By the way, I tried some pills, sort of ecstasy… but don’t take me wrong, I only tried once and won’t ever again!""}]"
колокольчики,Testicles (“the bells”).,"[{""sentence"": ""«Колокольчики» одозначьно брить. Ещё не попадалась женщина, которой не нравилось."", ""translation"": ""The bollocks should definitely be shaved. I have yet to meet a woman who doesn’t like it.""}]"
колорад,"Pro-Russian activist wearing the distinctive Saint-George ribbon (or the similar soviet guard ribbon) as a rallying sign. The black and orange stripes of the ribbon are likened to the elytron of the Colorado potato beetle (Leptinotarsa decemlineata, in Russianколорадский жук).","[{""sentence"": ""Похоже, сегодня у колорадов отобрали их чудотворную икону."", ""translation"": ""Looks like they took away the Kremlin’s goons wonderworking icon today.""}]"
колорадская лента,"Saint-George ribbon (or the similar soviet guard ribbon) used as a rallying sign by pro-Russian forces in the Ukraine conflict. The black and orange stripes of the ribbon are likened to the elytron of the Colorado potato beetle (Leptinotarsa decemlineata, in Russianколорадский жук).","[{""sentence"": ""Сепаратисты вышли на марш с флагами СССР, России и огромной колорадской лентой."", ""translation"": ""Separatists marched with flags of the USSR, Russia and a huge potato-beetle-ribbon.""}]"
командир,Driver (“commander”).,"[{""sentence"": ""«Командир, вот тут останови!» — вот еще что немного раздражает в обращениях мужчин к водителям. Ну какой же он командир?"", ""translation"": ""“Commander, stop here!” – such an address to a driver, especially from a man, sounds a bit irritating. What kind of commander is he?""}]"
конец,Penis (“the end”).,"[{""sentence"": ""По завершению вытирает конец сухими (!) салфетками."", ""translation"": ""Finally, she cleans the dong with a dry (!) tissue.""}]"
коноёбиться,"To waste time, hang around uselessly. Implies intimate relationship with horses, if taken in the direct meaning.","[{""sentence"": ""Дашка, все коноеблюсь над установкой симса!"", ""translation"": ""Dashka, I’m still messing around with the installation of the sims!""}]"
кончать,"To come, to ejaculate. Literally to end/finish. Perfective:Кончить.","[{""sentence"": ""Кончил в тело — гуляй смело."", ""translation"": ""Come in the body and your good to go.""}]"
коньки отбросить,"To go meet one’s maker, to decease, to join the choir invisible.","[{""sentence"": ""Скорую, в итоге, она прождала часа 1,5. Я в шоке, за это время можно было уже 50 раз коньки отбросить."", ""translation"": ""In the end she waited an hour and a half for the ambulance. I’m shocked, in that time one could have kicked the bucket 50 times.""}]"
копыта откинуть,"To pass on, to be pushing up the daisies, to kick the bucket.","[{""sentence"": ""Человек может копыта откинуть, если 3 дня ничего не ел и не спал..?"", ""translation"": ""Does one go to meet one’s maker if one does not eat or sleep for 3 days..?""}]"
корабль,"Unit for measuring marijuana, represents the amount that fits in a box of matches, enough for four to five spliffs. Derived fromкоробка(box).","[{""sentence"": ""Дуют конечно в Литве, но не в хохляцких масштабах естессно (там то мы каждые полчаса косяки мастерили, от пары харочек которых непривычные люди сознание теряли, а траву меряли не кораблями и стаканами, а банановыми ящиками)."", ""translation"": ""Of course they smoke pot in Lithuania, but not actually on an Ukrainian scale (there we rolled a spliff every half hour, a puff of which would make unaccustomed people lose consciousness, and we measured the weed not in matchboxes or glasses but in banana boxes).""}]"
корефан,"Buddy, pal, friend.","[{""sentence"": ""― И тебя все знают! Не будут они доить своего корефана… А увидят, как ты хорошо живешь, может, сами побегут искать хорошее дело…"", ""translation"": ""— And everybody knows you! They won’t hustle their bro… But when they see how well you live, maybe they’ll run looking for a good job themselves…""}]"
корма,Arse.,"[{""sentence"": ""Разворачиваю кормой к себе, попа хороша, хорошая объемная женская попа."", ""translation"": ""I turn her around arse towards me, nice butt, nice voluminous female butt.""}]"
коровка,Passive lesbian. Literally “little cow”.,"[{""sentence"": ""Знаете ли вы, что пассивная лесбиянка по фене называется коровка?"", ""translation"": ""Did you know that in thieves’ cant a passive lesbian is called a little cow?""}]"
корыто,"Furry hoop, vagina, female genitalia. In standard Russian “trough, washing tub”.","[{""sentence"": ""Что то у неё корыто стало… раньше помнится начинала прямо не писька — ягодка…"", ""translation"": ""Her minge seems to have changed… I remember it used to start not like an ordinary pussy – more like a little sweet fruit…""}]"
косарь,Thousand (monetary unit). Sometimes writtenкасарь. From this word derivesполкосаряfor five hundred.,"[{""sentence"": ""Два косаря, чуваки. Через неделю будет три."", ""translation"": ""Two grands, guys. Next week it will be three.""}]"
косая,"Thousand (monetary unit). Cant word already mentioned in the early 20thcentury (along with the alternative formsкосуха, косуля).","[{""sentence"": ""И черт его знает, право! И всех-то денег на «ем» была одна «косая» (1000 рублей)…"", ""translation"": ""And hell knows, right! And in all the money on “M” was one “grand” (1000 roubles)…""}]"
косить,"To dodge, try to evade;","[{""sentence"": ""Косить от армии или купить военник? — ответы на вопросы уже есть, читайте на форуме."", ""translation"": ""Remained alive either absolute country bumpkins or those who pretended to be so in time. Teachers, GPs, builders — they all were repressed.""}]"
космонавт,Ironical name for police forces in full anti-riot gear (“cosmonaut”).,"[{""sentence"": ""Космонавт пытается протестующих жизни учить."", ""translation"": ""The “cosmonaut” is trying to teach the protester how to live.""}]"
косой,"Wasted, pissed up, drunk.","[{""sentence"": ""Продавщица потихоньку трезвела (конечно, она была косая!), но все-таки взять в толк ничего не могла: «А как узнать, как узнать…»"", ""translation"": ""The clerk was slowly sobering up (of course, she was pissed!), but she still couldn’t get her head around it: “Well, what is it all about, what is it all about…”""}]"
косяк,"Joint, spliff.","[{""sentence"": ""Вечером Хохол, Афанасий, Курбаши и Лютый с друзьями сидели в тесной землянке вокруг низкого стола под тусклой, помаргивающей лампой, пили брагу, разливая из канистры, передавали по кругу косяк."", ""translation"": ""In the evening Khokhol, Afanassiy, Kurbashi and Lyuty sat with friends in the cramped dugout around the low table beneath the dim, blinking light, drank home brew poured out of jerrycans, handed around a joint.""}]"
котэ,"Cat, trandy misspelling of one of the Internet’s most popular animal.","[{""sentence"": ""Митёк кампино фоткает котэ…"", ""translation"": ""Mityok kampino shoots pictures of pussycats…""}]"
красава,"Attaboy, attagirl. Form of praise, often a little ironical, applicable to both sexes (though mainly to men) akin to the standardмолодецandкрасавица.","[{""sentence"": ""А по описанию парень все же красава: хладнокровный, циничный, уверенная в себе сволочь вобщем."", ""translation"": ""According to the description that bloke is an attaboy: cold blooded, cynical, in all a self-confident scumbag.""}]"
краски,Menstruation.,"[{""sentence"": ""Он родился у старой, сорокапятилетней женщины, моей прабабушки, которая была убеждена, что у нее «краски ушли», то есть кончилась менструация."", ""translation"": ""He was born to an old, 45-year-old woman, my great-grandmother, who was convinced that her “time of life” was over, meaning she no longer had her period.""}]"
красная,"Five thousand roubles, refers to the colour of 5000 rouble banknotes issued since 2006. In the past it was used for the Soviet ten rouble notes (1961 issue).","[{""sentence"": ""Неужели нельзя сделать окно типа «Заплатил красную бумажку (5000) и через 3 часа получай номера и документы (все!)». Причем, сделать это официальной процедурой. Не хочешь платить — стой в очереди. Торопишься — плати!"", ""translation"": ""Why can’t they have a desk in the lines of “pay a red one (5000 roubles) and get your license plates and (complete) paperwork done within three hours”. And make it official. If you don’t want to pay, stay in the queue. If you’re in a hurry, pay up!""}]"
кретин,"Idiot, retard. From Frenchcrétin.","[{""sentence"": ""Пиздец как меня бесят кретины, которые шифруют свой адрес электронной почты. Вместо того, чтобы написать vassily@poupkine.ru, они пишут «vassily — собака — poupkine — точка — ru». Или еще как-нибудь, чтобы их корреспондент мудохался, стирая пробелы, табуляторы, юмор и прочую поебень."", ""translation"": ""Fuck, I’m so tired of the idiots that encrypt their email address. Instead of writing vassily@poupkine.ru they write “vassily — at — poupkine — dot — ru”. Or somehow else so that their partner will have to mess around removing spaces, tabs, humour and other shit.""}]"
криатифф,"Post, message of some supposed or real creative value (poetry, literature…). Derived fromкреатив. Alternate spelling:креатиф, криатиф.","[{""sentence"": ""Санечка, пришли ссылку, интересно почитать твой криатифф! :-)"", ""translation"": ""Sanechka, send the link, it would be interesting to read your text! :-)""}]"
кринжуха,"Something awkward, embarrassing, cringy. Russification of the English nouncringe, also calledкринжатина. The matching adjective isкринжовый.","[{""sentence"": ""В Ростовской области детей привлекли к сбору денег на носилки для военнослужащих. Акцию назвали «Золотые руки ангела».Кринжуха дня."", ""translation"": ""In the Rostov oblast children where involved in collecting money to provide strechers to the military. The action was called “angels’ golden hands”.Cringe of the day.""}]"
криповый,"Creepy, russified form of that very same English adjective.","[{""sentence"": ""это самый криповый хэллоуинский наряд, который я когда-либо видела"", ""translation"": ""This is the creepiest halloween costume I have ever seen.""}]"
кросавчег,Deformation ofкрасавчик(handsome man or dandy) usually used as a slightly ironic form of praise. Alternate spelling:кросафчег.,"[{""sentence"": ""Ура!!!! 1:0!!!! Дзагоев кросавчег!!"", ""translation"": ""Hurray!!!! 1:0!!!! Dzagoev is da man!!""}]"
круто,"Cool, neat, great, literally “steep”. The adjectiveкрутойis used with the same meaning.","[{""sentence"": ""ЕС круто обломал Украину."", ""translation"": ""The EU neatly conned Ukraine.""}]"
крымнашист,Partisan of the Russian annexion of Crimea in 2014. Derived from the much repeated chorus celebrating said annexion:Крым наш(Crimea is ours).,"[{""sentence"": ""Я никогда не был «крымнашистом» и никогда им не буду. Я считаю, что захват Крыма абсолютно незаконен."", ""translation"": ""I have never been a “Crimea-is-ours-ist” and never will be. I believe that the annexation of Crimea is completely illegal.""}]"
крыша,"Godfather, protection (persons in charge of security for a fee). Literally “roof”.","[{""sentence"": ""Настоящий пацан может задать настоящему пацану только три вопроса. Кто ты по жизни? Как твой кликан? Кто твоя крыша? На все три вопроса следует отвечать: люди знают."", ""translation"": ""A real guy can only ask a real guy three questions: Who are you in life? What’s your crew? Who’s your cover? To all three questions, the answer should be: People know.""}]"
крышевать,"Extort protection money, “shield” a business (seeкрыша).","[{""sentence"": ""И только в России обижаются, когда узнают, что росы – это скандинавы, которые пришли крышевать речные товарные потоки в нижегородские и киевские болота, а потом довольно быстро ассимилировались с местными аборигенами."", ""translation"": ""And only in Russia people get offended when they find out that the Rus’ are Scandinavians who came to control the river trade through the swamps of Nizhny Novgorod and Kiev and then assimilated with the local aborigines rather quickly.""}]"
крякнуться,"To kick the bucket, push up the daisies, die.","[{""sentence"": ""Кстати может слышал, у нас тут патриарх в пятницу крякнулся — сегодня хоронят, так все перекрыли в Москве и уже как час звонят в колокала — так что живем весело, с музыкой."", ""translation"": ""By the way you may have heard that our patriarch kicked the bucket on Friday, he is getting buried today, therefore the streets in Moscow are blocked today and the bells have been ringing for an hour so far, so we’re living a happy life, with music.""}]"
ксива,"ID, passport. Loaned from Hebrew כְתִבֶת (ksiwes).","[{""sentence"": ""Ксива удостоверяла, что Рагозин Андрей Андреевич является инструктором Отдела административных органов ЦК КПСС."", ""translation"": ""The ID confirmed, that Ragozin Andrey Andreyevich is an instructor from the department of administrative authorities of the central committee of the communist party of the Soviet Union.""}]"
ктонть,"Contraction ofкто-нибудь(someone, anybody). Alternate spelling:ктонить.","[{""sentence"": ""ктонть хочет в Магадан? говорят, там офигенные лесопилки…"", ""translation"": ""Anybody wants to go to Magadan? They say they have awesome sawmills…""}]"
Кузьмич,"Nickname for the simple Russian man from the countryside mobilised in the Russian army invading Ukraine, similar to the British Tommy. This patronym, meaning son of Kuzma, was first used somewhat derogatory by active football fans (ultras) to describe passive supporters of their clubs.","[{""sentence"": ""А что за проблема прямо сейчас пойти на фронт и продемонстрировать «навыки»? Возраст подходящий, классический «кузьмич», здоровье тоже, вперед!"", ""translation"": ""Where’s the problem with going to the front right now and demonstrating “skills”? Age appropriate, classic “Tommy”, healthy as well, go for it!""}]"
кумар,Thick smoke in a room.,"[{""sentence"": ""Я — матерюсь, как сапожник. Пью как слон. Курю как ёжик в кумаре."", ""translation"": ""I swear like a cobbler. I drink like a fish. I smoke like a chimney.""}]"
курва,"Prostitute, slut;","[{""sentence"": ""Наши женщины сами приучают к тому, что за секс надо платить, а потом возмущаются, что к ним относятся как к курвам."", ""translation"": ""Our women themselves teach us that you have to pay for sex and then act insulted when we treat them like tarts.""}]"
курвёнок,"Bastard, son of a bitch, worthless lad.","[{""sentence"": ""Я надеюсь я пришла не в сообщество блядских курвят."", ""translation"": ""I hope I didn’t join a community of fucking bastards.""}]"
курвища,Hyperdrive whore. Superlative ofкурва.,"[{""sentence"": ""Не зная, что делать с сумкой, покупками, мечется, суетится, курвища за кассой равнодушно наблюдает."", ""translation"": ""Not knowing what to do with her purse and groceries she bustles and fusses, the slut at check-out watch with indifference.""}]"
курите мою трубку,"Invitation (figurative, but could be direct) to perform a fellatio — literally “smoke my pipe”.","[{""sentence"": ""Художественные приемы и стилистические нормы? Ха-а-а-а! Курите мою трубку, ублюдки интеллигенции!"", ""translation"": ""Artistic techniques and stylistic norms? Ha-ha-ha! Buff my wood, you intellectual bastards!""}]"
кусок,Thousand (monetary unit).,"[{""sentence"": ""По квартире. Не тянет даже в ценовой категории 3 куска. Коридор и ремонт так себе, производит грустное впечатление (даже начинал подумывать насчёт отступления), комната как в салоне за 2.5К — очень маленькая по площади, кровать, шкафчик, тумбочка, всё скромно, чисто для работы…"", ""translation"": ""Through the flat. It does not even fit the 3 grands category. The corridor and renovation are so-so and give a sad impression (I even contemplated retreating), the room is like in a salon for 2.5 thousand — very little space, a bunk, locker, bedside table, very modest, just for the job…""}]"
кутак,"Prick, penis. Loaned from Tatarкутак(obscene name for the penis).","[{""sentence"": ""RK: Я не дрочу. если хочешь можешь пососать мой кутак.IK: Cоси его сам! А можешь его и выкинyть, не одна баба к тебе и на пyшечный выстpел не подойдет, ypод ебанный в pот!"", ""translation"": ""RK: I’m not jerking off. you can suck my dick if you want.IK: Suck it yourself! Or you can throw it away, no woman will ever come near you, you fuckin’ freak!""}]"
кутить,To party.,"[{""sentence"": ""Нельзя летом скучать, летом нужно кутить."", ""translation"": ""You should not get bored in the summertime, summer’s there to party.""}]"
лабать,"To play music on an instrument, often guitar.","[{""sentence"": ""Я же пошел в бар, который расположен на первом этаже отеля. В баре живой музон, на пианино очень профессионально лабал местный лабух."", ""translation"": ""I went to the bar, which is on the ground floor of the hotel. There was live music at the bar, with a local lounge player playing the piano very professionally.""}]"
лабусы,"Latvians, sometimes understood to include Latvians as well. Derives from Latvianlabus(accusative plural oflabs— good). Often confused withлабасы.","[{""sentence"": ""да вы, лабусы, как тараканы, вас не выведешь :)"", ""translation"": ""Well, you Latvians you’re like cockroaches, one cannot get rid of you :)""}]"
лабух,Musician.,"[{""sentence"": ""Его герой, Сашуля, пожилой ресторанный лабух, забавляется тем, что по окончании трудового дня — часиков этак в 12 вечера — садится на телефон и звонит случайным людям по номерам купюр, полученных от посетителей за исполнение песен."", ""translation"": ""His protagonist, Sashulya, an elderly gastronomic musician, amuses himself by getting on the phone at the end of his working day — at about 12 pm — and calling random people whose numbers are on notes he got from customers for playing songs.""}]"
лайба,Car.,"[{""sentence"": ""Друг попросил найти сдесь ему хорошую, навороченную лайбу, или хотя бы какие-нибудь запчасти на неё!"", ""translation"": ""A friend asked me to find him a nice, pimped ride, or at least some spare parts for it!""}]"
лайкнуть,"To like, loaned from English.","[{""sentence"": ""xxx: лайкни, чтобы нашлась вторая половинка :)yyy: да я даже репост сделаю, чтобы секс был!"", ""translation"": ""xxx: like this, if you want to find your second half :)yyy: I’d even repost just to have sex!""}]"
лакшовка,Popular prostitute.,"[{""sentence"": ""Да ты о ней высокого мнения «дамочкой» назвал. А по мне она лакшовка привокзальная."", ""translation"": ""You sure have a high opinion of her, you call her “young lady”. But in my opinion, she’s just a tart from the railway station.""}]"
ланьет,"Muff diving, carpet munching, cunnilingus.","[{""sentence"": ""Хочу познакомиться с парнем, который любит ланьет! Без любви и чувств — только секс."", ""translation"": ""Looking to meet a young man who is into muff diving! No love or feelings, just sex.""}]"
лапать,"To feel up, to pet, manually stimulate erogenous zones.","[{""sentence"": ""Они повалили девушку на песок и стали ее лапать, норовя содрать трусы. Девушке удалось вырваться, но компания погналась за ней, не видя приближающегося Боцмана."", ""translation"": ""They pinned the girl down on the sand and started feeling her up, aiming to tear off her panties. The girl managed to free herself but the group went after her, not seeing that Botsman was coming closer.""}]"
лахудра,"Hag, witch;","[{""sentence"": ""Но больше всего раздражает сонмище старух — ведьм, вечно шипящих за твоей спиной — «Не так свечку поставил!», «Не с той стороны к иконе подошел!», «Твоя лахудра крашенная в непотребно короткой юбке, да еще и с непокрытой головой!»."", ""translation"": ""Most of all the crowd of old ladies gets on my nerves, they are witches, that always whisper your back: “he didn’t put the candle the right way!”, “he came up to the icon from the wrong side!”, “your peroxide bimbo wears an unduly short skirt, and did not even cover her head!”.""}]"
лахудра,"Slut, whore.","[{""sentence"": ""Но больше всего раздражает сонмище старух — ведьм, вечно шипящих за твоей спиной — «Не так свечку поставил!», «Не с той стороны к иконе подошел!», «Твоя лахудра крашенная в непотребно короткой юбке, да еще и с непокрытой головой!»."", ""translation"": ""Most of all the crowd of old ladies gets on my nerves, they are witches, that always whisper your back: “he didn’t put the candle the right way!”, “he came up to the icon from the wrong side!”, “your peroxide bimbo wears an unduly short skirt, and did not even cover her head!”.""}]"
левак,An unofficial income.,"[{""sentence"": ""Леваком промышляешь? Твой офис разнесут в пух и прах наши гардамарины, и будет твой офис под открытом небом."", ""translation"": ""Are you moonlighting? Your office will get taken apart by our marines and you will have an open-air office.""}]"
легавый,"Policeman, derived fromлегавая собака(hunting dog).","[{""sentence"": ""В тюрьме Таганской легавых нету, —Но есть такие — не взвидишь свету!"", ""translation"": ""In the Taganka prison there are no cops –But there are some blokes – you wouldn’t wish them on anyone!""}]"
лельки,"Tits, boobies (old fashioned).","[{""sentence"": ""— Да дайте же мне взглянуть на ваши лельки!.."", ""translation"": ""— So do let me glance at your boobies!..""}]"
лепить,To talk nonsense.,"[{""sentence"": ""Врёт ли он при этом как Гёббельс или просто лепит горбатого, как Нургалиев, — вопрос, на который даже история нам, скорее всего, не ответит."", ""translation"": ""Does he lie like Goebbels or just talks bullshit, like Nurgaliev, it’s a question that even history will by all likeliness not answer us.""}]"
либераст,"Liberal, insulting variant implying a collusion with pæderasts.","[{""sentence"": ""Чем моложе либераст, тем хуже ему жилось в Советском Союзе."", ""translation"": ""The younger the woke liberal, the worse was his life in the Soviet Union.""}]"
лизаться,To kiss.,"[{""sentence"": ""Хочу лизаться и целоваться в засос."", ""translation"": ""I want to snog and French-kiss.""}]"
лизун,"Carpet-muncher, man performing oral sex on a woman.","[{""sentence"": ""Мужчина-лизун полижет! Без коммерции! Все остальное при переписке!"", ""translation"": ""Carpet-muncher-licking-man licks! Not a business! Everything else in the mail!""}]"
лимон,"Million (monetary unit, literally “Lemon”). The name comes from the yellow colour of a 1921 one million rouble soviet banknote.","[{""sentence"": ""Соскучился я по авточитанине и купил сегодня Авто ревю. Последнее время обсуждаю различные авто с друзьями от русских тазов за 50 коллов до 1 лимона рублей."", ""translation"": ""I missed auto reading and bought Auto Review today. Lately I’ve been discussing various autos with friends from Russian ruct buckets for 50 thousand to 1 million roubles.""}]"
литрбол,"Piss-up, drunken feast (“litre-ball”). Also calledбутыльбол(“bottle-ball”).","[{""sentence"": ""Ежегодные соревнования по «литрболу» проводятся не только в России. В прошлом году 1 сентября в одну из рижских больниц с сильнейшим алкогольным отравлением был доставлен первоклассник!"", ""translation"": ""Yearly drinking competition are held not only in Russia. Last year on the first of September a first-grader was admitted in a hospital of Riga with severe alcohol poisoning!""}]"
литруха,"One litre (1.75 pints) bottle, often vodka.","[{""sentence"": ""Из личных наблюдений — в анталийском дьютике часто нет «мелкой тары». Уж если туалетная вода, то 100 мл флакон, если крепкий алкоголь — то литруха, никаких тебе 0,7 и 0,5."", ""translation"": ""From personal observation: in the Antalya duty free shop there often is now small container. Eau de toilette comes in 100 ml bottles, hard liquor comes in litres, no 0.7 or 0.5.""}]"
лоботряс,"Idiot, git.","[{""sentence"": ""Дочь профессора Маша была студенткой, а Саша — лоботрясом со странностями, хотя и эрудированным."", ""translation"": ""The professor’s daughter Masha was a student and Sasha was an eccentric moron, even though erudite.""}]"
ломануться,To get moving.,"[{""sentence"": ""Беженство… куда ломануться?"", ""translation"": ""Refugee… where to run?""}]"
лох,"Naive person, scam victim, sucker. Initially the name of salmons that remain in rivers for the winter after spawning it entered the criminal jargon with the meaning “(naive) peasant”. The German wordLoch(Hole) or Polishłoch(short forwłoch— Walachian, Romanian) may also have influenced the Russian word. Derivated forms:лохан, лохарь, лохня, лохушка.","[{""sentence"": ""Лохи не динозавры — они не вымрут."", ""translation"": ""Suckers are no dinosaurs, they don’t die out.""}]"
лохануть,To con someone.,"[{""sentence"": ""Николай, лохануть можно абсолютно любого, достаточно применить нестандартную подачу."", ""translation"": ""Nikolai, you can fool absolutely anyone, all you have to do is apply a non-standard pitch.""}]"
лохануться,To get scammed.,"[{""sentence"": ""Хайфовчане! Особенно те, кто сдаёт или снимает в том районе, скока, по-вашему прилично просить за такую квартиру? Так чтоб не оттолкнуть потенциального квартиросъёмщика неприкрытым корыстолюбием, но и не лохануться?"", ""translation"": ""Folks of Haifa! In particular those letting or renting in the area, how much do you think one can honestly ask for this flat? So as not to put off potential lodgers through undisguised greed but also in order not to get ripped off?""}]"
лохматка,"Hairy pussy, female genitalia.","[{""sentence"": ""Пилотка — частичная лохматка. То есть в верхней ее части — джунгли Амазонки, а внизу — Долина царей без единого цветочка. На любой вкус: хочешь, лезь повыше и ощущай природное естество, а любишь бритую киску — велком в низ лобка. Лично я отметился и там и там (как бы одновременно побывал и в Южной Америке и в Египте)."", ""translation"": ""Her pussy is partly hairy. That is the upper part is the Amazon jungle, and below it’s the valley of Kings without a single flower. There’s something for all tastes: if you wish you can go up and feel untouched nature, if you prefer shaved cunts dive under the pubis. Form my part I went here and there (in a way I visited South America and Egypt at once).""}]"
лохматый сейф,"Beaver, cunt, female genitalia (translates literally as “the hairy safe”).","[{""sentence"": ""— Не хуя! Ты меня не знаешь, блядь буду, вскрою и её лохматый сейф, подберу ключи!"", ""translation"": ""— Bugger all! You don’t know me, fuck me, I’ll get to her box, I’ll find the key!""}]"
лохмы,"Mop, unkempt hair.","[{""sentence"": ""Мама, носившая короткую стрижку, постоянно говорила: «срежь ты эти лохмы!», мама ведь плохого не посоветует?!"", ""translation"": ""My mom, who always had a short haircut, used to say, “Cut off these shaggy locks!” My mom wouldn’t give me bad advice, would she?!""}]"
лохотрон,Scam.,"[{""sentence"": ""Деньги крутятся в спекулятивной сфере, не проникая в сферу производства. Сегодня РТС это лохотрон для мелких инвесторов, очередная МММ."", ""translation"": ""Money is rotating in speculative spheres without touching production spheres. Today RTS is a scam for minority investors, a new MMM.""}]"
лошара,"Failure, silly bugger (derived fromлох).","[{""sentence"": ""Славик — ты лошара!"", ""translation"": ""Slavik, you’re a loser!""}]"
Луганда,"Ironical name of the rebel-controlled Lugansk region, likened to the supposedly underdeveloped African state of Uganda.","[{""sentence"": ""Это наша земля, а не Луганда или Донбабве. Здесь террористы не будут гулять, как у себя дома, — комбат «Донбасса»"", ""translation"": ""This is our land, not Luganda or Donbabwe. Terrorists will not walk around here like they are at home, says the “Donbass” commander""}]"
луноход,Police car (“Lunar explorer”).,"[{""sentence"": ""Я лично каждый луноход за километр обхожу. Хоть я как тот парень ни разу не попадал, но ментов просто терпеть не могу."", ""translation"": ""I personally away every paddy wagon a mile away. Even though I’ve never been caught like that guy, I just can’t stand cops.""}]"
лындить,Copulate.,"[{""sentence"": ""Возлюбленная хотела лындить также ожидала доставщика еды."", ""translation"": ""The beloved one wanted to shag and at the same time waited for the food delivery man.""}]"
лытдыбр,Russian rendering of the Latin letters that one gets when typing in Cyrillicдневникon a Russian/English keyboard with the keyboard toggled to English (i.e. “lytdybr”).,"[{""sentence"": ""Лытдыбром называют запись в блоге, которая имеет дневниковый характер, рассказ о событиях дня: например, о том, что человек сегодня видел, кого встречал, о чем разговаривал, что услышал, что съел, а также любой текст, по стилю схожий с дневниковой записью."", ""translation"": ""A lytdybr is a blog post, a story about the day’s events: what a person saw today, who they met, what they talked about, what they heard, what they ate and any text that is similar in style to a diary entry.""}]"
лягушатник,"Frog, Frenchman.","[{""sentence"": ""Зато есть охуенный плюс — два преподавателя на группу, один — русске, другой — лягушатник."", ""translation"": ""On the other hand, there is a smashing upside: two teachers for one group, one Russian, the other one a frog.""}]"
лям,Million (monetary unit).,"[{""sentence"": ""Оказывается, есть виски почти за три ляма рублей. Его можно взять в ипотеку."", ""translation"": ""It turns out that there’s whisky that costs almost 3 million roubles. You can mortgage it.""}]"
ляхи,"Poles, Pollacks. Old fashioned term alluding to the mystical founder of Poland, Lech.","[{""sentence"": ""Если я когда-нибудь встречу ляхов, то обязательно поведу их туда на экскурсию."", ""translation"": ""If I ever meet Pollacks I will take them there on a tour.""}]"
майданутый,"Supporter of the orange revolution 2004, later protester against Yanukovich in 2013-14. Slur derived fromМайдан Незалежності(Independence square in Ukrainian), the meeting place of activists portrayed in Russian official media as foreign-driven, dangerous ultranationalist radicals. The same derivation can be found inмайдануться, замайдаться, майдавошка, майдан с вами, майдай отсюда…","[{""sentence"": ""Спасибо майданутым за Крым! Скачите, дебилы, дальше: Скоро уйдет Юго-Восток."", ""translation"": ""Thanks to the majdan-morons for Crimea! Keep on hopping, jerks: Soon the Southeast will be gone.""}]"
майдаун,"Supporter of the Maidan protest (Kiev) and of the pro-western governement. Insult combiningМайданandдаун(person with Down-syndrom), commonly used by opponents to the changes.","[{""sentence"": ""У меня очень плохие новости для типичного, среднего майдауна, который сегодня поддерживает этот омерзительный фашистский режим своей глупой, деревянной головой."", ""translation"": ""I have very bad news for the typical, average Maidan supporter, who today supports this disgusting fascist regime with his foolish, wooden head.""}]"
макаронник,"Italian, spic, wob.","[{""sentence"": ""— У красных тоже появились бипланы. Мы сначала думали, что это макаронники на своих «фиатах», а это были республиканцы. Хватились, но поздно. Задали они нам головомойку. Едва ноги унесли."", ""translation"": ""— The reds also received biplanes. We thought at first, that it was the spics on their “Fiat” but it was the Republicans. We got ourselves together, but it was already late. They gave us a good rub down. We barely got away.""}]"
малофья,Sperm.,"[{""sentence"": ""Приглашали меня доноромСдавать им малофью.Я иначе предлагаю:— Давай сам в пизду налью!"", ""translation"": ""They asked me to be a donor,To give them jizzI have a better idea:— Let me pour it in the twat myself!""}]"
малыш,Small prick.,"[{""sentence"": ""Кстати: анал не запрашивал, но предупреждают, что «за доп.плату есть, если у твоего малыша небольшой размер» (интересно, а может ли вообще быть у малыша большой размер?)."", ""translation"": ""By the way: I didn’t ask for anal, but they warn that it’s “for an extra, if your willy isn’t too big” (interesting, can a willy really be too big?).""}]"
манда,"Pussy, cunt —пиздаis more frequently used.Мандаcan replaceпиздаin most phrases but not in derived verbal forms.","[{""sentence"": ""И вот — вместо того, чтобы плавать, я смотрела на розовые обвисшие груди и расползшиеся соски, изредка опуская взгляд на рыжую небритую манду… и потом не ходила в бассейн еще год."", ""translation"": ""And so — instead of swimming, I looked at pink sagging breasts and sprawling nipples, occasionally dropping my gaze to an unshaven cunt… and then I did not go to the pool for another year.""}]"
мандёж,"Lie, stupidity, mistake;","[{""sentence"": ""А мне вы думаете не противно читать ваш вечный мандёж про электронный город, например, официантов в собаке, например, пьяного соседа, например, да просто людей, чьи рожи вам не нравятся?"", ""translation"": ""And do you think I don’t loathe reading your eternal bullshit about the electronical city, for example, waiters in dogs, for example, drunk neighbours, for example, or just plain people, whose face you don’t like?""}]"
мандошить,"To hit, beat up.","[{""sentence"": ""За нарушения ПДД минимальный штраф должен быть 3 тыс. (за проезд на зулёный свет), половина штрафа должна уходить на премирование сотрудников ДПС, тогда будут работать ребята так как надо — мандошить за малейшее нарушение, и порядка станет больше, т.к. ездить «по правилам» будет гораздо дешевле чем «по понятиям»."", ""translation"": ""For traffic rules violations, the minimum fine should be 3,000 (for driving through a red light), and half of the fine should go to pay bonuses to traffic police officers. Then they will work properly and will give hell for the slightest violation, and order will increase because it will be much cheaper to drive “by the rules” than “by understanding”.""}]"
мандюк,"Idiot, dickhead.","[{""sentence"": ""Просто модель поведения в данном случае должна быть немного другой — скорбим, переживаем, ждем результатов, становимся осторожнее, а не «делаем выводы сами» — потому что какой-нибудь мандюк сказал, что он специалист и точно знает как и что было…"", ""translation"": ""Only the behaviour pattern in given situation should have been a tad different — we mourn, suffer, wait for results, become more careful, and not “we’ll jump to the conclusions” because some moron said that he’s an expert and exactly knows what happen how…""}]"
мандячить,"To hit, beat up.","[{""sentence"": ""Мандячить пора тем, кто не признает паразитов, выводов ВОЗ и открытий Нобелевских лауреатов."", ""translation"": ""It’s time to beat up those who don’t accept parasites, recommendation from the all-Russia health organisation or the discoveries from Nobel price laureates.""}]"
мандяшить,"To hit, beat up.","[{""sentence"": ""Долбить! Долбить безжалостно! А еще мандяшить всех кто с такой интонацией говорит, всех кто использует такой жаргон, всех кто стряпает такие выражения рыла."", ""translation"": ""Beat! beat mercilessly! And also crush everyone who speaks with that intonation, everyone who uses that slang, everyone who sports those facial expressions.""}]"
маркоташки,"Breasts, usually small ones.","[{""sentence"": ""Девушка замерла, боясь дышать. Чуткие быстрые пальцы нащупали сквозь тонкую ткань халатика напрягшийся сосок и чувствительно его сжали.— Будешь дергаться, поотрываю твои маркоташки, веришь?"", ""translation"": ""The girl froze, afraid to breathe. Sensitive and fast fingers felt across the fabric of the nightgown the erect nipple and squeezed it perceptibly.""}]"
маркоташник,"Fag, queer, homosexual.","[{""sentence"": ""— Гляньте-ка, пацаны: это ж тот самый маркоташник!"", ""translation"": ""— Look at this, guys: it’s the very same faggot!""}]"
маруха,"Lover, mistress, girlfriend;","[{""sentence"": ""— Ну ладно, поехали, тут недалеко моя маруха живет."", ""translation"": ""— All right, let’s go, my bird lives nearby.""}]"
матюгальник,"Megaphone, loudspeaker.","[{""sentence"": ""Шурик: Вчера брели грустные со стадиона, тыщи 2-3 где-то человек до Фрунзенской. Переходили потоком дорогу и перегородили ее кортежу, в котором машин семь было. Так я первый раз в жизни услышал, как менты говорят «Дайте ПОЖАЛУЙСТА проехать» в матюгальник)"", ""translation"": ""Shurik: Yesterday we wandered in sorrow back from the stadium, somewhere around 2 or 3 thousand persons, to the metro station Frunzenskaja. We crossed the street in a big flow and blocked it for a group of seven cars. Well, it’s the first time that I heard the cops say “let us drive through, PLEASE” with the megaphone)""}]"
махач,Fight.,"[{""sentence"": ""Обычно махач начинается после игровых столкновений на поле (которые, кстати, тоже строго оговорены в правилах) или же если мяч, брошенный питчером, попадает в бьющего команды соперника (что считается верхом непрофессионализма)."", ""translation"": ""Usually, a fistfight starts after in-play collisions on the field (which, by the way, are also strictly stipulated in the rules) or if a ball thrown by the pitcher hits the opposing team’s batter (which is considered the height of unprofessionalism).""}]"
мацать,"To hug, to pet, to feel up.","[{""sentence"": ""Нахуя все это нужно? Ну как. На дворе XXI век. Все люди, вместо того, чтобы шароебиться по подъездам, мацать девок и жрать пивасик, сидят в социальных сетях."", ""translation"": ""Why the fuck do we need this? Well, there. It’s the 21stcentury. Instead of hanging out in stairwells, feeling up girls and drinking beer everyone is sitting in social networks.""}]"
медвед,"Popular misspelling ofмедведь(bear), see alsoпревед.","[{""sentence"": ""ПРЕВЕД, Владимир Владимирович! Как вы относитесь к МЕДВЕДУ?"", ""translation"": ""HULLO, Vladimir Vladimirovich! What do you think of BEARRR?""}]"
мензурка,Glass. Comes via GermanMensurfrom Latinmensura(measure).,"[{""sentence"": ""В руках у него была мензурка с водой."", ""translation"": ""He had a beaker of water in his hands.""}]"
мент,"Policeman, the fuzz — quite often used, if police officers are out of earshot. Loaned from Polish, wherementehas been used as slang for soldiers or guards (initially it is a Hungarian word for a short coat-cape, also called “fur attila” that was part of policemen’s uniform).","[{""sentence"": ""У ментов маленькая зарплата, но хорошие доходы."", ""translation"": ""Coppers have small salaries but comfortable income.""}]"
ментовка,"Police car, also calledментовоз;","[{""sentence"": ""Вдруг её остановят, проверят документы, препроводят в ментовку и запрут вместе с проститутками."", ""translation"": ""Suddenly she is stopped, ID check, she is transferred to the nick and locked up with the prostitutes.""}]"
ментовка,"the fuzz, police.","[{""sentence"": ""Вдруг её остановят, проверят документы, препроводят в ментовку и запрут вместе с проститутками."", ""translation"": ""Suddenly she is stopped, ID check, she is transferred to the nick and locked up with the prostitutes.""}]"
месилово,Group fight.,"[{""sentence"": ""Гамбургское месилово — первомайская демонстрация левых радикалов."", ""translation"": ""The Hamburg kerfuffle is a May Day demonstration by left-wing radicals.""}]"
месить,To beat up.,"[{""sentence"": ""Судя по всему, его долго, очень долго месили сапогами и ботинками, прежде чем он отдал Богу душу, и это настораживало."", ""translation"": ""It appears that he was pounded with boots and shoes for a long, long time before he went to meet his maker, and that was alarming.""}]"
метёлка,"Gal, bird, girl (“whisk, brush”).","[{""sentence"": ""Если кто-нибудь из уважаемых Донов скажет мне, что уже КСил данную фею, я признаю себя наивным албанцем и полным лохом, которого может примитивно развести любая метёлка. И уйду в монастырь… в женский!"", ""translation"": ""If any of the honourable Sirs tells me that he already intercoursed given slag, I’d be willing to call myself a naive Albanian and complete sucker, ready to be easily conned by any bird. And I’ll retreat to a monastery… or more likely a nunnery!""}]"
минет,Fellatio. From Frenchfaire minette— to perform oral sex on a lady.,"[{""sentence"": ""Ты мне не родная, не родная, нет,Мне теперь другая делает минет.Но ведь та другая в жопу не дает…Кто из вас роднее — хуй вас разберет."", ""translation"": ""Your not my dearest, not my dearest, no,Another one know blows my cock.But that other one does not give anal…Which of you is my dearest, fuck if I know.""}]"
минетчик,"Fellator, male performing oral sex on a man.","[{""sentence"": ""Меня комар кусил «туда», кто он — вампир или минетчик?"", ""translation"": ""A mosquito bit me “there”, what he it, a vampire or a fellator?""}]"
минетчица,"Fellatrix, female performing oral sex on a man.","[{""sentence"": ""А как она делает минет! Она заслуженно входит в пятерку лучших минетчиц, которые у меня когда-либо были! Просто 12 баллов из 10!"", ""translation"": ""And the way she’s giving head! She deserves a place in the top five of the best blow-jobbers, that I ever had! A straight 12 out of 10!""}]"
миньет,Fellatio. Seeминет.,"[{""sentence"": ""n0nam3> Cтранные существа — некоторые девушки. Чуть что, сразу вопросы «а знаешь ли математику, а решишь ли пару задачек?», я же при знакомстве у них не спрашиваю: «а делаешь ли ты миньет? а не возьмешь ли пару членов?»."", ""translation"": ""n0nam3> Some girls a rather quaint creatures. At the slightest thing, they start asking questions like: “Do you know math? Can you solve a few problems?” Meanwhile, when I meet them, I don’t ask: “Do you do blowjobs? Will you take a few dicks?”""}]"
миньетка,Fellatrix.,"[{""sentence"": ""Сам ты миньетка у тя за бесплатно."", ""translation"": ""Fellatrix yourself, you do it for free.""}]"
миньетчик,Man performing oral sex.,"[{""sentence"": ""Миньетчики позорные, членососы!"", ""translation"": ""Disgusting dick gobblers, cocksuckers!""}]"
мля,Euphemism forбля.,"[{""sentence"": ""Авария, мля…"", ""translation"": ""Accident, blimey…""}]"
мобик,"Mobilised soldier, forced conscript. The mobilisation (мобилизация) itself gets reccoined to grave-making (могилизация) by critical minds.","[{""sentence"": ""В Пензе мобик разбил полкану ебальники."", ""translation"": ""In Penza a mobilised recruit beat up a colonel.""}]"
мозгоёб,Somebody who gets on one’s nerves and is generally unreliable. Female:мозгоёбка.,"[{""sentence"": ""Не, вы не мудак, вы мозгоёб."", ""translation"": ""No, you’re not an idiot, you’re a mind-boggling dickhead.""}]"
мозгоебатель,"Bore, pain in the ass.","[{""sentence"": ""А мне все похуй, на учителей, на преподователей, и всех прочих мозгоебателей."", ""translation"": ""I don’t give a fuck about teachers, professors, and all the other brainiacs.""}]"
мозгоёбство,"Tiresome job, tedious activity (lit. “brain screwing”). Variant:мозгоебательство.","[{""sentence"": ""Существуют несколько видов мозгоёбства. Один из них: культурное мозгоёбство. В Европе оно называется small talk. Нудное мозгоёбство; это как нудный мужик — проще дать, чем объяснить, почему не хочется. Чаще всего используется на работе."", ""translation"": ""There are different types of mind-buggering. One of them: educated mind-buggering. In Europe it is called small-talk. Tedious mind-buggering: it’s like a tedious man, with which it’s simpler to sleep than to explain why you don’t want to. It’s mostly used in the workplace.""}]"
мозгоёбствовать,"To get on the nerves, be a pain in the arse.","[{""sentence"": ""Надоело мозгоебствовать, надо саморазвиваться а не вот это вот все!"", ""translation"": ""I’m sick of being a pain in the neck, I need to self-develop instead of this whole thing!""}]"
монопенисуально,"Indifferent, of little interest. Pseudoscientific euphemism forоднохуйственно, made up from Greek μονος and Latinpenis.","[{""sentence"": ""Мне абсолютно монопенисуально, а окружающие меня люди могут хоть об стенку убиться — похуй!"", ""translation"": ""I don’t give a damn, people around me can even take a running jump, I don’t care!""}]"
моргалы,Eyes.,"[{""sentence"": ""Я такая, за свое счастье пасть порву, моргалы выколю :)"", ""translation"": ""I’m like that, for my happiness I’ll tear my mouth off, poke eyes out :)""}]"
морда,"Face, snout.","[{""sentence"": ""Если из какой-то дешевой газетенки какой-то хачик, журналист ко мне придет и начнет меня доставать — я дам в морду."", ""translation"": ""If a darkie journalist from some cheap newspaper comes to me and starts getting to me, I will punch him in the kisser.""}]"
морковка,"Broad, girl, usually in sex tourism areas (South-East Asia, Cuba, sometimes simply abroad). In standard Russian the word means “carrot”.","[{""sentence"": ""Оставшись с Леней в компании морковок из бара, я продолжал пить самбуку и играть в местные игры."", ""translation"": ""Remaining with Leonid in the company of chicks from the bar I continued to drink sambuca and play local games.""}]"
москаль,"Derogatory name for Russian, used in Ukrainian, Polish and Belarusian but also sometimes in Russian (usually to add a quaint Ukrainian note). Historically the term was used for Muscovites, and/or soldiers, without negative undertones but acquired that meaning as the Russian empire expanded westwards in the 18th century. The Ukrainian verbмоскалитьmeans “to cheat” (in trade).","[{""sentence"": ""Ведь ещё в семнадцатом веке было на территории Украины дикое поле, по которому вольно гуляли казак с крымским татарином, отряд ясновельможных поляков в поисках приключений или осторожный москаль пробирался с отрядом, строя коварные планы."", ""translation"": ""In the seventeenth century there was a wild field in Ukraine where Cossacks and Crimean Tatar roamed free, along with the odd detachment of Polish noblemen in search of adventure or a cautious Moskal sneaking around with his crew plotting treacherous plans.""}]"
Москвабад,An ironic and derogatory term for Moscow as a city with a high population of migrants from Central Asia.,"[{""sentence"": ""Не удивлюсь если в скором времени должность мэра Москвы переименуют в главного визиря или султана Москвабада."", ""translation"": ""I wouldn’t be surprised if the position of the mayor of Moscow is soon renamed “Chief Vizier” or “Sultan of Moskvabad”.""}]"
мотовка,Money waster.,"[{""sentence"": ""Если она мотовка или начинающая блядюшка — надо хитровыебнуться и пригласить ее туда, где на свиданку потратишь от USD 500-1000."", ""translation"": ""If she’s a money waster and beginning slut you have to outsmart her and invite her to a place where you’ll spend 500 to 1000 USD on a date.""}]"
мохнатка,"Pussy, beaver (lit. “the little bush”).","[{""sentence"": ""В остальном — зачод — как по ТТХ, так и по процессу. Ухоженная шкурка, загорелая, бархатная попка-маломерка, но с мяском, окультуренная мохнатка, пелодко изящный."", ""translation"": ""For the rest it’s a ten, for the looks as for the process. Well-groomed skin, tanned, a small velvet bum, but with some meat, cultivated bush, exquisite slit.""}]"
мочить,"To kill, to eliminate physically. Literally ”to wet”, derives from Russian cant in which a ”wet deal” way a business involving blood spilling.","[{""sentence"": ""Если, пардон, в туалете их [террористов] поймаем, и в сортире замочим."", ""translation"": ""If we, pardon me, find them [terrorist] in the toilets, we will polish them off in the john.""}]"
мразь,Scum.,"[{""sentence"": ""Человек со всеми разный… с кем-то мразь, а с кем-то классный…"", ""translation"": ""The person acts different with everyone… scum to some, awesome to others…""}]"
муда (мудя),"Bollocks, testicles. You may encounter the rare singularмудоor the obsolete dualмуде.","[{""sentence"": ""Солнце, воздух, онанизм,Укрепляют организм,Уменьшают вес мудей,И расходы на блядей!"", ""translation"": ""Sun, air, onanism,Strengthen the organism,Reduce the weight of nuts,And expenses for sluts!""}]"
мудак,"Bastard, dickhead.","[{""sentence"": ""Ну что, доигрались, мудаки?"", ""translation"": ""So, dear arseholes, are we done playing?""}]"
мудацкий,"Moronic, stupid.","[{""sentence"": ""Больше всего на свете меня бесят мудацкие аргументы, основанные на лжефактах. Просто мудацкие аргументы меня тоже бесят, но когда в основе их лежит собачий бред, бесят особенно."", ""translation"": ""More than anything on earth I get mad at stupid arguments based on lies. Plain stupid arguments make me mad as well, but when they rely on bullshit they make me especially mad.""}]"
мудачьё,"Group of idiots, collective numeral ofмудак.","[{""sentence"": ""Мудачье в Крыму."", ""translation"": ""Morons in Crimea.""}]"
мудёж,Lie.,"[{""sentence"": ""Хоть и конфликт стопудова следствие политического мудёжа, но война позиционируется именно как мусульмане против россиян."", ""translation"": ""Although the conflict is certainly the result of political lies the war is marketed as Muslims against Russians.""}]"
мудистика,"Bureaucratic non-sense, complicated and uninteresting task.","[{""sentence"": ""Не думал что покупка штор это такая мудистика…"", ""translation"": ""I didn’t realise that buying curtains was such pain in the arse…""}]"
мудоёб,"Idiot, bore.","[{""sentence"": ""Антон Лысенко: Какая машина вообще не ломается?Владислав Сергеевич: Любая ломается, если водитель мудоёб (уж простите)."", ""translation"": ""Anton Lysenko: What car doesn’t break down at all?Vladislav Sergeyevich: Every car will break down if the driver is a wanker (excuse my French).""}]"
мудозвон,Tiresome chatter mouth — literally “a testicle ringer”. Built in analogy withпустозвон.,"[{""sentence"": ""Ну уж, а если кому одинаково скверно — и утром, и вечером, — тут уж я не знаю, что и сказать, это уж конченый подонок и мудозвон. Потому что магазины у нас работают до девяти, а киоски — те даже круглосуточно, и если ты не подонок, ты всегда сумеешь к вечеру подняться до чего-нибудь, до какой-нибудь пустяшной бездны…"", ""translation"": ""Well, if someone feels equally bad in the morning and in the evening, then I really don’t know what to say. That’s a complete bastard and a jerk. Because here, stores are open until nine, and kiosks are even open 24 hours. And if you’re not a jerk, you can always manage to rise to something, to some kind of petty abyss by evening…""}]"
мудохать,"To hit, beat up.","[{""sentence"": ""Я раньше был скином, тупым мясом, ходил себе в компании, хачей мудохал, а дела толкового собственно и не делал."", ""translation"": ""I used to be a skinhead, dumb meat, hang out with the gang, beat the shit out of darkies and did not actually do anything meaningful.""}]"
мульт,Million (monetary unit);,"[{""sentence"": ""Вспомнился советский мульт, где кто-то думал что батоны на дереве растут."", ""translation"": ""It brings to mind a Soviet cartoon where someone thought that bread loaves grew on trees.""}]"
мульт,"Animated cartoon, short forмультфильм.","[{""sentence"": ""Вспомнился советский мульт, где кто-то думал что батоны на дереве растут."", ""translation"": ""It brings to mind a Soviet cartoon where someone thought that bread loaves grew on trees.""}]"
мурло,Face.,"[{""sentence"": ""Плюю, лягушка, в мурло твоё! Рассыпься, антихрист, бисером свиньим!"", ""translation"": ""I spit in your face, Froggy! Fall apart, Antichrist, in pearls before swines!""}]"
мусор,"Policeman. Although the word also means “garbage” this meaning is borrowed from Hebrew (םוּסָר — maser — imprisonment, arrest).","[{""sentence"": ""Когда тормозит меня мусор,Прописки, мол, нет никакой,То я отвечаю спокойно:«Мой адрес сегодня такой:ВЭ-ВЭ-ВЭ ЛЕНИНГРАД ЭС-ПЭ-БЭ ТОЧКА РУ.»"", ""translation"": ""Cops are worse than shit, you should never forget that.""}]"
мусоровоз,Police car (“fuzz-mobile”).,"[{""sentence"": ""Мусоровоз курсирует с мигалкамиии, у мусоров че то действительно уставший вид."", ""translation"": ""The paddy wagon drives by with flashing lights on, the copper really do look tired.""}]"
мутить,To do something;,"[{""sentence"": ""Пора бы мутить с девушками, а не чередовать качалку с компом и футболом/хоккеем по воскресениям…"", ""translation"": ""It’s time to get it on with the girls, rather than alternating between the gym and the computer and football/hockey on Sundays…""}]"
мутить,to communicate.,"[{""sentence"": ""Пора бы мутить с девушками, а не чередовать качалку с компом и футболом/хоккеем по воскресениям…"", ""translation"": ""It’s time to get it on with the girls, rather than alternating between the gym and the computer and football/hockey on Sundays…""}]"
мухлёж,"Deceipt, cheating.","[{""sentence"": ""Не придти на него значит то же самое, что и выдать Жуликам и Ворам всенародное разрешение на дальнейший мухлёж и махинации."", ""translation"": ""Not to go to it equals giving the crooks and thieves an authorisation to further pursue their deceit and machination.""}]"
мухой,"Quickly, asap.","[{""sentence"": ""Но вот когда голодна или нужно одеться к подружке на улицу ― мухой всё делает."", ""translation"": ""But when she’s hungry or needs to get dressed to meet a girlfriend outside, she gets everything done in a hurry.""}]"
мухой (под),"Drunk, wasted.","[{""sentence"": ""Про экспертов в процессе можно писать отдельный роман — один учитель труда, другой — запойный алкоголик, который даже в суд являлся под мухой."", ""translation"": ""You could write a separate novel about the experts at the trial: one handicraft teacher and the other a drunken alcoholic, who even in court appeared wasted.""}]"
мухосранск,Fictional country side settlement far off modern times and civilisation.,"[{""sentence"": ""Мухосранск — любой город на территории России, расположенный в Замкадье."", ""translation"": ""Mukhosransk is any city on the Russian territory outside the Moscow ring road.""}]"
му-хрю,"And so on and so forth, bla-bla-bla. The expression unites the Russian sounds rendering the voice of the cow and the pig.","[{""sentence"": ""Имеется ввиду настоящая, реальная информация, а не му-хрю, как у Ассанжа."", ""translation"": ""I mean factual, real information, not chatter like Assange’s.""}]"
мырки,"Ethnical central Asians. Loan word from Kirghiz, where the word is used by residents of the capital to describe the country-side population of south Kirghizia (that are perceived as rough-mannered peasants).","[{""sentence"": ""Городские бишкекцы называют приезжих «мырками»."", ""translation"": ""City dwellers in Bishkek call those who recently moved there “myrki”.""}]"
мять,"To fuck (literally “to wrinkle, to crush”).","[{""sentence"": ""С обеда меня начали обуревать мысли, что нужно кого-то помять в кровати."", ""translation"": ""Since lunch I became overwhelmed with the thought that I should bang somebody in bed.""}]"
набить морду,To beat up.,"[{""sentence"": ""— А, — говорит, — здравствуйте. Любовника ожидаете? Так-с. Вам, говорит, Катерина Васильевна, морду набить мало…"", ""translation"": ""— Uh, he said, hello. You’re waiting for your lover? Well-well. Beating you up, Katerina Vassilyevna, would be too good for your…""}]"
навар,"Gain, pickings, income.","[{""sentence"": ""А дело оказалось вот в чем… в 2005 году я имел глупость и занялся покупкой ноутбуков, давал рекламу и покупал при обращении людей, после продавал ноутбуки в магазины с своим небольшим наваром."", ""translation"": ""And the thing was… in 2005 I was foolish enough to start buying laptops, put out ads, and buy from people who contacted me, then sell the laptops to stores for a small profit.""}]"
нагонять волну,To further stress a situation.,"[{""sentence"": ""Журналист Олег Козырев, например, в своем ЖЖ привел ссылку на новый устав Ногинска и якобы не поверив своим глазам. Судя по всему, лукавил или нагонял волну общественного гнева."", ""translation"": ""Journalist Oleg Kozyrev, for example, referenced the new Noginsk charter in his LiveJournal, claiming he couldn’t believe his eyes. It seems he was either being deceitful or stirring up public outrage.""}]"
надраться,"To piss up, to get wasted.","[{""sentence"": ""Хотел найти несколько друзей юности и крепко с ними надраться."", ""translation"": ""I wanted to find some old friends from the old days and get pissed with them.""}]"
надуть барабан,"To knock up, to get pregnant;","[{""sentence"": ""А что толку от твоего страха? ну подумаешь барабан надула, а может пронесет."", ""translation"": ""And what good does your fright do? So she got knocked up, or maybe not.""}]"
надыбать,"To find, to get hold of.","[{""sentence"": ""Бесплатный сотовый телефон — это совершенно нормальная и распространённая вещь, о которой все знают, и не кричат на каждом углу «А я себе сотик на халяву надыбал!», потому что этим никого не удивишь."", ""translation"": ""A free cell phone is so common and normal that everyone knows about it, and nobody shouts from the rooftops, “Hey, I got a free phone!” because it’s nothing to be surprised about anymore.""}]"
наёб,"Fraud, scam.","[{""sentence"": ""Я брал мороженое со вкусом клубники и банана ради вкуса клубники и банана. Но оно со вкусом жвачки.Какой же наглый наеб, я, бля, в расстроенных чувствах."", ""translation"": ""I took the strawberry and banana flavoured ice cream for the strawberry and banana flavour. But it’s bubblegum flavoured. What a cheeky scam, I’m bloody upset.""}]"
наебаловка,Scam.,"[{""sentence"": ""Покупали кучу ненужных лекарств загодя и ждали когда же кто нибудь в семье заболеет. Никто не болел. Жалея свои деньги несли лекарства в аптеки, а аптеки показывали — от винта! Когда всё прояснилось и стало на круги свои, когда все прозрели, стало ясно, что аптеки отхватили охуенный куш, а Юлия Владимировна Тимошенко и её правительство под патронатом международных организаций совершили наебаловку в особо крупных размерах."", ""translation"": ""We bought lots of useless drugs in advance and waited for someone in the family to get ill. Nobody did. Feeling sorry for the money spent we brought the drugs back to the pharmacy, where we were told to get lost! When all got clear and back on tracks, when everybody started recovering sight, it became evident that the pharmacies made a fucking load of money, and Julia Vladimirovna Timoshenko and her government under the umbrella of international organisations scammed everyone on a very large scale.""}]"
наебалово,Scam.,"[{""sentence"": ""После очередного общения с фирмами по установке пластиковых окон, задаюсь вопросом, зачем понятное русское слово «наебалово» заменили на иностранное «маркетинг»?"", ""translation"": ""After another interaction with plastic window installation companies, I wonder why the clear Russian word “ысфь” has been replaced with the foreign word “marketing”?""}]"
наебать,To con —Меня вчера наебали на штуку“I was conned out of one thousand rouble yesterday”.,"[{""sentence"": ""Как сделать так, чтобы строители не наебали? Кто хорошо проектирует?"", ""translation"": ""Who can you make sure that the builders don’t screw you? Who does good projects?""}]"
наебениться,To get drunk — often followed by the relevant drink:Наебался водкой— “got wasted on vodka”; seeнахуячиться.,"[{""sentence"": ""Т.к. дружище предыдущим днем наебенился, а утром ему надо было вести супругу в славный город Клин, то он попросил меня побыть персональным водителем на его вагонетке =)"", ""translation"": ""As my mate got wasted the day before and had to drive his wife to the famous city of Klin in the morning he asked me to be his personal driver in his rust bucket =)""}]"
наёбка,"Joke, tease.","[{""sentence"": ""Вот уже более полугода Огги обещался послать мне молнию, но то ли жадный он, то ли шарлатан (я больше к этому варианту склоняюсь), но молнии всё нет и нет. В цивилизованном мире за такие наёбки бьют морду. Но у язычников судя по всему кидалово в порядке вещей."", ""translation"": ""For more than half a year, Oggi has promised to send me a zipper, but either he’s stingy or a charlatan (I’m leaning towards the latter), and the zipper is still nowhere to be seen. In the civilized world, you get punched in the face for such scams. But among pagans, it seems ripping people off is just business as usual.""}]"
наебнуть,To hit;,"[{""sentence"": ""Наебнуть девушке… Можно?"", ""translation"": ""Hit a girl… can you do it?""}]"
наебнуться,"To fall down, to hit oneself, to break down — mostly used for unexpected and heavy fall.","[{""sentence"": ""Вчера я наебнулся по пьяни на льду."", ""translation"": ""Yesterday I was pissed and fell down on the ice.""}]"
наебошиться,"To get drunk, wasted.","[{""sentence"": ""Хочу новый год и наебошиться в хлам…"", ""translation"": ""On new year’s eve I intend to get thoroughly pissed…""}]"
наёбщик,"Crook, con-artist.","[{""sentence"": ""Ну а самый большой спрос у наебщиков сейчас на специалистов по сбиванию с толка. Ты думаешь, что видишь одно, а на самом деле перед тобой другое."", ""translation"": ""Well, the biggest demand from scammers right now is for confusion specialists. You think you see one thing, but what you really have in front of you is something else.""}]"
наёбывать,"To cheat, con.","[{""sentence"": ""Работала раньше в торговле, так порасказывала как они там народ обвешивают и наёбывают. Вобщем я теперь на рынок наверно со своими весами ходить буду."", ""translation"": ""She used to work in retail and told how people get shortweighted and screwed. In short, I shall now go to the market with my own balance.""}]"
наезд,"Raid, shakedown, bullying.","[{""sentence"": ""Вы можете дискутировать нормально, без наездов на личность?"", ""translation"": ""Can you discuss normally, without personal attacks?""}]"
нажираться,To get pissed.,"[{""sentence"": ""Стакан сухого вина в Катю почти насильно влил Максимовский, чтобы ликвидировать последствия стресса. Но нельзя же так нажираться с одного стакана."", ""translation"": ""Maximovsky almost forced the glass of dry wine down Katya, for stress relieving. But you can’t get that pissed from one glass.""}]"
накачивать,"To fuck, have sex, screw.","[{""sentence"": ""Понежевшись чуток внизу, завалил фею на спину и стал накачивать, наблюдая постепенное повышение температуры внутри кисы."", ""translation"": ""After lingering a bit down below, I laid the fairy on her back and started humping, observing the gradual rise in temperature inside her pussy.""}]"
наколоть,To con.,"[{""sentence"": ""В целом — правильно. Наколоть можно любого."", ""translation"": ""Basically, you’re right. Everybody can be fooled.""}]"
накуриться,To get high.,"[{""sentence"": ""Хотели бы Вы забить на все правила, нормы поведения и рамки приличия, и напиться, накуриться, обдолбаться так, чтобы ни о чем не задумывать?"", ""translation"": ""Would you like to ignore all rules, norms of behaviour and boundaries of decency, and get drunk, stoned, high so that you think nothing of it?""}]"
нализаться,To get drunk.,"[{""sentence"": ""Напиться, что ли, подумал Бэла. Нализаться, как свинья, лечь в постель и проспать двое суток. А потом встать и опять напиться."", ""translation"": ""Bela wondered whether he should get pissed. Get wasted like a pig, lie in bed and sleep to days in a row. And then get up and drunk again.""}]"
напиздить,To steal.,"[{""sentence"": ""Я тоже верю Навальному, спиздил деньги, и понтуется… мол вот я 6 лямов напиздил не врет же."", ""translation"": ""I also believe Navalny, he nicked the dough and shows of… like I nicked 6 billions and don’t lie.""}]"
напиздюкаться,"To piss up, to get drunk.","[{""sentence"": ""Пока ждали оценок успели напиздюкаться коньяком до изумления."", ""translation"": ""While waiting for the assessment we had time to get wasted beyond recognition on cognac.""}]"
напиздяшиться,"To piss up, to get drunk.","[{""sentence"": ""Сегодня я приобрел то, что оооочень давно хотел… Теперь со спокойной совестью в четверг могу напиздяшиться! Кто со мной, алкоголики, хулиганы, тунеядцы, мажоры, бляди и прочие?"", ""translation"": ""Today, I finally got something I’ve wanted for a very long time… Now I can get totally smashed on Thursday with a clear conscience! Who’s with me, alcoholics, hooligans, slackers, rich kids, sluts, and the rest?""}]"
нарик,Drug addict.,"[{""sentence"": ""Не забывай — всегда найдётся парочка нариков, которые за дозу отрежут твоей жене голову и оттрахают твою 22-х летнюю дочурку в переулке, когда она будет возвращаться с очередной прогулки…"", ""translation"": ""Don’t forget, there will always been some junkies that for a dose will cut off your wife’s head and rape your 22-year-old daughter in a dark alley when she returns from one of her walks…""}]"
насрать (мне ~),I do not care about it.,"[{""sentence"": ""— Мне вам спасибо говорить не за что! Лично вам! — я показал на него пальцем. — И мне насрать, что и кто вам тут сказал. Если вы находитесь здесь и в рабочей одежде, значит вы должны тут работать, а не прохлаждаться целых два дня. Понятно?"", ""translation"": ""Tell the truth, who gives a fuck what Peskov commented there?""}]"
насрать в компот,To do something to spite someone (“shit in the fruit juice”).,"[{""sentence"": ""Наша главная мечта была теперь отомстить суке директору. Причем не просто насрать ему в компот или стекло в кабинете разбить, а отомстить по-настоящему — чтобы блять весь этот ебанный лагерь охуел."", ""translation"": ""Our main dream was to get even with that bitch of a director. Not just pull a prank or break the windows of his office but get even for real, so that all this sodding summer camp would be gobsmacked.""}]"
"нассать (в рот ~, чтоб морем пахло?)",Rude way of asking whether something was understood.,"[{""sentence"": ""А может тебе в рот нассать, чтобы морем пахло?:)"", ""translation"": ""Do I have to pee in your mouth so that you get the smell of the sea?""}]"
натурал,"Straight man, heterosexual. Term used by homosexuals and bisexuals.","[{""sentence"": ""Судя по тому, что мечты бывают только голубые и розовые, натуралы вообще не мечтают…"", ""translation"": ""Seeing as dreams are either blue or rose it appears that straights don’t dream at all…""}]"
натуралка,"Straight woman, feminine ofнатурал.","[{""sentence"": ""Света — натуралка."", ""translation"": ""Svetlana is straight.""}]"
натянуть глаз на жопу (кому),To beat up.,"[{""sentence"": ""Пообещал соседу глаз на жопу натянуть… Куды его лучше отвести — к проктологу али к окулисту?"", ""translation"": ""I promised my neighbour to shove his head up his arse… Where should we rather take him, to the proctologist’s or to the oculist’s?""}]"
нафиг,Far away;,"[{""sentence"": ""Да, сиськи нужно показать, а не то забаню нафиг!"", ""translation"": ""Yes, you have to show your tits or I’ll fucking ban you!""}]"
нах,Short forнахуй.,"[{""sentence"": ""Если удалят и этот раздел уволюсь нах с этого форума."", ""translation"": ""If they delete this section as well, I’ll get the fuck out of this forum.""}]"
нахрюкаться,To get drunk.,"[{""sentence"": ""К концу вечера все они нахрюкались до поросячьего визга."", ""translation"": ""Towards the end of the evening, they had all got pissed like pigs.""}]"
нахуй,"Fuck off, get lost. Insulting negative reply.","[{""sentence"": ""Нахуй бога."", ""translation"": ""Russian navy ship, fuck off!""}]"
нахуйник,Condom. Literally “on-cock-er”.,"[{""sentence"": ""Да пиздец! Она весь день меня пытает куда я дел 5 нахуйников из двенадцатигандоновой упаковки и не верит сцука, што вчера мы, двое 23-летних мальчиков — митя и славик охотились капитошками на взрослых дядей и тётей."", ""translation"": ""Fuck! She’s been torturing me all day about where I put the 5 rubbers from the twelve-condoms pack and she can’t fucking believe that yesterday we two 23-year-old boys, Mitya and Slavik, were hunting adults with water balloons.""}]"
нахуя,What the fuck for. See alsoна хуя.,"[{""sentence"": ""Вот интересно насколько сегодня упадет РТС 5, 10%? И нахуя это было нужно? Они там политикой занимаются ОБА, а мы тут страдаем понапрасну("", ""translation"": ""I wonder how much the Russian stock exchange will fall today, 5%, 10%? And what was the fucking point of all this? They’re busy with politics up there, while we suffer down here.""}]"
нахуяриться,"To do something useless, superfluous;","[{""sentence"": ""Как бы его так пить, чтоб не нахуяриться? Сегодня в 7 у нас корпоратив… реально боюсь на нем обосраться :("", ""translation"": ""How the heck drink without getting pissed? We’ve got a company party tonight at 7… really scared of making a bloody fool of myself at it :(""}]"
нахуяриться,To get wasted.,"[{""sentence"": ""Как бы его так пить, чтоб не нахуяриться? Сегодня в 7 у нас корпоратив… реально боюсь на нем обосраться :("", ""translation"": ""How the heck drink without getting pissed? We’ve got a company party tonight at 7… really scared of making a bloody fool of myself at it :(""}]"
нахуячиться,"To get pissed, to binge, to drink too much — usually followed by the means of inebriation:Нахуячился водкой— “he got wasted on vodka”; see alsoнаебениться.","[{""sentence"": ""Вам, блядь, лишь бы упиться. Вот Никонов, блядь, с вами пить бы не стал, потому что, блядь, вы хуярите стаканами без всяких тостов, лишь бы нахуячиться!"", ""translation"": ""You’re, damn it, only looking to get pissed. Take Nikonov, fuck, he would not drink with you as you, fuck it, knock down shots without any toasts, just to get wasted!""}]"
не ебёт,"Does not matter, literally “does not copulate” — Ex:Меня это не ебёт— “I don’t give a damn”.","[{""sentence"": ""Впрочем, моя прошлая жизнь уже не ебет меня, я её так прочно стараюсь забыть, что, думаю, в конце концов забуду."", ""translation"": ""^By the way I already don’t give a fuck about my past, I try so hard to forget it that I think I’ll forget it in the end.""}]"
невъебенный,"Very big, huge — used to describe something that impressed the speaker by its dimensions. Literally “unfuckable”.","[{""sentence"": ""Заебал со своей невъебенной любовью."", ""translation"": ""He’s a pain in the ass with his endless love.""}]"
невъебический,"Fucking awesome, unbelievable, astounding.","[{""sentence"": ""Пиздец как меня бесит, когда начинают расписывать якобы невъебически полезные свойства тех или иных продуктов. Базилик с кунжутом тонизируют и очищают организм. Если голым бегать по базилику, появится тонус, а если сделать мочалку из кунжута, то организм очистится, блять."", ""translation"": ""It fucking pisses me off when they start describing the supposedly incredibly beneficial properties of certain foods. Basil and sesame seeds tone and cleanse the body. If you run naked on basil, you’ll get toned, and if you make a loofah out of sesame seeds, your body will be cleansed, damn it.""}]"
невъебучий,Rare variant ofневъебический.,"[{""sentence"": ""Типа если у меня инет больше 50 на спидометре не наматывает, нахера было брать самый невъебучий модем."", ""translation"": ""So, if my internet doesn’t go over 50 on the speedometer, why the hell did I buy the coolest modem?""}]"
недоёб,"Sexual frustration, feeling of not getting one’s fair share of hanky-panky.","[{""sentence"": ""К: Начальница не удовлетворена?Н: Угу :) Счас у неё недоёб."", ""translation"": ""K: Is the boss not satisfied?H: Uh-huh :) She’s currently not getting laid enough.""}]"
недоёбанный,"Idiot, stupid (who has not been fucked properly).","[{""sentence"": ""Я как представила, как надо мной потом официантки эти недоёбанные ржать будут."", ""translation"": ""I imagined how those fucking waitresses would laugh at me afterwards.""}]"
недоёбок,"Moron, idiot (who has not been finished properly).","[{""sentence"": ""Пубертатные недоебки и перезрелые лузеры пользуются демократическим устройством современных обществ и тем, что их сраное мнение с точки зрения базы данных весит столько же, сколько мнение интересного человека."", ""translation"": ""Pubescent inadequates and overripe losers take advantage of the democratic structure of modern societies and the fact that their shitty opinion, in terms of the database, weighs just as much as the opinion of an interesting person.""}]"
немчура,"Krauts, insulting way of naming Germans.","[{""sentence"": ""После обеда спрашиваю я у одного господина, тоже немчуры, как сказать по-немецки: «Покорнейше вас благодарю за хлеб, за соль»?"", ""translation"": ""After dinner, I asked a gentleman, also a Kraut, how to say in German: “I thank you very much for your hospitality”?""}]"
непруха,Bad luck.,"[{""sentence"": ""Ну так вот следом подошел второй троллейбус, туда я не успела… снова… Непруха, блин, тотальная!"", ""translation"": ""Well, so the second trolleybus came right up and I did not make it… again… Total fucking bad luck!""}]"
нестояк,Impotence. Also calledнестоячка.,"[{""sentence"": ""Я, конечно, понимаю, что старый импотент всегда найдет причину оправдать нестояк и свалить вину за него на международную обстановку, начальство, атмосферное давление или партнершу."", ""translation"": ""I of course understand that an old impotent always finds a way to justify his dropping member by giving the fault to the international situation, the boss, atmospheric pressure or his partner.""}]"
нефиговый,"Serious, not for laughs. Opposite ofфиговый.","[{""sentence"": ""Хата, к слову, однушка, практически студия, но с очень нефиговым евроремонтом."", ""translation"": ""The apartment, by the way, is a one-room flat, almost a studio, but with a really great European-style renovation.""}]"
"ни людей, ни блядей!","There’s no one around, nothing happens (“no person, no whore”).","[{""sentence"": ""да нехилый здесь наплыв, если такие халупы уже заранее резервируют… но делать нефиг приходится заселятся, ибо вариантов нао агора (сейчас нет)… смеркается, до океана рукой подать… а вокруг ни людей ни блядей… здесь все семейные, 100% бразильцы, пляж вымерший, ночной жизнью даже и непахнет."", ""translation"": ""Well, there seem to be loads of tourists here if even these shacks are booked in advance… but there’s nothing to be done, I have to check in as there arenão agora(not now) variants… It’s getting dark, the ocean is right there… and no one around… this is a family place, 100% Brazilians, the beach died out and it doesn’t smell like night life.""}]"
ниасилил,"I could not read it all, a comment usually posted after long and tedious posts. Deformation ofне осилил. The reason why a post has not been read entirely can be explained in detail.","[{""sentence"": ""Прикольные книги, классные =) до конца ещё ниасилил, потому что пришлось третью книгу убрать в шкаф."", ""translation"": ""Funny books, great =) haven’t got to the end yet because I had to put the third book away in the cupboard.""}]"
ниасилил патамушто вайна и мир,I could not read it because it is as long as “war and peace” (by Count Leo Tolstoy).,"[{""sentence"": ""ниасилил патамушто многа букаф и ваще «вайна и мир»"", ""translation"": ""tl;dr 2 many letters, it’s like “w4r & p34c3”.""}]"
ниибаццо,"Very much, seriously. Creative spelling ofнеебаться, also sometimes writtenниибадцо, неебаццо.","[{""sentence"": ""А уж когда оные люди себя считают ниибаццо интеллектуалами, презирающими остальное быдло, а сами: «Шансон? А что — по-моему, нормально» — то хочется кой-кого в газенваген таки загнать. Покатушки устроить вне очереди. Бесплатно."", ""translation"": ""Or a table made of redwood (in short, fucking expensive and rare), under which there’s a freaking mess of wires and sockets (instead of putting a brilliant rozetkus).""}]"
нипадеццки,"Seriously, deformation ofне по-детски(not childishly).","[{""sentence"": ""Карочи, чюваг абасралсо нипадеццки! Ужоснаххх!"", ""translation"": ""In short, the bloke shat himself seriously! Fucking awesome!""}]"
нихуя,"Fuck all, seeни хуя.","[{""sentence"": ""Бля, самый уебищный день в году – 1 января. Нихуя не происходит, никого нет, улицы пустые. Причем, так во всем мире."", ""translation"": ""Damn, the most fucked-up day of the year is the first of January. Not a fucking thing is happening, nobody around, empty streets. All around the world, mind you.""}]"
нихуяшеньки,"Bugger all, nothing. Derived fromни хуя.","[{""sentence"": ""Кто не согласен, тот нихуяшеньки не понимает во вкусе кофе."", ""translation"": ""Who disagrees doesn’t understand a fucking thing about the taste of coffee.""}]"
ништяк,"Cool, brilliant, splendid.","[{""sentence"": ""Вот и всё сказал мудрец и в воду канул.Он-то сдуру думал будет всё ништяк."", ""translation"": ""That’s all said the wise man and disappeared in the water.Foolishly, he thought everything would be fine.""}]"
ночная бабочка,Prostitute (Night-time butterfly).,"[{""sentence"": ""Иногда еду на машине, вижу стоит ночная бабочка и мне ее становится жалко, а телка то обалденная!"", ""translation"": ""Sometimes when I’m driving and I see a lady of the night standing there and I feel sorry for her, but what a fucking awesome bird!""}]"
няшечка,"Sweetie. Derives from the Japanese onomatopoeia ニャー/にゃあ (nyā), equivalent of the “meow” made by English-speaking cats, and used in anime to transmit a feel of sweetness and emotion.","[{""sentence"": ""(евровиденское) Ой, какая няшечка от Германии, я за неё!"", ""translation"": ""(About the Eurovision song contest) Behold, what a cutie from Germany, I’m for her!""}]"
няшка,"Cutie, seeняшечка.","[{""sentence"": ""Владимир Путин снял с должности замглавы Россотрудничества Наталью Поклонскую.Кажись няшка дозвезделась."", ""translation"": ""Vladimir Putin has removed Natalia Poklonskaya from her post as deputy head of Rossotrudnichestvo.It seems cutiepie’s star is fading.""}]"
няшный,"Sweet, cute, seeняшечка.","[{""sentence"": ""Завтра будет ещё более няшная фотка)))))"", ""translation"": ""Tomorrow there will be an even cuter pic)))))""}]"
обабить,"To turn a girl into a woman, to take her virginity;","[{""sentence"": ""Кирилл: Где найти достойную девушку? Хорошую добрую и без вредных привычек?Фома: Что б потом обабить ее и пойти на сторону…"", ""translation"": ""Kirill: Where can I find a decent girl? A good, kind one without bad habits?Foma: So you can then knock her up and cheat on her…""}]"
обабить,to get her pregnant.,"[{""sentence"": ""Кирилл: Где найти достойную девушку? Хорошую добрую и без вредных привычек?Фома: Что б потом обабить ее и пойти на сторону…"", ""translation"": ""Kirill: Where can I find a decent girl? A good, kind one without bad habits?Foma: So you can then knock her up and cheat on her…""}]"
обалденный,"Awesome, brilliant, great.","[{""sentence"": ""Квартира — обалденная… Ковры мохнатые по щиколотку, лампочки и столики во всех местах напиханы, бар забит пестрым суперпойлом — это он удачно зашел. Нет, в Париже хорошо."", ""translation"": ""The flat was smashing… Velvet carpets up to the ankles, lamps and tables standing in all places, the bar filled with neat, classy drinks — this had been his lucky move. You can’t say anything, it’s nice in Paris.""}]"
обалдеть,"To be impressed, to experience awe. Synonym ofофигеть.","[{""sentence"": ""Вот это встреча! Обалдеть можно! Я в такие случайности не верил, а тут вот сам столкнулся…"", ""translation"": ""Now that’s a meeting! Awesome! I did not believe in coincidence, and now I come across it myself…""}]"
обассака,"Something outstandingly funny (to the extent that the reader could wet himself), sometimes writtenабассакаorобоссака. Comes fromобоссаться(to wet oneself).","[{""sentence"": ""Ха-ха-ха, такая обассака: Пермь — сибирский аэропорт. Чета кремлевские пропагандисты из пушки мимо воробья промазали."", ""translation"": ""Ha-ha-ha, what a joke: Perm is a Siberian airport. Seems the propaganda guys from the Kremlin to have tried and failed to use a sledgehammer to crack nuts.""}]"
обдирать,To rob.,"[{""sentence"": ""Украинцы настолько глупы и богаты что позволяют обдирать их худшей в мире налоговой."", ""translation"": ""Ukrainians are so stupid and rich that they let the world’s worst revenue service rip them off.""}]"
обдрочиться,"To jerk off, masturbate.","[{""sentence"": ""Кстати Ёлик, если приедешь то свожу тебя в порномагазин, приготвь салфетки чтобы не обдрочиться :)"", ""translation"": ""By the way Yolik, if you come I’ll take you to the porn shop, bring some tissues so you don’t wank on yourself :)""}]"
обезьянник,"Jail cell with bars instead of walls, police car for the transport of suspects or inmates (“monkey’s cage”).","[{""sentence"": ""Майор выругался и подтолкнул к лейтенанту Артиста.— Этого в обезьянник.Парнишка достал ключи и открыл просторную клетку с лавочкой, куда помещают задержанных.— Проходите, — сказал он."", ""translation"": ""The major cursed and pushed the Artist towards the lieutenant.— That one in the slammer.The young man took out the keys and opened the spacious cage with a bench where the detainees are placed.— Go on in, — he said.""}]"
оберблядь,"Major whore, slut-puppy. Superlative ofблядьconstructed with the German prefixober.","[{""sentence"": ""Никакого сочувствия к Орбакайте у меня нет и даже не из-за того, что она дочь обербляди Пугачевой."", ""translation"": ""I have no compassion whatsoever with Orbakaite, and not even because she’s the daughter of über-slut Pugacheva.""}]"
обидеть,To rape and debase a fellow inmate.,"[{""sentence"": ""Другой вариант — сделать так, чтобы вас лично «обиженный» боялся так же, как и тех, кто его обидел."", ""translation"": ""Another option is to make the“offended” fears you as much as they fear those who offended them.""}]"
облом,"Fiasco, bad luck. Sometimes extended with a suffix toобломинго.","[{""sentence"": ""Отношения с Дашей сложились не сразу, — первая попытка соединиться с ней в день празднования 7 ноября завершилась обломом."", ""translation"": ""The relationship with Dasha did not work out straight away, the first attempt to get together with her on the November 7th holiday ended in a fiasco.""}]"
обломиться,"To cock up something, make a wrong decision. Imperfective:обламываться.","[{""sentence"": ""И как-то все его дело потом ― обломилось, оборвалось."", ""translation"": ""And somehow, his whole plan fell apart afterward, it came to an abrupt end.""}]"
обмудок,"Moron, dickhead.","[{""sentence"": ""Все, кто ниже одного метра шестидесяти сантиметров — полные обмудки и жалкие закомплексованные уроды."", ""translation"": ""All those smaller than 5 feet 3 inches are complete idiots and poor little monsters full of complexes.""}]"
обнулёныш,"Putin, the “nullified one”, since the modification of the constitution 2020 allowing him to govern until 2036 by nullifying the count of past presidential mandates.","[{""sentence"": ""Обнуленышу и Лукашу один и тот же политтехнолог тексты пишет?"", ""translation"": ""Does the same spin doctor write the speeches for Putin and Lukashenko?""}]"
обнулить,"To kill, destroy.","[{""sentence"": ""Там начали обнулять прямо на 56-ой точке людей. Те, кто отстали, вышли обратно. В общей сложности обнулили 5 человек, — заявил мобилизованный."", ""translation"": ""There they started liquidating people straight on the 56th point. Those who were lagging behind turned back. All in all they liquidated 5 persons, — explained the mobilised soldier.""}]"
обоссать (как два пальца ~),"Easily, without problem — has a bit of a childish note to it (answer to a dare).А это сможешь?(Can you match this?) —Как два пальца обоссать!. Sometimes the euphemismкак два пальца об асфальтis used instead.","[{""sentence"": ""Тут делать нечего, как два пальца обоссать."", ""translation"": ""Pop-feminism flourished in its worst form with the youth’s sponsor-seeking behaviour, for whom sleeping with someone for money is as easy as snapping fingers.""}]"
обоссать(ся),"To pee, to wet (oneself).","[{""sentence"": ""Многие расписывались на Рейхстаге или считали своим долгом обоссать его стены."", ""translation"": ""Many signed their names on the Reichstag or felt it was their duty to urinate on its walls.""}]"
обоссаться можно,"Literally “you’d wet yourself” — to underscore the comic of a situation, or ironically.","[{""sentence"": ""Ой как смешно — обоссаться можно…"", ""translation"": ""Now this is funny, you could wet yourself laughing…""}]"
объёб,"Fraud, scam.","[{""sentence"": ""Достижения современной российской чудо-техники продемонстрировали на форуме Путина — это робот Борис.Блин, и здесь опять объеб!"", ""translation"": ""The achievements of modern Russian wonder technology were demonstrated at Putin’s forum — it’s the robot Boris.Damn, it’s bullshit again!""}]"
объебать,"To con, to cheat, to trick.","[{""sentence"": ""Когда тебе уделяют слишком много внимания — значит тебя хотят либо объебать, либо выебать!"", ""translation"": ""When you are getting too much attention it means you’re either going to be conned or fucked!""}]"
объёбка,"Fraud, unfair business.","[{""sentence"": ""Это не магазин а объёбка — нихуя не высылают а деньги себе забирают."", ""translation"": ""It’s not a shop but a fraud, they don’t send shit but take the money.""}]"
овца,"Woman, girl (sheep).","[{""sentence"": ""Я в ТЦ видел ребенка, который, находясь в автомобилизированной тележке, в «пробке» в очереди к кассе высунулся вбок и заорал, грозя кулаком, на тетку, которая пересекла траекторию движения обычной тележкой, зацепив ему бампер, что-то типа «куда прешь, овца»… отец шустро покраснел, отдал управление жене и скрылся…"", ""translation"": ""I saw a kid in a shopping centre who, while in a car-trolley, in “traffic” in the queue for the cash register, stuck his head out sideways and shouted, threatening his fist, at a woman who had crossed his path with a regular trolley, snagging his bumper, something like “where you going, you ass”… the father promptly blushed, gave control to his wife and fled…""}]"
овцемобиль,Car driven by a woman (sheepmobile).,"[{""sentence"": ""Мой Овцемобиль готов принять на борт еще двух пассажиров. Желательно дам — мужчины слишком нервничают, когда я за рулем."", ""translation"": ""My birdmobile can take onboard two more passengers. If possible, ladies — men get too nervous when I’m driving.""}]"
огонь,"Hot, neat, awesome.","[{""sentence"": ""Новая передача на дожде огонь."", ""translation"": ""The new show on Dozhd ist brilliant.""}]"
однохуйственно,"Equal, of the same poor quality (similar toодинаково).","[{""sentence"": ""Все это однохуйственно и эквипенисуально. Главное — есть эффект и на кой хуй копаться, выискивая его причины. Главное — пользовать его!.."", ""translation"": ""I don’t give a fuck and don’t bestow an intercourse about all that. The main thing is that the effect is there, no point in trying to look for the fucking reason. It’s more important to use it!..""}]"
околевать,"To freeze one’s balls off, to be very cold. Perfective:околеть.","[{""sentence"": ""Hо я и тут околеваю, потому что мои якутские -35 не так страшны как тутошние -20… =("", ""translation"": ""But I freeze here as well, because my -35 in Yakutsk are not as fearful as -20 here… =(""}]"
олбанский,Internet slang with a creative approach to orthography. Seeалбанский.,"[{""sentence"": ""LexxUnder: Нашёл свою тетрадку за 1-ый класс… Я, блин, как выяснилось, уже тогда знал Олбанский :)"", ""translation"": ""LexxUnder: I found my exercise book from first class… Turns out I already had the skills to write short text messages then :)""}]"
опёздол,"Idiot, moron.","[{""sentence"": ""Кто не успел — тот опездол."", ""translation"": ""He who does not finish in time is a dickhead.(pun relying on the similar sounding опоздал, to be late).""}]"
опизденеть,"To be gobsmacked, amazed. seeохуеть.","[{""sentence"": ""Пpочитал и опизденел. Hастолько этот обpаз мыслей стал мне чyждым."", ""translation"": ""I read it and was stunned. That kind of thinking is so alien to me.""}]"
орк,"Russian soldier, derogative nicknamed given in 2014 by Ukrainian soldiers to their opponents, the inspiration comes from the less than positive image associated with orcs in Tolkien’sLord of the rings. In 2022 the term has gone from being army slang to being used widely even by official figures.","[{""sentence"": ""Это наш подъезд. Орки после того, как вскрыли квартиру, зачем-то вынесли наш столик в коридор и там кушали свои уебищные сухпайки, пили из моей любимой чашки и ели просроченный на год протеин моего парня. Надеюсь, они просрались."", ""translation"": ""This is our staircase. The Russkies took our table out into the hallway after breaking into the flat for some reason and were eating their fuckin’ dry rations there, drinking from my favourite cup and eating my boyfriend’s one year expired protein. I hope they got the runs.""}]"
остоёбело,Boring — can be used in the expressionМне это всё остоёбло— “All this is boring me to a major extent”.,"[{""sentence"": ""Нет, всё… мне это всё остоебело, на меня ото всюду давят, уже заебало просто… Я короче.. не знаю, но что-то мне начинает казаться, что отношения с Аней лучше закрыть."", ""translation"": ""No, that’s it… I’m fed up with all of this, it’s weighing on me from all sides, I’m just exhausted… I don’t know, but I’m starting to feel like it might be better to end the relationship with Anya.""}]"
остохуеть,"To tire, get on somebody’s nerves.","[{""sentence"": ""Ебучий диплом! Как же он остохуел! Простите за нецензурную брань…"", ""translation"": ""Fucking diploma! It’s a real pain in the ass! Excuse my French…""}]"
отбарабанить,"To screw, to have sex.","[{""sentence"": ""Ну, уж нет, барышня. Пардон. Максимум, что я могу для вас сделать, — это позволить вам меня, как это по-русски лучше сказать, отбарабанить."", ""translation"": ""Well, no, really, Miss. Pardon me. The most I can do for you is to let you, how shall I say, fuck me.""}]"
отбарать,"Fuck, rape.","[{""sentence"": ""Клёвую чувиху вчера отбарал!"", ""translation"": ""I screwed a cool chick yesterday!""}]"
отбуцкать,"Kick, hit with the feet. Neologism constructed around the English root “boots” (in colloquial Russianбуцыis a name for football shoes).","[{""sentence"": ""Но можно что сделать? Поскольку у нас министр образования — родной брат господина Фурсенко, можно там отбуцкать его за углом, чтобы он передал брательнику наш привет."", ""translation"": ""But what can we do? Since our minister of education is the brother of Mister Fursenko we can give him a kick around the corner so that he gives our greetings to his bro.""}]"
отвали,"Get lost, piss off.","[{""sentence"": ""Арно дал понять, что ему не очень понравилась последняя статья о нем на передовице издания под заголовком «Отвали, богатый придурок»."", ""translation"": ""Arnault made it clear that he was not amused by the front-page article about him under the heading “bugger off, rich sod”.""}]"
отдрючивать,"Fuck, screw;","[{""sentence"": ""Блин, если будет так… я не готов свой новенький велик так отдрючивать. Попробую старый реанимировать к субботе."", ""translation"": ""Man, if it’s gonna be like this… I’m not ready to put my brand-new bike through the wringer. I’ll see if I can resuscitate the old one by Saturday.""}]"
отдрючивать,To expose to extreme conditions.,"[{""sentence"": ""Блин, если будет так… я не готов свой новенький велик так отдрючивать. Попробую старый реанимировать к субботе."", ""translation"": ""Man, if it’s gonna be like this… I’m not ready to put my brand-new bike through the wringer. I’ll see if I can resuscitate the old one by Saturday.""}]"
отдрючить,"Fuck, screw.","[{""sentence"": ""После фильма «И всетаки люблю», как-то не по себе! Хочется отдрючить Катю!"", ""translation"": ""After the film “I love her nonetheless” I’m not feeling quite usual myself! I want to do Katia!""}]"
отдубасить,To beat up.,"[{""sentence"": ""На второй песне группы «День и ночь» между сценой и лавками началась драка. Несколько гопников отдубасили волосатого чувака."", ""translation"": ""During the second song of the group “Day and Night” a fight erupted between the scene and the benches. A few punks were roughing up a hairy bloke.""}]"
откидываться,To die.,"[{""sentence"": ""Что ты знаешь про депрессию? У тебя на глазах откидывался дознувшийся нарк?"", ""translation"": ""What do you know about depression? Have you seen an overdosing junkie kick the bucket before your eyes?""}]"
отлить,"To take a leak, to piss. Imperfective:отливать.","[{""sentence"": ""Остановившись отлить на стоянке, он попадает в роскошную групповуху."", ""translation"": ""Stopping to take a leak at a gas station he ends up in an elaborate group sex.""}]"
отмазать,"To help out, provide an alibi, give an excuse. The reflexive verbотмазатьсяimplies that one escapes trouble without external help. Imperfective:отмазывать.","[{""sentence"": ""В семье появились разногласия. Любимому сынуле пришло время отдать долг Родине… Моё мнение, что сын должен (даже обязан) отслужить в армейке, а жена его отмазывает всеми доступными способами. Кто прав?"", ""translation"": ""A difference of opinion appeared in our family. Time has come for our beloved son to serve in the army… My opinion is that my son should (and even must) serve in the army, but my wife wants him to dodge in any way possible. Who is right?""}]"
отмазка,"Excuse, alibi, pretext.","[{""sentence"": ""Сначала «депутат» пытался сказать что-то умное, но под конец скатился до банальных отмазок («я этого не видел», «зжесь я не присутствовал», «этот вопрос к Московской мерии»)"", ""translation"": ""At first, the “deputy” tried to say something intelligent, but in the end, he resorted to banal excuses (“I didn’t see that”, “I wasn’t present here”, “This question should be addressed to the Moscow City Hall”).""}]"
отморозок,"Idiot, jerk.","[{""sentence"": ""А ты-то кто? И почему этот отморозок так хочет тебя убить?"", ""translation"": ""So, who are you? And why does this jerk want to kill you?""}]"
отмочить,To do something rather original.,"[{""sentence"": ""Дедок отмочил прикол! Я под столом!"", ""translation"": ""The elder made a brilliant joke! I’m rolling on the floor laughing!""}]"
отодрать,"Bang, fuck, screw.","[{""sentence"": ""Получаю кайф от тестного контакта… чувствую что приплыву очень скоро, переворачиваю ее на спину и пытаюсь отодрать по-гусарски, закинув ее ноги на свои плечи."", ""translation"": ""I become ecstatic from the close contact… I feel that I’ll be coming real soon now, I turn her on her back and try to bang her hussar-style, throwing her legs on my shoulders.""}]"
отпиздить,To beat up — synonym ofдать пиздыbut also more hurtful to the receiving part; seeотмудохать.,"[{""sentence"": ""Если сказать православному, что попы — гандоны, православный тут же оставит камент: «Подкараулить бы тебя ночью и отпиздить трубой, сука». Если сказать демократу, что несогласные — мудаки, то демократ тут же оставит камент «Подкараулить бы тебя ночью и отпиздить трубой, сука»."", ""translation"": ""If you tell an Orthodox person that priests are assholes, an Orthodox person will immediately leave the comment, “I should ambush you at night and beat you with a pipe, bitch”. If you tell a Democrat that dissenters are assholes, the Democrat will immediately leave the comment “I should ambush you at night and beat you with a pipe, bitch”.""}]"
отсасывать,"To blow, fellate. Perfective:отсосать.","[{""sentence"": ""Сложенная в районе таза ее фигура как раз подходила для того чтобы заставить ее отсасывать у меня, пока я еще стоял на ногах."", ""translation"": ""Her bent around the basin figure was all right to get her to blow me while I was still standing on my feet.""}]"
отсос,"Blow job, fellatio.","[{""sentence"": ""Во второй заход все так же, сначала долго поднимала бойца отсосом, потом натер ей меж грудей."", ""translation"": ""The second round went the same way, first she at length revived the fighter with a blowjob, then I rubbed him between her breasts.""}]"
отсосать,To blow.,"[{""sentence"": ""Есть точка на внутреннем МКАДе между ул. Горбунова и ул. Молодогвардейская. 2 тетки средней внешности, но очень эротично одетые, предлагают отсосать за 1.000 и трахнуться в тачке за 2.000. Пока ни разу не пробовал, но попробую. Еще месяц назад предлагали отсос за 2.000, а трах за 3.000. Снизили цену, кризис, однако."", ""translation"": ""There’s a spot on the inner Moscow ring road between Gorbunov and Mologvardeyskaya street. Two average looking chicks, but dressed very sexy, offer to blow for 1,000 and fuck in the car for 2,000. So far I have not given it a go, but I will. Just last month they offered the BJ for 2,000 and sex for 3,000. They have lowered their prices, it’s the crisis, apparently.""}]"
оттрахать (обтрахать),"Fuck, screw.","[{""sentence"": ""Во втором заходе ограничились минетом, вернее я планировал оттрахать фейку в ЗКП и миссионерку не забыть, но получилось, что потерял контроль и приплыл. Расстроился немного."", ""translation"": ""During the second round we limited ourselves to a blowjob, that is to say I planned to fuck the whore doggy-style not to mention missionary, but it happened that I lost control and came. I was a bit disappointed.""}]"
отхерачить (охерачить),"To beat up, to beat the shit out of someone.","[{""sentence"": ""Скушно как… и после вчерашней уборки болит спина, прям как будто меня отхерачили палкой."", ""translation"": ""I’m bored… and after cleaning yesterday my back aches just as if I had been caned.""}]"
отхуесосить,To scold;,"[{""sentence"": ""Ну как тут не возникнуть желанию отхуесосить такого ретивого модератора?"", ""translation"": ""How can one not have the urge to scold such a zealous moderator?""}]"
отхуесосить,to beat up.,"[{""sentence"": ""Ну как тут не возникнуть желанию отхуесосить такого ретивого модератора?"", ""translation"": ""How can one not have the urge to scold such a zealous moderator?""}]"
отхуячить,"To fuck, have sex, screw;","[{""sentence"": ""Кто будет материться в церкви, того я палкой отхуячу!"", ""translation"": ""I’ll beat the fuck out of anyone who curses in church.""}]"
отхуячить,"To hit, beat up.","[{""sentence"": ""Кто будет материться в церкви, того я палкой отхуячу!"", ""translation"": ""I’ll beat the fuck out of anyone who curses in church.""}]"
отшить,"To rebuff, send packing, reject romantic advances.","[{""sentence"": ""Во-первых, я к ней уже подкатывал и она меня отшила, во-вторых, нужно подойти оригинально, а не с банального «Привет! Ты меня отшила, дай мне еще один шанс, потому что я пиздатый!», и в-третьих, подход ни в коем случае не должен провалиться, я должен уехать с ней!"", ""translation"": ""Firstly, I’ve already hit on her and she rejected me. Secondly, I need to approach her in an original way, not with a lame “Hey! You rejected me, give me another chance because I’m awesome!” And thirdly, the approach absolutely cannot fail, I have to leave with her!""}]"
отъебать,"To fuck, have sex ;","[{""sentence"": ""В результате «всех поймать и отъебать, кто съебался — тех догнать»."", ""translation"": ""As a result: catch everyone and fuck them up, whoever ran away — we’ll catch up to them.""}]"
отъебать,"scold, punish.","[{""sentence"": ""В результате «всех поймать и отъебать, кто съебался — тех догнать»."", ""translation"": ""As a result: catch everyone and fuck them up, whoever ran away — we’ll catch up to them.""}]"
отъебаться,"To leave alone, not to disturb.","[{""sentence"": ""— Отъебись…— Чего — отъебись? Ты чего ругаешься?— Пошел на xуй!— Я вот пойду, пойду тебе!— Пошшел ты… сволочь…— Я вот… я вот… пойду…"", ""translation"": ""— Fuck off…— Why fuck off? Why are you so rude?— Go fuck yourself!— I’ll go, there, I’ll go to show you!""}]"
офигеть,"To be surprised, astounded — seeохуеть.","[{""sentence"": ""ihaveabomb: с выходом каждого нового МС Офиса первые мысли не «офигеть, как удобно стало», а «да хуй с ним, привыкнем»."", ""translation"": ""Effing unbelievable…""}]"
офисный планктон,"White collar office worker, “office plankton”. Ironical name underlining the minor role of office clercs, comparable to plankton.","[{""sentence"": ""Лавочек очень много везде. В обед они все заняты офисным планктоном, которые пожирает свои ланчи."", ""translation"": ""There are lots of benches all over. At noon there are all taken up by cubicle workers eating their lunch.""}]"
оффтоп,"Off topic, borrowed from the English expression. Written in Cyrillicоффтопикseems to be a diminutive (with the -икending) and was therefore shortened to a more serious lookingоффтоп.","[{""sentence"": ""Извиняюсь перед администрацией и модераторами за оффтоп, но мне нужна помощь художников данного сообщества, будьте снисходительны."", ""translation"": ""I ask the administration and moderators for forgiveness for this off topic, but I need the help of a painter of given community, please be indulgent.""}]"
охренеть,"To be baffled, stunned, surprised.","[{""sentence"": ""В пятницу прокол вышел. Секретарша решила перестраховаться, и чтобы не забыть перевести в понедельник часы, перевела их прямо в пятницу. Ну без задней мысли, конечно, в обеденный перерыв обязательно. В общем, гендир реально охренел, когда в 17.10 зашёл к нам, а все уже посмотрели на часы и «в 18.00» домой ушли :-)"", ""translation"": ""On Friday, there was a mishap. The secretary decided to play it safe, and to avoid forgetting to change the clocks on Monday, she changed them right on Friday. Of course, without any ulterior motive, just during the lunch break. Anyway, the CEO was really surprised when he came to see us at 5:10 PM and found that everyone had already checked the clocks and left for home at 6:00 PM :-)""}]"
охуевание,"Unbelievable surprise, astonishment.","[{""sentence"": ""Мой кот прошёл все стадии взаимоотношений с вентилятором. 1) дикий ужос 2) осторожный интерес 3) охуевание и битьё его лапами 4) теперь он лежит перед ним и балдеет, прохладно… хорошо…"", ""translation"": ""My cat has gone through all the stages of its relationship with the fan. 1) wild terror 2) cautious interest 3) amazement and batting it with paws 4) now it lies in front of it and enjoys the coolness… feels good…""}]"
охуение,"Intense emotional experience, gobsmacking feeling, extremely inadequate behaviour.","[{""sentence"": ""Почему Терешкова? Все просто: охуение Путина достигло космических масштабов."", ""translation"": ""Why Tereshkova? It’s easy: Putin’s fucking blown mind has reached cosmic levels.""}]"
охуенно,"Fucking great, gobsmacking — seeохуительно.","[{""sentence"": ""Почти столетье неизменноПиздит нам партия о том,Что скоро будет охуенно."", ""translation"": ""A trip around the world in helicopter — that’s so fucking awesome!""}]"
охуенный,Fantastic;,"[{""sentence"": ""Кризис кризисом, а кофе должен быть охуенным."", ""translation"": ""So there’s a crisis, but coffee still has to be gobsmacking.""}]"
охуенный,"Big, heavy, massive.","[{""sentence"": ""xxx: Ну вот как вам, блядь, еще объяснить, что это великая страна с охуенной культурой?"", ""translation"": ""xxx: So how could I explain to you wanker that this is a great country with a fucking awesome culture?""}]"
охуенчик,"Something neat, awesome, derived fromохуеть.","[{""sentence"": ""Трасса М29 «Кавказ» — охуенчик, никто денег не вымогает и в голову не стреляет, по крайней мере на участке до Владикавказа."", ""translation"": ""The M29 “Caucasus” highway is awesome, no one extorts money or shoots you in the head, at least on the stretch up to Vladikavkaz.""}]"
охуеть,"To blow the fuses, to act in a way that will draw criticism;","[{""sentence"": ""Судя по вашим охуевшим лицам, вы слегка удивлены…"", ""translation"": ""Judging from your gobsmacked faces you must be somewhat surprised…""}]"
охуеть,"To be gobsmacked, astounded. Imperfective:охуевать.","[{""sentence"": ""Судя по вашим охуевшим лицам, вы слегка удивлены…"", ""translation"": ""Judging from your gobsmacked faces you must be somewhat surprised…""}]"
охуёшка,"Something amazing, gobsmacking (depending on the context it can be both positive or negative). Sometimes writtenохуйошка.","[{""sentence"": ""Охуешка… пака сматрела думала аписаюся)"", ""translation"": ""Awesome… I thought i’d wet myself watching it)""}]"
охуительно,"Good, fucking positive — derived fromхуй; used as an antonym toхуево.","[{""sentence"": ""Понимая, что «музыку не остановить», я делаю вид, что мне охуительно интересно, и говорю, что, конечно, хочу в одночасье стать рыбным олигархом, особенно с таким умным партнером, как Тимур, который все сам рассчитал."", ""translation"": ""Understanding that “you can’t stop the music” I pretend to be fucking interested and say that, of course, I want to become straight away a fishing oligarch, especially with such a partner like Timur who figured it all out himself.""}]"
охуительный,"Brilliant, magnificent, splendid.","[{""sentence"": ""Охуительный инструмент! Мне оочь понравился звучанием."", ""translation"": ""Fucking great instrument! I like the sound of it a lot.""}]"
очепятка,"Typing error, misspelling. It is the wordопечатка(misspelling) misspelt on purpose.","[{""sentence"": ""Прошу прощения, но в посте очепятка."", ""translation"": ""I am sorry but the post contains pissmellings.""}]"
очко,Anus;,"[{""sentence"": ""Лучше нет влагалища чем очко товарища."", ""translation"": ""There’s no pussy like your mate’s jacksy.""}]"
очко (щупать ~),To bugger (“pet the little eye”).,"[{""sentence"": ""И тут до него дошло, — она щупает его очко!"", ""translation"": ""And then it came to him — she was fondling his asshole!""}]"
очковать,"To be afraid, to chicken.","[{""sentence"": ""Димон: Чё-то я очкую, Славик…"", ""translation"": ""Dimon: Somehow I feel unsure, Slavik…""}]"
очковтирательство,Scam.,"[{""sentence"": ""Президент Узбекистана продолжил очковтирательство."", ""translation"": ""The President of Uzbekistan continued with the deception.""}]"
"падла, падло","Bastard, traitor — literally “corpse”.","[{""sentence"": ""Если вам говорят «Где ж ты, падло, шлялся?», значит, вас ждали с нетерпением?"", ""translation"": ""If you are asked “Where the fuck have you been?” it means you have been eagerly awaited?""}]"
палить,To shoot;,"[{""sentence"": ""Чел сидит спиной к стене так, что те, кто мимо проходят, не могут палить монитор."", ""translation"": ""The bloke sits with his back to the wall so that passers-by cannot stare at his screen.""}]"
палить,"To look, watch.","[{""sentence"": ""Чел сидит спиной к стене так, что те, кто мимо проходят, не могут палить монитор."", ""translation"": ""The bloke sits with his back to the wall so that passers-by cannot stare at his screen.""}]"
палку (вставить ~),"To copulate, literally “to insert the stick”.","[{""sentence"": ""Такой эффект у меня уже был от посещения неподмытой мадам, правда тогда я вторую палку поставить так и не смог — уж больно запах был сильный."", ""translation"": ""I’ve had this effect before from visiting an unwashed madam, I truly couldn’t go for a second boning then — the smell was too strong.""}]"
палку кинуть,To copulate (“to throw the stick”).,"[{""sentence"": ""Наверно лучший трах за последние несколько месяцев! Кинул правда всего одну палку, но зато какая это была палка! Прямо таки палчище!"", ""translation"": ""Probably the best fuck in the last few months! Although I banged her just once, but that was a big bang! A cosmic big bang!""}]"
панель,Place where street prostitutes wait for clients. Initially means pavement.,"[{""sentence"": ""Судя по известным мне деталям её биографии на панель она пошла исключительно из за внезапной денежной нужды, когда потеряла работу и не смогла своевременно найти другую."", ""translation"": ""According to the details of her biography that I know, she started turning tricks solely because of a sudden need for money when she lost her job and could not find another one in time.""}]"
папик,"Senior criminal in an organisation, usually middle aged, financially secure and overweight.","[{""sentence"": ""Вадик грозен сам по себе, но еще более грозными могут оказаться его возможные приятели. Стукни такого, а он возьмет и пожалуется браткам с папиком. Самое обычное дело."", ""translation"": ""Vadik is a tough guy, but his connections could make him even tougher. Mess with him, and you might end up dealing with his bros and godfathers.""}]"
парашют,Condom (“parachute” in standard Russian).,"[{""sentence"": ""Начинаю спрашивать про указанные допы; выясняется что все только с парашютом, услуг никаких, строго классика и ни шага в сторону…"", ""translation"": ""I start enquiring about the mentioned extras; turns out everything only with a rubber, no services, plain classic and nothing more…""}]"
парить,"To talk up, to coax (“to steam”).","[{""sentence"": ""И не надо мне парить что вы в данный момент не напевайте эту (её) песню!"", ""translation"": ""And don’t try to tell me you’re not humming that (her) tune right now!""}]"
париться,To worry.,"[{""sentence"": ""Пусть не парится в поисках халявной программы."", ""translation"": ""He should not waste time looking for free software.""}]"
паршивый,"Rotten, very bad.","[{""sentence"": ""Но Чертопханов не только не отвечал на его привет, а даже рассердился, так весь и вспыхнул вдруг: паршивый жид смеет сидеть на такой прекрасной лошади… какое неприличие!"", ""translation"": ""But Chertopkhanov not only didn’t respond to his greeting, he even got angry, suddenly flaring up: a lousy Jew dares to sit on such a beautiful horse… what an outrage!""}]"
пасть захлопни,Shut your mouth.,"[{""sentence"": ""А ты захлопни пасть, не выскакивай."", ""translation"": ""Shut your mouth, don’t stand out.""}]"
пати,"Party, loaned from the English word.","[{""sentence"": ""Пойду на Пати, если меня там напоят текилой сан-райз."", ""translation"": ""I’ll go to a party if supplied with tequila sunrise.""}]"
пахать,To work hard.,"[{""sentence"": ""Если все начнут пахать, кто же будет отдыхать?"", ""translation"": ""if everyone starts working, who then will be relaxing?""}]"
паяльник,"Prick, penis (“soldering iron”).","[{""sentence"": ""Сказала что паяльник в ШГ её пугает, а так согласная она."", ""translation"": ""She said that a donkey dick up the arse would frighten her, otherwise she’d agree.""}]"
педик,"Homosexual, diminutive derived from the Greek παιδεραστής.","[{""sentence"": ""— Да кто с тобой, уродом, вообще станет трахаться, может только педик какой-нибудь!"", ""translation"": ""— Well, who would even fuck you, you monster, maybe only some sort of faggot!""}]"
пелотка,"Female genitalia, by extension women in general. Fromпилотка.","[{""sentence"": ""Отдельно нужно отметить очень аккуратную и вкусную пелотку, в которую немедленно и со вкусом впился «Эзопов езык»."", ""translation"": ""Separate mention to the very neat and tasty pussy, which was immediately and tastefully infused with “Aesop’s tongue”.""}]"
пелотка не бритайа,"Bad, uninteresting (lit. “unshaved pussy”).","[{""sentence"": ""Девушка в украинской рекламе Билайна без трусов. Низачот, пелотка небритая."", ""translation"": ""The bird in the Ukrainian beeline add wears no trousers. Epic fail, unshaved beaver.""}]"
пендос,"Yankee, American, corruption ofпиндос.","[{""sentence"": ""Доброе утро всем, кто проспал урок истории, потому что уже слушал двадцать лет про то как раньше было классно, а потом нас надули обманули обвели вокруг пальца оставили с носом наебали понимаешь наврали нам в лицо смотрели и лгали пиздели прямо соврали сказали не правду. Всё это ещё переслушивать на английском — нет, спасибо, я конечно ебанулся, но рассудок сохранил. А вот пендосы пусть страдают!"", ""translation"": ""Good morning to everyone who missed history class because they’ve been hearing for twenty years how great things used to be, and then we got screwed over, tricked, fooled, left high and dry, completely shafted, you understand, lied to our faces, they looked us in the eye and lied, bullshitted us, straight-up lied and told us untruths. Listening to all of this again in English? No, thanks, I may be crazy, but I’ve still got my sanity. Let the Yanks suffer instead!""}]"
пент,"Cop, policeman. This pun mirrors the change of name of the police in Russia in 2011 (fromмилицияtoполиция) and jokingly applies it to the slang wordмент.","[{""sentence"": ""В этом кадре сразу пять вооруженных людей — охранник в дверях банка, два федеральных пента, два муниципальных пента. Если их не будет, туриста ограбят уже через минуту."", ""translation"": ""On this picture there are five armed persons at once: the security guy at the bank entrance, two federal cops, two city cops. If they were not there a tourist would get robbed within a minute.""}]"
"первак, первач",Moonshine after the first distillation.,"[{""sentence"": ""Однако с точки зрения химии первач — адская смесь спирта и вредных химических веществ."", ""translation"": ""However, from a chemical standpoint, heads are a hellish mixture of alcohol and harmful chemicals.""}]"
первый нах,"Typical first comment to any post, underscoring that the author is the first. Probably a contraction ofпервый, нахуй(I’m first, screw you).","[{""sentence"": ""Вт, 23:22: Первый нах в ворота Польши."", ""translation"": ""Tuesday, 23:22: Bloody first one in the Polish goal.""}]"
пердак,"Arse, butt, bum.","[{""sentence"": ""Не соответствуют: Пердак — здоровый и некрасивый, кожа на спине и плечах не ухоженная, есть прыщи."", ""translation"": ""Not corresponding: the butt — big and ugly, the skin on the back and shoulders is not groomed, there are zits.""}]"
пердёж,Fart.,"[{""sentence"": ""Почему пердеж то жутко воняет, то совершенно нейтрален? Как добиться постоянства?"", ""translation"": ""Why does some farts stink, then they are completely neutral? How do you achieve consistency?""}]"
пердеть,To fart. Perfective:перднуть.,"[{""sentence"": ""А мой пердит постоянно, особенно во сне, ужас просто, иногда такую газовую камеру под одеялом устраивает, мне приходится вставать из идти куда-нибудь ждать, когда проветрится."", ""translation"": ""Mine farts all the time, especially while sleeping, it’s just awful, sometimes he builds up such a gas chamber under the blanket that I have to get up and go somewhere else while I wait for fresh air.""}]"
пердила,"Farter, dumbass, wanker. Also used in the neutral form asпердило.","[{""sentence"": ""Депутат, ты там в край ебнулся, что ли? Как, блять, можно не использовать мат в русском языке? Это же и есть русский язык, педрила ты неграмотная. Кого ебет твой сраный указ, мудилка ты картонная?"", ""translation"": ""MP, are you out of your fucking mind or what? How can one speak Russian and not use the fucking obscene slang? That is actual Russian, you stupid moron. Who gives a shit about your bloody decree, paper pushing wanker?""}]"
пердолёт,"Car, rust-bucket. The name implies that farting is the main power of the vehicle, it can sometimes be used for other means of locomotion.","[{""sentence"": ""Меня поразила 20-этажная электропарковка посреди низкорослой бедняцкой застройки. Почему, сука, в Москве не могут такую хуйню построить? (Правильный ответ: потому что москвич не может ехать на 13-й этаж за своим пердолетом, ему нужно обязательно парковаться у подъезда.)"", ""translation"": ""I was struck by the 20-storey electric car park in the middle of a low-income housing estate. Why the fuck can’t they build that shit in Moscow? (Correct answer: because a Muscovite cannot go to the 13th floor to get his crate, he has to park next to his stairs).""}]"
пердун,"Farter. Often used as an general insult, especially in connection with the adjectiveстарый(old fart).","[{""sentence"": ""Задачу перед нами Филин поставил простую: поговорить с дедом Серафимом так, чтобы старый пердун окончательно забыл о городе."", ""translation"": ""Filin gave us a simple task: to talk to old Serafim in a way that makes the old fart completely forget about the city.""}]"
перепихнуться,"To fuck, screw.","[{""sentence"": ""Он же тебе не жениться предлагает, а просто перепихнуться… Ну может потом ещё раз…"", ""translation"": ""He is not proposing marriage, but just shagging… Well, and maybe after that once more…""}]"
перепихон,"Sex, fuck session.","[{""sentence"": ""Так вот и прошло минут 40-45 перепихона, после чего было вежливо предложено как-нибудь кончить)"", ""translation"": ""That’s how about 40-45 minutes of shagging passed, after which I was politely invited to somehow cum)""}]"
перепихончик,"Intercourse, sex. Diminutive ofперепихон.","[{""sentence"": ""Пробыл я ровно час от захода в хату, после перепихончика спокойно помылся, оделся."", ""translation"": ""I stayed for exactly an hour from entering the place, after the shag I quietly washed and dressed.""}]"
переть,"To dig, appreciate. Often used in youth slang in following passive construction:мне (не) прёт от этого(“I totally/don’t dig this”).","[{""sentence"": ""Начал смотреть этот советский сериал по Толстому (А. который), и окончательно понял почему меня не прет от многих классиков (скажем, не прет от Достоевского, Куприна и иже с ними, но прет от Чехова, думаю в целом понятно)."", ""translation"": ""Everything was nice and accurate, she started tripping really fast. It’s usually noticeable when she’s faking or tripping.""}]"
переться,"To go somewhere, to have a cumbersome journey.","[{""sentence"": ""Вот честно — сижу вчера вечером и думаю — к кому б поебаться съездить? Да так лень, шо пиздец куда-то переться… вот если б кто в офис приехал, подрочил и отминетил — тогда ладно…"", ""translation"": ""Well frankly, I was sitting around yesterday evening thinking whom I should go to for a fuck? But I got so lazy that I couldn’t be bothered to go anywhere… if somebody had come to the office for a handjob and a blowjob then it would have been all right…""}]"
перехуярить,"To hit with violence, to beat up, to kill.","[{""sentence"": ""А вот какой еще урок из этого можно извлечь? А очень простой: один вооруженный человек может перехуярить сколько угодно безоружных."", ""translation"": ""And what other lesson can we learn from this? A very simple one: one armed person can screw over any number of unarmed ones.""}]"
песдато,"Good, great, brilliant. Corrupted spelling ofпиздато.","[{""sentence"": ""Я б на выборы пошла. Было бы песдато. Чем я хуже, бла-бла-бла, прочих кандидатов? Ни программы, ни интриг."", ""translation"": ""I’d stand for election. That would be neat. How am I worse, bla-bla-bla, than other candidates? No program, no intrigues.""}]"
песдец,Deformed spelling ofпиздец.,"[{""sentence"": ""А ты статью полностью читала? Этож песдец."", ""translation"": ""Well, did you read the article through? It’s mindboggling.""}]"
пеструшка,"Fag, queer. Derogative term from Russian cant.","[{""sentence"": ""Раздражают малолетние пеструшки… Нет чтобы чем-то полезным заняться."", ""translation"": ""Those young pooftahs get on my nerves… as if they don’t have anything sensible to do.""}]"
петрушить,"To screw, fuck.","[{""sentence"": ""Марина расказала, что балкон этих соседей выходит под углом аккурат на окно комнаты, где я ее трахал… Сосед часто ходит курить, слушает крики девок из-под клиентов, и возбудившись идет жену петрушить… Вопчем с приходом борделя в этот дом, в семье соседей проблема недойопа жены перестала существовать…"", ""translation"": ""Marina explained that the balcony of those neighbours was at an angle right under the window of the room, where I fucked her… The neighbour often comes out for a smoke, listens to the moans of the girls under their clients and all excited he leaves to shag his wife… In short since the brothel moved into the house the problem of sex starvation of the wife in the neighbours’ family does not exist anymore…""}]"
пивас,"Beer. Derived fromпиво, the diminutive formпивасикis also commonly used.","[{""sentence"": ""Вспомним, как бедные украинцы строили стадионы на деньги налогоплательщиков, как прокладывали шоссе, чтобы какие-то евромудаки с пивасом в руках могли доехать до этих стадионов."", ""translation"": ""Remember how those poor Ukrainians erected stadiums on taxpayers’ money, how they built roads so that some eurobuggers with a beer in hand could get to the stadiums.""}]"
пидар,Aleternative orthography ofпидор(pooftah).,"[{""sentence"": ""А ты ублюдок который деньги ворует, бабки делаешь на горе людей, а украинцы наивные слишком. Пидар бессовесоный."", ""translation"": ""And you are a money-stealing bastard, making money off people’s woes and Ukrainians are too naive. Unprincipled faggot.""}]"
пидарас,"Queer, poofter. Seeпидорас.","[{""sentence"": ""Я считаю, что безработных нет, есть пидарасы безрукие."", ""translation"": ""I say there are no unemployed, there are just some clumsy faggots.""}]"
пидор,"Faggot, queer.","[{""sentence"": ""Выборы, выборы, кандидаты — пидоры!"", ""translation"": ""Elections, elections, candidates are faggots!""}]"
пидорас,"Queer, poof, faggot or somebody held in a similar low esteem (from the point of view of the one saying it).","[{""sentence"": ""Картины — говно, а художники — пидорасы."", ""translation"": ""The paintings are shit and the painters a bunch of pooftahs.""}]"
пидорка,"Wool headwear, the term is neither flattering for the hat nor for the wearer.","[{""sentence"": ""Кто-то стоит в кепке, кто-то в пидорке, стандартные пуховички, джинсики, ботиночки. Короче, ребята экипированы по вечернему. Подготовились, молодцы."", ""translation"": ""Some are wearing a cap, others wear a bobble hat, standard down-padded coats, jeans, boots. In short, the lads are equipped for the evening. Well prepared, boys.""}]"
пизда,"Cunt, female genitalia. The word stems from proto-indoeuropean*písdeh₂, which gave similar or identic terms in most Slavic and Baltic languages.","[{""sentence"": ""Как ни тыкай, ни ворочай —хуйпизды всегда короче."", ""translation"": ""No matter how you poke or shove it, the dick is still short than the cunt.""}]"
пизда,"Woman, girl;","[{""sentence"": ""Сука, блять, можно в Нью-Йорке купить билет на русском, а в Москве нужно стоять в очереди к тупой пизде, которая смачивает палец в грязном поролоне."", ""translation"": ""The truth is with us, Russia is with us, we are utterly fucked.""}]"
пизда с ушами,Slut — literally a “pussy with ears”.,"[{""sentence"": ""Его романтичной душе нужна была не просто дырка, ему нужна была говорящая пизда. И с ушами."", ""translation"": ""His romantic soul needed more than just a hole, he wanted a talking cunt. And with ears.""}]"
пиздабол,"Liar, bullshitter.","[{""sentence"": ""Тем временем предводитель пиздаболов, главный оракул Дмитрий Колчанов, гендир «Ягуар Ленд Ровер Россия» покинул свой пост. Но не потому, что его выпиздили за злостное пиздабольство (как можно было бы ошибочно предположить), а потому, что его перевезли в Лондон в штаб-квартиру Ленд Ровера на должность регионального директора по зарубежным рынкам."", ""translation"": ""In the meantime, the leader of the bullshitters, chief oracle Dmitry Kolchanov, general director of “Jaguar Land Rover Russia” left his job. Not because he got the slip due to his mean bullshitting (as one might have thought), but because he was transferred to the London HQ of Land Rover in the position of regional director for overseas markets.""}]"
пиздабольство,Bullshit.,"[{""sentence"": ""Я написал «почему-то», хотя прекрасно знаю почему. И вы знаете. Потому что маркетинг это чистейшее пиздабольство."", ""translation"": ""I wrote “for some reason” although I know perfectly why. And you know it. Because marketing is pure bullshit.""}]"
пиздаёб,Stupid git. Seeпиздоёб.,"[{""sentence"": ""Слыш ты, пиздаёб мелкий, свою харь закрой, а то я те туда гитару всуну!"", ""translation"": ""Listen, you little fucker, shut your mouth or I’ll shove the guitar down it.""}]"
пизданутый,"Crazy, loony, weirdo.","[{""sentence"": ""Лео: ну он пизданутый немного, но забавный. Он в прошлом году в аварию попал, клиническая смерть была, откачали. Из больницы когда вышел, поставил статус в аське «возраст 24 года, аптайм 41 день»."", ""translation"": ""Leo: well, he’s a bit of a weirdo, but entertaining. Last year he had an accident, clinically dead, but they pulled him through. When he left hospital he changed his ICQ status to “aged 24, uptime 41 days”.""}]"
пиздануться,"To fall down, to hit something;","[{""sentence"": ""я решила что паркур это моё попыталась перепрыгнуть через шлагбаум и пизданулась лицом об асфальт так что разбила подбородок я такая катастрофа просто не могу????"", ""translation"": ""The propaganda is completely off the deep end, of course""}]"
пиздарики,"Youth slang forпиздец, same meaning.","[{""sentence"": ""Пиздарики, блядь! Что там у нас показывает?"", ""translation"": ""Fucking hell with bells and whistles, blimey! What’s it showing there?""}]"
пиздатый,"Good, amazing (seeраспиздатый).","[{""sentence"": ""Смотри, какая пиздатая тачка."", ""translation"": ""Check out this brilliant car.""}]"
пизде (в ~),In a difficult situation.,"[{""sentence"": ""А я сейчас в пизде. Только время от времени хватаюсь рукой за голову и без всяких эмоций выпучив глаза очень громко кричу «блядь!»"", ""translation"": ""Well I’m truly screwed now. Only every now and then I grab my head with my hand and with my eyes bulging out very loudly scream without any emotion “fuck!”.""}]"
пиздёж,Lie;,"[{""sentence"": ""По поводу происхождения шалушки обычно задаётся ритуальный вопрос, на который отвечают чаще всего ритуальным пиздежом."", ""translation"": ""Regarding the origin of the grass usually the ritual question is asked, and as a rule answered with ritual bullshit.""}]"
пиздёж,mindless and useless discussion.,"[{""sentence"": ""По поводу происхождения шалушки обычно задаётся ритуальный вопрос, на который отвечают чаще всего ритуальным пиздежом."", ""translation"": ""Regarding the origin of the grass usually the ritual question is asked, and as a rule answered with ritual bullshit.""}]"
пиздёныш,"Young idiot, git.","[{""sentence"": ""Вали отсюда, пиздёныш!"", ""translation"": ""Bugger off, you twat!""}]"
пиздеть,To small-talk —Пойдём попиздим“let’s chat a bit”;,"[{""sentence"": ""Я тебя умолял будь моею,Заебался пиздеть про любовь."", ""translation"": ""I begged you to be mine,I can’t go on bullshitting about love.""}]"
пиздеть,"to tell lies — the verb stems fromпизда,Заебал уже, хватит пиздеть“I’ve had enough of this shit, stop it”.Не пизди!“stop taking the piss”.","[{""sentence"": ""Я тебя умолял будь моею,Заебался пиздеть про любовь."", ""translation"": ""I begged you to be mine,I can’t go on bullshitting about love.""}]"
пиздец,"Fiasco, fail, the end of it all, something neat. The meaning can be heavily altered by the context. Can be further defined asполный пиздец(complete fuck-up) orфеерический пиздец(epic fail). Euphemistical variants:абзац,капец,песдец,песец,пипец (ппц),трындец.","[{""sentence"": ""Вообще, отечественная индустрия создания плакатов к фильмам — это феерический пиздец."", ""translation"": ""Actually, the national movie poster industry is a fucking nightmare.""}]"
пиздить,"To hit, to beat up;","[{""sentence"": ""За романтизацию психических расстройств готова пиздить палкой. Не делайте так, пожалуйста."", ""translation"": ""For romanticising mental illness I’m ready to fuck you up with a stick. Don’t do that, please.""}]"
пиздища,"Quiff, cunt, vagina. Superlative ofпизда.","[{""sentence"": ""Ей конский хуй надо засунуть в пиздищу!"", ""translation"": ""She needs to have a horse’s cock shoved up her wide pussy!""}]"
пиздобол,"Chatter-mouth, bullshitter, liar.","[{""sentence"": ""Если решил не убивать романтику и продолжить играть роль пиздабола-задушевника — выбираешь место для второго свидания более активное."", ""translation"": ""If you decided not to kill romantism and go on playing the talkative soulmate then you should choose a more active place for the second date.""}]"
пиздобольство,"Bullshit, nonsense.","[{""sentence"": ""К сожалению, у меня не хватает словарного запаса, чтобы передать ту степень фантасмагорического вселенского ебанистического пиздеца, которым является все пиздобольство про пользу пирамидальной формы."", ""translation"": ""Unfortunately, I don’t have the vocabulary to convey the degree of the phantasmagoric, cosmic clusterfuck that all the bullshit about the benefits of the pyramidal shape is.""}]"
пиздовато,"Bad, damned, stupid.","[{""sentence"": ""Кстати, между нами так говоря, футбол охуенная игра. Ненавидеть спорт это пиздовато абсолютно."", ""translation"": ""By the way, between us, football is a fucking great game. To hate sport is completely bollocks.""}]"
пиздовать,"To go, or drive, somewhere. Synonym ofпиздрячитьandпиздячить.","[{""sentence"": ""Так-вот, сегодня пришлось с самого утра пиздовать в ублюдочно-пафосный магаз «Наш Дом»: строй-материалы для ремонта закупать."", ""translation"": ""So right, today I had to go to the bloody and full of pathos shop “Our House” in the morning to buy building materials for the renovation.""}]"
пиздой накрыться,"To crash, collapse, fail, cease functioning.","[{""sentence"": ""Мой пентюх пиздой накрылся."", ""translation"": ""My pentium crashed.""}]"
пиздокрыл,Aeroplane. seeпиздолёт.,"[{""sentence"": ""Ну че там с багом? Где пиздокрыл этот?"", ""translation"": ""What’s up with the bug? Where’s the bloody plane?""}]"
пиздолиз,Cunt-licker.,"[{""sentence"": ""Все тут знают, что надо относиться к людям так, как хотите чтобы относились к Вам. Вы в свою очередь своей грубостью и хамством оскорбили нашего клиента, когда он уходил, а Вы выбирали программы. Начали кричать девушке администратору что вы не «пиздолизы» чтобы брать программу «куннилингус»."", ""translation"": ""Everybody here knows that you have to treat people the way you want them to treat you. You, in turn, with your crudeness and rudeness insulted our client when he left and you were choosing a programme. You started shouting at the girl that you are no “cunt-licker” to choose the programme “cunnilingus”.""}]"
пиздомания,"Sexual obsession (for men), “cunt-mania”.","[{""sentence"": ""Крайнее проявление пиздомании у Викторыча наступало после недельного беспробудного пьянства, когда он неухоженный и обросший дремучей щетиной, как Федор Конюхов, начинал энергично искать особь для совокупления."", ""translation"": ""Viktorich’s ultimate expression of cunt-mania came after a week of heavy drinking, when , unkempt and overgrown with dense stubble like Fyodor Konyukhov, he vigorously began searching for a dame to copulate with.""}]"
пиздорванка,Female form ofпиздорванец.,"[{""sentence"": ""Что сбежала твоя пиздорванка? Кинула и тебя?"", ""translation"": ""Well, did your young chick run away? Did she do you in too?""}]"
пиздострадалец,"Sad fuck, idiot in love with a female that despises and manipulates him.","[{""sentence"": ""Пиздострадальцы это такие удивительные существа мужского пола, основное сексуальное наслаждение которых заключается в беспощадном страдании по своей любви к определенной девушке. При этом девушка обязательно должна быть сукой, вытирающей ноги о влюбленного пиздострадальца, и желательно блядью, трахающейся с различным народом, не боясь палева со стороны пиздострадальца и доставляющей таким образом ему дичайшие страдания."", ""translation"": ""Pussywhipped are remarkable male creatures whose primary sexual pleasure lies in mercilessly suffering from their love for a particular girl. The girl must be a bitch who wipes her feet on the love-stricken pussywhipped, and ideally a slut who sleeps with various people, unafraid of getting caught by the pussywhipped, thereby causing him extreme torment.""}]"
пиздохать,"To hit, beat up;","[{""sentence"": ""И чего? Получается в Омск пиздохать надо?"", ""translation"": ""So what? Does this mean one has to bugger off to Omsk?""}]"
пиздохать,"to go, to travel.","[{""sentence"": ""И чего? Получается в Омск пиздохать надо?"", ""translation"": ""So what? Does this mean one has to bugger off to Omsk?""}]"
пиздошить,"To hit, to break;","[{""sentence"": ""Да там до магазина до фига пиздошить!"", ""translation"": ""But you have to take a fucking hike to get to the shop from there!""}]"
пиздошить,"to walk, move.","[{""sentence"": ""Да там до магазина до фига пиздошить!"", ""translation"": ""But you have to take a fucking hike to get to the shop from there!""}]"
пиздрячить,"To go far away, to undertake a burdensome journey. Synonym ofпиздоватьandпиздячить.","[{""sentence"": ""Я б за пивом сходил, но лень пиздрячить по такой погоде."", ""translation"": ""I’d go for beer, but I’m too lazy to pussyfoot around in this weather.""}]"
пизду (во ~),"To hell, asв пизду, but the modified accentuation makes it a bit less offensive.","[{""sentence"": ""Во пизду дресс коды, как всегда Питер понты колотит."", ""translation"": ""Fuck dress codes, as always, Petersburg is showing off.""}]"
пиздуй,Move it!,"[{""sentence"": ""Ах ты жопа! Как ты смеешь? Пиздуй отсюда, пока ноги еще из жопы торчат!"", ""translation"": ""What an arse you are! How dare you? Bugger off while your legs still come out of your arse!""}]"
пиздун,"Joker, liar.","[{""sentence"": ""Терпеть не могу шалоболов, пиздунов, и тех кто много обещает и нихуя не делает, или делает, но на 180 градусов."", ""translation"": ""I can’t stand halfwits, cunts, and those who promise a lot and don’t fucking do anything, or do, but 180 degrees.""}]"
пизды (дать ~),To beat up somebody.,"[{""sentence"": ""Бригадир у нас хороший,Бригадир у нас один.Соберемся всей бригадойИ пизды ему дадим."", ""translation"": ""Our foreman is good,Our foreman is the only one.We’ll gather with the whole crewAnd we’ll give him a beating.""}]"
пизды (с ~ сорваться),"To turn up unexpected, suddenly or to become suddenly aggressive (unexpected turn of events likely to involve violence). Probably a deformation ofс цепи сорваться.","[{""sentence"": ""Смотрит, как будто с пизды сорвался."", ""translation"": ""He stares as though he’s blown a fuse.""}]"
пиздюк,Bastard. This is the word Russians refer to when they use the English expression “peace Duke”;,"[{""sentence"": ""Давно было, когда я еще пиздюком был."", ""translation"": ""A long time ago, when I was a wee bairn.""}]"
пиздюк,"kid, lad.","[{""sentence"": ""Давно было, когда я еще пиздюком был."", ""translation"": ""A long time ago, when I was a wee bairn.""}]"
пиздюли,"Punishments, beating.","[{""sentence"": ""Нужно идти в офис ЗТ и с порога начинать раздавать пиздюли. Гавкать на всех, кто попадается."", ""translation"": ""To translate from civil servant speak into Russian: I got such a bloody scolding, that I pissed myself like a puppy a ran in tears to recall my accusations against the sadistic copper.""}]"
пиздюлина,Something of small importance. Could be loosely translated as “something out of the pussy”.,"[{""sentence"": ""Что это за пиздюлина?"", ""translation"": ""What’s this thingy?""}]"
пиздюрить,"To move, to do something.","[{""sentence"": ""А мне тож в школу пиздюрить, затрахала она меня в 10 класс, писец уже в ахуй, заебала эта перенедавыебаная хуеблядская пиздапроебещная школа."", ""translation"": ""And I also have to fucking go to school, it has fucked me up in the 10th grade, I’m already completely losing it, this fucking shitty school is pissing me off.""}]"
пиздюхать,"To move, to do something.","[{""sentence"": ""в общем, радуюсь, что мне ни на каком метро в ближайшие дни никуда не надо пиздюхать. а то практика показывает, что взрывать могут и несколько дней подряд, чтоб уж точно все усрались."", ""translation"": ""Actually, I’m quite happy, that I don’t have to go anywhere on the tube these coming days. For they have proven in the past that they can detonate bombs a few days in a row so that everyone shat themselves.""}]"
пиздюшонок,"Lad, kid (plural:пиздюшата), seeпиздюк.","[{""sentence"": ""Не удивлюсь, если пиздюшонок сидит в исправительной колонии № 6 или какой-то другой."", ""translation"": ""I wouldn’t be surprised if the little cunt is sitting in Correctional Colony 6 or some other.""}]"
пиздячить,"To hit, beat up;","[{""sentence"": ""Да сколько ж дотуда пиздячить? Давай лучше поедем на такси…"", ""translation"": ""How long would we have to fucking walk? Let’s just get a cab…""}]"
пиздячить,"to go, make a tiresome journey (synonym ofпиздоватьandпиздрячить).","[{""sentence"": ""Да сколько ж дотуда пиздячить? Давай лучше поедем на такси…"", ""translation"": ""How long would we have to fucking walk? Let’s just get a cab…""}]"
пилить,"To nag, pester (“to saw”);","[{""sentence"": ""Таня его все время пилила."", ""translation"": ""Tanya nagged him the whole time.""}]"
пиндос,"Yank, American, citizen of the USA. The word derives from Greek Πόντος (Pontus) and was a derogative nickname for the Black Sea Greeks, it lost its national content when passing into army slang and in the late 1990s was used by Russian blue helmets in former Yugoslavia when referring to American soldiers. It then was adopted with that meaning as common slang. The USA can be called accordinglyПиндостан.","[{""sentence"": ""Смотрю ща боевик с Сигалом… то ли у пиндосов анатомия другая, то ли как. Но мне не понять фразы: «Сейчас я вставлю винтовку тебе в задницу и вышибу твои дурацкие мозги»."", ""translation"": ""I’m watching an action movie with Seagal… maybe the Yankees have a different anatomy, maybe who knows what. I just cannot make sense of the sentence: “Now I’ll put a rifle up your ass and blow your stupid mind off”.""}]"
Пиндосия,"Unflattering name for the US of A, stems fromпиндос.","[{""sentence"": ""Не надоело ещё постить цены на бензин в Пиндосии, всякое говно в Германии и прочее? Мне похуй на них. Живут-слава Богу, подохнут завтра всем кагалом-похуй. Никто и звать никак. Ребята, забудем про все этих пидоров. Думаем о России, и живём для неё. Мы — Россия."", ""translation"": ""Don’t you get tired of posting petrol prices in Yankeeland, shit in Germany and stuff like that yet? I don’t give a fuck about them. They live, thank God, if they all die tomorrow, fuck it. Nobodies and noone to know them. Guys, let’s forget about these faggots. Let’s think about Russia and live for Russia. We are Russia.""}]"
Пиндостан,"Pejorative name for the United States of America, derived fromпиндос.","[{""sentence"": ""У нас в Швейцарии все за мир в отличие от пиндостана и ватниковии. За победу бьемся только в спорте."", ""translation"": ""We are all for peace in Switzerland, unlike the likes of the Yankees and Russkies. We only fight for victory in sports.""}]"
пирожок,"Pussy, cunt. In standard Russian “pie”.","[{""sentence"": ""Потом дала мне поковырять своим стручком ее пирожок."", ""translation"": ""Then she let me fool around with my willy in her minge.""}]"
пистолет,"Wang, prick, cock, penis (“pistol”).","[{""sentence"": ""Извращенец уже спрятал свой кожаный пистолет с белковыми патронами."", ""translation"": ""The pervert had already hidden his leather pistol with protein rounds.""}]"
пиструшня,Event or thing of little importance.,"[{""sentence"": ""Гулял с собакой по берегу, валяются бутылки от «Fairy», станки, лампочки и всякая пиструшня! Наверно тоже турысты."", ""translation"": ""I was walking my dog along the shore and saw Fairy bottles, tools, light bulbs, and all sorts of junk! Probably tourists too.""}]"
писька,"Genitalia (male and female, infantile language). Diminutive form:Пиписька.","[{""sentence"": ""Вообще, если письку тереть долго, то да, можно кончить. Даже если это натруженная писька проститутки…"", ""translation"": ""On the whole if a pussy is rubbed long enough, then yes, you can come. Even if it is the hardworking pussy of a prostitute.""}]"
писюлёк,"Weenie, small penis.","[{""sentence"": ""У меня писюлёк десять сантиметров, есть шанс встретить свою любовь?"", ""translation"": ""I have a four-inch weenie, do I have a chance to find my love?""}]"
писюн,"Dick, willie.","[{""sentence"": ""Девочка разговорчивая и приветливая но не такая болтушка, что заткнуть можно только писюном в гланды."", ""translation"": ""Girl is talkative and affable but not so chatty that you can only shut her up with a weener up to the glands.""}]"
пися,"Pee-pee, wee-wee, childish term for genitalia.","[{""sentence"": ""Пися у неё красивая, как розочка."", ""translation"": ""Her wee-wee is beautiful like a rose.""}]"
пихать (пихаться),"To fuck, have sex, screw. Perfective:пихнуть.","[{""sentence"": ""Что это за блядь — спросите вы, — с которой нельзя перепихнуться?"", ""translation"": ""What kind of whore is this, you shall ask, if you can’t bang her?""}]"
плакалъ,“(I) cried” — meaning I laughed to tears. Here the deformation is a return to pre-revolution spelling with a finalъ(apparently this is also used to convey the impression of a funny sounding foreign accent). Current orthography should beПлакал.,"[{""sentence"": ""ахаха я плакалъ… Греция ппц :)"", ""translation"": ""Hahaha laughing to tears… Greece is fucked :)""}]"
план,"Pot, weed.","[{""sentence"": ""Вообще план это сприсованная пыль конопли, курить как обычный табак раскрошив кусочек и перемешав его с табаком."", ""translation"": ""In general, plan is compressed cannabis dust, smoked like ordinary tobacco by crumbling a piece and mixing it with tobacco.""}]"
плюшка,Unpleasing event.,"[{""sentence"": ""В Solaris примерно такая плюшка есть, bios не дёргается при ребуте."", ""translation"": ""In Solaris there’s about that same bug, the bios doesn’t run on reboot.""}]"
пнх,Abbreviation ofпошёл нахуй.,"[{""sentence"": ""Варламов пнх из Кыргызстана. Выходи на митинг напротив Кремля. Шовинист."", ""translation"": ""Varlamov get the fuck out of Kyrghyzstan. Go out to meetings against the Kremlin. Chauvinist.""}]"
победобесие,Obsession with the cult of the victory in the Great Patriotic War. A derogatory term describing a tendency to idealize the victory since 2005 by a regime that took no part in said victory but seeks to adorn itself with its glory.,"[{""sentence"": ""“Победобесие”, которое сейчас происходит в России, становится диагнозом общества."", ""translation"": ""The Victory Mania currently happening in Russia is becoming a diagnosis of society.""}]"
подрочить,"To jerk off, masturbate.","[{""sentence"": ""Что делать было предельно ясно: от феи уже ничего полезного не добьёшься, а просто подрочить и выложить 3500 руб я как-то не готов."", ""translation"": ""What to do was very clear: there was nothing useful to be had from the whore, and I was not ready to simply wank and pay 3500 roubles.""}]"
подстава,Racket relying on putting the victim in an uncomfortable situation on purpose (such as a deliberate car crash in which he appears to be guilty).,"[{""sentence"": ""Лёгкий зароботок или подстава?"", ""translation"": ""Easy money or a setup?""}]"
подъёбка,"Tease, joke;","[{""sentence"": ""— Как твои криминальные друзья поживают?Она это спрашивает по-нормальному, без подъебки, и поэтому я не посылаю ее на хер, а отвечаю."", ""translation"": ""Well, I thought, another rip-off. But actually done quite properly.""}]"
подъёбщик,"Joker, clown.","[{""sentence"": ""— я нихера не понимаю, может, я тупой?— мб, ты тупой, но здесь проблема не в этоммирон — подъебщик уровня бога"", ""translation"": ""— I don’t understand shit, maybe I’m stupid?— Maybe you’re stupid, but that’s beside the point hereMiron is a god level joker.""}]"
поебать,To have sex;,"[{""sentence"": ""Праворульники любят говорить, что нормальный водитель перенастраивает фары на праворучке, чтобы не слепить встречный поток с неебической силой. Но никто этого не делает. И менты не следят. Там, где в Японии обочина, у нас встречка, но всем поебать."", ""translation"": ""Left hand drivers like to tell that normal drivers set their lights to right hand, so as not to blind incoming traffic with frigging lightpower. But no-one does it. And the fuzz does not check. Where in Japan you have the hard shoulder we have incoming traffic, but nobody gives a fuck.""}]"
поебать,Marks the lack of interest (мне поебать— I don’t give a damn).,"[{""sentence"": ""Праворульники любят говорить, что нормальный водитель перенастраивает фары на праворучке, чтобы не слепить встречный поток с неебической силой. Но никто этого не делает. И менты не следят. Там, где в Японии обочина, у нас встречка, но всем поебать."", ""translation"": ""Left hand drivers like to tell that normal drivers set their lights to right hand, so as not to blind incoming traffic with frigging lightpower. But no-one does it. And the fuzz does not check. Where in Japan you have the hard shoulder we have incoming traffic, but nobody gives a fuck.""}]"
поебаться,To have sex.,"[{""sentence"": ""Ибица — шмибица, а в Турцию — поебаться."", ""translation"": ""Ibiza, shmibiza, I’m going to Turkey to get laid.""}]"
поебень,"Something worthless, of little importance — seeпиздюлина.","[{""sentence"": ""Пиво «Хугартен» (читается «Хуегарден») — ослиная моча, разлитая в подмосковных бараках. Не покупайте эту поебень."", ""translation"": ""The “Hoegarden” beer (read “Hoo-gahr-dun”) is donkey’s piss, bottled in barracks in the Moscow region. Don’t buy that shit.""}]"
поебон,"Intercourse, sex.","[{""sentence"": ""полеживаешь такой на диване, по пузу растекается арбузный сок, тут вдруг думаешь «а как же поебон?» потом подрочишь и как-то хуй с ним уже"", ""translation"": ""So you’re lying on the settee, watermelon juice running over the belly, and suddenly you think “what about shagging?” then you spank your monkey and somehow it doesn’t matter much already""}]"
поеботина,"Nonsense, bullshit.","[{""sentence"": ""хочу писать красиво но получается одна лишь клишированная поеботина."", ""translation"": ""I want to write beautifully but all I get is cliched bullshit.""}]"
поёбушка,"Fuck-friend, usual sexual partner, girlfriend, shag.","[{""sentence"": ""В пятницу вечером забухали с корешем, потом появились бабы — одна его поебушка, другая ее подружка."", ""translation"": ""Friday evening we were drinking with a mate, later chicks turned up, one his sex friend, the other her friend.""}]"
пожар,"Cool, brilliant. Derived fromогонь.","[{""sentence"": ""Короче, тачка — пожар."", ""translation"": ""In summmary, that car is neat.""}]"
поймать на кончик,To catch a STD — literally “to catch something on the little end”,"[{""sentence"": ""Траханулся по пьяной и поймал на кончик."", ""translation"": ""I had sex while drunk and caught some STD.""}]"
поллитра,"A bottle of vodka, the standard half-litre bottle.","[{""sentence"": ""Хороший мужичок может и не одну поллитру заменить…"", ""translation"": ""A good man can replace more than one half-litre…""}]"
полтинник,Fifty (monetary unit). Can mean both fifty roubles or kopecks depending on the context.,"[{""sentence"": ""— Вот, братишка, получай полтинник и отстань, сделай милость. Работать мешаешь… Раньше как через неделю на глаза не показывайся."", ""translation"": ""— Here you go, brother, have five bobs and leave me alone, be so kind. You’re disrupting my work… Don’t show up before at least one week.""}]"
полтос,"50 roubles, sometimes simply fifty units of anything. Seeполтинник. Sometimes writtenпалтус, полтас.","[{""sentence"": ""Пойду отожмусь полтасик на ночь."", ""translation"": ""I’ll off to do fifty push-ups before sleep.""}]"
полтяха,50 roubles. Seeполтинник.,"[{""sentence"": ""Ему макс цена полтяха!"", ""translation"": ""He is at most worth fifty quid!""}]"
Поляндия,"Poland, ironical name derived from the English toponym.","[{""sentence"": ""А ведь Поляндия — сейчас самое лучшее место для жизни в Европе."", ""translation"": ""And then Poland is now the best place to live in Europe.""}]"
попа,"Butt, backside (childish language). Diminutive forms:попка, попочка.","[{""sentence"": ""Когда уже пошли по второму кругу предложил в попку. Да не вопрос! Легко.ШГв исполнение Марго это сказка!"", ""translation"": ""When we already went for a second round, I suggested the bum. No problem! Easy.""}]"
попадалово,Difficult situation in which either own mistakes or external situation got oneself into.,"[{""sentence"": ""А с транспортом какая-то беда и попадалово."", ""translation"": ""And regarding transports it is a dire situation and a question of luck.""}]"
попиздеть,"To talk over, to discuss (mutation ofпоговорить).","[{""sentence"": ""Скучно… Попиздите со мной кто-нибудь, а? за жизнь, за её смысл, или просто…"", ""translation"": ""Bored… Would anyone chat with me? About life, it’s meaning, or just like that…""}]"
порево,"Porn, pr0n, skin flicks. Wilful deformation to avoid automated filters or loan word from thieves’ Latin (the word means “girl of light virtue” in it).","[{""sentence"": ""у нас охрана настолько ахуела, что вскрывает наши кабинеты ночью и сидит в инете, качает порнуху… Я терпел это. Но тут за ночь было скачано порядка гига порева и мы ушли в превышение. Я взял и рассказал всё начальству."", ""translation"": ""Our security completely blew the fuses, they open the offices at night and go online to download porn… I put up with it. But now they downloaded in one night around forty gigabytes of pr0n and we went into traffic overload. I went and informed the management.""}]"
порнуха,Porn.,"[{""sentence"": ""В Ингушетии 80% интернет-трафика составляет порнуха."", ""translation"": ""Porn accounts for 80% of Internet-traffic in Ingushetia.""}]"
портвешок,Port (wine). Usually not the real Portuguese stuff but a fortified wine produced in Russia.,"[{""sentence"": ""Если пива не хватит — портвешку добавлю, благо он тут в полторашках появился, а ехать с полторашкой портвейна в Красноярск… ну, примерно как в Тулу с самоваром."", ""translation"": ""If the beer isn’t enough, I’ll add some port wine, luckily it’s now available here in 1.5-liter bottles. But taking a 1.5-liter bottle of port wine to Krasnoyarsk is like carrying coals to Newcastle.""}]"
посрать (сводить ~),To lose or damage something — transitive.,"[{""sentence"": ""Я дал ему приемник, а он сводил его посрать."", ""translation"": ""I gave him a radio and he screwed it up.""}]"
пофиг,Don’t give a shit. Seeпо фиг.,"[{""sentence"": ""Так, где это по карте… Итить… Этожеж… Какая в пень Белорусская. Ладно пофиг времени много, прогуляюсь…"", ""translation"": ""So, where on the map is it… fuck… it’s like… I’ll give you some Belaruskaya. Never mind, damn it, I’ve got plenty of time, I’ll walk…""}]"
пофигист,"Nihilist, individual of an indifferent turn of mind. Female variant:пофигистка.","[{""sentence"": ""Да никакой ты не скромняга, а тунеядец и пофигист!"", ""translation"": ""Well you are not modest, you are a donogooder and don’t give a shit!""}]"
пох,"Don’t give a fuck, short forпохуй.","[{""sentence"": ""Залился нах, потом мне пох…"", ""translation"": ""Got pissed and then I don’t give a fuck…""}]"
похабщина,"Filthy language, cursing, swears.","[{""sentence"": ""Отец не переносил «разврата», а теперь похабщина торжествовала всюду и везде."", ""translation"": ""My father couldn’t stand “smut”, but now vulgarity reigns everywhere.""}]"
похуй,"Don’t give a damn, can’t be bothered. Expression of utter indifference.","[{""sentence"": ""А мне всё похуй — я сделан из мяса."", ""translation"": ""I don’t give a shit, I’m made of meat.""}]"
похуизм,Absolute indifference.,"[{""sentence"": ""Саша: Я называл это похуизмом, пока не узнал слово «стрессоустойчивость»."", ""translation"": ""Sasha: I used to call it “don’t-give-a-fuckism” until I learned the word “stress-resistance”.""}]"
похуист,"Nihilist, individual of an indifferent turn of mind.","[{""sentence"": ""А Дэнни — это настоящий мизантроп-похуист, извиняюсь за выражение, постигший жизнь сполна."", ""translation"": ""And Danny is a true misanthrope who doesn’t give a fuck about anything, excuse the expression, who has fully grasped life.""}]"
похуистически,"indifferently, with disregard, uncaringly, adverb derived fromпохуй.","[{""sentence"": ""Относитесь ко всему похуистически. Не сдали зачет похуй, возможно вы вообще завтра умрёте."", ""translation"": ""Relate to everything so that you just don’t care. Failed your exams, screw it, maybe you’ll die tomorrow.""}]"
поц,"Prick, penis. Loaned from Yiddish פּוץ (= dick, cock), just as Americanputz.","[{""sentence"": ""Если каждый русский еврей такой же рассеянный поц, нам в этой стране скучать не придется."", ""translation"": ""If every Russian Jew is such an absent-minded putz we will nether be bored in this country.""}]"
поцреод,"Pretend patriot of Russia, usually with foreign citizenship and realty. Used by the Russian far right to disparage Jews in the apparatus and anybody equated to them (cf.поц). Also spelltпоцреот, потцреот, потцреод.","[{""sentence"": ""Ты тоже, я смотрю, «поцреод»?"", ""translation"": ""You are also, I see, a rotten patriot?""}]"
почпокаться,"To screw, to fuck.","[{""sentence"": ""На каком свидании уместно намекнуть девушке насчёт почпокаться если до этого вы 2 месяца в инете переписывались?"", ""translation"": ""On what date is it appropriate to hint to a girl about going to fourth base if you’ve been texting online for two months?""}]"
пошмариться,To fuck. Also used figuratively.,"[{""sentence"": ""Удобно? Мне удобно скачать квип и установить его на мабилу. С айфоном — придется пошмариться. Это не удобно. Красиво? Не спорю. Насколько может быть красив кусок пластика и стекла."", ""translation"": ""User-friendly? It’s user friendly to download quip -and install it on a mobile phone. With an iPhone one has to bend over backwards. It’s not user-friendly. Nice? Sure. As far as a piece of plastic and glass can be nice.""}]"
превед,"Deformation of привет (“hi”) and most prominent word of the Russian internet slang known asязык падонков(подонокmeaning scumbag, but being used in an ironical but positive way). It is characterised by a deformed orthography and used by youths on forums. The termпреведis taken from a watercolour work by John Lurie (Bear Surprise) in which a brown bear shouts “surprise” at a couple having intercourse in the wild. The Russian translation gained huge popularity and the bear is now the icon of this slang. The sentenceпревед медведis rather popular and a greeting between speakers/writers of the jargon. The corresponding smileys, symbolising the bear, are: Y, \o/.","[{""sentence"": ""Новичкам превед!"", ""translation"": ""Hello noobz!""}]"
презик,Condom.,"[{""sentence"": ""Я уж какие позы только не придумывал, чтоб заставить член по-плотнее в ней сидеть… Хуя… Ну да ладно — заебался я с этими упраждениями, снял презик и заставил ее сосать…"", ""translation"": ""What positions didn’t I think of to make my cock fit tighter in her… Blimey… What the heck, I’ve had enough of this exercise, removed the French letter and made her blow…""}]"
прибор,"Tool, three pieces set, penis and testicles — literally “the tool, the cutlery”.","[{""sentence"": ""Минут 5 оральничала, потом снял с нее бельишко и она сама насадилась на прибор спиной ко мне. Дырочка узенькая, несмотря на используемую из тюбика смазку, трение было хорошим."", ""translation"": ""Five minutes of oralising, then I took off her underwear and she slid onto the device herself with her back to me. The hole was narrow, despite the lubricant used from the tube, the friction was good.""}]"
придурок,"Idiot, stupid.","[{""sentence"": ""— Одно из двух: или ты полный придурок, или ты мне лепишь горбатого."", ""translation"": ""— Two possibilities: either you’re a complete idiot, or you’re pulling my leg.""}]"
прикид,"Clothing, look.","[{""sentence"": ""Вот и я тоже чуть не упала с дивана, когда увидела, в каком прикиде скачет на корте Ролан Гарроса Винус Виллиамс. После первой подачи, когда черная кружевная юбочка взлетела на ample behind мисс Виллиамс, мне в ужасе почудилось, что из белья на ней только стринги."", ""translation"": ""I almost fell off the couch too when I saw what outfit Venus Williams was wearing on the Roland Garros court. After the first serve, when the black lace skirt flew up over Miss Williams’ ample behind, I was horrified to think that she might be wearing nothing but a thong.""}]"
прикол,"Joke, something funny or amusingly odd.","[{""sentence"": ""В книге вы найдете тексты SMSсообщений, афоризмов, шуток и приколов, которыми сможете порадовать своих друзей и любимых."", ""translation"": ""In the book you will find texts of SMS, aphorisms, jokes and oddities with which you can amuse your friends and dear ones.""}]"
приколхозить,"Affix something cheaply, fast rahter than properly.","[{""sentence"": ""Зафигачил очередную игровую говносборку. За 27к рублей чел получит:Дешманскую мать всего с 4мя фазами питания на которую пришлось приколхозить радиаторы."", ""translation"": ""I just slapped together another crappy gaming rig. For 27k rubles, the guy will get: A cheap-ass motherboard with only 4 power phases, which I had to ghetto-rig some heatsinks onto.""}]"
припиздить,"To arrive, to come.","[{""sentence"": ""Сегодня я специально решил проебать пары и просто припиздить на работу к 14-00."", ""translation"": ""Help, please, how to beat up a bloke without anybody noticing?""}]"
приссать,"To frighten, means “to wet oneself”, seeзассать.","[{""sentence"": ""Еще генералы могут приссать ответить атомом, но железной башке все равно и она ответит. Так что, лучше даже не пытаться."", ""translation"": ""Also, the generals might be afraid to reply with a nuclear strike while a hardware mind does not give a damn and replies. Therefore it’s best to not even try.""}]"
пристибаться,"To nag, to get on the nerves.","[{""sentence"": ""Нет ну ты посмотри на неё! Нашла к чему пристибаться!"", ""translation"": ""Can you believe her? She’s found something to complain about!""}]"
прифигеть,"To be astonished, surprised. See alsoофигеть.","[{""sentence"": ""Озвучка громкая, аналоговая. Прифигел немного — даже после поцелуев с минетом было неожиданно."", ""translation"": ""The soundtrack is loud, analogue. I was a bit freaked out — even after the blowjob and kisses it was unexpected.""}]"
прихуеть,"To be astonished, dumbfounded.","[{""sentence"": ""Я давно не проверяла статистику общую… И прихуела… Пиздец, это так ужасно."", ""translation"": ""It’s been a while since I checked the general stats… And I’m bloody well stunned… Fucking hell, that’s so awful.""}]"
прихуярить,"To attach, to secure to something;","[{""sentence"": ""Хочу купить белую цепь и прихуярить вместо ремня на джинсах или на кожаных штанах, как вам такое?"", ""translation"": ""I want to buy a white chain and tack it on instead of a belt on my jeans or leather pants. What do you think?""}]"
пришмандовка,"Whore, slag, slut.","[{""sentence"": ""Кто-нибудь эту тупую пришмандовку посадит или хотя бы уволит, наконец?.."", ""translation"": ""Will someone at last put that stupid cunt in jail or at least fire her?..""}]"
проблядь,"Slut, whore. Superlative ofблядь.","[{""sentence"": ""Проблядь — блядь, которую выгнали из публичного дома за блядство."", ""translation"": ""A major slut is a slut that has been thrown out of a brothel for being slutty.""}]"
провафлить,"To miss out on something, to waste a chance.","[{""sentence"": ""В очередной раз не провафлить ДР маргоши!"", ""translation"": ""I once again did not miss Margosha’s birthday!""}]"
проёб,"Fuck-up, screw-up.","[{""sentence"": ""Самый большой проеб Путина."", ""translation"": ""Putin’s biggest fuck-up.""}]"
проебать,"To lose, to waste, to miss. Seeпросрать.","[{""sentence"": ""Да пиздец. Только проснулся. Проебал все что можно."", ""translation"": ""Well fuck. Just woke up. Fucking missed everything there was to miss.""}]"
проебаться,"To screw up, to fuck up, to get lost.","[{""sentence"": ""Этож пиздец надо было так проебаться! Блядь, замкадышное дерби и первую победу Химок в этом году пропустил!"", ""translation"": ""This is insane, how could I mess up so badly! Damn, I missed the suburban derby and Khimki’s first victory of the year!""}]"
промудоблядская пиздопроебина,Highly offensive expression with little meaningful content. The multiple use of rude terms makes it vulgar.,"[{""sentence"": ""Ах ты ж промудоблядская пиздопроебина, охуевшая от собственной выебучести."", ""translation"": ""Oh, you fucking sluttish whore, getting in off from her own freaking awesomeness.""}]"
пропагандон,Journalist pushing the official propaganda. Creation combiningпропагандаandгандон.,"[{""sentence"": ""Российские пропагандоны, когда в Москве кто-то вышел на одиночный пикет: мародёры и бунтовщики хотят развалить страну, нужны жёсткие задержания!Российские пропагандоны, когда вооружённые сторонники Трампа штурмуют Капитолий: мирная акция протеста, нет повода полиции вмешиваться."", ""translation"": ""Russian propagandists when someone goes on a solitary picket in Moscow: looters and rioters want to ruin the country, tough arrests needed!Russian propagandists when armed Trump supporters storm the Capitol: peaceful protest, no reason for police to intervene.""}]"
пропердолить,"To fuck, both literally and figuratively.","[{""sentence"": ""— Я бы её помял.— Ну так ты предложи ей свои услуги.— Как к ней подъедешь-то?— Смотришь ей в глаза и говоришь: «Сударыня, позвольте вас пропердолить»."", ""translation"": ""— I would do her.— Well, then, go and offer her your services.— How can you go up to her?— You look her in the eyes and say: “Mylady, allow me to bone you”.""}]"
пропиздить,"Chatter, talk.","[{""sentence"": ""С одним можно пропиздить всю дорогу, другого хочется лопатой убить нахуй."", ""translation"": ""With one you could chit-chat the whole journey, the other one makes you want to kill him with a fucking spade.""}]"
просадить,To waste money.,"[{""sentence"": ""Как по быстрому просадить 250 рублей с мобильника, не обязательно с целью, просто обнулить."", ""translation"": ""How can you quickly blow 250 rubles from your mobile, not necessarily with a purpose, just to zero out the balance?""}]"
просрать,To lose.,"[{""sentence"": ""А наши — никак. Бездарно просрали (как будто можно просрать талантливо?) и на чемпионат не едут."", ""translation"": ""But our team does bugger all. The screw up shamefully (as though one could screw up with talent?) and don’t go to the world cup.""}]"
профура,Street prostitute. The word comes from the slang of Odessa.,"[{""sentence"": ""Вместо того, чтобы вести себя привычно, профуры продолжали игнорировать общественно-полезный труд и теоретически повышали свой культурный уровень любовными сонетами Шекспира и стихами знаменитого Оргазма Вроттердамского."", ""translation"": ""Instead of behaving in a usual manner the street walkers continued to ignore socially useful work and improved their cultural level through Shakespeare’s love sonnets and poems by the famous Orgasm of Hotterdam.""}]"
прошкандыбать,To walk with difficulty.,"[{""sentence"": ""Помню, ехали мы как-то через Карловы Вары поздним вечером. Лето, теплынь, солнышко к закату, а мы голодные. Ещё и девяти не было, точно говорю, а всё закрыто, мёртвый час, ужас! Весь центр прошкандыбали — поесть негде."", ""translation"": ""I remember how we drove through Karlovy Vary late one evening. Summer, warm weather, sunset, and we’re hungry. It was not even nine o’clock, I assure you, but everything was closed, dead, awful! We dragged ourselves through the whole city centre and there was nowhere to eat.""}]"
прошляпить,"To miss, to be late.","[{""sentence"": ""Главу французкой разведки сняли за то что он прошляпил нападение Путина на РФ и считал его маловероятным."", ""translation"": ""The head of French intelligence was removed for missing Putin’s attack on Russia and considering it unlikely.""}]"
пукать,To fart.,"[{""sentence"": ""В какой стране можно свободно пукать за столом и не бояться быть осмеянным?"", ""translation"": ""In what country is it possible to fart freely at the table without fear of being laughed at?""}]"
пургу мести,To lie shamelessly.,"[{""sentence"": ""Хватит пургу мести! Достали! На кой хрен панику сеять?!"", ""translation"": ""Stop spreading rumors! I’ve had enough of this! Why are you trying to create panic?""}]"
путинг,"Meeting organised in support of Vladimir Putin. Ironical name given by opponents. In the same way the wordпехтингwas created (meaning more or less shaming), based upon the surname of a state duma deputy heading the ethics committee forced to step down after news of his undeclared Florida real estate was leaked in early 2013.","[{""sentence"": ""Оргкомитет еще раз продемонстрировал свою полную открытость в отношении финансов, в отличие, скажем, от путинга на Поклонной горе, который организовывается не пойми кем и на какие деньги."", ""translation"": ""The organisational committee once again demonstrated its openness with regards to financial issues, to the contrary of, let’ say, the pro Putin meeting on Poklonnaya hill, organised by god knows who with gods knows what money.""}]"
путинферштеер,"Western politician with too much empathy for Vladimir Putin. Transliteration of GermanPutinversteher(person understanding Putin), usually used in a derogatory sense.","[{""sentence"": ""Есть у меня одна студентка лет сорока на первом курсе. На позапрошлой неделе она устроила скандал из-за того, что мы обсуждали расовые вопросы. А вчера показала себя настоящим «путинферштеер», сказав что НАТО вынудило РФ. Она конечно и конвоирка тоже."", ""translation"": ""I have a student in her forties in the first year. The week before last she caused a scandal because we were discussing racial issues. And yesterday she proved to be a real “Putinversteher” by saying that NATO had forced the Russian Federation to act. She’s a willing support of the state, of course.""}]"
путлер,"Insulting deformation of Putin’s last name, alluding to Hitler. Sometimes expanded toВладольф Путлер.","[{""sentence"": ""Путлер понял, что проиграл."", ""translation"": ""Putler has understood that he lost.""}]"
пушка,Gun.,"[{""sentence"": ""Правильно, как говорил наш пахан — лучше спать с подружкой, чем с пушкой под подушкой."", ""translation"": ""That’s right, as our boss used to say — it’s better to sleep with a girlfriend than with a gun under your pillow.""}]"
пшек,"Pole, condescending name for persons from Poland.","[{""sentence"": ""Почти сутки сижу и жду, объявит ли грант траур по нашим трагически погибшим в Турции согражданам, али нет. Ну не может же быть, чтобы они, бедолаги, Россию любили меньше горластых пшеков во главе с Качиньским."", ""translation"": ""It’s been almost a whole day that I’m sitting and waiting whether they will decree mourning for our countrymen that tragically died in Turkey, or not. It cannot be that they, poor fellows, loved Russia less than the loud mouthed Pollacks lead by Kaczyński.""}]"
пьянка,"Party, drinking session. In office terms it can be calledкорпоративorкорпоративная вечеринка.","[{""sentence"": ""Брисбанчане, а новогодняя пьянка у вас бывает? Я тут просто человек новый, из Мельбурна недавно приехала на полгода, вот думаю как себе общение найти."", ""translation"": ""Brisbanites, will there be a new year’s piss-up? I’m new here, came from Melbourne recently for half a year, and I’m looking for people to hang out with.""}]"
пятифан,Five hundred roubles. Sometimes used for five or five thousand roubles. Also writtenпятифон.,"[{""sentence"": ""Так еще пятифан надо будет вложить."", ""translation"": ""So a monkey should be still be added.""}]"
пятихат,"500 roubles. Regionally alsoпятикат, referring to the nickname for hundred roublesкатя.","[{""sentence"": ""Такой в магазине стоит 700, я за пятихат тебе как родному отдам!"", ""translation"": ""This costs 700 in the shop but I’ll give it to you as a friend for a monkey!""}]"
пяточка,"Short joint, little spliff, butt of a cigarette containing drugs.","[{""sentence"": ""Выходят на кухню, шарят за трубой — вот она, пяточка! Hикуда не делась! Делают по паре хапок — и засыпают ещё на пятьдесят лет."", ""translation"": ""They come into the kitchen, fumble behind the pipe — there it is, the spliff! It hasn’t gone anywhere! They take a couple of hits and fall asleep for another fifty years.""}]"
разборка,"Showdown, shoot-out, fight.","[{""sentence"": ""Московская милиция заявила, что это не террористический акт, а разборка между мафиями."", ""translation"": ""The Moscow police explained that it was not an act of terrorism but a showdown between mafia clans.""}]"
разводить,"To cheat, to con. Perfective:развести.","[{""sentence"": ""Сначала нормально всё было. Выглядит попроще, чем в фотошопе. Приехала она нас, московских лохов, разводить из Краснодара."", ""translation"": ""It started out OK. She looks a little plainer than photoshopped. She came from Krasnodar to screw us, Moscow morons, over.""}]"
раздолбай,"Dumbass, retard, idiot.","[{""sentence"": ""А здесь чем больше боезапаса возьмешь, тем больше шансов живым вернуться! До всех дошло, раздолбаи, или на пальцах объяснить? Готовсь!"", ""translation"": ""And here, the more ammunition you take, the better your chances of coming back alive! You got that, slackers, or should I spell it out for you? Get ready!""}]"
раздолбать,"Fuck up, destroy.","[{""sentence"": ""Пизденка сама выглядит неплохо, еще не успели раздолбать, да что толку."", ""translation"": ""The pussy looks fine, it hasn’t been ruined yet, but what’s the use.""}]"
разъебай,"Useless git, do no good","[{""sentence"": ""Пароход уперся в берег,Капитан кричит: “Вперед!”Как такому разъебаюДоверяют пароход?"", ""translation"": ""The boat reaches the shore,The captain shouts “full speed ahead”,Who gave command over a ship,To such a dickhead?""}]"
разъебай,"Idiot, moron.","[{""sentence"": ""Пароход уперся в берег,Капитан кричит: “Вперед!”Как такому разъебаюДоверяют пароход?"", ""translation"": ""The boat reaches the shore,The captain shouts “full speed ahead”,Who gave command over a ship,To such a dickhead?""}]"
разъебайство,"Unreliability, irresponsibility, disregard for rules.","[{""sentence"": ""Вы видели отечественные заводы изнутри? Любые, хоть пищевые, хоть электронные. Это же неизменный бардак, антисанитария и разъебайство. С чего люди себе нафантазировали что вакцинные заводы выглядят иначе?"", ""translation"": ""Have you seen domestic factories from the inside? Any of them, be they food or electronic. It’s a constant mess, unsanitary and fucked up. Why do people fantasize that vaccine factories look different?""}]"
разъёбанный,"Chaotic, poorly organised, fucked-up, worn-out.","[{""sentence"": ""В Красноярске подключили интернет и узнали, что за судьбой обещанных за разъебанную на площадке официального сервиса Ленд Ровера бабок следят не только ленивые форпостовские секретарши."", ""translation"": ""In Krasnoyarsk they must have connected to the Internet and learned that the fate of the dough promised in the fucked-up garage of the official Land Rover dealer was being monitored not only by lazy trading post secretaries.""}]"
разъебать,"To fuck up, ruin, destroy.","[{""sentence"": ""Сегвей за последние годы улучшился. У меня был свой собственный прошлого поколения, но его разъебал Ваня Дембицкий, обещав купить новый. Но с тех прошло пять лет, а нового у меня так и нет."", ""translation"": ""Segway has improved over the last few years. I had my own from the previous generation, but Ivan Dembitsky wrecked it, promising to buy a new one. But five years have passed, and I still don’t have a new one.""}]"
разъебаться,"To settle the score, to become quit;","[{""sentence"": ""HwoR, хочешь разъебаться — бери байк. Хочешь жить — бери тачку"", ""translation"": ""HwoR, if you want to fuck up take a bike. If you want to live take a car.""}]"
разъебаться,To be in a traffic accident.,"[{""sentence"": ""HwoR, хочешь разъебаться — бери байк. Хочешь жить — бери тачку"", ""translation"": ""HwoR, if you want to fuck up take a bike. If you want to live take a car.""}]"
разъебон,"Scolding, scandal.","[{""sentence"": ""Девочки, не устраивающие периодический разъебон своим мч, нагоняют на меня тоску. Как можно отказывать себе в такой радости? Не понимаю"", ""translation"": ""Girls who don’t periodically fuck around with their boyfriends make me sad. How can you deny yourself that kind of joy? I don’t get it.""}]"
раковая шейка,Police car (“crayfish tail”).,"[{""sentence"": ""Под конвоем Чевеида Снатайко провели к выходу, где, к его удивлению, наркомана ждала не раковая шейка с решками на окнах, а обычная скорая помощь."", ""translation"": ""Cheveid Snataiko was escorted to the exit, where, to his surprise, instead of a paddy wagon with barred windows, a regular ambulance was waiting for him.""}]"
раком (встать ~),"To take the doggy-style position, i.e.","[{""sentence"": ""В миссионерке немного помучал ее — дырка вроде тугая и нераздолбанная, но алкоголь давал о себе знать… а вот когда я ее раком поставил — тут уж совсем другое дело!"", ""translation"": ""I tormented her a bit in the missionary position, the hole is kind of tight and not worn out, but the alcohol did its job… but when I took her doggy style, that a completely different story!""}]"
раком (встать ~),have sex doggy-style;,"[{""sentence"": ""В миссионерке немного помучал ее — дырка вроде тугая и нераздолбанная, но алкоголь давал о себе знать… а вот когда я ее раком поставил — тут уж совсем другое дело!"", ""translation"": ""I tormented her a bit in the missionary position, the hole is kind of tight and not worn out, but the alcohol did its job… but when I took her doggy style, that a completely different story!""}]"
раком (встать ~),to be between a rock and a hard place.,"[{""sentence"": ""В миссионерке немного помучал ее — дырка вроде тугая и нераздолбанная, но алкоголь давал о себе знать… а вот когда я ее раком поставил — тут уж совсем другое дело!"", ""translation"": ""I tormented her a bit in the missionary position, the hole is kind of tight and not worn out, but the alcohol did its job… but when I took her doggy style, that a completely different story!""}]"
распиздатый,"Very good, well (seeпиздатый).","[{""sentence"": ""Смотри, какая распиздатая тачка."", ""translation"": ""Have a look at this outstanding car.""}]"
распиздон,Scolding.,"[{""sentence"": ""Клиентами бизнеса были крупные торговые сети, которые были вынуждены покупать некие сертификаты у его конторы. С первого дня работы я слушал за стенкой, какой распиздон получают его бойцы, получившие от ворот-поворот."", ""translation"": ""The clients of the business were large retail chains that were forced to buy certain certificates from his company. From my first day on the job, I could hear through the wall the dressing-down the team got if they were turned away.""}]"
распиздошить,"To beat up, to destroy.","[{""sentence"": ""Чурки, суки, живут на нашей земле и еше че-то выебываются, да они должны хуй сосать в грязных подъездах, блять, за то, что мы позволили им тут жить, но не че, настанет время и мы распиздошим весь ебаный кавказ нахуй. Слава Руси!"", ""translation"": ""Darkies, bastards, live on our land and even show off, they should be sucking dicks in dirty staircases and thank us that we let them live here, never mind, one day we beat the living fuck out of all the fucking Caucasus. Hail Russia!""}]"
распиздяйка,"Donogooder, airhead. Female counterpart ofраспиздяй.","[{""sentence"": ""Блядь! Я забыла сегодня пропуск и опять опоздала на работу! Я распиздяйка!"", ""translation"": ""Fuck! I forgot my pass today and I’m late for work again! I’m a fuck-up!""}]"
распиздяйство,"Chaos, anarchic situation.","[{""sentence"": ""Во какие, какие распиздяйства творились, блять, вот в те времена, на хуй, до революции, а щас ещё хуже, на хуй, бля."", ""translation"": ""What a fucking mess it was back then, damn it, before the revolution, hell, and now it’s even worse, damn it.""}]"
расхуюжить,"To destroy, to demolish.","[{""sentence"": ""Такую машину не так то просто расхуюжить до такой степени об автобус."", ""translation"": ""It’s not that easy to wreck so completely such a car against a bus.""}]"
Раша,"Russia, cyrillic transcript of the English word Russia. The term became more widely known and used through theLittle BritaincloneНаша Раша.","[{""sentence"": ""Мы гордо называем свою страну РОССИЕЙ, а иностранцы завистливо говорят «Раша». Но всё-таки она наша. НАША РАША!"", ""translation"": ""We proudly call our country ROSSIYA while jalous foreigners call it “Russia”. But it is still ours. OUR RUSSIA!""}]"
Рашастан,"Russia, depreciating name composed ofрашаand the-stansuffix typical of central Asian countries.","[{""sentence"": ""Все просто: рашастан считает все земли кругом своими! Вот своими и все тут!"", ""translation"": ""It’s simple: Russistan considers all the land around it as its own! That’s all it is!""}]"
рашист,"Russian supporting the war against Ukraine, or Russian soldier taking part in it. The word, used mostly in Ukraine, combinesRussia(translitterated asраша) andfascist.","[{""sentence"": ""Забавный случай!) рашист увидев — украинский беспилотник, испугался его и стал от него убегать к своим… Тем самым слил свои позиции. После чего по ним наносится точечный удар."", ""translation"": ""Some quaint occurence!) a Rashist spotted a Ukrainian drone, got scared of it and started to run away from it to his own guys… thus giving away his position. After that, they got hit with a point-blank strike.""}]"
рвануть,To set off very fast.,"[{""sentence"": ""И ввиду многочисленных обломов по индивидуалкам, решил рвануть в ближайший салон."", ""translation"": ""And due to numerous failures with self employed women, I decided to hit the nearest brothel.""}]"
рвануть очко,To rape the backside.,"[{""sentence"": ""Потому, что рванул «очко» без вазелина."", ""translation"": ""Because I ripped through the “chocolate chute” without vaseline.""}]"
редиска,Bad person;,"[{""sentence"": ""Скажи своему сисадмину, что он полный редиска!"", ""translation"": ""Tell your sysadmin that he is a complete shmuck!""}]"
редиска,Moron.,"[{""sentence"": ""Скажи своему сисадмину, что он полный редиска!"", ""translation"": ""Tell your sysadmin that he is a complete shmuck!""}]"
ржака,Something funny.,"[{""sentence"": ""Straga: хочешь ржаку?Straga: при проектировании станции забыли сделать туалет для персонала, и в архитектуре выделили коридор 2х25м для туалета, в результате заходишь в туалет и натыкаешься сразу на раковину, поворачиваешь голову вбок и перед тобой появляется коридор 25м и в конце коридора белеет унитазStraga: не хватает только таблички «не переоценивай свои возможности — подойди поближе»."", ""translation"": ""There are two absolutely fucking awesome scenes in the movie. The first one, when three guys are about to be hanged and they’re given a last word. Two of them speak, and the third one is an Indian. He’s about to say something, but they quickly hang him. It’s terrible, of course, but it’s fucking hilarious.""}]"
ржать,To laugh (“to neigh”).,"[{""sentence"": ""Ржал: В Исландии абсолютно все лошади похожи на Матвиенку."", ""translation"": ""ROFL: In Iceland absolutely all horses look like Matvienko.""}]"
ржунимагу,"Sign of amused appreciation, deformation ofржу — не могу(I cannot stop myself from laughing).","[{""sentence"": ""А вот какая веселая шутиха про Абрамовича. Ржунимагу прям."", ""translation"": ""What a funny joke about Abramovich. Literally ROFL.""}]"
родки,Parents.,"[{""sentence"": ""Хочу купить себе мотоцикл а родки против, что мне им сказать чтобы переубедить их?"", ""translation"": ""I want to buy a motorcycle, but my old ones are against it, what could I say to make them change their mind?""}]"
рожа,"Mug, face.","[{""sentence"": ""Ждать пришлось довольно долго, Фандорин уж собирался вторгнуться без приглашения, когда из-за двери снова выглянула хмурая рожа с бакенбардами."", ""translation"": ""Waiting for quite a long time, Fandorin was about to barge in uninvited when a scowling face with sideburns peeked out from behind the door again.""}]"
розовая,Lesbian. Literally “rose”.,"[{""sentence"": ""Лесби написала только одна, но я ей объяснила, что я — феминистка, а не розовая."", ""translation"": ""Only one lesbian wrote but I explained to her that I’m a feminist, not a dyke.""}]"
рулить,"To rule (from English), to be the best. Usually the verb is used in its English form for the third person singular (аффтар рулз) but in Russian for plural (падонки рулят). The verb рулить exists in standard Russian and means “to taxi” (e.g. a plane on the runway).","[{""sentence"": ""Спарта рулит!"", ""translation"": ""Sparta rules!""}]"
русак,"Russkie, Russian, deformation ofрусскийfollowing the model of, e.g.,поляк(Pole). Also writtenруссак.","[{""sentence"": ""Наткнулся на очень интересный словарь для руссаков и местных."", ""translation"": ""I came across a very interesting dictionary for Russkies and locals.""}]"
руссак,"Russian, seeрусак.","[{""sentence"": ""Руссаки, Украинцы, Белорусы — объединяйтесь!"", ""translation"": ""Russkies, Ukrainians, Bielorussians — unite!""}]"
рыгаловка,"Run down pub, lousy bar.","[{""sentence"": ""Бамбук — заведение, созданное быдлом для быдла. Даже перемена интерьера не помогла — все равно рыгаловка, в которой люди собираются, чтобы нажарться и набить кому-нибудь морду."", ""translation"": ""Bamboo is a place made by red-necks for red-necks. Even the change of interior did not help, it is still a lousy boozer in which people meet to get pissed and beat up someone.""}]"
рыло,"Snout, face.","[{""sentence"": ""у нас в универе водка покупалась из расчета литр на рыло. с учетом того, что все равно потом 2 раза бегать:)"", ""translation"": ""In our university we bought vodka calculating one litre person. And taking into account that we would still have to return to the shop for more :)""}]"
ряха,Face.,"[{""sentence"": ""Азиат не ответил, только щекастой ряхой помотал."", ""translation"": ""The Asian didn’t respond, just wiggled his cheeky mug.""}]"
самотык,Dildo.,"[{""sentence"": ""Вопреки приличному градусу в комнате, после недолгих водных процедур, безропотно облачилась в черные чулки со стриптизной подвязкой, игривый бюстгальтер, встала на стриптизные педали, принесла пару резиновых самотыков. Стало интереснее."", ""translation"": ""Despite the respectable temperature in the room she returned from a quick shower compliantly dressed in stockings and garter belt, a frivolous bra, on stilettos, and brought in a few rubber dildos. This was becoming more interesting.""}]"
санжировать,"To jerk off, masturbate.","[{""sentence"": ""Тебя, тварь, кто кормит и тебе электричество для твоего обвафленого компа, перед которым ты санжируешь, кто дает чтоб стучал по клавишам и обсерал русских?"", ""translation"": ""Who feeds you, you bitch, and who gives you the electricity for your shabby computer, in front of which you spank your monkey, who lets you bang on the keyboard and shit on Russians?""}]"
сачковать,To skip class.,"[{""sentence"": ""Габриэлла не сачковала ни минуты."", ""translation"": ""Gabriella had not even a minute of absence.""}]"
сваливать,"To take the French leave, to go away.","[{""sentence"": ""Надо было сваливать сразу как понял, что фейка не в настроении, но дернуло меня остаться."", ""translation"": ""I should have bailed as soon as I realised the ho was not in the mood, but I had to stay.""}]"
свалить (смотаться),To get away from somewhere.,"[{""sentence"": ""Хотите ли Вы свалить из России?"", ""translation"": ""Do you want to leave Russia?""}]"
сверхурочница,"Married prostitute, literally “woman working overtime”.","[{""sentence"": ""Не бойся, она сверхурочница, следит за собой, дает с разбором. Муж у нее парень хороший, студент."", ""translation"": ""Don’t worry, she’s a part-timer, she takes care of herself, choses who she sleeps with. Her husband is a nice guy, a student.""}]"
свисток,"Lips, litterally “the whistle”. Usually female lips that are being “painted” (накрасить свисток).","[{""sentence"": ""Волосы вон под цвет соломы выкрасила, брови насурьмила, «свисток» накрасила, а на роже морщины горячим утюгом разгладить забыла. Дура старая, совсем из ума выжила."", ""translation"": ""She dyed her hair a straw blonde, heavily outlined her eyebrows, and painted her lips bright red. However, she forgot to smooth out the wrinkles on her face. An old folly, she seems to have lost her mind.""}]"
сгондобить,"To put together, produce.","[{""sentence"": ""Наверно для Сноудена уже сгондобили новый паспорт и вписали туда новую фамилию: Сновадень."", ""translation"": ""They’ve probably already cooked up a new passport for Snowden and put in a new surname: Denagain.""}]"
секас,"Sex, deformation of the wordсекс.","[{""sentence"": ""Пошел по фото Киры, пересекся с ней на ул. Расковой, секас был абалденный."", ""translation"": ""I went to meet Kira based on her pictures, we met on Raskova street, the sex was marvellous.""}]"
секретутка,Usually pretty and young secretary that is supposed to provide more than coffee to her boss. Mixture ofсекретаршаandпроститутка.,"[{""sentence"": ""Секретутка (секретарь, в обязанности которой входит интим с начальником) — сегодня одна из самых востребованных, с позволения сказать, профессий."", ""translation"": ""Secretute (a secretary whose duties include intimacy with the boss) is one of the most sought-after professions today, so to speak.""}]"
сиги,"Cigarette, apocope ofсигареты. Diminutive:сижка.","[{""sentence"": ""Наши пацаны все кроме Кумы Сиплого бросили курить, ща токо если кальянчег у Коса на хате собираемся регулярно ебашить. Говорят не так вредно как сиги."", ""translation"": ""All our boys except Kuma Siply stopped smoking, now we only meet at Kos’ place to hit the waterpipe. They say it’s less harmful that smokes.""}]"
сидюк,Compact disc;,"[{""sentence"": ""Я так как то раз с ДВД-резаком поступал, когда надо было за 2 дня 500 дисков записать. Он ровно через 500 дисков и 2 дня приказал долго жить и вернулся в магазин. Продавец был очень удивлен что дорогой сидюк так быстро и капитально накрылся."", ""translation"": ""I did just that with a DVD-burner when I had to burn 500 discs within 2 days. It kicked the bucket right after 500 discs and two days and was returned to the shop. The clerk was surprised about how such an expensive drive could be fucked up so fast and so utterly.""}]"
сидюк,CD player.,"[{""sentence"": ""Я так как то раз с ДВД-резаком поступал, когда надо было за 2 дня 500 дисков записать. Он ровно через 500 дисков и 2 дня приказал долго жить и вернулся в магазин. Продавец был очень удивлен что дорогой сидюк так быстро и капитально накрылся."", ""translation"": ""I did just that with a DVD-burner when I had to burn 500 discs within 2 days. It kicked the bucket right after 500 discs and two days and was returned to the shop. The clerk was surprised about how such an expensive drive could be fucked up so fast and so utterly.""}]"
сикушка,Young girl.,"[{""sentence"": ""Вот идет по улице какая-то сикушка восемнадцатилетняя, курит, и пиво из горла фигачит. И нормально. А я иду кефир пью — все смотрят как на дебила. Где, ваще логика?"", ""translation"": ""There goes down the street some eighteen-year-old gal, smoking and drinking beer from the bottle. That seems normal. And I go drinking kefir and everyone looks at me like a retard. Where’s the logic in it all?""}]"
синеглазка,Police car (“blue eyes”).,"[{""sentence"": ""И полицаи начинают пихать в «синеглазки» всех, кого поймают."", ""translation"": ""And the fuzz start shoving everyone they catch into the paddy wagon.""}]"
синька,Vodka (“blue”).,"[{""sentence"": ""Пошли третьи сутки как я не курю сигареты и не употребляю синьку. По правде говоря иду на рекорд."", ""translation"": ""It’s now the third day that I have not smoked or drunk vodka. Looks like I’m going to break a record.""}]"
синюха,Vodka (“blue”).,"[{""sentence"": ""«Синька» (она же «синюха») — в просторечии, алкоголь. А не метиленовый синий."", ""translation"": ""“Sinjka” (also known as “sinjukha”) is slang for alcohol. Not methylene blue.""}]"
сисечки,"Small tits, perky breasts.","[{""sentence"": ""Ксюня отрывается от телефона, сбрасывает свой топик и являет моему взору аккуратненькие такие сисечки, стоячие и округлые полторашки"", ""translation"": ""Ksyunya gets off the phone, throws off her top and shows me her neat little tits, standing and rounded A+s.""}]"
сися,"Tit, breast.","[{""sentence"": ""Фигурка отличная — сиси, как на картинке. Бодрая трешка."", ""translation"": ""Smashing body: tits like on the picture. Happy C-cups.""}]"
сисяндры,"Tits, fun-bags, breasts.","[{""sentence"": ""Кому нахуй нужны эти прыжки через козла, залезания на веревку и бег по кругу? Чтобы повтыкать на сисяндры одноклассниц?"", ""translation"": ""Who the fuck needs all this jumping over pommel horses, climbing ropes, and running in circles? Just to stare at the tits of your classmates?""}]"
сисяри,"Jugs, breasts.","[{""sentence"": ""В коридоре была замечена мельком ещё одна — высокая, темноволосая, очень привлекательная с сисярами наружу…"", ""translation"": ""In the corridor I spotted another one in passing: tall, dark haired, very attractive with her jugs showing…""}]"
сисястая,"Big-tittied, having large breasts.","[{""sentence"": ""Плюсы: аналог. Не салон. Отсутствие засечки времени, если понравитесь. Сисястая матюра с ШГ. Душевное общение.Минусы: возраст…"", ""translation"": ""Positive: No fake moaning. Not a parlour. No harsh timekeeping, if she likes you. Big breasted mature with anal. Cordial contact.Negative: Age…""}]"
сифак (сифон),Syphilis.,"[{""sentence"": ""Ранним утром, собираясь на самолет, обнаружил вокруг шеи странную красноватую сыпь. ― Похоже на сифак, ― авторитетно заявила Бурзум. ― Суешь свой член всюду…"", ""translation"": ""Early morning, getting ready for the plane he found a strange red rash around the neck. ― Looks like the syph, explained Burzum. ― You dip your dick into anything…""}]"
скоблиться,To get an abortion.,"[{""sentence"": ""Как трахаться и скоблиться по закоулкам, так нам равных нет. А как осложнение-так врачи виноваты."", ""translation"": ""When it’s about getting laid and having abortions in backstreets, they have no equal. But if there are complications it’s the doctors’ fault.""}]"
скопытиться,"To die, to kick the bucket, to shuffle off one’s mortal coil, to join the choir invisible.","[{""sentence"": ""Скрывали, сколько могли. Как раз яркое подтверждение, что скопытился уж на момент проболтавшегося Пронюшкина — точно."", ""translation"": ""They kept it secret as long as they could. Just a vivid confirmation that he had gone to meet his maker by the time Pronushkin said it, that’s for sure.""}]"
сленг,Slang (from English).,"[{""sentence"": ""В 3 часа ночи над тетрадками с сочинениями сидит учитель по русскому языку, до ужаса затр@ханный падонковским сленгом подопечных."", ""translation"": ""At 3 in the morning a Russian language teacher is going through the essays in the exercise books, frightened silly by the scumbags’ slang of his pupils.""}]"
слить,"To rebuff, send packing, reject romantic advances.","[{""sentence"": ""Каждая вторая девка, идущая по улице с подругой обсуждает парней и отсутствие секса, вот прям каждая. Но при этом когда подходишь знакомиться на хорошем ресурсе тебя сразу пытаются слить, причем таже проявление настойчивости ни к чему не приводит."", ""translation"": ""Every second girl that walks around with a friend talks about boys and the lack of sex, every second one. But if you come up to her to get acquainted on a good resource, they try to cut you off, even persistence does not get you anywhere.""}]"
смандить,To lie. Sometimes writtenсмондить;,"[{""sentence"": ""Да прекрасно я юмор понимаю (Дмитрий не даст смандить)."", ""translation"": ""Yes, I do have a sense of humour (Dimitri won’t let me lie).""}]"
смандить,"To nick, to steal.","[{""sentence"": ""Начальники воруют у подчиненных, а подчиненным у кого смандить?"", ""translation"": ""Bosses steal from subordinates and subordinates steal from whom?""}]"
соблядатай,"Voyeur, peeping Tom. Deformation ofсоглядатай(spy, traitor) under the influence ofблядь.","[{""sentence"": ""Мой сосед противный соблядатай."", ""translation"": ""My neighbour is a revolting voyeur.""}]"
совковый,"Soviet, from or in the style of the USSR, deformation ofсоветский.","[{""sentence"": ""Расстались с совковой иллюзией — что в России самые красивые девушки. Самые красивые девушки невРоссии, аизРоссии."", ""translation"": ""Let go of the Soviet illusion that Russia has the most beautiful girls. The most beautiful girls are not in Russia, they are from Russia.""}]"
совок,Citizen of the Soviet Union;,"[{""sentence"": ""В пансионате — совок полный, внешняя помпезность плюс убогость услуг, сервиса. Если кто не переваривает частный сектор, увы."", ""translation"": ""In the pension it’s a total recall of the Soviet Union, external pomposity plus appalling service. If someone cannot stand bed and breakfasts, uh-oh.""}]"
совок,The Soviet Union.,"[{""sentence"": ""В пансионате — совок полный, внешняя помпезность плюс убогость услуг, сервиса. Если кто не переваривает частный сектор, увы."", ""translation"": ""In the pension it’s a total recall of the Soviet Union, external pomposity plus appalling service. If someone cannot stand bed and breakfasts, uh-oh.""}]"
сожрать,"Munch, eat. Seeжрать.","[{""sentence"": ""Сожрал местную шаверму — называется Пянсе. Похоже на беляш с капустой, вкус специфический."", ""translation"": ""I devoured a local kebap called Pyanse. It’s kind of like a belyash with cabbage, and it has a unique taste.""}]"
сок,"Sperm, jizz (“juice”).","[{""sentence"": ""А чем полезен мужской сок… когда его наносишь на лицо?"", ""translation"": ""And what is man-juice good for… when you put it on your face?""}]"
сопатка,Nose.,"[{""sentence"": ""Кровавые сопли забивали ему сопатку, он отсмаркивался, пятясь и прикрывая лицо локтями."", ""translation"": ""Bloody snot was clogging his hooter, he blew his nose, moving backwards and hiding his face with his elbows.""}]"
сорян,"Sorry, russification of the English term.","[{""sentence"": ""Нас, как вы могли уже заметить, очень мало, поэтому иногда работы может быть очень много! Если вас это пугает, то проходите мимо :) Если у вас нет опыта, но очень-очень хочется, то тоже мимо, сорян!"", ""translation"": ""We are, as you may have already noticed, very few, so sometimes it can be a lot of work! If this scares you, just move on :) If you have no experience but really, really want to help, then bye too, sorry!""}]"
сосать,To blow (in fact the Russians do not “blow” but “suck” when fellating).,"[{""sentence"": ""Прилюдия стандартно: полизала яйца, потом сосать. Особой выдумки не наблюдал, нормально, но не более."", ""translation"": ""Standard foreplay: ball licking then blowjob. I did not notice any particular inventiveness, OK, but nothing more.""}]"
соска,"Fellatrix, hot girl.","[{""sentence"": ""А я тоже буду красивой, надену каблучкиВысокие, короткую юбку, буду как та твоя соска."", ""translation"": ""And I’ll be pretty too, I’ll wear heelsHigh heels, short skirt, I’ll be like that blow-jobber of yours.""}]"
сотона,"Derived fromсатана(Satan), this word has a positive meaning, it implies a devilishly good individual. In a comment, it can be strengthened with the adjectiveаццкий.","[{""sentence"": ""Аффтар — аццкей соттона!"", ""translation"": ""the author is a hell of good one.""}]"
спалиться,To betray oneself.,"[{""sentence"": ""Оба на 11 рябчиков повязали!) А я-то думал у нас совсем шпионов не осталось)) ан нет — есть ещё кто-то! Как интересно спалились? Опять походу в шапках-ушанках по Монхетону расхаживали или спиртное по привычки в общественных местах распивали!)"", ""translation"": ""They’ve both been arrested and are facing 11-year sentences. I thought our spy network was completely dismantled! Apparently not. How did they get caught? Were they wearing ushankas in Manhattan again or drinking in public like they’re back home?""}]"
спереть,"To steal, to nick. Imperfective ofпереть.","[{""sentence"": ""Вот типичный пример. Развязка в Екатеринбурге. 6 млрд рублей. По моему субъективному ощущению спереть хотят не меньше миллиарда. Я напишу про нее отдельно и подробно."", ""translation"": ""This is a typical example. An interchange in Yekaterinburg. 6 billion rubles. I have a subjective feeling that they want to nick at least a billion. I will write about it separately and in detail.""}]"
сперматоксикоз,State of men that are eager to have intercourse.,"[{""sentence"": ""Но стоит только кинуть первую палку и снять острый приступ спермотоксикоза, как в голове происходит какой то переворот, и вот я лежу и думаю, как бы быстрей от этого персонажа отделаться, чтобы не обидеть."", ""translation"": ""But once you had your way and relieved the mating urge a revolution of sorts takes place in your head, and here I lie thinking about how to get rid of this person quickly without offending her.""}]"
спиздеть,To lie.,"[{""sentence"": ""И еще, бабка точно по делу проходила, а деды могли и спиздеть, ну там для некой бравады."", ""translation"": ""Tell me about any alternative methods to steal the Dial-up password? What kind of software do I need to have?""}]"
спиздить,"To nick, to pinch, to steal.","[{""sentence"": ""Восемьдесят семь тысяч триста пятьдесят пять рублей. Именно столько денег спиздил у меня Аэрофлот 19 августа."", ""translation"": ""Eighty seven thousand and three hundred fifty five roubles. That’s how much money Aeroflot nicked from me on August 19.""}]"
спиздоболить,To lie.,"[{""sentence"": ""Сразу видно, что ты щас спиздоболить хочешь, тока стесняешься."", ""translation"": ""It’s obvious that you want to take the piss, but you’re too shy.""}]"
спиздрячиться,"To fall seriously ill, to die.","[{""sentence"": ""В кабаке после третьей кружки пива неожиданно спиздрячился от апоплексическаго удара Голдберг."", ""translation"": ""In the pub, after a third beer, Goldberg suddenly collapsed from an apoplectic stroke.""}]"
спиногрыз,"Child, kid (spine-nagger).","[{""sentence"": ""Наверное, думает о том, что скоро и остальные спиногрызы достигнут совершеннолетия, и тогда можно будет справить себе следующие обновы, — бранчливо и недоверчиво предположил Юрий Сенин."", ""translation"": ""Explain me why the fuck they do maintenance on escalators in the passages between subway stations at the time when everyone returned from holidays, the chavs go to school and the morons to university?""}]"
спиртяга,"Booze, spirits.","[{""sentence"": ""Пусть зальют свои тупые бессмысленные зенки паленой водярой, спиртягой и самогоном!"", ""translation"": ""Let them fill up their stupid meaningless eyes with questionable moonshine, booze and home-made vodka!""}]"
сплавлять,"To flog, sell.","[{""sentence"": ""Тимошенко запретит Януковичу сплавлять уран за границу."", ""translation"": ""Timoshenko forbids Yanukovich to flog uranium abroad.""}]"
спуск,Ejaculation (“discharge”).,"[{""sentence"": ""По минету ничего особенного, такие оценки потому что минет в моем понимании должен быть без резинки со спуском в ротик и проглатывании всего, чего конечно с проститутками делать не рекомендуется."", ""translation"": ""The blowjob is nothing to write home about, this judgement because in my view a blowjob ought to be without a rubber, cumming in the mouth and fully swallowed, which of course cannot be encouraged in prostitutes.""}]"
срака,"Arse, arsehole. Diminutive form:срачка.","[{""sentence"": ""Очень есть надежда, что та злая девочка была отъёбана прямо непосредственно в сраку: без любви, нежности и смазки — за ее такое злое поведение и провокации в назидательных целях."", ""translation"": ""There is the hope that this mean girl will be banged right up the arse: without love, sweetness or lube, for her mean behaviour and provocations.""}]"
сракануть,Take a dump.,"[{""sentence"": ""Ради дизайна крышек люков в Москве я готов не то что на либералов, даже на хипстеров сракануть."", ""translation"": ""For the design of manhole covers in Moscow I am ready to shit not only on liberals but also on hipsters.""}]"
сральник,"Crapper, toilet.","[{""sentence"": ""Посидеть на белом фаянсе нашего сральника приходят не только журналисты, режиссеры и видеоинженеры, приписанные к нашему этажу, но и техническая дирекция (географически размещенная в отдельном корпусе, где роль туалета выполняет чуть ли не дырка в полу — судя по двери и аромату из-за нее вырывающемуся), операторы и даже милиционеры, несущие вахту на входе на наш режимный объект. Недавно в туалете был замечен даже полковник МЧС."", ""translation"": ""Sitting on the white porcelain of our shitter is not only for journalists, directors, and video engineers assigned to our floor, but also for the technical directorate (geographically located in a separate building, where the role of a toilet is almost played by a hole in the floor — judging by the door and the aroma that escapes from it), operators, and even the policemen on duty at the entrance to our restricted facility. Recently, even a colonel from the Ministry of Emergency Situations was spotted in the restroom.""}]"
сраный,"Execrated, shitty.","[{""sentence"": ""Багдад — твоя могила. Понял, ты, Джордж, сраный ковбой?"", ""translation"": ""Baghdad will be your grave. Got that, George, you pitiful cowboy?""}]"
сраньё,"Shit, faeces.","[{""sentence"": ""Сраньё без куренья, как чай без варенья."", ""translation"": ""Shitting without smoking is like tea without jam.""}]"
срать,"To shit, to defecate.","[{""sentence"": ""Лёня блевал, Серега срал и почти у всех была температура под 38."", ""translation"": ""Leonid was throwing up, Sergey shat and almost everyone had a fever slightly below 38 °C.""}]"
срач,"Argument, discussion, shit show, usually ripe with abuse and invectives.","[{""sentence"": ""Две звезды российского шоу-бизнеса устроили эпический срач в «Твиттере»."", ""translation"": ""Two Russian showbiz stars had an epic Twitter feud.""}]"
срубить бабок,"Get rich quick, make big bucks.","[{""sentence"": ""У них у всех одно на уме: срубить бабок, снять тёлку и поймать кайф."", ""translation"": ""They all have the same on their minds: make money, pick up a girl and get high.""}]"
ссака,"Piss, urine.","[{""sentence"": ""P.P.S. Поступают советы дома ссать в раковину. Ссака в раковине — плохая примета. Писюлёк уменьшится."", ""translation"": ""P.P.S. Suggestions arrive to pee in the sink at home. Piss in the sink is a bad sign. The willy will get shorter.""}]"
ссать,"To piss, to pass water, quite an offensive verb;","[{""sentence"": ""Людям, которые пьют “легкое” пиво, нравится не вкус пива, им просто нравится много ссать."", ""translation"": ""People who drink “light” beer don’t like the taste of beer, they simply enjoy peeing a lot.""}]"
ссать,"Figuratively: to be afraid of, to fear.","[{""sentence"": ""Вы так удивляетесь тому, что Путин на два часа опаздывает, как будто он впервые вам в лицо ссыт. К неуважению могли бы уже и привыкнуть."", ""translation"": ""Maks: I’m sitting reading the handbook for repairing my Lada 21043. It starts with a short list of possible failures. 40 A4-size pages in small type… oh my… Toyota: Moving forward. Lada: Don’t get mad, we’ll get there somehow.""}]"
ссун,"Coward, pisser.","[{""sentence"": ""Он ссун… Он скорее весь мир сожжёт, чем сам себе добавит 9 грамм к усохшим мозгам."", ""translation"": ""He’s a coward… He would rahter set the whole world on fire, than personally add 9 gramms to his dried-out brains.""}]"
ссучёнок,"Pisser, little coward.","[{""sentence"": ""Потом зададут вопросы: «Зачем ты, ссученок, сдал Славянск? Расскажи, как ты брал деньги, тварь поганая, у Ахметова для того, чтобы сбежать из него. Расскажи, как ты бросил пацанов, гадёныш»."", ""translation"": ""Then they will ask questions: “Why did you give up Slavyansk, you bitch? Tell them how you took money, you filthy bastard, from Akhmetov in order to leave it. Tell us how you abandoned the boys, you bastard.”""}]"
ссыкло,"Coward, pussy.","[{""sentence"": ""Уверен, что Стрелков поведет себя как законченное ссыкло."", ""translation"": ""I’m sure Strelkov will behave like a complete pussy.""}]"
ссыкун,"Pisser, bed wetter, person with a weak bladder, figuratively a coward.","[{""sentence"": ""Почему Вова такой ссыкун?"", ""translation"": ""Why is Vlad such a pisser?""}]"
стащить,"To nick, to steal something.","[{""sentence"": ""А началось все еще в отрочестве, было тогда лет 12, когда кто-то притащил из друзей в школу сигариллы (видимо где-то стащил)."", ""translation"": ""It all started already during adolescence, I was around 12 then, when some friend brought cigarillos to school (must have nicked them somewhere).""}]"
ствол,100 rouble;,"[{""sentence"": ""Но просто сторож во Флориде, например, может явиться со своим стволом."", ""translation"": ""But a simple guard in Florida, for example, can go to work with his own gun.""}]"
ствол,Gun.,"[{""sentence"": ""Но просто сторож во Флориде, например, может явиться со своим стволом."", ""translation"": ""But a simple guard in Florida, for example, can go to work with his own gun.""}]"
стёб,"Insider joke, ironical remark.","[{""sentence"": ""Песни сопротивления- это стеб такой?"", ""translation"": ""Is the song Resistance some kind of second degree irony?""}]"
стелька,Prostitute. Lit. “insole”.,"[{""sentence"": ""Я из числа уверовавших в единого Аллаха. А ты чья стелька?"", ""translation"": ""I am among those who believe in one Allah. Whose slut are you?""}]"
столбняк,"Boner, hard on, woody.","[{""sentence"": ""Когда тебя ебут, то ты орешь вот так,Что у всех соседей случается столбняк."", ""translation"": ""When you’re getting laid you’re such a moaner,That all neighbours end up with a boner.""}]"
стопицот,"Loads, a lot. Deformation ofсто пятьсот(hundred five hundred), which derives fromсто процент(hundred percent). Written in figures as 100500.","[{""sentence"": ""Например, я напишу стопицот чисел в разной последовательности, и мне нужно, чтобы программа при запросе выдавала мне такие же числа одним нажатием."", ""translation"": ""For example, I enter a helluvah numbers in an erratic order and I need, that upon requests the programme returns me those numbers with one click.""}]"
стоячка,"Woody, erection. Also calledстоячок.","[{""sentence"": ""Одну капсулку в ротик возьму, запью водицей… а через два часика стоячок…"", ""translation"": ""I take one capsule in my mouth, drink water… and two hours later I get a boner…""}]"
стрелять (сигарету),To bum (a cigarette).,"[{""sentence"": ""Стрелять вообще не прилично, коли нет денег на сигареты — будь добр, не кури."", ""translation"": ""Bumming is actually not decent, should you not have the money for cigarettes then be so kind a do not smoke.""}]"
стрёмно,"Dangerous, frightening;","[{""sentence"": ""Проснулся на столе лежит шоколадка и рядом с ней записка «Спи Спокойно Сынок» становиться стрёмно есть эту шоколадку."", ""translation"": ""I woke up and on the table lies chocolate with note “sleep tight sonny” it feels scary to eat this chocolate.""}]"
стрёмно,"Weird, funny.","[{""sentence"": ""Проснулся на столе лежит шоколадка и рядом с ней записка «Спи Спокойно Сынок» становиться стрёмно есть эту шоколадку."", ""translation"": ""I woke up and on the table lies chocolate with note “sleep tight sonny” it feels scary to eat this chocolate.""}]"
струкать,To piss.,"[{""sentence"": ""— Вот ты скажи котик ты струкаешь на диван? — Неееат я хороший котик, я струкаю с балкона соседу на голову."", ""translation"": ""— Tell me, kitty, do you pee on the sofa? — Nooo, I’m a good kitty, I pee off the balcony onto the neighbor’s head.""}]"
струхня,"Sperm, jizz.","[{""sentence"": ""О боже какой кайф… ну блин тож так хочу! У девчонки струхня осталась в кисе."", ""translation"": ""My God what a brilliant fun… I want the same! The jizz remained in the pussy of the girl.""}]"
стукач,"Snitch, traitor, informer.","[{""sentence"": ""Не могу это в блог писать здесь есть один стукач который все докладывает моему мужу как 6, я те в личку на пишу."", ""translation"": ""I can’t write that in the blog there’s a snitch here who tells everything to my husband sort of, I’ll write you a pm.""}]"
сука,"Bitch, untrustworthy woman.","[{""sentence"": ""Блядь, вот суки! Вся Москва — любительницы жрать салаты на халяву. Нормальных тёлок нужно, как Диоген, днём с огнём искать…"", ""translation"": ""Fuck those bitches! Moscow is ripe with girls looking to eat salad for free. You must look for normal girls like Diogenes, in daylight with a lamp…""}]"
сукин сын,Son of a bitch.,"[{""sentence"": ""Я же сказал, что ты просто везучий сукин сын."", ""translation"": ""I did tell you that you’re a lucky son of a bitch.""}]"
суходрочка,Pointless activity (“dry-wanking”).,"[{""sentence"": ""Вся эта херня в Донбассе очередная суходрочка.Путин зассыт, как всегда."", ""translation"": ""All this mess in Donbass is just some more bullshit. Putin will not have the balls, like always.""}]"
сучка,"Bitch, untrustworthy woman. Diminutive ofсука.","[{""sentence"": ""Лучшая подружка это такая сучка которая знает о чем ты молчишь и вечно подъебывает."", ""translation"": ""The best friend is a kind of bitch, that knows what you are being silent about a keeps pulling your leg.""}]"
сучка с сумочкой,"Bitch, girl with an unfounded high opinion of herself.","[{""sentence"": ""Завязка истории происходит в кафе, где три сучки с сумочками отдыхают после шопинга, и главная героиня (Асель Сагатова) выражает желание уже поделать что-нибудь общественно полезное, например, стать телеведущей."", ""translation"": ""The starting point of the story takes place in a café where three bimbos rest after a shopping spree and the main character (Asel’ Sagatova) expresses the desire to do something socially meaningful, for example become a TV anchor.""}]"
схавать,"To munch, eat.","[{""sentence"": ""Самое важное в жизни – уметь отложить награду.Подождать приза. Дождаться бонуса. Дожить до признания.Или просто не схавать конфетку сразу, как ее положили перед тобой, а схавать ее вечером, например, когда ты сделал все дела."", ""translation"": ""The most important thing in life is the ability to delay gratification. To wait for the prize. To hold out for the bonus. To live long enough to receive recognition. Or simply not to eat the candy right away when it’s placed in front of you, but to enjoy it in the evening, for example, after you’ve completed all your tasks.""}]"
схуёвоваться,"To worsen, to get back.","[{""sentence"": ""Мне схуёвылось."", ""translation"": ""I felt ill.""}]"
сцать,"To piss, older orthography ofссать.","[{""sentence"": ""Против ветра не сци."", ""translation"": ""Don’t piss against the wind.""}]"
сцуко,Corrupted spelling ofсука.,"[{""sentence"": ""У меня кота зовут Сцуко. Мама думает, что это японское имя."", ""translation"": ""My cat is called Bitcho. Mum thinks it’s a Japanese name.""}]"
съебаться,"To get away, to leave, to flee.","[{""sentence"": ""Вот не знаю — там дохуя кафешек рядом, тот же МАК, к примеру — чего было туда не съебнуться, пока меня ждет."", ""translation"": ""Well, I don’t know, there’s a shitload of cafés around, MAK for one, why not get the fuck in there while she waits for me.""}]"
съединоросить,"To steal, especially public funds. Modern form ofскоммуниздить.","[{""sentence"": ""Бюджетные средства, выделенные на строительства автодороги, планируется съединоросить не менее, чем на 30%."", ""translation"": ""At least 30% of state funding for road construction is expected to be nicked.""}]"
съябывать,"To take off, get away, Western Russian or Belarussian variant ofсъёбывать. Seeсъебаться.","[{""sentence"": ""— Надо съябывать, — говорит Клок. Мы застегиваем штаны."", ""translation"": ""— We must piss off, said Klok. We button up our trousers.""}]"
сюртук,Condom. In standard Russian “frock-coat”.,"[{""sentence"": ""Так что навыками эротического массажа девушка владеет. Восставшая плоть была мастерски облачена в сюртук от Sico и меня угостили хорошим глубоким минетом."", ""translation"": ""So, the girl definitely knows the skills of erotic massage. My aroused flesh was expertly dressed in a Sico condom, and I was treated to a good, deep blowjob.""}]"
табло,"Face. Derives from Frenchtableau(picture, painting).","[{""sentence"": ""Министр Экономики дал в табло депутату от Бют. :) Улыбнуло."", ""translation"": ""The minister of Economic Affairs slapped an MP from the Yulia Tymoshenko Bloc. :) Hilarious.""}]"
талапонец,"Estonian, ethnic slur derived from Estonian wordtalupoeg(peasant).","[{""sentence"": ""язык дебильный, кто его вообще придумал (и кому ещё кроме талапонцев он нужен)…"", ""translation"": ""Stupid language, who ever came up with it (and who needs it besides those damned Estonians)…""}]"
таракан,Cockroach – nickname for Alexander Lukashenko created in the presidential campaign of 2020. Often expanded toусатый тараканin hommage to the thick moustache of the dictator.,"[{""sentence"": ""В Минске пиздец. Упыри очень жёстко разгоняют людей. Войска таракана применяют оружие с резиновыми пулями и светошумовые гранаты."", ""translation"": ""It’s fucked up in Minsk. The ghouls are dispersing people very violently. The cockroach’s troops use rubber bullets and stun grenades.""}]"
татарва,Ethnic slur for Tatars as a whole.,"[{""sentence"": ""Пять лет возводили мы хану терема каменные. Татарва — народ злой, зверье лютое."", ""translation"": ""For five years we have been building the khan’s stone palaces. The Tartars are a wicked people, fierce beasts.""}]"
тачка,Car.,"[{""sentence"": ""Чаще всего желание слуги народа гонять на крутой тачке пересиливает совесть. Известный всем лексус с бубингом — отличный пример."", ""translation"": ""Most of the time, a public servant’s desire to drive a fancy car outweighs their conscience. The well-known Lexus with a flashing light is a perfect example.""}]"
тащиться,"To dig something, to like it.","[{""sentence"": ""Должен сказать, что я просто тащусь от Страны Басков."", ""translation"": ""I must say that I really am into the Basque country.""}]"
тёлка,Girl (“heifer”).,"[{""sentence"": ""Чем длиннее у телки ноги, тем меньше мозгов у нее в голове."", ""translation"": ""The longer a girl’s legs, the fewer her brains.""}]"
тёплый брат,"Fag, queer, homosexual. Obsolete term from the Russian criminal slang, most probably a translation from the German euphemism meaning “warm brother”.","[{""sentence"": ""Жека, поясняю про теплого брата: имеется в виду «гей»."", ""translation"": ""Zheka, let me explain warm brother to you: it means “gay”.""}]"
течка,Menstruation (“heat”).,"[{""sentence"": ""Еду, еду, вдруг звонок с этого номера. Ну, думаю, всё… облом с данным сабжем: то ли течка неожиданно у Саши началась, то ли вдруг отъехать решила. Такое нередко бывает у некоторых фей."", ""translation"": ""I’m driving along when I suddenly receive a call from that very number. That’s it, I’m thinking… a flop with that subject: maybe a sudden period, maybe she decided to take off. That often happens to certain hookers.""}]"
тибрить,"To nick, steal.","[{""sentence"": ""Ветераны «челночного» движения признают, что тибрить на землях Византии стали реже."", ""translation"": ""Veterans of the “shuttle trading” movement recognise that theft was becoming rarer in the lands of Byzantium.""}]"
тик-ток войска,Chechen units of the Russian national guard more famous for producing ridiculous staged videos for social networks than for actually fighting during the invasion of Ukraine in 2022. A pretend combat film shot in the absence of any ennemy can be calledкадыровщина.,"[{""sentence"": ""Тик-ток войска Кадырова захватили ферму, которую не могли отбить с 2014 года, — росСМИ.Видимо, ферма была с овцами. А это важный стратегический объект, за который восемь лет шел ожесточенный бой."", ""translation"": ""Kadyrov’s Tik-Tok troops have seized a farm that had could not be captured since 2014, according to Russian media.Apparently, the farm held sheep. And this is an important strategic site, for which there was a fierce fight for eight years.""}]"
титушки,"Agent provocateur, Ukrainian word (“тітушки”) stemming from the surnameТитушко. An individual by that name had been convinced of assaulting Ukrainian opposition journalists in May 2013. The name now describes all the thugs hired by the Yanukovich government to do the dirty jobs.","[{""sentence"": ""15:07 (13:07) Самооборона «Евромайдана» помешала «титушкам» прорваться в Мариинский парк со стороны станции метро «Арсенальная». Протестующие оттесняют их в направлении метро, забрасывая их дымовыми шашками и петардами."", ""translation"": ""15:07 (13:07) The Euromaidan self-defense prevented the “titushki” from breaking into Mariinsky Park from the direction of the Arsenalnaja metro station. The protesters are pushing them back towards the metro, throwing smoke grenades and firecrackers at them.""}]"
титька,"Tit, breast.","[{""sentence"": ""Тогда мы ее избили, не очень больно, раздели для забавы и избили, хохоча над ее дурацкими титьками, которые резво подпрыгивали, пока мы ее били, но, однако, она все-таки потеряла сознание — и титьки стали совсем уж дурацкими, и мы даже всплакнули над их бесповоротной глупостью."", ""translation"": ""Then we beat her up, not too hard, undressed her for fun and beat her up, laughing at her stupid tits that jumped sprightly jumped while we hit her, but in the end she did lose consciousness and her tits became completely stupid so we even laughed to tears because of their uncompromising stupidity.""}]"
титястая,"With big jugs, big-tittied.","[{""sentence"": ""Худые и титястые бывают только силиконовые… Так мать природа устроила…"", ""translation"": ""Thin chicks with big boobies can be only siliconed… Mother nature does not work that way…""}]"
толкать,"To sell, flog;","[{""sentence"": ""Хотя куда Путину до проблем простых людей. Он лучше подумает про вступление в ВТО, нефть станет толкать дешевле и выгодней."", ""translation"": ""But what does Putin care about the problems of ordinary people. He rather thinks about joining the WTO and flogging oil cheaper and with higher margins.""}]"
тонна,"Grand, thousand (“a ton”).","[{""sentence"": ""Оставил ноутбук на полу, торчал из под кровати на половину. Теща подумала — весы. Полторы тонны баксов весит, сука!"", ""translation"": ""I left my notebook on the floor, stashed half under my bed. My mother-in-law thought it was a balance. She weighs a grand and a half, bitch!""}]"
топтать,"Fuck, screw.","[{""sentence"": ""Так, топтал ли Сердюков свою боевую подругу Женечку утром в её квартире?"", ""translation"": ""So, did Serdyukov sling one up his battle buddy Zhenechka in her flat this morning?""}]"
тормоз,A stupid person (“a brake”).,"[{""sentence"": ""Ты тормоз, тормоз ты, да ты просто тормоз!Я гонщик, я гонщик, я гонщикТы тормоз, тормоз ты, да ты просто тормоз!Тормоз, тормоз ты."", ""translation"": ""You’re so slow, so slow you are, yes you’re just a slug!I’m a speed demon, a speed demon, a speed demon.You’re so slow, so slow you are, yes you’re just a slug!So slow, so slow you are.""}]"
тормозить,"To act retarded, to have trouble understanding;","[{""sentence"": ""xxx: что ты мне все «не тупи, не тормози»xxx: совсем меня свободы воли лишаешь! :("", ""translation"": ""xxx: why are you always going on about “don’t be stupid, don’t be a moron”xxx: you’re depriving me of my own free will! :(""}]"
точить,To eat.,"[{""sentence"": ""В этот раз, скорее вопреки и нифига не трагично, не как после первого посещения — я точил по 100500 пирожков на каждом кофебрейке, сидел в кресле с 9:30 до 17:00, потом жрал всю противопаказанную врачами еду."", ""translation"": ""This time, rather in spite of and nothing tragic, not like the first visit — I polished off a shitload of cakes at every coffee break, sat in the chair from 9:30 to 5pm, then munched all the food the doctors warn you about.""}]"
точняк,"Precisely, deformation ofточно.","[{""sentence"": ""Точняк, он бы чётко объяснил, чем кавказ отличается от Альп :)"", ""translation"": ""Spot on, he should explain clearly in which way the Caucasus is different from the Alps :)""}]"
трава (травка),"Pot, weed.","[{""sentence"": ""Какая трава? Какая трава?Я вообще не знаю, что такое трава,Я вырос в городе, там где асфальт,А то, что у меня сейчас в карманах,То это зелёный чай! Вау!Полные карманы марихуаны!Полные карманы марихуаны!"", ""translation"": ""What grass? What grass? I don’t even know what grass is, I grew up in the city, where there’s asphalt, What’s in my pockets now, It’s green tea! Whoo! Pockets full of marijuana! Pockets full of marijuana!""}]"
трах,"Lay, fuck, sex.","[{""sentence"": ""Нет, что ни говорите, а хороший трах лучше плохого юмора!"", ""translation"": ""No, whatever you may say, a good lay is better than poor humour!""}]"
траханный,"Fucked, fucking. Often used as a filler in a similar way asёбанный.","[{""sentence"": ""— О, эта траханная русская ирония!"", ""translation"": ""— O, that fucking Russian irony!""}]"
траханье,"Sex, intercourse.","[{""sentence"": ""— Ничего, вчера ты приехал с Фай (он кивнул в сторону девушки) и сегодня после отличного траханья и выпивки возвращаешься домой, залечивать свои раны."", ""translation"": ""— Nothing, you came with Fae yesterday (he nodded towards the girls) and today after outstanding screwing and drinks you go back home to heal your wounds.""}]"
трахаться,"To screw, copulate (seeтрахать);","[{""sentence"": ""Всю ночь трахаться с новой тёлкой."", ""translation"": ""To fuck all night with a new girl""}]"
трахаться,"To do a tedious, unpopular job.","[{""sentence"": ""Всю ночь трахаться с новой программой."", ""translation"": ""To waste the night installing a new software.""}]"
трахнуть,"To hit, to do something loud and violent;","[{""sentence"": ""Хотел ее трахнуть на почве взаимной симпатии, но она не дала."", ""translation"": ""I wanted to fuck her relying on mutual sympathy, but she wouldn’t let me.""}]"
трахнуть,To copulate.,"[{""sentence"": ""Хотел ее трахнуть на почве взаимной симпатии, но она не дала."", ""translation"": ""I wanted to fuck her relying on mutual sympathy, but she wouldn’t let me.""}]"
траходром,"Fuck-o-drome, Brothel;","[{""sentence"": ""Квартирка обычная. В одной комнате траходром, в другой типа приемная. Встречает администратор, чай, кофе, присаживайтесь. Сейчас выйдут девушки."", ""translation"": ""Standard flat. In one room the bunk, in the other some sort of reception. The administrator greets newcomer, tea, coffee, have a seat. The girls will come around in just a minute.""}]"
траходром,"Bed, chamber. The word is a mix of the Slavic rootтрахand Greek δρομος (competition, racing track).","[{""sentence"": ""Квартирка обычная. В одной комнате траходром, в другой типа приемная. Встречает администратор, чай, кофе, присаживайтесь. Сейчас выйдут девушки."", ""translation"": ""Standard flat. In one room the bunk, in the other some sort of reception. The administrator greets newcomer, tea, coffee, have a seat. The girls will come around in just a minute.""}]"
трёп,"Talk, chatter.","[{""sentence"": ""Я иногда тайком записывал наш застольный треп. Мне по хую."", ""translation"": ""I sometimes wrote down our discussions at table in secret. I don’t give a damn.""}]"
трёхсотый,"Injured soldier, military slang derived from the code for transport of injured personnel (груз 300).","[{""sentence"": ""Бежали, побросав своих «трёхсотых»: О последних днях боёв за Новомихайловку рассказал боец 155-й бригады."", ""translation"": ""They fled, abandoning their injured: A fighter from the 155th Brigade recounted the final days of the battles for Novomikhaylovka.""}]"
трещать,"To talk, to chatter.","[{""sentence"": ""Лена села за стол и принялась трещать без умолку."", ""translation"": ""Lena sat down at the table and began to chatter on and on.""}]"
три весёлых буквы,Euphemism forхуй(three happy letters).,"[{""sentence"": ""Убить бы не убили, конечно, но послали бы на три веселых буквы — это точно."", ""translation"": ""They did not kill him, of course, but they did make it clear that he should go fuck himself.""}]"
трихомудия,"Thingy, item of little importance.","[{""sentence"": ""Вокруг валялись разводные ключи и вся сантехническая трихомудия."", ""translation"": ""There were wrenches and all the plumbing whatnots lying around.""}]"
трубка,Telephone;,"[{""sentence"": ""Ну позвони в день встречи. Мало ли, почему она не ответила один раз. Если вообще не берет трубку — пиши смс, если не ответит — удаляй."", ""translation"": ""Well call on the day of the meeting. It doesn’t matter why she didn’t answer once. If she doesn’t pick up at all, text her, if she doesn’t answer, delete her.""}]"
трубочист,Active homosexual (“pipe cleaner”).,"[{""sentence"": ""[Гей-порно] Описание: Кто не любит трубочистов?"", ""translation"": ""[Gay porn] Description: Who doesn’t like pipe-cleaners?""}]"
трудная вода,"Vodka, spirits.","[{""sentence"": ""Водку любишь? Это трудная вода."", ""translation"": ""You like vodka? It’s tricky water.""}]"
труженица койки,Prostitute (“worker of the bunk”).,"[{""sentence"": ""Сначала приятно удивляешься привлекательности и ухоженности тружениц койки, и неприятно — ценами. 50 евро за первые 15 минут или за «выстрел»."", ""translation"": ""At first the appeal and well-kept appearance of the worker of the bunk make a pleasant surprise, the unpleasant one is the price. 50 euro for the first 15 minutes or “shot”.""}]"
трухня (труханина),"Sperm, jizz. The word is also used as an euphemism forхуйня.","[{""sentence"": ""Да на артистках ещё до совершеннолетия уже пробы негде ставить. Говорят, они из спермы компрессные маски на лицо себе на ночь ставят, мужскую трухню, как целебные грязи применяют, потому и выглядят молодо."", ""translation"": ""There’s nowhere to put a stamp on an artist even before she comes of age. It’s said they use semen to put compress masks on their faces at night, using the man’s spunk as a healing mud, which is why they look so young.""}]"
трындец,Euphemism replacingпиздец.,"[{""sentence"": ""Сегодня с утра на Чуркине какой-то эпичекский трындец."", ""translation"": ""This morning in Churkino there was an epic fuck-up.""}]"
тряпка,"Wimp, weakling, sissy.","[{""sentence"": ""Ты не один такой, время дурное какое-то, девчонки вы*бываться стали просто адски, при чем независимо от статуса и внешности. Всё им всегда не так. Подошел — маньяк, не подошел — лох и тряпка. Такая их логика."", ""translation"": ""You’re not alone, times are bad, girls are utterly fucked up, regardless of status or appearance. Everything is always wrong for them. You come up to them, you’re a maniac, you don’t come up to them, you’re a pussy and a loser. That’s their logic.""}]"
тряхомудия,"Thingy, item not worthy of a more precise definition. Also known asтряхомудие, тряхомудьеorтрихомудияvorzufinden.","[{""sentence"": ""Эксперды гадают, не понимают, к чему эта тряхомудия с Конституцией, всемирным голосованием, рабочей группой из Машкова и Исымбаевой… А моя версия такая: дед тупо ёпнулся. Прошу воспринять серьезно."", ""translation"": ""Experts are guessing, they don’t understand what all the fuss is about with the Constitution, the worldwide vote, the working group of Mashkov and Isymbayeva… And my version is: Granddad is plainly fucked up. Please take it seriously.""}]"
тугрик,"Money, Rouble. This is in fact the correct Russian name of the Mongolian currencyтөгрөг(tögrög).","[{""sentence"": ""Тугрики отрабатываются вроде честно, но все действо напоминает механистический обязон, даже цифирить не озабочиваются."", ""translation"": ""She seems to do a fair job to get her guineas, but her actions remind of a mechanical obligation, she didn’t even care to fake.""}]"
туркать,"To pick on someone, mob, harass.","[{""sentence"": ""Тише, тише, тише. Давайте не будем туркать человека и самих себя."", ""translation"": ""Hush, hush, hush. Let’s not turn on the man and ourselves.""}]"
туса,"Group of friends, party.","[{""sentence"": ""Ну да, сексуальна, отдает пошлостью и дерзостью изо всех дыр, но ведь их хрен удержишь, если речь пойдет о семейной жизни. Вечные тусы, тугие подруги, клубы, мальчики, ля ля фа фа, вечные оправдания, тонкий «Винстон», проблемы с мамой и пять миллиардов пар сапог и туфель."", ""translation"": ""Yes, she’s sexy, oozing boldness and sass from every pore, but you can’t hold onto them when it comes to family life. Endless parties, tight-knit girlfriends, clubs, boys, blah blah, endless excuses, slim “Winston” cigarettes, issues with her mom, and five billion pairs of boots and shoes.""}]"
тусоваться,"To party, go out with friends;","[{""sentence"": ""Совершенно искренне не понимал, что за удовольствие тусоваться во дворах, беситься на дискотеках, пить в загаженных туалетах липкий портвейн, от которого мозги становятся тяжелыми и неповоротливыми."", ""translation"": ""I honestly did not understand where the fun is in hanging out in yards, partying in night clubs, drinking sticky port in shoddy rest rooms from which the mid becomes heavy and sluggish.""}]"
тусовка,Group of (young) friends;,"[{""sentence"": ""Неизменное впечатление на барышень производил прекрасно освоенный трюк: двухметровый лондонец, не по-родному учтивый, с дурацкой приклеенной улыбкой и безупречным пробором ровно посередине макушки — одним словом, чистый Англичан Англичанович — вдруг говорил: «Милая Наташа, не завалиться ли нам в Челси? Там нынче улетная тусовка»."", ""translation"": ""He always left a lasting impression on the ladies with his perfectly executed trick: a two-meter-tall Londoner, overly polite, with a silly fixed smile and an impeccable part right in the middle of his head — in short, the perfect English gentleman — would suddenly say: “Dear Natasha, how about we pop over to Chelsea? There’s a smashing party going on there tonight.”""}]"
тусовка,"Party, meeting place.","[{""sentence"": ""Неизменное впечатление на барышень производил прекрасно освоенный трюк: двухметровый лондонец, не по-родному учтивый, с дурацкой приклеенной улыбкой и безупречным пробором ровно посередине макушки — одним словом, чистый Англичан Англичанович — вдруг говорил: «Милая Наташа, не завалиться ли нам в Челси? Там нынче улетная тусовка»."", ""translation"": ""He always left a lasting impression on the ladies with his perfectly executed trick: a two-meter-tall Londoner, overly polite, with a silly fixed smile and an impeccable part right in the middle of his head — in short, the perfect English gentleman — would suddenly say: “Dear Natasha, how about we pop over to Chelsea? There’s a smashing party going on there tonight.”""}]"
тухес,"Arse, backside. Loanword from Yiddish תּחת.","[{""sentence"": ""Тухес, конечно, ее сильная сторона — когда открыла мне дверь — голубоглазая, смешливая, загорелая, в белой мини-юбочке и блузочке, при туфельках, повела в комнату, покачивая крупом — я аж сглотнул."", ""translation"": ""The bum is her trump, when she opened the door — blue eyes, funny, tanned, in a white mini skirt and blouse, with pumps, and led me to the room, swinging her backside my mouth went all watery.""}]"
тыр,"One thousand roubles, derives from the initialsт.р. (тысяча рублей).","[{""sentence"": ""Есть комната на м. Нагорная, как раз 15 тыр, две минуты пешком от метро. С 15-го числа."", ""translation"": ""I know a room at metro station Nagornaya, exactly 15 grands, two minutes walking distance from the tube. Available from the 15th.""}]"
тырить,"To pinch, to nick. Imperfective ofстырить.","[{""sentence"": ""Планируем расширять сотрудничество с Украиной, если она не будет тырить у нас газ."", ""translation"": ""We plan to expand co-operation with Ukraine if they stop nicking our gas.""}]"
тырнет,"Internet, pun alluding to the verbтыритьand mimicking a simple folk pronunciation.","[{""sentence"": ""Макбукэйру нужен тырнет при первом включении?"", ""translation"": ""Does a MacBook Air need an Internet connection upon first start?""}]"
тыща,"Thousand roubles, short forтысяча.","[{""sentence"": ""Ну если что останется, тыща-две от силы, то будет лотерея или лохотрон, наверное, не знаю как лучше назвать."", ""translation"": ""If there’s anything left, maybe a thousand or two, then it’ll probably be a gamble or a scam, I’m not sure.""}]"
убейсибяапстену,"Negative assessment of the author of a post, who is invited to kill himself against a wall — in proper Russianубей себя об стену.","[{""sentence"": ""И пиши всегда так, чтобы никому не захотелось откомментиться в духе КГ/АМ, Аффтар выпей йаду, Убейсибяапстену…"", ""translation"": ""And always write in such a way that no one feels like commenting along the lines of POS, STFU or OMFG…""}]"
убитые еноты,"Dollar, ironical reading of the abbreviation ofусловная единица (у.е.)(conventional unit, the euphemism used to replace USD after the government forbade pricing in foreign currency in Russia)..","[{""sentence"": ""Кузовщики, расшарив тему и посмеявшись надо мной, «зарядили» 15000 рублей, как предварительную сумму (блядь, наверняка вся эта срань выльется мне не меньше чем в 1000 «убитых енотов»)…"", ""translation"": ""The bodywork guys, having cracked the subject and laughed at me, “charged” 15000 rubles as a provisional amount (fuck, for sure all this shit will cost me no less than 1000 bucks)…""}]"
ублюдок,Bastard.,"[{""sentence"": ""Храбрятся только ослы и их ублюдки, но ведь и те до известной стены."", ""translation"": ""Only donkeys and their bastards boast, but even they hit a wall eventually.""}]"
уборная,Toilet.,"[{""sentence"": ""— Свет надо тушить за собой в уборной, вот что я вам скажу, Пелагея Петровна, — говорила та женщина, перед которой была кастрюля с какой-то снедью, от которой валил пар, — а то мы на выселение на вас подадим!"", ""translation"": ""You should turn off the light after yourself in the bathroom, that’s what I have to say to you, Pelageya Petrovna, the woman said, in front of whom was a pot with some kind of food, from which steam was rising, or else we’ll evict you!""}]"
угар,"Laugher, something amusing.","[{""sentence"": ""Паук обещает химчанам дискотеки, радость и угар."", ""translation"": ""Pauk promises the inhabitants of Khimki night clubs, joy and good times.""}]"
угол,"Old name for 25-Rouble banknotes, that circulated in Russia until the 1990s.","[{""sentence"": ""«Посидите одну минуточку, я вам сейчас скажу одно приятное для вас слово». Тут Собакевич подсел поближе и сказал ему тихо на ухо, как будто секрет: «Хотите угол?»«То-есть двадцать пять рублей? Ни, ни, ни, даже четверти угла не дам, копейки не прибавлю»."", ""translation"": ""“Sit down for a minute, I’ll tell you a word you like to hear”. Sobakevich then sat nearer and whispered in his ear, as though it was a secret: “How about a quarter?”“You mean twenty five roubles? No, no, no, I won’t even give you a quarter of that, I won’t add a kopeck”.""}]"
угондоншить,"To kill, to get rid off. Also writtenугандошить.","[{""sentence"": ""Про рекламу в ЖЖ. Если браузишь файрфоксом или оперой — поставь там резалку баннеров, недается как два пальца, похеришь и сайентологов и всех остальных и не только в ЖЖ, изредка какой флеш просочится и тот угандошить можно."", ""translation"": ""Regarding ads on livejournal. If you’re browsing with firefox or opera just use an adblocker, it’s easy as fuck, you’ll get rid of scientologists and the others, and not only on livejournal, sometimes rarely a flash might get through but you can kill it off.""}]"
уд,"Member (body part), euphemism for penis. Seeхуй.","[{""sentence"": ""Чтоб прекратить всякие кривотолки, утверждаю, что достав уд из попы и засунув его в женское влагалище, вы подвергаете неоправданному риску всех участников процесса, включая ещё не родившихся."", ""translation"": ""In order to stop any misguided discussion, I assure you that by taking your penis from the bum and thrusting it into a female vagina you expose all participants in the process, including those yet to be born, to an unjustifiable risk.""}]"
уебан,"Fucker, wanker, moron. Sometimes also in the variantуёбан.","[{""sentence"": ""Так вот. Эти уебаны стали пихать анимированную рекламу. Анимированную, сука, рекламу на сайт студии. Это просто «Троянский конь — 2: возвращение уебанов». На моем сайте анимация показывается только по делу и только после того, как зритель сам нажмет на кнопку «позырить анимацию»."", ""translation"": ""So. These fuckers started shoving animated ads. Animated fucking ads on the studio’s website. It’s simply “Trojan Horse 2: Return of the motherfuckers”. On my website, the animation is only shown for good reasons and only after the viewer actively clicks on the “watch animation” button.""}]"
уебанский,"Weird, outlandish, shocking.","[{""sentence"": ""Если вы не знаете, как относиться к уебанским прическам, цветным волосам, пирсингу, тоннелям в ушах, инкрустированным зубам, цветным контактным линзам, татухам на всю морду, раздвоенным языкам, выколотым глазам, отрезанным ушам, то у меня есть очень простой и эффективный принцип: главное — что внутри головы, а не снаружи."", ""translation"": ""If you don’t know how to feel about fucked-up hairstyles, coloured hair, piercings, tunnels in the ears, inlaid teeth, coloured contact lenses, full-face tattoos, split tongues, poked out eyes, cut off ears, I have a very simple and effective principle: it’s what’s inside the head, not outside, that counts.""}]"
уебать,To hit;,"[{""sentence"": ""— А-а-а… — командир базы возвращается к лейтенанту и, лениво уставясь себе под ноги, продолжает; — Лейтенант… уебать тебя, что ли?.. Ну что вы лезете все время в разговор?"", ""translation"": ""— Ah-ah-ah, the base commander turns back to the lieutenant and, staring lazily at his feet, continues: Lieutenant… should I beat you up?… Why do you always have to intervene in the middle of the conversation?""}]"
уебать,to convince.,"[{""sentence"": ""— А-а-а… — командир базы возвращается к лейтенанту и, лениво уставясь себе под ноги, продолжает; — Лейтенант… уебать тебя, что ли?.. Ну что вы лезете все время в разговор?"", ""translation"": ""— Ah-ah-ah, the base commander turns back to the lieutenant and, staring lazily at his feet, continues: Lieutenant… should I beat you up?… Why do you always have to intervene in the middle of the conversation?""}]"
уёбище,"Monster, freak.","[{""sentence"": ""Только этой мудацкой шапочки мне и не хватало. Выглядишь в ней как лесное уёбище на болоте, — пробормотала Красная Шапочка, но спорить не стала и пошла одеваться."", ""translation"": ""This stupid riding hood is just the last thing I needed. Makes you look like a fucking forest monster in the swamps, mumbled Little Red Riding Hood but she did not protest and got dressed.""}]"
уёбищный,"Repulsive, monstrous, fucked.","[{""sentence"": ""Если какой-нибудь город решит отобрать у Талнаха знамя самого визуально уебищного города, ему придется серьезно порубиться за титул."", ""translation"": ""If any city decides to take the banner of the most visually fucked up city from Talnakh, it will have a serious fight for the title.""}]"
уёбок,"Weak, useless and disposable individual, fucker.","[{""sentence"": ""Все политики просто уёбки, твари, манипуляторы. Все зло — от них."", ""translation"": ""All politicians are fuckers, animals, manipulators. All evil stems from them.""}]"
ужос,"Sign of thrilling surprise, fromужас.","[{""sentence"": ""leepshec: Ужос… Сегодня впервые за пару месяцев на ночь выключил комп… Еле в этой блядской тишине уснул…"", ""translation"": ""leepshec: Horror… Turned off the computer for the first time in months tonight… Barely fell asleep in the fucking silence…""}]"
узкоглазы,"Chink, slit-eyes, ethnic slur for Asians, alluding to the shape of their eyes.","[{""sentence"": ""Малость приглядевшись, вахмистр увидел, что у старика в руке револьвер, а у узкоглазого на голове вовсе не чалма, а намотанное полотенце, местами запачканное кровью."", ""translation"": ""Looking with a little more attention the constable saw that the old man held a revolver in his hand and the slit-eyes did not wear a turban but a blood-stained towel wrapped around the head.""}]"
"укропы, укры","Pro-Western Ukrainian supporting the Kiev governement, insult used by pro-Russian opponants. Similar to the variantsУкрофашисты, укролошара…","[{""sentence"": ""И после всего этого укропы ещё верят в бред, что Украина — единая, и что заграница им поможет даже во вред себе?"", ""translation"": ""And after all this the Ukranians still believe in the delusion that Ukraine is united and that foreign countries will help them even to their own detriment?""}]"
укурок,Pothead.,"[{""sentence"": ""Мы с тобой поравнялись. Но я больше по героину и коксу, нежели по анаше и марихуане, так что ты зе бест укурок."", ""translation"": ""We’re on the same level now. But I’m more into heroin and coke than weed and marijuana, so you’re the best stoner.""}]"
улёт,"Brilliant, awesome, cool.","[{""sentence"": ""Как вам такая музычка? Просто улёт, не так ли?"", ""translation"": ""How do you like this music? Bloody awesome, isn’t it?""}]"
упаковка,Police car (“packaging”).,"[{""sentence"": ""Ворота стадиона распахивались — и на аллею въезжала милицейская упаковка. Она тормозила у раздевалки."", ""translation"": ""The stadium gates swung open — and a police van drove onto the alley. It stopped in front of the locker room.""}]"
упиздить,To beat up.,"[{""sentence"": ""Удивила мягкость товарищей милиционеров… могли и упиздить с полным на то правом."", ""translation"": ""The softness of the comrades policemen surprised me… they would have been entitled to beat the living shit out of him.""}]"
урка,"Inmate, prisoner.","[{""sentence"": ""Вотъ этотъ — урка кивнулъ въ мою сторону — этотъ можетъ проломать… А ты, эхъ ты, дерьмо вшивое…"", ""translation"": ""This one — the thief nodded in my direction — this one can break through… And you, you lousy shit…""}]"
урод,"Monster, freak.","[{""sentence"": ""Менты, уроды, меня остановили."", ""translation"": ""The bleeding fuzz stopped me.""}]"
урюк,Ethnic slur for Central Asians. Initially the word means dried apricots and comes from a Turkic language (Bashkirөрөкhas that meaning).,"[{""sentence"": ""— Вы кто? Осетины? — спросил Никита.Наугад, но в точку! Громила никак не ожидал, что русский офицер отличит его нацию от остальной разноплеменной толпы инородцев. Обычно как говорят: кавказец, абрек, чурка, урюк…"", ""translation"": ""— What are you? Ossetian? asked Nikita.He guessed but hit the bull’s eye! The goon did not in the least expect that the Russian officer would recognise his nation from the other many foreign tribes. Usually they say: Caucasian, darkie, mountain-top nigger…""}]"
усраться,"To soil oneself, the shit in the pants.","[{""sentence"": ""Жениться — не усраться: можно и подождать."", ""translation"": ""Getting married is not like shitting yourself: you can put it off for a while.""}]"
устаканить,To sort something out.,"[{""sentence"": ""Случилось маленькое чудо — помог он нам все устаканить."", ""translation"": ""A small miracle happened — he helped us sort everything out.""}]"
утырок,"Thug, low life criminal, despicable indivual.","[{""sentence"": ""Утырок избил старушку за то, что она продавала цветы возле магазина «Гуливер» в Ульяновске."", ""translation"": ""A thug beat up an old woman for selling flowers near the “Gulliver” store in Ulyanovsk.""}]"
ухуякивать,"To take off, run away, leave in a hurry.","[{""sentence"": ""Вот кому надо из страны ухуякивать, вместе с Волочковой."", ""translation"": ""That’s who needs to get the fuck out of the country, along with Volochkova.""}]"
ухуярить,"To hit, break, kill;","[{""sentence"": ""Нахуй нужны рекламный и маркетинговый отделы? Пара рекламных постов в уютной жэжэшечке — и ваш бизнес ухуярит в космос через тернии конкурентов."", ""translation"": ""What the fuck do you need a marketing department for? A couple of advertisement posts in the comfy livejournal and your business takes off like a fucking rocket to the stars at the frustration of your competitors""}]"
ухуярить,"To move away hastily, to take off.","[{""sentence"": ""Нахуй нужны рекламный и маркетинговый отделы? Пара рекламных постов в уютной жэжэшечке — и ваш бизнес ухуярит в космос через тернии конкурентов."", ""translation"": ""What the fuck do you need a marketing department for? A couple of advertisement posts in the comfy livejournal and your business takes off like a fucking rocket to the stars at the frustration of your competitors""}]"
учаснег,"Participant, derived fromучастник.","[{""sentence"": ""А другой учаснег обсуждения, наоборот, предлагает убрать Розу и оставить Люксембург. Поэтому ничего убирать не будем, оставим как есть."", ""translation"": ""Another participant in the discussion on the contrary suggests to remove Rosa and keep Luxemburg. Therefore we will not remove anything and leave it as it is.""}]"
ушлёпок,"Loser, donogooder.","[{""sentence"": ""Какой ушлёпок разрабатывал сайт free-lance.ru?"", ""translation"": ""Which git designed free-lance.ru?""}]"
уябывать,"To run away, to flee. Variant ofуёбывать.","[{""sentence"": ""— Тогда уябывай на хуй! — орет он на всю улицу, хватает свою бабу, которая опять пищит, как дурная, и волочет за собой."", ""translation"": ""— Then get the fuck out of here! he shouts to the whole street to hear, grabs his broad, who is screaming like a maniac again, and drags her along.""}]"
факать,"To fuck, copulate, from the English verb “to fuck”.","[{""sentence"": ""Интересно, фетишисты на это смотрят и дрочат себе, или все-таки факают объекты своей страсти? Но мы, Пал Иваныч, не фетишисты какие-то, мы ж, блядь, Мэрия! Поэтому ипать бум сильно, и прям сейчас."", ""translation"": ""Interesting, do fetishists look at this and spank their monkey, or do they still fuck their object of desire? But we, Pavel Ivanovich, we are no sorts of fetishists, we’re from the town hall! That’s why we’ll screw strongly and right away.""}]"
фачить,"Fuck, screw.","[{""sentence"": ""У него стояло как у жеребца, и он мог фачиться всю ночь."", ""translation"": ""He had an erection like a stallion and could fuck all night.""}]"
Фашингтон,"Washington, insulting variation on the name of the US capital used by blood thirsty partisans of Vladimir Putin who picture the USA as the ultimate ennemy. Combines the name of the city with the all-purpose insultfascist.","[{""sentence"": ""Сколько лет говорю; Мочить надо Лондон и Фашингтон…Остальные- дворняжки…"", ""translation"": ""I’ve been saying it for years; you have to bring down London and Washington… The others are just lap dogs…""}]"
феня,"Jive, prison talk, thieves’ jargon.","[{""sentence"": ""Нас называли «легавыми». Прозвище из классической воровской «фени». На фоне нынешних обращений к милиции звучит почти уважительно — охотничьи псы, чутко берущие след, загоняющие любого зверя не корысти ради, а азарта для…"", ""translation"": ""We were called “coppers”. A nickname from the classic criminal underworld. Compared to today’s derogatory terms for the police, it sounds almost honorable – hunting dogs, with a keen eye for any trail, pursuing any quarry, not for profit, but for the thrill…""}]"
фея,Prostitute. Seeуличная фея.,"[{""sentence"": ""Яна была у меня заметке давно, очень давно, даже слишком давно… Тогда ипал молоденьких мокрощелок и фей старше 25 старался обходить стороной."", ""translation"": ""Yana had been on my to do list for long, very long, even too long… I then screwed youngish birds and tried to avoid tarts over 25.""}]"
фиг,"Gesture of contempt, seeфига, euphemism forхуй.","[{""sentence"": ""Не жил в России? фиг тебе, а не паспорт."", ""translation"": ""Didn’t live in Russia? So get fuck all, not a passport.""}]"
фиг (на ~),"Why, what for. Variants:на фига[na figa] andнафиг.","[{""sentence"": ""Ну и на фиг нужен брак?"", ""translation"": ""So what the fuck do you need marriage for?""}]"
фиг (по ~),Mark of indifference.,"[{""sentence"": ""В общем я уже 3-ую неделю пытаюсь всех собрать и решить что делаем, сколько скидываемся, куда идем, а всем по фиг никто ничего не хочет решать."", ""translation"": ""I’ve been trying to get everyone together for three weeks to decide what we are doing, how much to contribute, where we are going, but nobody gives a fuck, nobody wants to decide anything.""}]"
фига,Penis — “fig”. Also an obscene gesture (akin to flipping the bird): the fist is shown with the thumb between the top to fingers (seeофигеть).,"[{""sentence"": ""Сколько же сил надо собрать в кулак, чтобы сложить и показать фигу начальству."", ""translation"": ""How much strength does it take to clench your fist and flip your boss the bird?""}]"
фиганутый,"Crazy, mad, abnormal.","[{""sentence"": ""Порошенко предложил Донбассу не проводить выборы. Ну, не фиганутый?"", ""translation"": ""Poroshenko suggested that the Donbass should not hold elections. Isn’t he bonkers?""}]"
фигассе,"Show of incredulity. Short forни фига себе, it can sometimes be writtenфигасе.","[{""sentence"": ""Фигассе… с утра полезла на свой любимый ресурс, а там хуяк-хуяк, а не ресурс."", ""translation"": ""Blimey… this morning I logged onto my favourite site, and there was bugger all, not a site.""}]"
фигня,"Thingy, unimportant item or event. Seeхуйня.","[{""sentence"": ""Читать можно триллер, иронический детектив, дамский роман, всякую фигню про гоблинов или эзотерическую литературу."", ""translation"": ""You can read thrillers, ironic detective stories, love novels, any whatchamacallit about goblins or esoteric literature.""}]"
фиговина,"Thingy, unknown object.","[{""sentence"": ""Зашёл купить обед, сделал заказ, выдали фиговину. Сижу, фиговина вибрирует."", ""translation"": ""I went to buy lunch, ordered, they gave me a thingy. I sit there, the thingy vibrates.""}]"
фиговый,"Rotten, worthless, useless.","[{""sentence"": ""Какая погода фиговая."", ""translation"": ""What a bloody weather.""}]"
фиготень,"Thingy, something of little value or importance. Euphemistical variante ofхуетень.","[{""sentence"": ""Координатором всей этой фиготени, естественно, становится г-н Лисовенко, который разговаривает даже в твиттере лицемерно-канцелярским языком."", ""translation"": ""The co-ordinator of all this bullshit, of course, is Mr Lisovenko, who even tweets in hypocritical clerical language.""}]"
финики,Nickname for Finns based on the similar pronunciation. Means “dates” (fruit) in standard Russian.,"[{""sentence"": ""Все перелеты финэйром. Гостиницы в пакетах малозвездные, надо проверять чем они являются на самом деле. Но мне кажется, что финики плохое не выберут."", ""translation"": ""All flights are by Finnair. The hotels in the packages are low star, you have to check what they really are. But I don’t think Finns would pick a bad one.""}]"
финтифлюшка,"Bling, tacky jewellry, undescript thing;","[{""sentence"": ""Не то, чтобы меня задевала сложившаяся ситуация на работе, но веселит неимоверно. Пришла на второго дендролога финтифлюшка моих лет и активно пытается настроить против меня мальчиков со спермотоксикозом."", ""translation"": ""Not that I’m bothered by this situation at work, it amuses me beyond belief. A bimbo of my age came on as a second dendrologist and is actively trying to turn the boys with spermotoxicosis against me.""}]"
финтифлюшка,Bimbo.,"[{""sentence"": ""Не то, чтобы меня задевала сложившаяся ситуация на работе, но веселит неимоверно. Пришла на второго дендролога финтифлюшка моих лет и активно пытается настроить против меня мальчиков со спермотоксикозом."", ""translation"": ""Not that I’m bothered by this situation at work, it amuses me beyond belief. A bimbo of my age came on as a second dendrologist and is actively trying to turn the boys with spermotoxicosis against me.""}]"
фиолетово,Indifferent.,"[{""sentence"": ""Ну да я не любитель, и мне это фиолетово."", ""translation"": ""I am not a fan and don’t care much about it.""}]"
фитоняшка,Attractive and fit girl or young lady. Combination offit(ness)andняшка.,"[{""sentence"": ""На самом деле первое, что я заметил при входе — это то, что фотки может и свежие, но сделаны до одурения удачно, а до фитоняшки (как подписано под одной из фото в анкете) там сильно дальше, чем может создаться впечатление, анализируя рост\\вес\\фото."", ""translation"": ""In fact the first thing I noticed upon entering is that the pics may be recent, but they’re made to look ridiculously good, and it’s a lot further away from the fitness chick (as stated under one of the photos in the profile) than the height\\weight\\photos might suggest.""}]"
фифа,"Princess, capricious girl.","[{""sentence"": ""Она свернула во двор, и все. Такая фифа. В белой шубке, тонкой, простой, похоже, из патагонской лисицы, то есть дорогой обалденно."", ""translation"": ""She turned into the courtyard and that’s it. Such a bimbo. In a white fur coat, thin, plain, probably Patagonian fox, which is to say incredibly expensive.""}]"
форточки,Russian name for Windows (means in fact just that — small window panes).,"[{""sentence"": ""Так что ставьте себе 98-мую форточку и тестируйте свои проги, а то будет полная жопа."", ""translation"": ""So get yourself a ’98 windows and test your software, or it’s going to be a total fuck-up.""}]"
фотожоп(а),Ironical nickname of Photoshop (жопа— arse).,"[{""sentence"": ""Ну нахрена я удалял старый фотожоп, качал новый, если новый неработет нафиг?"", ""translation"": ""Why the fuck did I delete the old photoshop and download the new one, when the new one does not fucking work?""}]"
фраер,"Person that does not belong to the criminal underworld, not initiated individual. Loanword from German (Freier– customer of prostitutes) via Yiddish (פֿרײַ).","[{""sentence"": ""К нашему рассерженному проводнику между человеком и Господом, пришёл на помощь губернатор Орловской области и заявил: «Бог не фраер. Он всё видит». А потом вы будете удивляться почему же дети кричат АУЕ и в храмах прикуривают сигареты."", ""translation"": ""To our angry messenger between man and God, the governor of the Oryol region came to the rescue and said, “God is not a John. He sees everything”. And then you will wonder why children shout cant words and light up cigarettes in temples.""}]"
фтему,"Form of praise and approval, deformation of “в тему”.","[{""sentence"": ""Фтему! Аффтар, фтему! Пейши исчо!"", ""translation"": ""Exactly! You tell it like it is! Do go on!""}]"
фубля,"Thingy, useless item, whatchamacallit. Contraction of the expletiveфу, бля(“urgh, fuck”).","[{""sentence"": ""Ну и где же теперь заточитькошачью, крысиную, собачьюнаивкуснейшуюфубляшаурму то простомутаджикучеловеку?"", ""translation"": ""So where can a normalTajikperson munch acat, rat, dogexquistethingumajigkebab?""}]"
фуфло,"Something of bad quality and little importance, a lie.","[{""sentence"": ""— Что мы всякое фуфло пьём? — сказала Юля. — У меня день рожденья или нет? — И она достала начатую бутылку мартини. Налила всем. Сказала: — За вас! — и подняла стакан."", ""translation"": ""— Why are we drinking all sorts of rubbish? asked Julia. — Is it my birthday or not? And she produced a bottle of Martini. Filled up everybody’s glasses. She said: — Here’s to you! and lifted her glass.""}]"
фуфло толкать,"To lie, to bullshit.","[{""sentence"": ""Не надоело фуфло толкать?"", ""translation"": ""Aren’t you tired of talking bullshit?""}]"
фуфлыжка,Uninteresting or worthless item. Variant ofфуфло.,"[{""sentence"": ""Не кажется, а двухсотроцентная фуфлыжка. Кто-то предпочитает называть их копиями…"", ""translation"": ""Tom me it’s two hundred percent bullshit. Some prefer to call it replicas…""}]"
хавать,"To munch, to eat. Probably a loanword from Romanes.","[{""sentence"": ""Его дожидаются. Но хмырина пригрозил, что не распишется в расходном ордере, если ему помешают хлеб хавать и воду пить."", ""translation"": ""They’re on the lookout for him. However, Khmyrin has threatened to withhold his signature on the expense report if they try to stop him from eating and drinking.""}]"
хавка,"Grub, food.","[{""sentence"": ""Можно просто в коридоре схватить за жопу, но при этом: «Вы хотите сверху?». Или можно просто погреть хавки, но при этом «Вы будете ужинать?»"", ""translation"": ""You can just go down the corridor and grab the ass, but along with: “Willst thou be on top?”. Or you simply heat up the grub, but whilst asking: “Shall thou be having dinner?”""}]"
хавчик,"Grub, food.","[{""sentence"": ""Пришли на базу, но вожделенного ужина не увидели. Косматый откровенно катал вату и хавчика не приготовил."", ""translation"": ""We arrived at the base but did not see the coveted dinner. Kosmaty was blatantly faffing and had not prepared any grub.""}]"
халява,"Freebie, something that can be obtained easily;","[{""sentence"": ""Садятся с ними в казенную машину и везут в наиприличный ресторан, заказывают все лучшее. Причем старый змей фельдшер жрет за двоих и пьёт за четверых, норовя исключительно самый дорогой коньяк. На халяву-то."", ""translation"": ""They get onboard the government car together and drive to a high-class restaurant where they order the finest dishes. Whereby the old cunning male nurse eats as two and drinks as four, going only for the most expensive cognac. It’s freeloading, after all.""}]"
халява,figuratively: promiscuous girl.,"[{""sentence"": ""Садятся с ними в казенную машину и везут в наиприличный ресторан, заказывают все лучшее. Причем старый змей фельдшер жрет за двоих и пьёт за четверых, норовя исключительно самый дорогой коньяк. На халяву-то."", ""translation"": ""They get onboard the government car together and drive to a high-class restaurant where they order the finest dishes. Whereby the old cunning male nurse eats as two and drinks as four, going only for the most expensive cognac. It’s freeloading, after all.""}]"
халяву (на ~),"For free, without effort.","[{""sentence"": ""Hе слышны в садy даже шоpохи,Все здесь замеpло до yтpа.Шлюхи пpячyтся по паpадным,А на yлицах — мyсоpаЛовят девочек, ловят девочек,Тех, что ночью не любят спать,Чтоб в дежypке их, отделениемHа халявy отъебать."", ""translation"": ""Not even a rustle can be heard in the garden,Everything here has frozen until morning.Prostitutes are hiding in doorways,And on the streets, copsCatch girls, catch girls,Those who don’t like to sleep at night,To fuck them for free in the duty room,At the station.""}]"
халявщик,"Free lunch hunter, somebody who likes to get everything for free.","[{""sentence"": ""Отдельной саги заслуживают немецкие туалеты. Теоретически они бесплатные, но у входа всегда сидит тетенька либо дяденька-уборщик, которому полагается дать 50 центов. Это добровольный шаг, но не дать неудобно, да и провожают халявщиков такими взглядами, мама не горюй!"", ""translation"": ""German toilets deserve a separate saga. Theoretically, they are free, but at the entrance there is always a lady or a gentleman, a cleaner, who is supposed to be given 50 cents. It is voluntary, but it is uncomfortable not to give, and besides, they see off the free riders with such looks, you’d think your mother was on fire!""}]"
хана,"Death, bad end.","[{""sentence"": ""Похоже у нас общий муж! бугага всё, хана ему вечером блядун!"", ""translation"": ""Looks like we have the same husband! all hahaha, tonight it’s pay time for that whoremonger!""}]"
харево,"Sex, intercourse.","[{""sentence"": ""Потому что харево — это и есть удовольствие, и ничего больше."", ""translation"": ""Because fucking is actually pleasure and nothing more.""}]"
харить,"To fuck, have sex, screw. Probably loaned from Ukrainian.","[{""sentence"": ""Предложи тебе сейчас гетеру харить или на койке гнить — ты бы что выбрал?"", ""translation"": ""If you had the choice to screw a hetaerae now or to rot on your couch — what would you choose?""}]"
харч,"Grub, food.","[{""sentence"": ""В Казахстане протестунам массово раздают халявный харч, очевидно обильно сдобренный каптогончиком. Но без неизвестных снайперов толку не будет. Или их не до конца ознакомили с матчастью?"", ""translation"": ""In Kazakhstan, protesters are being handed free grub en masse, apparently lavishly spiked with capotonin. But without unknown snipers there is no use. Or have they not been fully acquainted with the instructions?""}]"
харчеваться,"To feed oneself, to eat.","[{""sentence"": ""ну вот он и пишет, как же он теперь будет то, где харчеваться то? И ни грамма сочувствия ни у кого!"", ""translation"": ""So he writes, how will he be able to feed himself now? And no one has an ounce of sympathy!""}]"
харя,Face.,"[{""sentence"": ""Ветер в харю, а я хуярю!"", ""translation"": ""The wind blows in my face, but I keep going!""}]"
хата,"House, apartments, home. Loaned from either the southern Russian dialects, Ukrainian or Belarusian.","[{""sentence"": ""Бухаем. Ну как водится дебош, разврат, срач, хата прокурена к хуям, метровый слой бутылок на полу. Утром перешагивая через тела сквозь дымовую завесу в комнату входит хозяин хаты. Фраза гениальна: «Я не хочу больше здесь жить»."", ""translation"": ""We’ve been drinking heavily. The usual chaos: a mess, debauchery, and the apartment is filled with cigarette smoke. There’s a foot-high pile of bottles on the floor. In the morning, the landlord stumbles into the room, stepping over people, and says, “I can’t live here anymore.”""}]"
хач,"Caucasian (i.e. individual from the Caucasus region), seeхачик.","[{""sentence"": ""Мне лично не по себе, когда у собеседника кинжал на поясе висит, ассоциации с хачами горными, что овец режут."", ""translation"": ""I feel personally ill at ease when a dagger is dangling from the belt of the person I’m talking to, reminds of the darkies from the mountain that cut up sheep.""}]"
хачик,"Insulting name for individuals from the Caucasus. Be careful, this is very rude. Initially it is an Armenian Christian name (Խաչիկ — meaning “small cross” and the diminutive form of Խաչատուր — Khachatur).","[{""sentence"": ""Теперь полное безобразие. Уважаемые люди ходят с авоськами, донашивают ондатровые шапки с десятилетним стажем, а половину квартир скупили всякие хачики, заставили двор иномарками."", ""translation"": ""Now it’s a complete mess. Honourable persons go around carrying groceries bags, wear outworn muskrat hats and half of the appartements were bought by some darkies that parked the courtyard full of imported cars.""}]"
хачьё,"Collective name for natives from the Caucasus region, derived fromхач.","[{""sentence"": ""Бля, там же одно хачьё работает…"", ""translation"": ""Blimey, there are only darkies working there…""}]"
хезальник,Arse.,"[{""sentence"": ""Её одноклассницы уже давно были обцелованы и обласканы и ходили, вертя хезальниками так, будто через них целая рота прошла, заставляя танцевать постельное буги-вуги."", ""translation"": ""Her classmates had already had plenty of romantic experiences and walked around with seductive sway of the backside, as if they had been with countless lovers, making one think of passionate dances.""}]"
хезать,"To shit, to defecate. Loan from Greek χεζω (same meaning);","[{""sentence"": ""Но если ты в своём жилище будешь ссать по углам и хезать по всей квартире где попало то и у тебя наступит разруха."", ""translation"": ""But if at your place you start pissing in the corners and taking a dump wherever in your flat then everything will start falling apart.""}]"
хезник,Arse.,"[{""sentence"": ""С ебарем твоим только одно не так — ты, лоханка припарашная, и твой хезник общаковский!"", ""translation"": ""There’s only one thing wrong with your fucker — you shithouse sucker, and your communal tushy!""}]"
хер с ним (ней),The hell with him (with her). Euphemism forхуй с ним.,"[{""sentence"": ""Не удалось у меня. Ну и не буду тогда. Хер с ним. Второй раз пытаться не стоит, раз в первый не вышло."", ""translation"": ""It did not work out for me. I shan’t, then. Fuck it. No point in trying a second time since I did not succeed the first time.""}]"
херакнуть,To perform a brief yet intense action (to hit unexpectedly for example).,"[{""sentence"": ""Делала утром завтрак — гренки. И мне как херакнуло маслом в лицо, что даже мама в другой комнате услышала на сколько это было больно."", ""translation"": ""I was making breakfast toast this morning. And I got a hit by oil in my face that even my mum in the other room heard how much it hurt.""}]"
херово,"Badly, poorly.","[{""sentence"": ""Т.е. вы хотите сказать, что плотину построили так херово, что она вся развалится, по всей своей высоте?"", ""translation"": ""So you’re saying that the dam was built so shabbily that it will all fall apart, all the way up?""}]"
херовый,"Rotten, bad.","[{""sentence"": ""cyberCat пишет: какой сеня день?sPeT пишет: четверг)cyberCat пишет: СПАСИБО!!! Бля, ну наконец-то единственный нормальный ответ!!!!!!!!!!!! Спросил уже 5 человек, ответили: снежный, солнечный, херовый и т.д)))"", ""translation"": ""cyberCat writes: what’s the day?sPeT writes: thursday)cyberCat writes: THANKS!!! Blimey, at last the single correct answer!!!!!!!!!!!! I asked 5 persons, they answered: snowy, sunny, shitty and so on)))""}]"
ХЗ,Short form ofАХЗ.,"[{""sentence"": ""Совсем не мой типаж, но член встал серьезно. Настолько серьезно, что не опускался даже в душе! Почему она меня так торкнула хз. Это к Фрейду надо обратиться за разъяснениями."", ""translation"": ""Rather not my type, but I had a serious boner. So serious that he did not drop in the shower! Why she turned me on that way fuck knows. It’s a question to ask Freud to get explanations.""}]"
хитрая жопа,Smart ass.,"[{""sentence"": ""Так чем же ты недоволен, Хитрая Жопа?"", ""translation"": ""So, what are you unhappy about, smart ass?""}]"
хитрожопый,Smartass.,"[{""sentence"": ""Вова Королев — студентик из нашей группы, хитрожопый маленький паренек из города Выкса."", ""translation"": ""Vova Korolev is a student from our group, a little smartass from Vyksa.""}]"
хитрую жопу (на каждую ~ есть хуй винтом),There will always be a smarter smart-ass.,"[{""sentence"": ""Как говорил мой покойный старшина в армии «на каждую хитрую жопу всегда найдётсо хуй с винтом», не обижайся)"", ""translation"": ""As my late sergeant used to say in the army, “There’s always a screw for every clever ass,” so don’t get upset)""}]"
хламурный,Adjective derived fromхламур.,"[{""sentence"": ""Потом я пошла за шузами, но какие-то хламурные телки выкупили все туфли шанель моего размера."", ""translation"": ""Then I went shopping for shoes, but some glamourous bitches had already bought all Chanel shoes in my size.""}]"
хлебало,"Mouth, face;","[{""sentence"": ""Мы ему хлебало уже всё разнесли, а он, сука, всё лезет и лезет!"", ""translation"": ""We have already beaten up his face, but that fucker keeps coming back for more!""}]"
хобот,"Prick, penis. Standard meaning: “trunk”.","[{""sentence"": ""Легкая поглажка/поддрочка с помощью рук и мягковатых, но достойных грудей 2,5-3 размера разбудила хобот, который тут же был снабжен спецодеждой ротиком и принят в него же."", ""translation"": ""Light stroking/wanking with the hand and the soft but respectable C-cup breasts woke up my trouser snake, that was dressed in special protection right away with the mouth and taken into it.""}]"
холодрыга,Extreme cold.,"[{""sentence"": ""Хорошо вам. А у нас дождь и холодрыга."", ""translation"": ""Lucky you. Here it’s raining and freezing cold.""}]"
хомячить,"To munch, eat.","[{""sentence"": ""Я вот тоже приболел, но хомячить нечего, придется в магазин под дождь выбираться."", ""translation"": ""I also fell ill, but there’s no grub left, I’ll have to go out in the rain to the shop and back.""}]"
хоть бы хуй,Underlines the disinterest or lack of consequences (“whatever”).,"[{""sentence"": ""Тощие подружки жрут тортики килограммами и хоть бы хуй, а ты считаешь каллории и переходишь на раздельное питание — и тоже, хоть бы хуй."", ""translation"": ""Skinny friends devour cakes by the kilo and nothing bloody happens, while you count calories and switch to separate meals — and still, nothing bloody happens.""}]"
Хохландия,"Ukraine, insulting name derived fromхохолwith a German ending, already known in 1904.","[{""sentence"": ""Наши соседи в Хохландии чего-то долго выбирали между уголовником и кавайной стервой, никак не могли выбрать."", ""translation"": ""Our neighbours in Ukraine somehow took a long time to choose between a criminal and a back-stabbing bitch, they could not take a decision.""}]"
хохлобакс,"Hryvnia, Ukrainian currency unit euphemistically called Ukrainian bucks (cf.хохолandбакс).","[{""sentence"": ""Подскажите, говорят теперь для поездки на Украину нужен загранпаспорт, это правда или нет? и по чем нынче хохлобакс?"", ""translation"": ""Do tell, they say you now need a passport to travel to Ukraine, is it true or not? And what’s the current rate for Ukrainian bucks?""}]"
Хохлостан,"Ironical-pejorative Name for Ukraine, derived from the slurхохолand the Persian suffix-stan, used as a marker for countries in Central Asia.","[{""sentence"": ""Хохлостан отказался от наступления: почему это плохо для нас?"", ""translation"": ""Ukrainistan renounces attacking: why is it bad for us?""}]"
хохлятский,"Ukrainian, adjective derived fromхохол.","[{""sentence"": ""«Меня мама не пускает, температура высокая. А так я бы тебя развалил как бобика, шестерка хохлятская», – Соловьев объяснил Стрелкову, почему не может явиться на дебаты."", ""translation"": ""“My mum won’t let me out, I have a high fever. Otherwise I’d knock you down easily, you Ukrainian lackey,” Solovyov explained to Strelkov why he couldn’t come to the debate.""}]"
хохол,Ukrainian — quite insulting (the feminine isхохлушка). The word was supposedly used to name the Poles in the 16th-17th century (when Poland ruled most of Western Ukraine) and means “tuft of hair” (traditional hair-style of Cossacks).,"[{""sentence"": ""Из самолета кто-то вылез. Большой, толстый, мордастый — натуральный хохол.— Хлопцы, фак-офф! — закричал хохол пилоту.Но разве так кричат хохлы? Нет, так они не кричат."", ""translation"": ""A large, burly man emerged from the plane, the kind often stereotyped as a Ukrainian. “Hey mates, fuck off!” he shouted to the pilot. But do Ukrainians really speak like that? No, they don’t.""}]"
хрен,"Penis — literally “horseradish”.Хренcan replaceхерorхуйin 90% of the expressions. The wordхренis not very strong,херis rude andхуйis very vulgar. This gives the opportunity to express one idea with different degrees of rudeness.","[{""sentence"": ""Наш хрен самый хреновый хрен в мире…"", ""translation"": ""Our horseradish is the most appalling horseradish in the world…""}]"
хреначить,To beat up;,"[{""sentence"": ""Интересная тема… Депутатов оказывается можно хреначить!"", ""translation"": ""Interesting topic… it appears that one can beat up MPs!""}]"
хреново,"Poorly, badly.","[{""sentence"": ""Вот поэтому так хреново у нас губернаторы и работают."", ""translation"": ""This is why our governors work in such a fucked-up way.""}]"
хреновый,"Bad, poor, rotten.","[{""sentence"": ""Проснулась с утра… настроение хреновое… пообщалась с американцами… настроение улучшилось!…"", ""translation"": ""Woke up in the morning… feeling fucked up… talked a bit with Americans… felt better!…""}]"
хренота,Something undistinct and not bloody worth worrying about.,"[{""sentence"": ""Покуривает какую-то хреноту бездымную, я в этом не разбираюсь."", ""translation"": ""He smokes some kind of smokeless shit, I do not have a clue about those things.""}]"
хренотень,"Thingy, undefined item of little value.","[{""sentence"": ""На хрена же нам такая хренотень?"", ""translation"": ""What the fuck do we need this shit for?""}]"
хрень,"Unidentified item, thingy.","[{""sentence"": ""Товарищи, подскажите что за хрень?"", ""translation"": ""Comrades, tell me what this thingy is?""}]"
хрумкать,"To munch, to eat, especially something crunchy.","[{""sentence"": ""Понял, что сто лет уже не хрумкал чипсы, и что я их хочу о.о"", ""translation"": ""I understood that I didn’t munch chips in a hundred years, and that I want some o.o""}]"
хрусты,"Money, bills (“crackling ones”).","[{""sentence"": ""Как состояние? Хрусты есть?"", ""translation"": ""What’s the deal? Do you have dough?""}]"
хрущоба,"Derogatory name for a basic five-storied apartment building built between 1956 and 1973 while Khrushchev was in power, usually calledХрущёвка. Here the name is combined withтрущоба(slum).","[{""sentence"": ""Судя по высоте потолка, ещё и хрущоба…"", ""translation"": ""Judging from the ceiling height it must also be a Khrushchev slum…""}]"
хряпать,"To munch, eat;","[{""sentence"": ""Анталийского заката вам щас в реале, чтоб не скучали… а я пошёл водку стаканами хряпать."", ""translation"": ""An Antalya sunset for you in real life, so you don’t get bored… and I’m off to chug glasses of vodka.""}]"
хряпать,to drink.,"[{""sentence"": ""Анталийского заката вам щас в реале, чтоб не скучали… а я пошёл водку стаканами хряпать."", ""translation"": ""An Antalya sunset for you in real life, so you don’t get bored… and I’m off to chug glasses of vodka.""}]"
худоёбина,Skinny person (pejorative).,"[{""sentence"": ""На кассе миловидная девушка, худоёбина такая."", ""translation"": ""There’s a pretty girl at the till, some sort of anorexic beauty.""}]"
хуебратия,Group of unreliable individuals;,"[{""sentence"": ""Бля собрались какие-то хуебратия."", ""translation"": ""Fuck, some groups of buggers have come together.""}]"
хуебратия,Pejorative description of any group.,"[{""sentence"": ""Бля собрались какие-то хуебратия."", ""translation"": ""Fuck, some groups of buggers have come together.""}]"
хуева туча,A fucking lot. Synonym ofдо хуя.,"[{""sentence"": ""Казалось бы, со времен Бетховена и Моцарта прошла хуева туча лет, появилось что угодно. Почему оно не нашло места в симфоническом оркестре?"", ""translation"": ""It would seem that a hell of a lot of years have passed since the times of Beethoven and Mozart, and all sorts of things have appeared. Why hasn’t it found a place in the symphony orchestra?""}]"
хуеватенький,"Badly, derived fromхуевоwith a diminutive suffix.","[{""sentence"": ""Хуеватенькая погода. Дождь будет не в тему."", ""translation"": ""Fucking weather. Rain would now be the last thing we need.""}]"
хуевато,"Badly, derived fromхуевоwith a diminutive suffix.","[{""sentence"": ""А международное положение какое? Хуеватое, вот какое!"", ""translation"": ""And how is the international situation? Rotten, that’s how!""}]"
хуеватый,"Badly, derived fromхуевоwith a diminutive suffix.","[{""sentence"": ""Ну мы вроде сеня собирались да погода хуеватая."", ""translation"": ""Well, we were going to do it today but the weather is fucked up.""}]"
хуёвничать,To do something to spite somebody;,"[{""sentence"": ""Я системный администратор клиент-банков. Мне за свою работу не стыдно. Не хуёвничаю, делаю все на совесть, благо организация создает все условия для хорошего труда."", ""translation"": ""I’m a system administrator for retail banking. I’m not ashamed of my work. I don’t slack off, I do everything conscientiously, and thankfully the organization provides all the conditions for good work.""}]"
хуёвничать,To waste time on useless things.,"[{""sentence"": ""Я системный администратор клиент-банков. Мне за свою работу не стыдно. Не хуёвничаю, делаю все на совесть, благо организация создает все условия для хорошего труда."", ""translation"": ""I’m a system administrator for retail banking. I’m not ashamed of my work. I don’t slack off, I do everything conscientiously, and thankfully the organization provides all the conditions for good work.""}]"
хуёво,(Very) badly (seeпиздато) —Как дела? — Хуево. “How are things? — rotten”.,"[{""sentence"": ""Кто матом ругается, тот хуёво воспитан."", ""translation"": ""He who swears has had a fucked-up upbringing.""}]"
хуёвый,"Fucked-up, screwed, bad (antonym:пиздатый).","[{""sentence"": ""Хуевые деньки настали."", ""translation"": ""The bad days are here.""}]"
хуеглот,Petty individual;,"[{""sentence"": ""Надо вообще открыть специальное агентство гей-рекламы и хуярить заказные тексты от имени всяких хуеглотов и пиздолизок."", ""translation"": ""We should even open a special gay advertising agency and put out custom texts on behalf of all kinds of male cocksuckers and female pussy munchers.""}]"
хуеглот,Dumbass; 3. Passive homosexual (literally penis swallower).,"[{""sentence"": ""Надо вообще открыть специальное агентство гей-рекламы и хуярить заказные тексты от имени всяких хуеглотов и пиздолизок."", ""translation"": ""We should even open a special gay advertising agency and put out custom texts on behalf of all kinds of male cocksuckers and female pussy munchers.""}]"
хуёк,Small prick.,"[{""sentence"": ""Маленькой хуёк — в пизде королёк."", ""translation"": ""A small dick rules in a cunt.""}]"
хуём-буём,"Suddenly, without warning.","[{""sentence"": ""Хуём-буём, тусовалась в соседнем дворе лоховская компания металлистов и ботанов."", ""translation"": ""Suddenly, in next door’s yard, a company of loser metalheads and nerds got together.""}]"
хуё-моё,"Expletive showing surprise or contempt, fuck-a-duck.","[{""sentence"": ""Да, это начало конца. Сик транзит, хуе-мое."", ""translation"": ""Yes, it’s the beginning of the end. Sic transit, bugger it.""}]"
хуеплёт,"Show off, chatter-mouth; literally “penis weaver”. Seeхуйло.","[{""sentence"": ""И проблемы всяких там хуеплетов из НИИ ни кого не волнуют."", ""translation"": ""And no one cares about the problems of all those dickheads at the research institute.""}]"
хуерык,"Clap, gonorrhoea.","[{""sentence"": ""При несчастье и от родной сестры хуерык получишь."", ""translation"": ""With bad luck you can get the clap from your own sister.""}]"
хуесос,Petty individual;,"[{""sentence"": ""Ночью хуесосы какие-то на улице орали, спать мешали."", ""translation"": ""During the night some fuckwads were shouting in the street, disturbing the sleep.""}]"
хуесос,Dumbass; 3. Passive homosexual (literally dick sucker).,"[{""sentence"": ""Ночью хуесосы какие-то на улице орали, спать мешали."", ""translation"": ""During the night some fuckwads were shouting in the street, disturbing the sleep.""}]"
хуесосить,"To blow, have oral sex;","[{""sentence"": ""Хочешь — бухай, хочешь — разводись, хочешь — ебись, хочешь — хуесось все подряд. Всем похуй."", ""translation"": ""If you feel like it — get hammered, if you feel like it — get divorced, if you feel like it — get laid, if you feel like it — curse everyone around. Nobody gives a fuck.""}]"
хуесосить,"to insult, scold.","[{""sentence"": ""Хочешь — бухай, хочешь — разводись, хочешь — ебись, хочешь — хуесось все подряд. Всем похуй."", ""translation"": ""If you feel like it — get hammered, if you feel like it — get divorced, if you feel like it — get laid, if you feel like it — curse everyone around. Nobody gives a fuck.""}]"
хуетень,Something stupid;,"[{""sentence"": ""Лазил сейчас по яндекс-маркету и он мне посоветовал открыть страничку про IPad. Я её открыл и охуел. Средняя цена в Москве — 55000 р. (пятьдесят пять тысяч рублей!) Моя немножко в шоке. Какой мудак потратит столько денех на такую хуетень? Особенно учитывая то, что её цена в Америке — 550 баксов."", ""translation"": ""I was surfing on yandex-market right now and received the suggestion to open a page on iPads. I opened it and was gobsmacked. The average price in Moscow is 55,000 r. (fifty-five thousand rouble!) Me slightly shocked. What idiot would spend that much dough on such a bloody widget? Especially taking into account that its price in America is 550 bucks.""}]"
хуетень,Something of bad make.,"[{""sentence"": ""Лазил сейчас по яндекс-маркету и он мне посоветовал открыть страничку про IPad. Я её открыл и охуел. Средняя цена в Москве — 55000 р. (пятьдесят пять тысяч рублей!) Моя немножко в шоке. Какой мудак потратит столько денех на такую хуетень? Особенно учитывая то, что её цена в Америке — 550 баксов."", ""translation"": ""I was surfing on yandex-market right now and received the suggestion to open a page on iPads. I opened it and was gobsmacked. The average price in Moscow is 55,000 r. (fifty-five thousand rouble!) Me slightly shocked. What idiot would spend that much dough on such a bloody widget? Especially taking into account that its price in America is 550 bucks.""}]"
хуй (в ~ не дует),"Does not matter, is of no importance.","[{""sentence"": ""Ты сейчас можешь сказать, что блогеры помогают революции. […] А режим стоит и в хуй не дует."", ""translation"": ""You can say now that bloggers are helping the revolution. […] But the regime stands and doesn’t give a fuck.""}]"
хуй (за ~),"Why? (seeна хуй,на хуя);","[{""sentence"": ""Да за хуй ты это поднял?"", ""translation"": ""But why did you bring that up again?""}]"
хуй (на ~ послать),"To refuse, to insult, to send to hell.","[{""sentence"": ""Хриплый голос едва заметно запнулся, но профессионально-привычно совладал с собой и сказал, что такси прибудет через десять минут. С таким же успехом он мог просто послать меня на хуй. Когда я вешал трубку, я знал, что не будет такси и через час."", ""translation"": ""The hoarse voice faltered in an almost imperceptible fashion but got hold of itself in an experienced professional way and said that a taxi would arrive in ten minutes. With the same success he could have told me to go fuck myself. When I hung up, I knew that there would be no taxi, not now and not in an hour.""}]"
хуй (на ~ сесть),To be in a unfavourable situation;,"[{""sentence"": ""И рыбку съесть и на хуй сесть!"", ""translation"": ""To have one’s cake and eat it too.""}]"
хуй (на ~ сесть),To experience bad luck; 3. To be tired.,"[{""sentence"": ""И рыбку съесть и на хуй сесть!"", ""translation"": ""To have one’s cake and eat it too.""}]"
хуй (по ~),Shows indifference —Мне по хуй“I don’t give a fuck”.,"[{""sentence"": ""А мне — все по хyй:Я сделан из мясаИ Самое стpашное, что может слyчиться:Стану пидарасом!"", ""translation"": ""Well I don’t give a fuck: I’m made of meatWorst that could happen: turning gay!""}]"
хуй (сосать ~),"Clear cut rebuttal, figuratively inviting to perform oral sex on men.","[{""sentence"": ""Скажем, московский машиностроительный завод «Рассвет» решил, что ему нужен кусок Столярного переулка. Хуяк — поставили свои уебанские серые ворота и пиздец. Въезд только своим по пропускам. Остальные сосут хуй и едут в объезд."", ""translation"": ""Let’s say the Moscow mechanical plant “Rassvet” decides it needs a bit of the stolyarnaya side-street. Right-o, they put up their fucking grey gates and screw it. Thoroughfare only for their own with ID. All the others suck dick and must drive a detour.""}]"
хуй (через ~ кинуть),To con.,"[{""sentence"": ""Наебалово какое-то. Ему покажет, а остальных через хуй кинет."", ""translation"": ""It’s some sort of rip-off. She’ll show him and others will get bugger all.""}]"
хуй в рот (жопу),Categorical refusal.,"[{""sentence"": ""модеру — хуй в рот…"", ""translation"": ""Screw the moderator…""}]"
хуй важный,"The boss, any person of authority;","[{""sentence"": ""Алё это стёпа чё звонишь? Ты так по делу или так тупишь? Я типо хуй важный ну чё мне скажешь, говори бегом а то мой айфон разряжен!"", ""translation"": ""Hullo this is Styopa whatcha calling for? Is it about business or are you just playing stupid? I’m, like, important, so what are you telling me, speak faster because the battery of my iPhone is dying out!""}]"
хуй важный,Somebody with too much self esteem.,"[{""sentence"": ""Алё это стёпа чё звонишь? Ты так по делу или так тупишь? Я типо хуй важный ну чё мне скажешь, говори бегом а то мой айфон разряжен!"", ""translation"": ""Hullo this is Styopa whatcha calling for? Is it about business or are you just playing stupid? I’m, like, important, so what are you telling me, speak faster because the battery of my iPhone is dying out!""}]"
"хуй забить, положить","To ignore, neglect.","[{""sentence"": ""Но кровавый Обама положил хуй на нищебродов…"", ""translation"": ""But bloody Obama doesn’t give a fuck about paupers…""}]"
хуй знает что,Something;,"[{""sentence"": ""В общем кандидатов то особых нет, а что ЕР, ну продаем все в Европу, но от этого жить хуже стали? Нет, лучше? То же нет, так что лучше наверное стабильность чем хуй знает что…"", ""translation"": ""Well, there are not a lot of candidates, and what about United Russia, we sell everything to Europe, but have our lives become worse because of that? No, better? No, not really, so maybe stability is better than God knows what…""}]"
хуй знает что,God knows what.,"[{""sentence"": ""В общем кандидатов то особых нет, а что ЕР, ну продаем все в Европу, но от этого жить хуже стали? Нет, лучше? То же нет, так что лучше наверное стабильность чем хуй знает что…"", ""translation"": ""Well, there are not a lot of candidates, and what about United Russia, we sell everything to Europe, but have our lives become worse because of that? No, better? No, not really, so maybe stability is better than God knows what…""}]"
хуй не стоит,Is not interesting (“does not give a stiffy”).,"[{""sentence"": ""Т.е. например ты, бля, должен записать столько-то альбомов за столько-то лет, т.к. контракт с лэйблом, а то что может у тебя щас ваще хуй не стоит на написание этих альбомов — это ниибёт никого…"", ""translation"": ""Which means that for example you, fuck, must record so many albums in so many years, as per contract with the label, but that you might not feel like recording those albums, nobody gives a fuck…""}]"
хуй немытый,"Smelly, dirty individual.","[{""sentence"": ""Как раз таки вот в том-то и наша проблема, что каждый хуй немытый считает себя специалистом в любой области…"", ""translation"": ""That’s exactly our problem, that every dickhead thinks he’s an expert in every field…""}]"
хуи пинать,"To waste time, to hang around — literally “to kick penises”.","[{""sentence"": ""Можете даже хуи попинать,Главное ничего не сломать.Наш завод — это семья —Папа и мама теперь для вас — я!"", ""translation"": ""You can even do fuck all,So long as you don’t break anything.Our plant is a familyI am now your dad and mum!""}]"
хуй с ним,Shows the lack of interest for somebody (the hell with him).,"[{""sentence"": ""«Перевозчик-3». Наводнение западных боевиков украинскими актрисами − явная провокация НАТО. Хуй с ним, когда просто украинские телки играют. Но когда зрителю подсовывают монолог о том, что русские от украинцев принципиально отличаются, хочется кого-то ебнуть. Нихуя они ничем не отличаются, разве что на Украине девки краше и борщ наваристей."", ""translation"": ""“Transporter 3”. The flooding of Western action movies with Ukrainian actresses is clearly a NATOP provocation. Fuck it when it’s just Ukrainian birds acting. But when they give the viewer a monologue about how Russian are basically different from Ukrainians, I feel the urge to duff up somebody. The difference between them is bugger all, except maybe that Ukrainian gals are prettier and the borsh more concentrated.""}]"
хуй собачий (ни за ~),"For nothing, vainly (can be by accident, stupidly) — literally “for less than a dog’s dong”.","[{""sentence"": ""Понятно, ни за хуй собачий отправили в тюряжку."", ""translation"": ""Got it, they sent him away to the slammer for bugger all.""}]"
хуй тебе за щеку!,Stuff it!,"[{""sentence"": ""Хуй тебе за щеку выблядок тупоголовый!"", ""translation"": ""Suck my dick, you dull-witted bastard!""}]"
хуй тебе на постном масле!,Stick it where the sun does not shine.,"[{""sentence"": ""Ты заебал уже посты набивать во всех темах подряд. Никакого привета, хуй тебе на постном масле."", ""translation"": ""You’re a fucking pain in the ass spamming every thread in a row with your posts. No greetings, fuck you and the horse you rode on in.""}]"
хуйло,"Dickhead, wanker, fucker, arsehole. Generally abusive name derived fromхуй. The translation “dickhead” is closer to the etymology of the term whereas “fucker”, “wanker” and “arsehole” better convey the obscene and insulting meaning (which is not fixed but depending on the intention of the author).","[{""sentence"": ""Какая-то тварь спиздила у меня беспроводную мышь. Гори в аду, хуйло!"", ""translation"": ""Some wanker nicked my cordless mouse. Burn in hell, asshole!""}]"
хуйнёй страдать,"To do something useless, waste time.","[{""sentence"": ""Вобщем хватит всем страдать хуйнёй, надо делать своё казино с блэкджеком и шлюхами."", ""translation"": ""Well, let’s not bugger around any longer, we should set up our own casino with black-jack and hookers.""}]"
хуйнуть,To hit;,"[{""sentence"": ""Я шел наугад по звуку в сторону Садового кольца. И молился о том, чтобы какой-нибудь гопник не хуйнул меня кирпичом по затылку."", ""translation"": ""I was walking randomly towards the Garden Ring. And prayed that no punk would hit me on the back of the head with a brick.""}]"
хуйню спороть,To talk nonsense;,"[{""sentence"": ""Я хотел сказать, что вы, обвинявшие меня в некомпетентности, спороли хуйню, и что я был прав, а вы — нет."", ""translation"": ""I wanted to say that you who accused me of incompetence were bullshitting and that I was right and you were wrong.""}]"
хуйня,Something useless or of poor quality;,"[{""sentence"": ""Хуйня война — главное маневры."", ""translation"": ""Fuck war, manoeuvres are what it’s all about.""}]"
хуйня,"A dire strait, problems; 3. a non descript device of little importance.Открути ту хуйню— “unscrew that thingy”.","[{""sentence"": ""Хуйня должна быть названа хуйней… и воспитание тут ни при чем!"", ""translation"": ""A fucking waste should be called a fucking waste… education has nothing to do with it!""}]"
хуишко (хуишка),Small prick.,"[{""sentence"": ""Буду краток, чтоб не отвлекать тебя от твоего основного занятия — сосать хуишко, даже не хуишко, а ма-а-а-аленький членик в жопулюбца светлова, такого же лоха как ты и тебе подобных."", ""translation"": ""I’ll be brief so as not to distract you from your main occupation — sucking dick, not even a dick, but a tiny little dick of the asslover Svetlov, a sucker like you and your kind.""}]"
хуище,"Horsecock, oversized dick. Superlative ofхуй.","[{""sentence"": ""Вдобавок у брюнетки меж ляжек болтался огромный страпоновый хуище, а блондинка держала в руке чёрную плётку."", ""translation"": ""In addition, the brunette had hanging between her thighs a huge strap-on dick and the blonde held in her hand a black whip.""}]"
хулиард,"Bloody high figure, a zillion, somewhat less thanдохуярд.","[{""sentence"": ""Прощать гигантские долги другим государствам – выгодно. Платить хулиарды топ-менеджерам государственных корпораций – выгодно. А спасать уникальные леса – невыгодно."", ""translation"": ""Cancelling gigantic debts of other states is worth it. Paying fucking billions to the top managers of state corporations is worth it. But saving unique forests is not worth it.""}]"
хухры-мухры,"Nonsense, something worthless.","[{""sentence"": ""Я фигею, дорогая редакция: Ибо вышел на высокий международный уровень! Берлинское биеннале не хухры-мухры!"", ""translation"": ""I am rather flustered, dear redaction: I have made it to a high international level! The Berlin biennale is no joke!""}]"
хую (на ~ вертеть),To ignore something — literally to let something turn on the penis.,"[{""sentence"": ""По итогам прошлого сезона выяснилось что на хую вертели мы вас, причем у вас дома, а по количеству титулов вам до нас как до луны."", ""translation"": ""I hate corporate fuckwits. I hate bollocks about positioning, branding, premium, brand merit. I don’t give a flying fuck about all that bullshit.""}]"
хуя (всего ни ~),"Very little,","[{""sentence"": ""На 60-70 км, скорее всего ни хуя бы не было, хз, не спец."", ""translation"": ""At 60-70 km/h it’s most likely that bugger all would have happened, fuck knows, I’m no specialist.""}]"
хуя (всего ни ~),nothing.,"[{""sentence"": ""На 60-70 км, скорее всего ни хуя бы не было, хз, не спец."", ""translation"": ""At 60-70 km/h it’s most likely that bugger all would have happened, fuck knows, I’m no specialist.""}]"
хуя (до ~),"A lot, a fucking lot, a shitload. Sometimes emphasised asдо хуища.","[{""sentence"": ""Вот опять уходит тёлка от меня, от меняХотя денег до хуя, до хуяЕсть почти что всё, то и этоНо не вынесла женщина жизни с поэтом."", ""translation"": ""For those looking for a parking space in Norilsk there are a shitload of spaces and opportunities.""}]"
хуя (какого ~?),What do you want?,"[{""sentence"": ""А что значит спам от персонажей с «0» сообщений — lenay с предложением подружиться? С какого хуя? И какой в этом смысл?"", ""translation"": ""And what does this spam mean, from the user lenay with 0 message asking to be friends? WTF? And what’s the point in it?""}]"
хуя (какого ~?),Why?,"[{""sentence"": ""А что значит спам от персонажей с «0» сообщений — lenay с предложением подружиться? С какого хуя? И какой в этом смысл?"", ""translation"": ""And what does this spam mean, from the user lenay with 0 message asking to be friends? WTF? And what’s the point in it?""}]"
хуя (ни ~ себе),Exclamation of surprise — I say! Blimey!,"[{""sentence"": ""«Ну живёшь! — уважительно прокомментировал я увиденное великолепие. — Ни хуя себя!» — Сам я жил у приятеля на 101-й улице и Бродвее и спал на диване."", ""translation"": ""Bloody hell! The Polish president Lech Kaczyński died in a plane crash near Smolensk.""}]"
хуя (ни ~),No way! (different opinions);,"[{""sentence"": ""Тут хорошо, жаль только, что нет нихуя."", ""translation"": ""It’s nice here, it’s just a shame that, here, there is bugger all.""}]"
хуя (ни ~),Nothing.,"[{""sentence"": ""Тут хорошо, жаль только, что нет нихуя."", ""translation"": ""It’s nice here, it’s just a shame that, here, there is bugger all.""}]"
хуя? (на ~),What for? Why? seeна хуй.,"[{""sentence"": ""На хуя тут торчать?"", ""translation"": ""Why the fuck wait here?""}]"
хуяк!,Expletive noting the fast and easy execution of an action.,"[{""sentence"": ""Он говорил примерно так: «сначала заебениваем вот такую хуйню, чтобы злоебучие пидоры отсасывали не нагибаясь, (Носик левой рукой каллиграфическим почерком выводил командную строку), потом — хуяк — ебем блядских мудозвонов в жопу этим пассвордом, а потом — пиздим эту поебень…»"", ""translation"": ""He went something like this: “first we fuck this shit up so the fucking faggots can suck it without bending over, (Nosik was writing out the command line with his left hand in calligraphic handwriting), then — bam — we fuck the fucking assholes with this password, then we nick this shit…”""}]"
хуякнуть,"To hit, to do something drastic or spectacular (e.g. switch from a long to a short hair style, get a tattoo…).","[{""sentence"": ""жесть все массово стригутся может тоже хуякнуть то что я давно хочу хммм"", ""translation"": ""damn everyone is getting their hair cut in throves maybe I should hit it and do what I wanted to for so long hmmm""}]"
хуякнуться,To fall.,"[{""sentence"": ""Какой-то думский депутат, едрос и мультимиллионер хуякнулся на своём вертолёте о земную твердь в Татарстане. Все новостные ленты в этом.Лайк, если соболезнуешь, ретвит, если глубоко пох…"", ""translation"": ""Some Duma deputy, united Russian and multimillionaire rammed his helicopter in the hard ground of Tatarstan. All the news feeds are going on about it. Like if you sympathise, retweet if you don’t give a fuck…""}]"
хуярить,"To go, to drive, to move forward.","[{""sentence"": ""Хуярим в Улан-Батор напрямую."", ""translation"": ""We drive straight to Ulaanbaatar.""}]"
хуяссе,"Sign of surprise, contraction ofни хуя себе.","[{""sentence"": ""Я не знал, что мне и говорить, а только и сказал: хуяссе."", ""translation"": ""I didn’t know what to say, all I said was: bloody hell.""}]"
хуячить,"To go somewhere, to walk, to drive;","[{""sentence"": ""Это удобно, когда хочешь построить марштур и посмотреть, что тебе предстоит проехать. И уже хуячишь как местный."", ""translation"": ""It’s convenient when you’re planning a route to see where you’ll have to drive through. And then you just go for it like a local.""}]"
цацки,"Blings, jewelleries. Probably of Yiddish etymology.","[{""sentence"": ""Стимпанковская ювелирка. Хочу-хочу такие цацки!"", ""translation"": ""Neat jewellery. I want, I want blings like that!""}]"
целинник,"Man sleeping with a virgin, deflowerer.","[{""sentence"": ""Известный ты целинник, первый учитель, да и только."", ""translation"": ""You’re a famous virgin opener, first teacher, that’s all.""}]"
целка,Virgin (only female) — “whole”.,"[{""sentence"": ""— Если бы я знал, что ты целка, я бы тебя ебать не стал.— А если бы я знала, что ты будешь меня ебать, я бы сняла колготки."", ""translation"": ""— Had I known you were a virgin, I wouldn’t have fucked you.— Had I known you would fuck me, I’d have taken off my pantyhose.""}]"
целочник,Prisoner sentenced for rape;,"[{""sentence"": ""В отличие я живу реальностью, у меня нет кумиров, у меня свой идеал — это мои принципы, пока ты неудачник целочник в свои 28 пытаешьс всем доказать что ты мачо а на деле опущенное чмо."", ""translation"": ""As opposed to you I live in the real world, I don’ have idols, I have ideals, my principles, while you loser of a 28-year-old virgin try to prove to all that you’re a macho when you really are a sorry punk.""}]"
целочник,Male virgin.,"[{""sentence"": ""В отличие я живу реальностью, у меня нет кумиров, у меня свой идеал — это мои принципы, пока ты неудачник целочник в свои 28 пытаешьс всем доказать что ты мачо а на деле опущенное чмо."", ""translation"": ""As opposed to you I live in the real world, I don’ have idols, I have ideals, my principles, while you loser of a 28-year-old virgin try to prove to all that you’re a macho when you really are a sorry punk.""}]"
цицка,"Tit, breast.","[{""sentence"": ""Еду вчера в эл-ке, поспал, напротив сидит девушка с глубоким декольте, в нем клевые цицки."", ""translation"": ""Riding on the train yesterday, having a nap, there’s a girl sitting opposite with a deep cleavage and cool tits in it.""}]"
цыбарка,Cigarette.,"[{""sentence"": ""У нас же любой чувак достаёт свою цыбарку и дымит. Ему пофигу, курят вокруг или нет."", ""translation"": ""Here any bloke will take out his fag and puff away. He does not care whether people smoke or not around him.""}]"
цыганить,To beg („to gipsy“).,"[{""sentence"": ""Слышу как из кухни доносятся звуки варки зелëного борща и ругание кота. Видимо опять с голодным видом пришëл цыганить еду, скотина мозхнатая."", ""translation"": ""I hear the sounds of green borscht cooking and the cat being scolded in the kitchen. He’s probably hungry again and has come to beg for food, the furry beast.""}]"
цыпка,Attractive young lady — “chick”.,"[{""sentence"": ""Я тебе не цыпка по вызову, я Иняз закончила."", ""translation"": ""I’m no call-girl, I have a diploma from the institute for foreign languages.""}]"
цырва,"Bird, girl (disrespectful).","[{""sentence"": ""Чтож, надо отгрызть голову его цырве и подать ему на второе, и мы опять будем дружить."", ""translation"": ""Well, we should chew off his girlfriend’s head and serve it to him for lunch and we’ll be friends again.""}]"
чалить,"To screw, fuck.","[{""sentence"": ""После небольшого отдыха я пообщался по второму разу с девушкой по имени Desiree АКА Фея №3, которую помня её таланты приберёг для 3-го захода, и отчалил."", ""translation"": ""After a short break I talked again to the girl called Desiree, a.k.a. bird #3, which remembering her talents I had saved for the third round and screwed her.""}]"
чалка,"Slut, easy lay;","[{""sentence"": ""Тут если простодырые клубные чалки так или иначе, но постоянно нарываются на лихих и… продают за здоровье своё тело, чего говорить о поплясуйках на шесте? Придёт важный дядя, пальцем покажет на какую и никуда она не денется."", ""translation"": ""Here, where naive club girls constantly fall for tough guys and… sell their bodies just like that, what can you say about pole dancers? A big shot comes, points at one, and she can’t get away.""}]"
чалка,"Whore, prostitute.","[{""sentence"": ""Тут если простодырые клубные чалки так или иначе, но постоянно нарываются на лихих и… продают за здоровье своё тело, чего говорить о поплясуйках на шесте? Придёт важный дядя, пальцем покажет на какую и никуда она не денется."", ""translation"": ""Here, where naive club girls constantly fall for tough guys and… sell their bodies just like that, what can you say about pole dancers? A big shot comes, points at one, and she can’t get away.""}]"
чвакнуться,To kiss.,"[{""sentence"": ""кружится и чвакнуться в зелень, скрестить руки на пузе и широко улыбаться… пусть все думают, что я сошла с ума."", ""translation"": ""Roll around and kiss on the green, cross arms on the belly and smile wide… let all think, that I lost my mind.""}]"
чё,"What, vernacular spelling ofчто, чего. Can be spellt alternitavely asшо, што, що.","[{""sentence"": ""Это че пригожин врет что ли?"", ""translation"": ""What’s going on, is Prigozhin lying or what?""}]"
чебурнет,"Ironic name for the Russian sovereign Internet, should it be isolated from the world wide web as in China or North Korea. The name uses the widely loved animation figure Cheburashka as representing something typically Russian.","[{""sentence"": ""Российские власти тестируют изоляцию российского интернета от мирового и построение «суверенной» сети — Чебурнет."", ""translation"": ""Russian authorities are testing the isolation of the Russian internet from the global network and the construction of a “sovereign” network — Cheburnet.""}]"
чекушка,A bottle of vodka containing 0.25 l (roughly half a pint).,"[{""sentence"": ""Постоянно покупаем крупным и средним оптом чекушку (0,25 л) и бутылку водочную (0,5 л). Цены хорошие, рыночные. Звоните в любое время."", ""translation"": ""We constantly buy in bulk large and medium-sized half (0.25 l) and standard vodka bottles (0.5 l). Prices are good, following the market. Call at any time.""}]"
чел,"Bloke, guy. Short forчеловек.","[{""sentence"": ""Какой-то нехороший чел меня разводит."", ""translation"": ""Some sort of uncool bloke is trying to rip me off.""}]"
червонец,"Ten roubles, a tenner (monetary unit). The term stems from the Polish wordczerwony złotymeaning “red gold” (a high value gold coin). The name was initially used for gold coins (3.46 g of gold, nominative value of 3 roubles) and was picked in 1922 to name a gold-based soviet currency at the rate of one chervonets for ten imperial gold roubles. Diminutive:чирик.","[{""sentence"": ""Сегодня нашел в кладовке около 500 рублей червонцами из далекого детства. Скока ж можно было купить то в то время… пипец)"", ""translation"": ""Today I found in the closet around 500 roubles in tenners from my distant childhood. How much you could have bought with them in that time… blimey.""}]"
чёрная дырка,Arsehole (“black hole”).,"[{""sentence"": ""ШГ — практикует, черная дырка приемлемой конфигурации."", ""translation"": ""She does anal, her back door hat an acceptable configuration.""}]"
Черножопия,"Southern former Soviet republics (Caucasus, central Asia). Sometimes also any country populated by outlandish Southern populations.","[{""sentence"": ""Свершившийся факт: Париж окончательно превратился в Черножопию."", ""translation"": ""Fact come true: Paris has finally turned into the capital of darkies.""}]"
черножопый,"Wog, darky. Dark skinned person or, more specifically, individual from the Caucasus. Literally: “black-ass”.","[{""sentence"": ""Человек не может быть плохим или хорошим, толко потому, что он «черножопый», «москаль», «хохол»…"", ""translation"": ""A person cannot be good or bad just because he’s a “black-ass”, a “russki”, a “Ukrainian farmer”…""}]"
чёрный чемодан,"Vagina, female genitalia (“black suitcase”). Sometimes the colour is omitted.","[{""sentence"": ""Свой чемодан: кому хочу — тому и дам."", ""translation"": ""It’s my box, I decide who gets a go.""}]"
чеснок (по ~у),"Honestly, no bullshit. Humourous deformation ofпо честному.","[{""sentence"": ""Задача: представьте, что вы мудрый правитель Аргентины в начале 1980-х. Вам очень хочется получить Фолкленды (хотя они нахуй никому не всрались, если по чесноку). Как получить их без войны?"", ""translation"": ""Assignment: Imagine you are a wise leader of Argentina in the early 1980s. You really want to acquire the Falkland Islands (though honestly, they aren’t really crucial to anyone). How can you obtain them without going to war?""}]"
четвертной,"Old name for 25-Rouble banknotes, that circulated in Russia until the 1990s. Also calledчетвертак(although the latter is mostly used for 25 kopecks).","[{""sentence"": ""В чеховской «Свадьбе» за присутствие на свадьбе «настоящего генерала» была заплачена четвертная. Однако генерал оказался мнимым, а деньги присвоил посредник."", ""translation"": ""In Chekhov’s “The Wedding,” a quart of rubles was paid for the presence of a “real general” at the wedding. However, the general turned out to be fake, and the money was pocketed by the intermediary.""}]"
чех,"Chechen, Caucasian in general. Ethnic slur in use in the Russian army, althoughчехmeans Czech this word has a different origin, it is a short form forчеченец.Variant:Чеченоид.","[{""sentence"": ""Начштаба шутил, что Злодей один принес полку убытку больше, чем все чехи, вместе взятые. Что, кстати, было не так уж и далеко от истины."", ""translation"": ""The head of staff joked, that Malefactor brought more losses to the regiment than all Chechs taken together. Which, as a matter of fact, was not that far from truth.""}]"
чикса,"Bird, girl, chick. Probably a loanword from Hebrew (שׁקץ) via the Yiddish (שיקסע). Possibly also influenced by English “chick” and Spanish “chica”.","[{""sentence"": ""ты говоришь дашь мне пизды.. твоя чикса давала :P"", ""translation"": ""you said you’d fuck me up… your bird did fuck me :P""}]"
чирик,"Ten roubles. Seeчервонец. Sometimes shortened toчирor lengthened toчирка, чирибас. In the early 20th century, it was a name for a 25-kopeck coin (fromчетвертак, quarter).","[{""sentence"": ""Проезд в общественном транспорте — чирик, десяток яиц — тридцать рублей, пакет молока — двадцать…"", ""translation"": ""Public transport fare — a tenner, a dozen eggs — thirty rubles, a pack of milk — twenty…""}]"
член,"Penis, “member” (double meaning as in English).","[{""sentence"": ""Хитра собака, но я хитрее. Пытаясь засунуть член в башку этой дуры, начинаем играть в убегалки-догонялки."", ""translation"": ""She’s a smart bitch, but I’m smarter. Trying to shove my dick in the head of that idiot we start to play a game of catch-me-if-you-can.""}]"
чмо,"Bloke, unimportant individual, idiot. Plural:чмара. Probably loaned from Yiddish שמאָק (shmok), just as American slangschmo. Sometimes interpreted as the initials ofчеловек московской области(person from the Moscow region), that Moscow residents look down upon.","[{""sentence"": ""я тупое чмо… в понедельник иду на пересдачу…"", ""translation"": ""I’m a stupid git… on Monday I must retake the exam…""}]"
чмобик,"Mobilised soldier, forced conscript from the partial mobilisation (частичнаямобилизация). Also combinesчмоandмобик.","[{""sentence"": ""Боевое слаживание по-русски, это когда они ЧМОбик достает бояру, а другой ЧМОбик достаёт стаканы."", ""translation"": ""Russian-style combat cohesion is when one mobilised scum pulls out the bottle and the other mobilised scum pulls out the glasses.""}]"
чмокаться,"To kiss (derived fromчмок, an kissing onomatopoeia).","[{""sentence"": ""Мне кажется, что чмокаться это не для меня, да и вообще это не гигиенично."", ""translation"": ""I believe that kissing isn’t for me, yes, and it is truly unhygienic.""}]"
чморить,"To insult, offend. Sometimes altered toчмарить.","[{""sentence"": ""Даги больше не будут чморить русских солдат."", ""translation"": ""Dagestani will no longer debase Russian soldiers.""}]"
чмошный,"Bad, unworthy, despicable. Adjective derived fromчмо.","[{""sentence"": ""Чмошный карлик Димон опять таблетки не принял и понесло шизоида. Димон, ты пустобрех, встретились бы мы — прилетело бы тебе больно ;)"", ""translation"": ""The despicable midget Dimon didn’t take his pills again and got schizoid. Dimon, you’re an empty-head, if we’d met, you’d get badly hurt ;)""}]"
чозанах,"WTF, short forчто за нах…?.","[{""sentence"": ""ЧоЗаНах с билайном?"", ""translation"": ""WTF is going on with beeline?""}]"
чокнутый,"Crazy, eccentric, loony.","[{""sentence"": ""Вообще, существует очень четкое деление: одни люди, как выпьют, становятся добренькими, другие — злыми и неприятными. Этот человек относится к третьим. Когда пьяный, он не злой, не добрый, а чокнутый…"", ""translation"": ""Actually, there is a clear split: some people, when they drink, become kind, others become wicked and disagreeable. This individual belongs to the third kind. When he’s drunk, he’s not angry, not kind, but weird…""}]"
чпокаться,"To screw, to fuck. Derived from the onomatopœiaчпок.","[{""sentence"": ""Ты думаешь это так прикольно чпокаться когда в соседней комнате мама и бабушка?"", ""translation"": ""You think it is so much fun to indulge in hanky-panky when mum and granny are in the neighbouring room?""}]"
чпокнуть,"Fuck, screw.","[{""sentence"": ""Как чпокнуть телку в очко."", ""translation"": ""How to bugger a chick.""}]"
чувак,"Bloke, guy. Loaned from Romanesčavófor boy.","[{""sentence"": ""Пушкин, клевый был чувак,Он ебал всех только так,Ни одной красивой юбкиНе пускал он просто так."", ""translation"": ""Pushkin was a cool bloke, / He fucked everyone he could poke, / Not one single pretty skirt / He let by without a flirt.""}]"
чукчи,"Asian, mostly from Siberia and Far East Russia (ethnic slur). Initially the name of a tribe from Chukotka, that is often referred to in jokes as particularly daft. Sometimes used in the general meaning of “idiot, twit”.","[{""sentence"": ""Блин ну почему я такая чукча то…"", ""translation"": ""Blimey, why am I such a twat…""}]"
чума,"Mark of admiration, awesome.","[{""sentence"": ""Недавно я наткнулся на съемку грозы с расстояния в пол сотни метров, ваще чума!"", ""translation"": ""I recently came across pictures of a thunderstorm taken from fifty meters away, bloody awesome!""}]"
чурбан,Ethnic slur for Central Asians (“block of wood”).,"[{""sentence"": ""Чурбан купил диплом и пошёл «работать» в больницу, где через 2 недели «работы» убил пациентку, своей халатностью."", ""translation"": ""A darkie bought a diploma and went “working” in a hospital where with two weeks’ “work” he killed a female patient with his negligence.""}]"
чуркестанец,"Central Asian national, sometimes also includes Caucasians, derived fromчурка.","[{""sentence"": ""Сегодня в метро, видя как грязный чуркестанец, не хотел уступать место пожилой даме, моя толерантность прямо закипела и испарилась."", ""translation"": ""Today on the tube, seeing a dirty brownie not wanting to yield his seat to an elderly lady, my tolerance just boiled over and evaporated.""}]"
Чуркменистан,"Racist name for Central Asian or Muslim countries in general and for Turkmenistan in particular, seeчурка.","[{""sentence"": ""В конце в аэропорту реально одни чучмеки! Просто пиздец! Такое впечатление, что не в Москву прилетели, а в чуркменистан."", ""translation"": ""At the end of the airport there are really only wogs! Fucking hell! You get the feeling, you did not land in Moscow but in Wogistan.""}]"
чухануть,"To do something spontaneous and radical, e.g. to beat up, retreat, go suddenly on vacation, walk or drive somewhere…","[{""sentence"": ""Девушки разные бывают. Может у неё черный пояс, кто еще тогда первым чухануть должен?"", ""translation"": ""Women are all different. If she has a black belt, it might make sense for someone else to back down first.""}]"
чухонец,Pejorative name for Finns (female formчухонка). Finland can be calledЧухня. Initially this was the name of a Finno-Ugrian tribe living in the vicinity of St-Petersburg and was then used to for Estonians before getting the current meaning.,"[{""sentence"": ""На Сахалине попадаются избы всякого рода, смотря по тому, кто строил — сибиряк, хохол или чухонец."", ""translation"": ""On Sakhalin you can find all type of houses, depending on who build them: Siberian, Ukrainian or Finn.""}]"
чучмек,"Racist slur for Central Asians, sometimes also Caucasians.","[{""sentence"": ""Может ли чучмек ужиться с русским?!"", ""translation"": ""Can a darky study along with Russians?!""}]"
шайба,"Face, figure.","[{""sentence"": ""Шайбу свою от поцелуев уворачивает до хруста в позвонках."", ""translation"": ""She turns her kisser away from kisses to the point of cracking her spine.""}]"
"шайбу (забить ~, забить пулю)","Fuck, screw.","[{""sentence"": ""Французам забил шайбу Кутузов!"", ""translation"": ""Kutuzov gave it to the French!""}]"
шайка,"Group of same minded individuals, usually with criminal or immoral goals.","[{""sentence"": ""Путинская шайка запретила продажу боеприпасов населению."", ""translation"": ""The Putin gang has forbidden the sale of ammunition to the population.""}]"
шала,Hemp. Also calledшалушка.,"[{""sentence"": ""Пионеры, похожие на октябрят, курят шалу, и пиво пенное пьют."", ""translation"": ""Young pioneers, looking like little Octobrists, smoke hemp, and drink foamy beer.""}]"
шалашовка,"Slut, whore.","[{""sentence"": ""— Шалашовки, — ругался Егор, выходя с почты. — Вы у меня танец маленьких лебедей будете исполнять."", ""translation"": ""— Slags, cursed Yegor as he left the post office. — I’ll have you doing the little swans’ dance.""}]"
шапочка,"Little cap, hood — used in following expressions:Шапочки близнецов,французская шапочка.","[{""sentence"": ""Новая шапочка, снова минет, дальше подолбил в миссионерке."", ""translation"": ""New rubber, again blowjob, further I banged her in the missionary.""}]"
шапочки близнецов,Bra (literally “the twins’ caps”).,"[{""sentence"": ""Купила в Эстеле очередные шапочки для близнецов. Уже 80D! Ипануцца! Кошмар, любитель дойных коров, в восторге."", ""translation"": ""I bought at Estelle yet a new bra. Already 80D! God gracious! It’s a nightmare, fans of milk cows are delighted.""}]"
шара,"In the expressionна шаруmeans for free, without effort.","[{""sentence"": ""В нашей стране люди хотят все на шару."", ""translation"": ""In our country people want everything for free.""}]"
шарахаться,"To go (or drive) back and forth, to suddenly change one’s opinion.","[{""sentence"": ""Ехал вчера за мудаком, который то полз 30 км, то ускорялся где можно обогнать, шарахался из полосы в полосу. Догоняю на светофоре, а там гирлянда колорадок в половину лобового.Все же безошибочный признак долбака"", ""translation"": ""Yesterday I was driving behind an asshole who was crawling at 30 km/h, then accelerating wherever he could be overtaken, and swerving from lane to lane. I caught up with him at a traffic light, and there was a garland of Saint-Georges’ ribbon on half of his windshield. It’s still a sure sign of a jerk.""}]"
шарить,"To master a subject, to have a good knowledge of something.","[{""sentence"": ""В настройках модема шарить надо"", ""translation"": ""You must know your way about the settings of modems.""}]"
шароёбиться,To hang out wasting time.,"[{""sentence"": ""Отправились шароёбиться по городу и поставили рекорд по количеству натыренного. Вина и закуски к оным, пиво и т.д."", ""translation"": ""We went to hang out in town and broke the record for the amount of stolen things. Wine and snacks included, as was beer and so on.""}]"
шахнуть,"Knock down, variant ofжахнуть.","[{""sentence"": ""Выходим с Онищенко на поляну. Курилович держит в руке зеленую бутылку из-под водки.— Ну что, нашли?— Не-а. Дай-ка шахнуть, — говорит Онищенко."", ""translation"": ""We go out in the field with Onishchenko. Kurilovich holds a green vodka bottle in his hand.— Well then, did you find anything?— Nope. Let us knock back some, says Onishchenko.""}]"
швабра,"Unattractive woman, bird (“mop”).","[{""sentence"": ""Татьяна Вам: Кто за то, чтобы Ирину Александровну выгнать с проекта?Алексей Акушан: На кол эту швабру :-D"", ""translation"": ""Tatiana Vam: Who is in favour of Irina Alexandrovna being kicked off the project?Alexei Akushan: Stake that old crow :-D""}]"
шворить,"To engage in coitus, to copulate.","[{""sentence"": ""Не, суковатая… хотя я б её шворить не стал…"", ""translation"": ""No, bitchy… though I wouldn’t bang her…""}]"
шворка,Intercourse.,"[{""sentence"": ""Яна Антонова отмороженная проститутка, спидозная халява, конченная овца, шлюшка протёртая до дыр, брошенная никому не нужная шворка только на одну ночь."", ""translation"": ""Jana Antonova is a frigging prostitute, an aids-ridden tramp, a complete ass, a screwed-up slut, a fuck no-one wants for more than one night.""}]"
шерсть,"Bush, twatrug, female genitalia, pubic hair (“wool”). Used in following expression (not on its own):Шерстяная кража,шерстяной вор.","[{""sentence"": ""Вообщем гуляя по центру захотелось ебацца. Причем захотелось странного, надоели бритые пелотки, захотелось что нибудь с шерстью, фетиш вообщем."", ""translation"": ""So well, while walking through the city centre, I wanted to shag. Precisely I wanted something weird, I’m fed up with all those shaved twats, I wanted something hairy, some kind of fetish.""}]"
шершавый,"Dick, cock, penis.","[{""sentence"": ""На втором у этого нигера шершавый еле-еле висит, бритый, зелёный ужас, как телкам не страшно, что бы вних такой страх сували, кароче уроды, а телочка зачётная."", ""translation"": ""In the second the nigger’s cock is barely hanging, shaved, a true horror, how chicks aren’t scared to put that kind thing in them, bastards, but the chick is cool.""}]"
шибануться,Euphemism forебануться.,"[{""sentence"": ""Tailord: Каждый из них содержит аж 10 языков, в том числе русский.involute: Да это ж с ума шибануться можно! Ешь не хочу."", ""translation"": ""Tailord: Each of them contains as many as 10 languages, including Russian.involute: Blimey, that’s actually crazy and mind-blowing! Whst more can you want.""}]"
шибздик,"Midget, short individual, shrimp.","[{""sentence"": ""Кирилл в два раза тяжелее и в полтора раза выше этого шибздика."", ""translation"": ""Kirill is twice as heavy and one and a half times bigger than this midget.""}]"
шизанутый,"Crazy, psycho.","[{""sentence"": ""В питерской маршрутке шизанутый россиянин спорил по телефону с какой-то женщиной и угрожал ей уничтожением Украины…"", ""translation"": ""In a Petersburg minibus a crazy Russian man was arguing on the phone with some woman and threatening her with the destruction of Ukraine…""}]"
шило в жопе,Restlessness (“a stitching awl in the arse”).,"[{""sentence"": ""О! Это орет наш взводный. Интересуется, чистил ли я пулеметы. Ясен пень, чистил. Вчера еще. Нет, ему надо, чтоб я сейчас же пошел и почистил еще раз. Шило в жопе у него, что ли? Переизбыток нервной активности, как говорит наш санинструктор."", ""translation"": ""Oh! That’s our platoon leader yelling. He’s asking if I’ve cleaned the machine guns. Of course, I have. I did it yesterday. But no, he wants me to go and clean them again right now. Does he have a thorn in his butt or something? An excess of nervous activity, as our medic says.""}]"
шимпанидзе,"Ironical and condescending name for Georgians, who are said to have ample body hair. Combination ofchimpanzeeand the suffix-ძე(-dze, typical ending of West-Georgian surnames meaningson of).","[{""sentence"": ""Парламент Грузии попросил ЕС исключить из оборота название Южная Осетия а Косово оставить. Смешные шимпанидзе."", ""translation"": ""The Georgian Parliament asked the EU to stop using the name South Ossetia but to keep using Kosovo. What a bunch of silly monkeyshvilis.""}]"
ширяться,"To take heroin, to inject drugs.","[{""sentence"": ""Я не говорю, что все блять щас прям идите и бросайте курить, пить и ширяться. Я просто говорю, что это не очень-то хорошо, что мы все это понимаем и всё равно делаем."", ""translation"": ""I’m not saying that fucking everyone should at once stop smoking, drinking and shooting. I’m just saying that it is not very good, that we understand it but do it nonetheless.""}]"
школота,"Schoolchildren, mildly insulting meaning.","[{""sentence"": ""Почему школота так яростно хочет внимания?"", ""translation"": ""Why are those schoolchildren so eager for attention?""}]"
шконка,"Bed, bunk.","[{""sentence"": ""Поздоровавшись, он положил матрац на свободную шконку и встал посреди камеры, небольшими, глубоко посаженными, хитрыми глазами оглядывая ребят."", ""translation"": ""He greeted, laid his mattress on a vacant bunk, and stood in the middle of the cell looking at the inmates with is small, deeply set, smart eyes.""}]"
шкура,"Prostitute. Lit. “skin, hide”.","[{""sentence"": ""Опытная шкура нанизалась очком на огроменную елдину."", ""translation"": ""An experienced slut lowers her bumhole on an enormous schlong.""}]"
шланг,"Schlong, dick (“tube”). From GermanSchlange(snake), possibly through Yiddish שלאַנג‎.","[{""sentence"": ""Обращайте внимание на анкету — если стоит галочка возле «глубокий минет» и у вас не гигантский шланг (что бывает удобно), то можно хотя бы попробовать всласть оттрахать фею в ротик."", ""translation"": ""Pay attention to the profile — if there’s a checkmark next to ’deep throat’ and you don’t have a giant schlong (which can be convenient), then you can at least try to thoroughly roger her mouth.""}]"
шлюха,"Prostitute, slut.","[{""sentence"": ""И все пьют за царя,За святую Русь,В ласках знатных шлюхЗабывая грусть."", ""translation"": ""Prostitution is a profession, being a slut is a state of mind.""}]"
шляпа,"Git, idiot, twit.","[{""sentence"": ""Он шляпа, и друзья у него тоже такие же."", ""translation"": ""He’s a silly git, and his friends also.""}]"
шмалить,To smoke dope.,"[{""sentence"": ""Что легче бросить пить или курить или шмалить?"", ""translation"": ""What is easier to give up: drinking, smoking or getting high?""}]"
шмаль,"Hashish, sometimes also pot, weed.","[{""sentence"": ""Ниче не поднимает настроение как ящик пива и пакет шмали…"", ""translation"": ""Nothing lifts the mood like a case of beer and a bag of weed…""}]"
шмара,"Slut, whore. South Russian deformation of the nameмараby which the man-hating wife of theдомовойwas called in Slavic mythology (she is more often referred to asкикимора).","[{""sentence"": ""Ты подзаборная шмара — выкрасила волосы и думаешь, что на твои пережженные перекисью сосульки — кто-то будет дрочить?"", ""translation"": ""You’re a slutty tramp, coloured your hair and think that somebody will wank looking at your peroxide-burnt icicle?""}]"
шмаравозка,"Pimp car, slutmobile, tacky and showy automobile.","[{""sentence"": ""меня как то не успевший завернуть вадила на своей шмаравозке чуть незбил когда переходил я на зеленый, а когда я заметил и остановился он встал как еб..н на дорожке и сигналил."", ""translation"": ""I almost got run over by a bloody driver in his pimped ride when I was crossing on green, and when I noticed and stopped he stood like a motherfucker in the lane and honked.""}]"
шмонка,"Pussy, female naughty bits;","[{""sentence"": ""— Опять Ксюша… опять эта шмонка!"", ""translation"": ""— Again Ksenia… again that slut!""}]"
шмонка,"Slut, prostitute.","[{""sentence"": ""— Опять Ксюша… опять эта шмонка!"", ""translation"": ""— Again Ksenia… again that slut!""}]"
шмотки,"Clothes, rags. Probably a loanword from Yiddish (שמאַטע,shmates— rag).","[{""sentence"": ""Когда женщин больше двух они говорят либо о детях, либо о шмотках. Одинокие и несчастные в браке — о мужиках."", ""translation"": ""When more than two women are together, they speak about children or about clothing. Lonely and ill-married ones talk about men.""}]"
шнобель,"Honker, big nose. Loaned from YiddishSchnabel(“beak”).","[{""sentence"": ""Тут выходит Дейч, весь одухотворённый, в скверик, со своим жидовским шнобелем наперевес, и руками помавает в воздухе."", ""translation"": ""Here comes Deich, all enlightened, into the little park, with his Jewish nose leading the way, waving his hands in the air.""}]"
шняга,A thing;,"[{""sentence"": ""Тогда безногий мужик спрашивает: а для чего ты мне эту шнягу рассказываешь?"", ""translation"": ""Then the legless man asks: so why are you telling me that stuff?""}]"
шоколадная дырка,Arsehole (“chocolate hole”).,"[{""sentence"": ""Порно в стиле жесткого секса. Тип завязывает своей партнерше глаза, связывает руки и ноги и начинает жестоко насиловать её в шоколадную дырку."", ""translation"": ""Rough sex porn. The bloke blindfolds his partner, binds her hands and feet and starts to violently rape her in her chocolate hole.""}]"
шоколадница,Arse.,"[{""sentence"": ""Дразню головкой скользкие края раскрытого сфинктера девочки и вслед уютно засаживаю в «шоколадницу»!"", ""translation"": ""I tease the slippery edge of the open sphincter with my dickhead and smoothly stick in it the chocolate hole!""}]"
шпаргалка,"ID, official document;","[{""sentence"": ""Он по-французски выписал на шпаргалку три ключевые слова — «бонжур», «пардон» и «мерси»."", ""translation"": ""On wrote three key words in French on a cheat slip: “bonjour”, “pardon” and “merci”.""}]"
шпаргалка,"Crib, cheat slip. Comes from Polishszpargał(Paper).","[{""sentence"": ""Он по-французски выписал на шпаргалку три ключевые слова — «бонжур», «пардон» и «мерси»."", ""translation"": ""On wrote three key words in French on a cheat slip: “bonjour”, “pardon” and “merci”.""}]"
шпилить,"Fuck, screw.","[{""sentence"": ""Для тех у кого негде шпилить, актуальная тема, снимаем бляд-офис!"", ""translation"": ""For those who don’t have a place to screw, current theme, we are renting a slut-office!""}]"
шпора,"Crib, deformation ofшпаргалка.","[{""sentence"": ""ЕГЭ: Одноклассница рассказывала, что парня встретила в одной аудитории, он говорит: «А я хорошо подготовился, у меня даже шпора есть!» И показывает ладонь, а на ладонь бумажка приклеена с надписью: «Ты сможешь, чувак!»"", ""translation"": ""A-Levels: a girl in my class told that she met a bloke in an auditorium, and he said: “Now I am well prepared, I even have a crib!” And he shows his palm, a paper is glued to the palm and written on it is: “You can do it, man!”""}]"
штука,"Grand, thousand (“item, thing”), also calledштукарь. Accordinglyполштукиmeans five hundred.","[{""sentence"": ""Штука баксов."", ""translation"": ""Thousand bucks.""}]"
штукарь,"Thousand, variant ofштука.","[{""sentence"": ""Ну получилось ещё и копро. За это можно было и штукарь добавить.)))))))))"", ""translation"": ""So it turned out to include coprophilia. You could add a grand for that.)))))))))""}]"
штукатуриться,To apply make-up.,"[{""sentence"": ""У стены стоит фифа мазливая, дублирует себя в зеркало и губы штукатурит."", ""translation"": ""A made-up bimbo is standing by the wall, admiring herself in the mirror and putting on lipstick.""}]"
штуцер,Thousand (“carabine”).,"[{""sentence"": ""Штуцер гривен я им не отдам, так что будем пробовать своими силами."", ""translation"": ""I won’t give them one grand grivna, so we’ll have to try to do it on our own.""}]"
шулята,"Balls, testicles. Plural ofшуло(“kernel, nucleus”).","[{""sentence"": ""Даже консультируют (неофициально) в отдельных случаях, как и чего намутить и налогов по-меньше платить. Хотя не факт, что если их с показателями прижмет — могут взять за «шулята»."", ""translation"": ""They even (unofficially) advise in particular cases on how and what to do to save tax. Although it is not established, if they get caught on the indicators they can have you by the “balls”.""}]"
ща,"Now, colloquial deformation ofсейчас. Also commonly used asщас.","[{""sentence"": ""Тетка ща заходит: «вы не поможете? у меня ноутбук не отключается!»"", ""translation"": ""A woman just came in: “can you help? my notebook does not shut down!”""}]"
щекотун,"Penis of modest size, “tickler”.","[{""sentence"": ""По Полякову, классификация кнахтов от малого к великому идет так: Щекотун, Запридух, Подсердечник и Убивец"", ""translation"": ""According to Polyakov, the classification of cocks from minor to major goes like this: Tickler, breath-taker, heart-squeezer, and killer.""}]"
щёлкать,"To take a picture, a snapshot.","[{""sentence"": ""Как только стеклянные двери бизнес-центра разъезжаются передо мной в стороны, я сразу замечаю, как от противоположной стены отделяются два фотографа и начинают щелкать фотоаппаратами."", ""translation"": ""As the glass doors of the business centre slide apart in front of me I suddenly notice how two photographers leave the opposite wall and start taking pictures.""}]"
щель,"Slit, female genitalia. Diminutive:щёлка.","[{""sentence"": ""Второе — лицо приятное. Третье — щель очень аккуратная, в моем вкусе, ничто никуда не торчит."", ""translation"": ""Secondly a pretty face. Thirdly a very neat slit, to my liking, nothing sticks out nowhere.""}]"
щемиться,To run.,"[{""sentence"": ""Восколько лучше щемиться на обед?"", ""translation"": ""What is the best time to go for lunch?""}]"
щупать,"To feel up, to pet.","[{""sentence"": ""ххх: я все думал, почему мое девушко меня долгими зимними ночами по несколько раз за причинное место щупает и засыпает сразу?ууу: и?ххх: а светлеет поздно, а ей надо на работу и она оказываецца проверяет у меня по отсутствию/наличию эрекции — еще ночь или уже утро…"", ""translation"": ""ххх: I was wondering why my girl always feels up my naughty bits and goes straight back to sleep during long winter nights?ууу: and?ххх: It’s getting light late, she has to go to work and turns out she checks on me if I have a stiffy or not — is it still night or already morning…""}]"
ы,"Symbolises laughter, the letter is often repeated to underline the intensity of laughs (ыыыы…). The letter is sometimes used as a short form for the English acronymlol(laughing out loud), as it looks quite similar.","[{""sentence"": ""Как можно клиенту рассказывать про настройку DNS зоны когда в аськином статусе у него написанно «ЙА СКАЗОЧНЫЙ ДОЛБАЁП ыыыы»?"", ""translation"": ""How can you explain DNS zone settings to a client when his ICQ status is “I’m a fabulous moron lol”?""}]"
эклер,Penis (éclair /pastry/).,"[{""sentence"": ""— Бери эклер в рот, не ждать мне, когда у тебя течка кончится. Разве не видишь, как из джинсов рвётся. Сейчас сам выпрыгнёт."", ""translation"": ""— Take the knob in your mouth, I can’t wait for your period to end. Don’t you see how it yearn to burst out of the jeans. It’s going to jump out on its own.""}]"
электроштуцер,Vibrator with an electric cable (штуцерinitially means a gun with a short barrel which is calledStutzenorStutzerin Southern German dialects).,"[{""sentence"": ""Эта балалайка только хочет новый электроштуцер на свой день рождения."", ""translation"": ""This onanist only wants a new electric dildo for her birthday.""}]"
элкаэн,"Caucasian (i.e. native from the Caucasus region), acronym ofлицокавказкойнациональности. Variant:элканавт.","[{""sentence"": ""Считается, что Ростов-на-Дону ворота или столица Северного кавказа, получается ростовчане — натуральные элкаэны."", ""translation"": ""It is said that Rostov-on-Don is the gate to or the capital of the Northern Caucasus, therefore the inhabitants of Rostov must be true darkies.""}]"
эмжо,Toilet. Comes from the inscriptionМ / Ж(Gents / Ladies) at the lavatories and was popularised by the filmбриллиантовая рука.,"[{""sentence"": ""Ваш собака, оставшись в одиночестве, грызет обувь, портит мебель, воет или превращает прихожую в эмжо?"", ""translation"": ""Does your dog, left alone, gnaw at shoes, ruin furniture, and turn the entrance hall into a loo?""}]"
эникейщик,Low ranking IT specialist in charge of user support. The word stems from Englishany key(“Pressany keyto continue…”).,"[{""sentence"": ""Тут мне знакомый эникейщик расказал хохму, которая с ним приключилась."", ""translation"": ""A tech-support I know just told me a story that had happened to him.""}]"
энторнет,"Internet, colloquial mispronunciation with an ironic-condescending nuance.","[{""sentence"": ""За что нас критикуют? Нас критикуют за то, что мы якобы далеки от народа, сидим в энторнетах, и вся наша разъяснительная антижуликовская работа — это варение в собственном соку."", ""translation"": ""Why are we being criticised? We are being criticised because we are supposedly not in touch with the people, and all our information work against crooks is just stewing in our own juice.""}]"
эстонить,"Act slowly. Allusion to the perceived sluggishness of Estonians, from a Russian point of view.","[{""sentence"": ""Бум ржаветь и эстонить?"", ""translation"": ""Are we going to rest and rust?""}]"
эшник,"Member of the centre for combating extremism (a.k.a.Центр «Э») within the ministry of internal affairs of the Russian federation, political police used to suppress dissent by the Kremlin.","[{""sentence"": ""Путин — Hublot, фанаты vs «эшники», и многое другое."", ""translation"": ""Putin  —Hublot, fans against spooks, and much more.""}]"
юбочник,"Womanizer, skirt chaser (юбка— skirt).","[{""sentence"": ""Эй, уважаемый товарищ юбочник, понял, для чего тебе надобно ознакомиться с порно-сайтами, подпитать мозг эротик-чтивом?"", ""translation"": ""So, comrade skirt-chaser, you understood why you have to get familiar with porn sites, to nourish your brain with erotic readings?""}]"
юзать,"To use, borrowed from the English verb.","[{""sentence"": ""Бабуль знай свое место, юзайте МАС"", ""translation"": ""Grannny know your place, use MAC""}]"
юзверь,User (computer slang). Pejorative name mixing the Englishuserand Russianзверь(wild animal).,"[{""sentence"": ""От нехер делать лазаю на серваке по папкам юзверей."", ""translation"": ""Having bugger all to do I go through the user directories on the server.""}]"
юкс,"Money, one rouble. From Finnishyksi— one.","[{""sentence"": ""— Послушай, Снупи, ты извини, у тебя не найдется этак 15 юксов на месяц, а?"", ""translation"": ""— Listen, Snoopy, I’m sorry, could you spare 15 quid for a month, could you?""}]"
юлдак,"Dick, cock. Alternative spelling ofелда.","[{""sentence"": ""Тогда Саша попросил чтобы я сел ему на спину лицом к его попе и попробовал всунуть ему этот юлдак (так он его всегда называл), что я и сделал."", ""translation"": ""Then Sasha asked that I sit on his back, facing his bum and try to shove in that John Thomas (that’s what he always called it), which I did.""}]"
юлдачить,"To screw, fuck.","[{""sentence"": ""Юля рыдает из-за Серёжи, дебильного идиота, который целку Иру юлдачил."", ""translation"": ""Yulia is weeping because of Seryoga, that stupid idiot that screwed the virgin Ira.""}]"
юморнуть,Do practical jokes.,"[{""sentence"": ""Бляяя… А я только хотел спросить, не предлагали-ли ещё огнемёт использовать. Типа, хотел юморнуть…"", ""translation"": ""Blimey… I was just going to ask if they suggested using a flamethrower. Just kidding, you know…""}]"
юс,"Yankee, American (derived from English “US”).","[{""sentence"": ""А что будем делать с рекордным наводнением? Его тоже бобры устроили. Или с ракетами юсов? С Катынью? Это вас Бог наказал, пшеки, хоть я ничего против вас не имею. Козлов только больше не быбирайте."", ""translation"": ""And what shall we do about the record flooding? It’s the work of the beavers. What about the US rockets? Or Katyń? God punished you, Polacks, I don’t have anything against you, though. You just keep electing knob heads.""}]"
юсовский,"American, from the USA.","[{""sentence"": ""Это потрясающий образчик юсовской популяризации классических произведений для тинэйджеров."", ""translation"": ""It’s a striking example of Yankee classics popularisation for teens.""}]"
ябать,"To fuck, deformation ofебать.","[{""sentence"": ""«спецназ ФСИН» это в смысле всю жизнь людей на швабры сажал? Ябать у вас «герои», конечно."", ""translation"": ""The “penitentiary special forces” are those who spent their life having people sit on broomstick handles? Shit, you’ve got some “heroes”, I must say.""}]"
яблофон,"iPhone, translates as “apple-phone”.","[{""sentence"": ""Короче, Дмитрий Медведев поюзал подаренный аппарат и пришел к выводу, что новая версия яблофона — шняга."", ""translation"": ""So, Dmitri Medvedev tried the instrument he’d been given and came to the conclusion that the applehone is neat.""}]"
ягуарить,"To drink the alcoholic energy drink “Jaguar” (in Russianягуар), which is rather popular amongst young people.","[{""sentence"": ""Уровень жизни в самой задрипанной деревне Лепреконии все не сравнить с нашими селами, из которых все убежали ягуарить в город."", ""translation"": ""Even the poorest Leprechaun village has a higher standard of living than our rural areas, which young people have abandoned to drink alcoholic energy drinks in the city.""}]"
ядрён батон,"Exclamation, not quite as vulgar asблядь.","[{""sentence"": ""Ядрён батон, весна пришла!"", ""translation"": ""Blimey, spring has come!""}]"
яжемать,"Women who believes that being a mother confers her special rights including being demanding and downright, a Karen that has given birth. Sometimes writtenяжмать, follows the grammatic behaviour ofмать.","[{""sentence"": ""ГЕФЕСТ 65: Была однажды ситуация, когда зимой остановились с напарником перекусить в придорожном кафе, подошла яжемать с малым, и потребовала высадить напарника, а её довезти. Предложил ей сразу за руль сесть, отстала…"", ""translation"": ""GEFEST 65: Once in the winter, my partner and I stopped at a roadside café for a snack. A vindicative mother with her child came up and demanded that we drop off my partner and give her a ride instead. I suggested she take the wheel herself – and she backed off…""}]"
яйца,"Eggs in the basket, nuts, testicles. In standard Russian “eggs”.","[{""sentence"": ""Я этого Саакашвили повешу за яйца!"", ""translation"": ""I’ll hang that Saakashvili by the balls!""}]"
яичница,The result of a kick in the nuts. Literally “scrambled eggs” (seeяйца).,"[{""sentence"": ""Я сделал ему яичницу, будет спомнить."", ""translation"": ""I kicked him in the nuts, he’ll remember.""}]"
ялдаш,"Disrespectful name for Uzbeks, Central Asians. Derived from the word for comrade in Turkic languages (Azerbaijani:yoldaş, Tatar:юлдаш).","[{""sentence"": ""В гостиницы лучше не соваться. Все номера в гостиницах забронированы для иностранных туристов или для ялдашей, что по-татарски означает «товарищ». Как во времена татарского нашествия, Москва оккупирована теперь международными ялдашами — азиатскими, африканскими и прочими товарищами, борющимися за мир и дружбу между народами."", ""translation"": ""Hotels are best avoided. All rooms are reserved for foreign tourists or for what they call “yaldashes” in Tatar, meaning “comrades”. Moscow is now overrun by these international “yaldashes” — Asians, Africans, and others claiming to promote peace and friendship, reminiscent of the Tatar invasion.""}]"
ялдометр,"Large penis, seeялда.","[{""sentence"": ""Дамы отгодайте, как определить по внешности мужчину какой у него ялдометр?"", ""translation"": ""Ladies, can you guess how basing on the looks of a man you can determine the size of his willy?""}]"
яМобилко,"iPhone, russification of the trade mark by separate translation of parts of the name.","[{""sentence"": ""GPS видеорегистратор для яМобилко."", ""translation"": ""GPS dashcam for iPhone.""}]"
японский городовой,"Damn it, bugger. Euphemistic expression meaning “Japanese police officer” based on the similar sound ofяпонскийandёбанный.","[{""sentence"": ""Ёкарный бабай, японский городовой, ёксель-моксель и еще 500 фраз и эвфемизмов в сборнике «Ругаемся при родителях»."", ""translation"": ""Blimey, shoot, shut the front door and 500 more phrases an euphemisms in the collection “Swearing in front of parents”.""}]"
ящерица,"Willy, John Thomas, penis (lit. “lizard”).","[{""sentence"": ""И снова на экране доярки мужских ящериц."", ""translation"": ""Once again, the male trouser snake milkmaids are on the screen.""}]"
ящерицу потискать,"To pee, to pass water.","[{""sentence"": ""Просто у моей подруги мол. человек сидевший и он частенько называет «ящерицей». А лично у него спросить как то неудобно… В одной из статей я нашла только «Ящерицу потискать — пописать»."", ""translation"": ""It’s just that my friend has a boyfriend who was in the can and he often calls it the “lizard”. And it’s kind of embarrassing to ask him personally… In one of the articles I only found “to squeeze the lizard — to pee”.""}]"
ящик,"Television, telly. Literally “box”.","[{""sentence"": ""Мульт вспомнился самый первый с Масяней — она перед теликом скептически так покуривает :)))) для многих сейчас искусство это то, что по ящику трындят…"", ""translation"": ""I remember the first cartoon with Masyanya: she sits in front of the telly and sceptically smokes :)))) for many today arts is what’s being shown on the telly…""}]"
