term_lang,word,conv_def,slang_def
ZH,阿乡,A person from a rural area who is considered unsophisticated or lacking in urban manners.,country bumpkin; yokel
ZH,挨呲儿,to be scolded; to receive a reprimand,get a talking-to; get a dressing down
ZH,挨剋,"To be scolded, reprimanded, or criticized by someone in authority.",get a talking-to; told off; get a dressing-down
ZH,案子,A legal case; a matter under investigation or adjudication by a court.,case; law case
ZH,吧嗒,To puff on or draw from a pipe (for smoking).,pull at (a pipe); smoke (a pipe)
ZH,扒分,To work for pay during one’s spare time.,work in spare time for money
ZH,扒面,To exploit national or corporate resources for personal gain at the expense of the organization.,take advantage of the state or a company for one’s own benefit; profit at the stat’s or a company’s expense
ZH,吧女,A female attendant or hostess who works in a bar.,bar girl
ZH,拔,To cool (food or an object) by immersing it in water.,cool in water
ZH,拔份儿,To show off one’s strength or power; to display one’s capability and courage to others.,show off one’s strength or power; demonstrate one’s power and courage over others
ZH,把,a period of time; a round or session (in an activity or event),time; rounds
ZH,掰,to break off a friendship; to end a personal relationship,break up; break off a friendship
ZH,拜拜,"A transliteration of the English phrase ""bye-bye,"" used to express farewell or parting.",bye-bye(transliteration of English phrase)
ZH,白搭,Completely useless; ineffective; resulting in wasted effort.,have no use; futile; spend effort in vain
ZH,白话,"To speak empty, boastful, or meaningless words; to talk excessively or pointlessly.",make empty talk; talk big; talk nonsense; be blah-blah
ZH,白毛风,A severe snowstorm with strong winds; a blizzard.,sonowstorm; blizzard
ZH,白玩儿,Easy to do; not difficult; requiring little effort.,easy to do; not difficult; not hard
ZH,摆龙门阵,to engage in casual conversation or storytelling,chat; engage in chitchat; tell a story
ZH,摆摊儿,To set up a stall for selling goods on the street or in a market.,set up a stall along the street on in a market
ZH,扳大闸,To force open a lock in order to steal something.,pry open a lock(to steal sth.)
ZH,板儿寸,A very short haircut with hair closely cropped to the scalp; a crew cut or buzz cut.,hairstyle in which the hair is cropped close to the head; closely cropped hair; bush-top
ZH,办,to punish; to penalize,punish; penalize
ZH,半残废,"A metaphorical term for men 170 cm or shorter, implying social disadvantage in romantic selection.",half-crippled/A metaphor for a man of 170 cm or below in height who is not tall enough for the woman he’s romantically interested in and therefore jokingly called “half-crippled” .
ZH,半拉,One half; either of two equal parts into which a whole is divided.,half
ZH,半晌,A considerable length of time; quite a while.,half a day/ A metaphor for quite a long time.
ZH,棒,Excellent; outstanding; strong or impressive in ability or quality.,strong; excellent; great
ZH,傍大款,(of a woman) to form a close relationship with a wealthy man for financial benefit,(for a  woman) to accompany a rich man; have an intimate relationship with a rich man.
ZH,煲电话粥,To talk on the phone for a long time.,boil(cook) porridge of telephone/ A metaphor for talking on the phone for a long time.
ZH,爆炒,"To launch an intensive, large-scale media campaign in a short period for maximum commercial impact.",quick-fry/A metaphor for launching a whirlwind mass media advertising campaign for quick and optimum commercial impact n a short period.
ZH,暴打,To beat someone violently; to inflict a severe physical assault on someone.,beat sb. Severely; give a good thrashing
ZH,暴侃,To boast or exaggerate; to make grandiose or inflated claims.,talk big; boast; shoot the bull
ZH,报冷门,"To produce an unexpected result, especially an unforeseen outcome in a competition or event.",produce unexpected results
ZH,报料,To provide news tips or information to journalists.,to provide news clues or information to journalists
ZH,爆棚,Extremely popular; attracting overwhelming interest or participation.,"Literally it means a tent is too crowded with people and may explode. A metaphor for something that is very popular and loved by people so that too many wish to join it, participate or go for it."
ZH,暴笑,"To laugh loudly and uncontrollably, usually due to great amusement or joy.",laugh
ZH,备不住,perhaps; possibly; it may be,perhaps; maybe
ZH,背过气,To stop breathing; to be unable to breathe; to gasp for air.,stop breathing; be out of breath; gasp for breath
ZH,奔命,"To rush or work with utmost effort, often under pressure or urgency.",drive(push) oneself hard to hurry on with one’s journey or work
ZH,崩,to execute or kill by shooting,shoot to death; execute by shooting
ZH,蹦迪,"To dance to disco music, typically in a nightclub or party setting.",disco dance
ZH,绷儿,Extremely; to a very great degree; exceedingly.,very; so; extremely
ZH,毙,to execute by shooting; to kill by gunfire as a form of execution,shoot to death; execute by shooting
ZH,飙车,To drive a vehicle at dangerously high speeds or in a reckless manner.,drive violently(madly)
ZH,憋镜头,A poorly executed or unsuccessful shot in photography or film.,bad camera shot; a shot gone wrong
ZH,蹩脚,Inferior in quality; poor; lacking skill or proficiency.,inferior; poor; unskilled
ZH,病秧子,A person who is physically weak or frequently ill.,sick vine; person in poor health; someone vulnerable to illness
ZH,泊车,To park a vehicle; to bring a car or other vehicle to a stop and leave it temporarily.,parking
ZH,不颤,Not afraid; not fearful.,to not be afraid; to not be scared
ZH,不搭脉,Completely unrelated or dissimilar; having no connection or commonality.,"two things entirely different, like chalk and cheese"
ZH,不忿儿,To refuse to submit; to resist authority or control.,refuse to obey; to not give in to
ZH,不感冒,To have no interest in or pay little attention to something.,have no interest; to not be interested in sth; pay little attention to
ZH,不吝,Not to mind; not to care about.,not care; not mind
ZH,不起眼儿,Not noticeable; insignificant; ordinary.,not eye-catching; trivial; unremarkable
ZH,不是玩儿,Not a joke; serious; not to be taken lightly.,be no joke; be serious; no kidding; not a trifling matter
ZH,踩,"To slander, malign, vilify, or insult someone.",slander; calumniate; libel; insult
ZH,踩点儿,To conduct a thorough on-site inspection of a location in preparation for a planned visit or activity.,step on the spot; make a thorough and careful investigation of a place a person intends to go to
ZH,踩乎,"To bully, oppress, belittle, trample on, or disparage someone.","bully; oppress; depreciate, tread upon; disparage"
ZH,菜,"Incompetent, unsophisticated, or lacking ability, often used to describe someone as ignorant or unskilled.",sb. Or sth. That is good for nothing; hopelessly stupid; humiliating; rustic; countrified; ignorant
ZH,菜了,To fail; to be unsuccessful; to fall short of achieving something.,fail; be unsuccessful; fall through
ZH,菜色,"A pale or sallow facial complexion, often indicating hunger or poor health.",dark green or sallow yellow/ A term to indicate someone who has a colorless complexion or looks famished.
ZH,残废,A derogatory term for a man whose height is less than 160 centimeters.,crippled man/ A metaphor for men shorter than 160 cm.
ZH,糙,"Rough, coarse, or lacking in refinement, manners, or elegance; rude or unpolished.",rude; rough; boorish; uncouth; impolite
ZH,操蛋,"(vulgar) extremely bad, disappointing, or frustrating; deserving of strong disapproval or condemnation",(swearword) damn; bad; no good; disappointing
ZH,蹭车,To ride a bus or train without paying the fare; to travel as a free rider.,get a lift; take a bus or train without pay
ZH,碴,to engage in a physical fight or scuffle (with someone),fight; come to blows; scuffle(with)
ZH,茶钱,A gratuity or small sum of money given for service; a tip.,tip
ZH,缠,"to handle, deal with, or cope with (a situation or problem)",deal with; cope with; handle
ZH,猖,"Wild, furious, and uncontrollable in behavior or actions.",savage; furious; unbridled
ZH,长舌妇,A woman who gossips or spreads rumors; a meddlesome or talkative woman.,gossip monger; garrulous woman
ZH,抄肥,To intercept goods for profit or to gain actual profit through ambush or interception in business.,realp profit in business; block goods and take them away; waylay; profit reaping
ZH,潮,Fashionable; in accordance with the latest trends or styles.,fashion; fashionable
ZH,炒汇,Speculating in foreign exchange by buying and reselling currencies for profit.,arbitrage; buy and resell foreign currency at a profit
ZH,炒买妙卖,"Speculative buying and selling for profit, especially in stocks, foreign exchange, real estate, or oversupplied goods.","to speculate; resell at a profit (used mostly for stocks, foreign currency, real estate or other goods in exceeding supply demand)"
ZH,炒鱿鱼,to dismiss or terminate someone from employment,sack; dismiss ; fire
ZH,车本,driver's license; an official document permitting a person to operate a motor vehicle,driver’s license
ZH,车倒儿,A person who buys and resells vehicles; a used car dealer.,a person who resells vehicles; second-hand dealer
ZH,扯淡,To speak nonsense; to make absurd or unfounded statements.,(swearword) talk nonsense; bullshit
ZH,扯平,To settle accounts so that neither party owes the other; to make equal or balanced.,be(get) even with sb. ; make even
ZH,撑,"To support, sustain, persist, or uphold.",prop up; maintain; hold out; support
ZH,秤砣,Counterweight that slides on a steelyard balance to measure weight.,the sliding weight of a steelyard
ZH,痴,Foolish; lacking intelligence or good judgment; slow-witted.,foolish; stupid; idiotic
ZH,吃不了兜着走,To suffer the consequences of one’s actions; to get into serious trouble as a result.,get more than one bargained for; land oneself in serious trouble
ZH,吃错药了,"To behave in an unusually strange, rude, or inappropriate manner.",take the wrong medicine/ A term that infers a person’s behavior is a bit strange or rude and impolite.
ZH,吃刀,to suffer a loss; to be at a disadvantage; to be deceived or taken advantage of,suffer losses; get the worst of it; be cheated or fooled
ZH,吃偏饭,"To receive or give special treatment, assistance, or provisions to a particular person.",have particular meal for someone or receive(give sb.)a particular treatment or help
ZH,吃请,to be invited to attend a banquet or formal dinner,to be invited to a dinner
ZH,吃软饭,(of a man) To be financially supported by a woman instead of earning a living independently.,(of men)live off women rather than working for a living;(of men) be supported by women
ZH,吃香,To be highly popular or favored; to be well-liked or in great demand.,be very popular; find favor with sb; be well-liked
ZH,吃小灶,To receive special treatment or individualized instruction or training.,have a special meal for sb. Or receive (give sb.) a special treatment or service/ Often it refers to giving someone individual tuition or training.
ZH,充大个儿,To act beyond one’s abilities in order to impress others or appear more capable.,show off; be foolhardy; to force oneself to do; be braggart/ A term refers to one who insists on doing sth. Which is beyond his ability or one who tries to impress others.
ZH,冲洋画片,To retrieve a card from a vending machine.,pull the card out of an automatic selling machine
ZH,抽立,to lose money (in gambling); to be defeated or beaten,lose money(in gambling); be beaten; be defeated
ZH,臭,"Stupid, poor in quality, disappointing, or inferior.",stupid; bad; disappointing; inferior
ZH,臭大粪,"Vulgar term for something considered low-class, bad, or foolish.",low-grade; no good; stupid
ZH,臭美,To be excessively pleased with one’s appearance or to take pride in one’s looks.,make up; dress up; beautify
ZH,臭美妞,A girl who is highly critical of her own appearance.,a girl who is fussy about her appearance
ZH,臭子儿,A misfire; a malfunction of ammunition; a bullet that fails to discharge.,dumb fire; faulty cartridge;(of bullet)lose efficacy
ZH,出菜,"To produce a product, manufacture something, or achieve a result.",produce a product; make sth.; achieve sth.
ZH,出格,To behave or speak in a way that is unconventional or markedly different from others.,(speech and action) be out of the ordinary; differ form others
ZH,出更,(of police) to go on patrol; to conduct a patrol or inspection,(policeman) go on a tour of inspection; patrol; make one’s rounds
ZH,出局,To be eliminated or defeated in a competition or match.,be knocked out or eliminated in a competition
ZH,出摊儿,(of street vendors) to set up a stall and conduct business,(of vendors)do business; open for business
ZH,雏（儿）,A beginner; a novice; a person who is inexperienced in a particular activity or field.,greenhorn; tyro; new hand; raw recruit
ZH,触电,To make one’s debut on television or in a film as an actor or host.,"to have one’s first experience on TV or in a movie; to play a role in a TV drama or a film, or to be a host/hostess on TV"
ZH,穿帮,To inadvertently reveal a secret or expose oneself to public knowledge.,to let the cat out of the bag; to give oneself away; to let the whole world know
ZH,穿水晶鞋,"To deliberately create difficulties or obstruct someone’s work, especially by a superior toward a subordinate.","make sb. Wear crystal(or small) shoes/A metaphor for one who makes things difficult for others, or stops others from doing things(generally used to refer to working relationship specially boss and subordinate)."
ZH,窗户纸,"Thin paper used for covering windows; metaphorically, a barrier, disguise, or concealment.","thin paper used on windows/A metaphor for screen, cover-up or camouflage."
ZH,吹灯拔蜡,To fail completely; to come to an unsuccessful end.,(literally) blow out the candle and remove it;(figuratively)go fail; fall through
ZH,戳,to set something upright; to make something stand vertically,erect;stand sth. on end
ZH,呲儿,to scold or reprimand severely,scold; give a tongue-lashing
ZH,次毛,(of a product) of poor quality; inferior; substandard,(of product)poor in quality; inferior; bad
ZH,醋坛子,"A person who is easily jealous, especially in romantic relationships.",vinegar jar/A metaphor for a jealous person.
ZH,蹿,(of prices) to rise rapidly; to surge; to increase sharply and suddenly,(of price)rise quickly; hike up; go up suddenly
ZH,村姑,A young woman from a rural area; a country girl.,a country girl form the country
ZH,撮,to eat; to have a meal,eat; have a meal
ZH,撮堆儿,Inferior goods; remainder or persons or things not selected in the first round.,goods of lower quality; left over/A metaphor for people or things not chosen in the first lot.
ZH,搓麻,to play mahjong,play mahjong
ZH,矬子,A person of short stature; a short or small-statured individual.,a short person
ZH,搭档,A partner who works together with another in cooperation or collaboration.,cooperate; collaborate
ZH,打八刀,To divorce; to legally dissolve a marriage.,divorce
ZH,打车,To take a taxi; to travel by taxi.,hail cab; take a taxi; by taxi
ZH,打工妹,"A young female worker, especially one employed in low-wage or service jobs.",female employee; female worker
ZH,打哈哈,To joke or make fun of someone; to tease in a playful manner.,poke fun at; joke about
ZH,打水漂儿,To be wasted or yield no result; to spend effort or resources without any return.,"play(make)ducks and drakes (with sth.); spend in vain; with no result; pay out, but get nothing in return"
ZH,打一枪换一个地方,"To frequently change locations, jobs, or activities without staying long in one place or position.","go job-hopping; move regularly(from one place to another); change frequently(job, things)"
ZH,打住,to stop; to pause; to bring to a halt,stop; hold on; bring to a halt
ZH,大瓣儿蒜,A person who behaves affectedly or pretentiously.,big clove of garlic/ A metaphor for someone who behaves in an affected way or puts on an act.
ZH,大比拼,A competitive contest between two teams or individual participants.,dual meet; a meeting between two competing teams or two competitors
ZH,大出血,To sell goods at extremely low prices; to hold a major sale or promotion.,sell goods at a very low price; have a grand sale
ZH,大吊车,An unmarried man around thirty years old; a bachelor in his thirties.,big crane/A metaphor for a single man of around thirty; unmarried man; bachelor.
ZH,大发,Excessive; describing someone who acts overly or beyond reasonable limits.,excessive; over the top/Refers to one who overdoes sth. or exceeds a limit.
ZH,大哥大,cellular phone; mobile phone,Cellular phone
ZH,大红大紫,Extremely famous; highly renowned or well-known (of a person).,(of a person)very famous; well-known; celebrated
ZH,大件,"Major household appliances that were expensive consumer goods in China during the 1980s (e.g., televisions, refrigerators).","expensive consumer goods (television, refrigerator, washing machine, tape recorder)in the 80s of the 20 th century."
ZH,大块头,A person who is tall and physically robust; a large and strong individual.,a hefty person; a tall person; a tall and strong person
ZH,大礼拜,A weekend when both Saturday and Sunday are days off from work.,"“big weekend”(Saturday and Sunday) In 1994, the Chinese government passed the official 44-hour work week. This means that Chinese who work in companies that follow this guideline have alternating weekend-“big”and “small” weekends. “Big weekend”means people get Saturday and Sunday off. “Small weekend” means they must work on Saturday (a full day)."
ZH,大路货,An ordinary or low-priced product; a cheap or common item.,goods at ordinary or low price; cheap goods
ZH,大面儿,outward appearance; external aspect; surface,outlook; appearance; surface
ZH,大拿,"A person in authority; a leader, manager, or boss.",person with power; head; boss
ZH,大排档,"An inexpensive food stall, usually outdoors, selling a variety of dishes.","stalls selling food normally in the street but can also be indoors, normally very cheap"
ZH,大喘气,"To deliberately take a deep breath before finishing a sentence or phrase, often to tease or mock.",take a deep breath before finishing a sentence or phrase (on purpose); make fun of or tease
ZH,大腕儿,A prominent or influential person; a celebrity or expert in a particular field.,famous person; big shot; expert; celebrity
ZH,大仙,A professional fortune-teller or a male or female witch.,"a professional fortune teller, or sorcerer/sorceress"
ZH,带把儿的,a boy; a male child,boy
ZH,单车,bicycle; a vehicle with two wheels that is powered by pedaling,bicycle; bike
ZH,单元儿,one-yuan banknote,one-yuan note
ZH,蛋白质,"A foolish, unintelligent, or neurotic person; a derogatory term for someone perceived as such.","a fool, idiot or neurotic/a derogatory term which mostly refers to people"
ZH,弹子,"A cue sport played on a rectangular table with balls and a cue stick, including billiards, pool, and snooker.",billiards
ZH,挡横儿,to hinder; to obstruct; to impede,get in the way; block ; hinder
ZH,捯,To pull back or wind thread or rope; to coil or wrap thread.,pull back thread or rope; wind thread
ZH,捯饬,To dress up or groom oneself; to apply makeup or adorn oneself.,dress up; make up; doll up
ZH,倒汇,Speculating in foreign exchange by buying and selling currencies to profit from price differences.,speculate in foreign currency; resell foreign currency at a profit
ZH,倒儿爷,A profiteer or speculator who exploits market opportunities for personal gain.,speculator; profiteer
ZH,倒儿,A speculator or profiteer who buys goods cheaply in one place and resells them elsewhere at higher prices.,speculator; profiteer/ Refers to individual retailers who buy things at a low price in one place and sell them for a profit elsewhere.
ZH,倒插门,A marriage in which the husband moves into and resides with his wife's family.,bolt the door in a back to front way/ A metaphor for a man who goes to live in his wife’s parents’ home after marriage.
ZH,登,To put on (shoes or trousers).,wear(shoes or trousers)
ZH,incapable people/A term often used to describe someone who gets high marks in school,A person academically successful but lacking practical abilities in everyday life.,"but is incapable in life."""
ZH,的哥,A taxi driver; a familiar or affectionate term for a taxi driver.,taxi driver; cabman/An affectionate from of address to taxi driver.
ZH,的票,taxi receipt,taxi receipt
ZH,的爷,male taxi driver,male taxi driver
ZH,地撮儿,A sanitation worker responsible for cleaning streets and public areas.,street cleaner; scavenger; sanitation worker; rubbish scooper
ZH,掂量,To weigh something by hand.,weigh by hand
ZH,颠,to leave quickly; to depart or run away,go away; leave ; run
ZH,点水,to report or inform on someone to the authorities,inform against
ZH,点子,A criminal who provides information to law enforcement authorities.,"squealer/A term refers to one who is a criminal himself, but has responsibilities to supply information for the public security organs."
ZH,垫背的,A person who is made to take the blame for the faults of others; a scapegoat.,scapegoat; fall guy
ZH,垫底儿,The lowest-ranking or poorest; the one at the bottom in terms of status or performance.,be the poorest(lowest; bottommost);be the worst one
ZH,电老虎,A corrupt official in the electric power sector who engages in bribery or embezzlement.,power(electricity)tiger/A metaphor for embezzlers from power (electricity)supply units.
ZH,店嫂,A married female sales clerk.,married saleswoman
ZH,掉链子,"To malfunction, encounter a problem, make a mistake, or experience a failure.",break down; have problems; go wrong; make mistakes
ZH,掉钱眼儿里,Extremely skilled at managing money or highly adept at financial matters.,fall into the hole of a coin/A metaphor for someone who is very good with money.
ZH,跌份,To embarrass oneself or put oneself in an awkward or humiliating position.,embarrass yourself; cause yourself embarrassment
ZH,顶得住,To withstand; to endure; to be able to bear or tolerate.,bear; endure; stand up to
ZH,懂眼,Knowledgeable and experienced in a particular field; an expert familiar with the inner workings.,know the business; know the ropes; be an expert; know the ins and outs of
ZH,抖骚,To flaunt one's charm or attractiveness in an ostentatious manner.,play the coquette;
ZH,豆腐块,A short article or brief essay published in a journal or newspaper.,beancurd cube/A tiny article published in a periodical or newspaper.
ZH,逗咳嗽,"To quarrel or provoke disputes with someone, often due to personal grievances.",be at each other’s throats; quarrel with someone on account of a personal grudge; pick a fight; find fault
ZH,独食,To keep something exclusively for oneself without sharing with others.,selfish; domineering/A term used to describe someone who gets something and does not share it with others.
ZH,断档,To lose contact or break off communication midway.,(of people)break off in the middle; miss a link
ZH,断码,Not all sizes of a product are available; certain sizes are out of stock.,no all sizes of goods are available; a shortage of some sizes
ZH,对表,A matching pair of wristwatches worn by romantic partners to signify their relationship.,a pair of watches for a couple
ZH,对衫,Matching shirts designed for couples to wear together.,a set of shirts designed for a couple wear; matching shirts
ZH,蹲点,to defecate; to discharge solid waste from the bowels,defecate; have a bowel movement; shit
ZH,蹲坑,"To conduct surveillance or stakeout, especially by police or detectives, to monitor suspects or locations.","stake out; station (police, detectives, etc.)for surveillance of a suspected criminal, a place, etc."
ZH,耳朵根子软,Easily influenced by others' opinions or words.,soft ear/A person who is easily swayed by other’s words.
ZH,二等公民,"A citizen who is an immigrant or not born in the country, often regarded as having lower status.",second-class citizen/ A term that refers to migrants or citizens not born in the country.
ZH,二乎,to retreat or withdraw due to fear,withdraw; retreat(because one is scared)
ZH,二进宫,to be detained or imprisoned again; to be re-incarcerated,take into custody for the second time; put in prison for the second time
ZH,二十一遥,21-inch remote-controlled color television,21-inch remote control color television
ZH,发福,To gain weight or become plump (used as a polite or euphemistic expression).,put on weight ; get fat; plump (a euphemism)
ZH,发毛,to feel afraid or frightened; to experience fear or anxiety,be afraid of; be terrified; be scared
ZH,发蒙,"To feel confused, bewildered, or at a loss; to be in a state of mental confusion.",be confused; be at a loss; get into a muddle
ZH,发烧音响,State-of-the-art audio equipment featuring the latest and most advanced sound technology.,"the latest, most hi-tech sound system"
ZH,反炒,To attract public attention by using negative commentary or by promoting something in a contrary manner.,quickly-fry something in a backward way/Drawing public attention with negative spiel in the mass media.
ZH,犯不着,Not necessary; not worth the effort or trouble.,unnecessary; not worthwhile
ZH,犯各,To behave differently or act in a strange or unconventional manner.,act differently; do things in a strange or unusual manner
ZH,饭局,"A formal or social dinner gathering, often for business or networking purposes.",dinner party; fete
ZH,范儿,"Distinctive style, design, pattern, or manner of presentation.",style; design; pattern; form
ZH,方,A unit of currency equal to ten thousand yuan (RMB) in Chinese financial slang.,ten thousand yuan
ZH,放电,To display or express sexual attraction or flirtation between a man and a woman.,(electric) discharge/A metaphor for expressing passion between the sexes.
ZH,放鸽子,To fail to keep an appointment or to not show up as promised.,to break an appointment; to stand someone up
ZH,放空,"A vehicle, usually a taxi, that is not carrying any passengers.","an automobile with no passengers in it, usually it refers to a taxi"
ZH,放一码,to pardon or forgive someone (usually a criminal); to grant clemency; to release,let a person (usually a criminal) off; have mercy on; forgive ; release
ZH,匪,"Rude, unruly, or behaving in a thuggish or villainous manner.",rough; loutish; hooliganish; thuggish
ZH,粉丝,"A devoted admirer or supporter of a particular entertainer, athlete, or form of popular culture.","fans (of movie, pop music, ball games, etc.)"
ZH,风光,"To be prestigious, hold high status, or enjoy a luxurious lifestyle.",have fame; have status; enjoy a luxury life
ZH,福分,Good fortune; the privilege or blessing of happiness.,good fortune; happy hot
ZH,富姐,A wealthy woman.,a rich woman
ZH,富态,"A polite term describing someone as plump, stout, or having a full and well-nourished appearance.",plump ; stout; fat/A polite way to address someone who is overweight.
ZH,玍,"Irritable, eccentric, unusual, or peculiar in temperament or behavior.",bad tempered; odd; eccentric; peculiar
ZH,该着,Deserved; appropriate or inevitable according to circumstances or reason.,ought to; certainly; naturally
ZH,丐帮,A group of people who make a living by begging.,group of beggars/ A term that refers to a group of people who live off begging.
ZH,盖帽子,An elite person or thing; someone or something outstanding or exceptional.,cream of the crop; superexcellent; the best of all/A term originally used in basketball referring putting the ball through the hoop.
ZH,干货,"Valuable or essential information, content, or material.",dried goods/A metaphor for high value or expensive things
ZH,肝儿颤,To tremble with fear; to be extremely frightened or terrified.,have a shaken liver; be scared; tremble with fear; be terrified
ZH,赶趟儿,to have time to do something; to be able to make it in time,have time for; be in time for
ZH,港,fashionable; stylish,fashionable; stylish
ZH,港客,Hong Kong or Macau residents visiting mainland China.,compatriots in Hong Kong and Macao who come to the mainland
ZH,港仔,A young man from Hong Kong.,Hong Kong lad
ZH,杠头,A person who is stubborn or rigid in their thinking.,stubborn person; person which a one-track mind
ZH,高宰,To charge an excessively high price in order to defraud someone of money.,charge an exorbitant price (so as to swindle)
ZH,搞定,"To settle, resolve, or finalize a matter; to ensure something is properly dealt with or completed.",settle; fix; decide; ascertain; make sure
ZH,搞笑,Intended to amuse or provoke laughter through words or actions.,(words or actions) meant to amuse or to cause laughter
ZH,各,Unusual or eccentric; distinctive in character or personality.,out of the ordinary; peculiar; different from others; odd/A term mostly used to describe one’s character or disposition.
ZH,各色,Unusual or eccentric in behavior or appearance.,"odd, eccentric"
ZH,给他一大哄,"To boo, jeer at, or loudly ridicule someone as a group.",boo someone; gather together to jeer at someone; hoot at someone
ZH,跟风,To follow a trend or imitate others without independent judgment.,to follow the trends; do as others do
ZH,根儿硬,Has strong backing or influential connections; is well-supported by powerful people.,be backed up; have strong support; have connections
ZH,艮,Blunt and straightforward in speech or manner; frank and sometimes stubborn.,straightforward; stubborn; blunt; forthright
ZH,公了,To resolve or handle a matter according to public regulations or through official legal procedures.,solve or settle sth. in a proper manner or according to public regulations/Usually refers to resolution of a problem or dispute by going to court or according to official principles.
ZH,公鸭嗓子,"A hoarse, raspy, and monotone voice resembling the quack of a drake.",drake’s voice; raucous voice/A voice which is husky and flat.
ZH,够档次,Meets a certain (high) standard; reaches the required or expected level.,reach a certain(high)level; be up to standard; be up to par
ZH,鼓捣,"To tinker with or fiddle with something, often by handling or adjusting it repeatedly.",tinker with; fiddle with
ZH,骨头轻,Describes a woman who lacks self-restraint and behaves in a frivolous or improper manner.,light bones/A term describing women who are not self-possessed and behave frivolously.
ZH,挂号,to establish a criminal record,establish a criminal record
ZH,怪才,A person of exceptional artistic talent; a highly gifted or talented individual.,one with outstanding artistic talent; a talented person
ZH,官盖,The best; exceptionally outstanding.,the best of all; extremely good
ZH,光溜,"Smooth and slippery; having a shiny, slick surface.",smooth; slippery
ZH,鬼,Clever; quick-witted.,smart; clever
ZH,鬼佬,"A derogatory term for a foreigner, especially a Western man.",foreigner(impolite term)
ZH,鬼子烟,"imported cigarettes, especially those from the United States and the United Kingdom",imported cigarette(mainly from the United States and Britain)
ZH,国际倒儿爷,An international speculator who profits from trading goods across national borders.,transnational goods speculator; international goods profiteer
ZH,过,To overdo; to go too far in one’s actions or behavior.,overdo sth. ; go too far
ZH,哈韩族,Young people who are enthusiastic about Korean pop music or television dramas.,young people who love Korean pop songs or TV dramas
ZH,孩子王,Leader of a group of children; the child who leads or organizes other children.,head of children
ZH,海,A very large amount; extremely great in quantity or size.,plenty; extremely large
ZH,号贩子,"A person who illegally resells registration tickets, especially for hospital appointments.",someone who scalps registration tickets
ZH,盒饭,A meal consisting of rice and side dishes served in a box-shaped container.,boxed meal /A meal of rice and aside dish in a box
ZH,犄角旯旮儿,"A secluded or hidden corner; a quiet, remote, or out-of-the-way place.",corner; nook; quiet and secluded place; out-of-the way place
ZH,急茬儿,urgent matter; pressing issue requiring immediate attention,urgent matter
ZH,急赤白脸,"Extremely anxious or impatient, to the point of appearing pale from worry or urgency.",burning with impatience; looking pale with worry; extremely pressing
ZH,加盟,"To join or become a member of an organization, group, or alliance.",take part in ; join; participate
ZH,家庭号,A family-sized container of ice cream.,family-size box of ice-cream
ZH,架秧子,To cause a disturbance or provoke trouble as a group.,(of a crowd of people)create a disturbance; make trouble
ZH,拣软的捏,To bully or take advantage of those who are weak or vulnerable.,choose the weak to bully; take advantage of the coward
ZH,矫情,Making unreasonable arguments or deliberately finding fault; engaging in specious reasoning.,use lame arguments; resort to sophistry; willfully make trouble
ZH,窖,savings; deposits; money or resources set aside for future use,deposit(in the bank); save; store
ZH,叫板,To challenge or provoke someone in a confrontational or defiant manner.,challenge; ask for trouble; pick a quarrel
ZH,叫倒好,"a brief, loud sound produced by an owl, person, or vehicle",hoot
ZH,叫（较）针儿,to argue or quarrel; to engage in a dispute or heated discussion,argue; wrangle
ZH,叫座,"Highly popular and commercially successful (of a play, film, or performance); attracts large audiences.","(of a play, movie, show) very popular; a box-office success; draw a large audience"
ZH,姐们儿,A close female friend; a term women use to address intimate female companions.,sisters; sister; pals; close female friends/A term used among women to address close friends.
ZH,警花,A female police officer.,policewoman
ZH,卷地,to pack up or clear away a market stall,pack up the stall
ZH,绝代佳人,A woman famed for her beauty; now also refers to women who bear only daughters.,"Originally it means a woman of matchless beauty. Now by playing with the words people jocularly use it to refer to a young woman of beauty who does not produce a male heir, only a girl, for her husband.(According to an old custom only a male heir can continue a family line.)"
ZH,倔驴,A stubborn and outspoken person; someone who is obstinate and direct.,bullheaded mule/A metaphor for someone who is stubborn and straightforward.
ZH,军嫂,The wife of a soldier.,soldier’s wife
ZH,咔哧,To scrape off with a knife.,scrape off with a knife
ZH,擖油,To exploit others for personal gain or to abuse one’s position for advantage.,take advantage of someone; profit at someone else’s expense; abuse a privilege
ZH,开练,to begin work; to start working,start working
ZH,开溜,To leave secretly or slip away in order to avoid notice or escape.,escape; run away; sneak away; slink off
ZH,开涮,To mock or make fun of; to ridicule or tease someone.,make fun of; make a fool of
ZH,开洋荤,To experience foreign lifestyles or to enjoy foreign cuisine.,enjoy a foreign lifestyle; enjoy foreign food
ZH,看堆儿,To closely monitor or supervise something.,keep an eye on sth. ; watch over sth.
ZH,侃大山,To engage in casual conversation or informal chat.,chat
ZH,侃价,"To bargain or negotiate the price, especially with street vendors.",bargain; haggle with a peddler
ZH,侃星,A person who talks a lot or is very talkative.,chatterbox
ZH,侃爷,A person who frequently boasts or exaggerates; a habitual braggart.,big talker; someone who is good at boasting; someone full of hot air(American slang)
ZH,看西洋镜,To pry into someone’s private life or secrets.,get a glimpse into one’s personal life or secrets
ZH,看涨,Expected to rise in price (of market prices).,(of market prices)expected to rise
ZH,康师傅,Kang Shifu: a Chinese brand of instant noodles and other convenience foods.,Chef Kang-a brand of instant noodles
ZH,扛,"To endure or withstand (pain, hardship, or pressure).",stand;bear;tolerate;endure
ZH,ＣＡＬＬ机,"CALL机: a pager; a portable electronic device for receiving short messages, mainly used in the 1990s.",pager;beeper(used mostly in the 1990s of the 20th century)
ZH,棵,a one-hundred yuan banknote,a hundred-yuan bill
ZH,呵碜,Ugly; unattractive in appearance.,ugly
ZH,可圈可点,Worthy of attention or analysis; having both merits and flaws.,"Originally this referred to making circles or dots on a manuscript as notation, or to draw attention. Later it was used to mean that something has both good and bad points, or that something is worth noticing and making further study."
ZH,剋,To criticize or reprimand someone for improper behavior or making a mistake.,scold
ZH,肯节儿,at a critical moment; at a turning point,"at the critical moment, at a turning point"
ZH,空嫂,A married female flight attendant.,married stewardess
ZH,空手道,pickpocket; thief (originally a term from karate),petty thief; pilferer(a term originally used in karate)
ZH,空调,A person who makes empty promises or engages only in superficial actions without real results.,"air-conditioner/A term used to describe an empty talker or someone who simply pays lip service. The term, which also means“empty adjustment” emerged during the teacher salary reform. The department concerned announced the rise in teacher salaries but took a long time before actually implementing the change, hence the term."
ZH,控办,"Government restriction on purchasing household goods for office use (especially expensive items, 1980s China).","commodities purchased for office use are controlled/The government controls the purchase of many expensive household commodities (furniture, television, tape recorders, etc. in the 1980s of the 20th century)for office use."
ZH,口碑,Reputation; the public opinion or esteem in which someone or something is held.,reputation; fame
ZH,口头禅,A frequently repeated phrase or expression characteristic of a particular person.,pet expression
ZH,块儿,"A piece, lump, slice, or cube of a substance.",lump; chunk; piece; cube
ZH,款,A wealthy person; a rich individual.,rich person; money bags
ZH,款姐,A term of endearment for a wealthy woman.,rich sister/An intimate term for a rich woman.
ZH,狂,Arrogant; excessively self-confident or conceited.,arrogant; over bearing
ZH,拉钩,To link little fingers as a gesture of making a promise or vow.,pull each others’ little fingers/A term which refers to making a promise or swearing to do sth.
ZH,辣妹子,"A bold, outspoken, and energetic young woman with a fiery temperament.","hot girl/A girl who is bold, hot-and quick-tempered with a sharp tongue."
ZH,来菜,To have business opportunities or prospects; to have work or something to do.,do business; have a chance; have sth. to do
ZH,来劲,"To become excited, energized, or enthusiastic; to be filled with vigor or motivation.",get excited; become alive; get pumped up; become full of energy; inspire
ZH,来三,Clever and capable; intelligent and competent in handling tasks.,smart and capable
ZH,赖,Bad; inferior in quality; undesirable.,bad; no good; poor
ZH,懒汉鞋,A slip-on canvas shoe without laces.,“lazy man’s shoe”/A shoe that has a cloth cover and no shoestrings.
ZH,捞,To obtain or take something easily.,to easily bring or take something
ZH,劳模,Model worker; an exemplary employee recognized for outstanding diligence and performance.,model worker
ZH,老帮子,An impolite term for an old person; used to refer to elderly individuals in a disrespectful manner.,old person; old fogy; old fart/An impolite term for the elderly.
ZH,老不死的,An insulting or disrespectful term for an old person.,(swearword or intimate term) old fellow; old folk; old fogy; old fart/An impolite term for the elderly.
ZH,老大,"The eldest sibling; by extension, the leader of a group or gang.",Literally it means the eldest of sisters and brothers./ A metaphor for a head of a gang or a bandit chieftain.
ZH,老到,"Experienced, skilled, considerate, and attentive.",experienced; sophisticated; considerate; careful
ZH,老赶,An amateur; a non-professional; a layperson.,amateur;nonprofessional person; layman
ZH,老公,husband; a man’s spouse in a marital relationship,husband; old man; hubby.
ZH,老家儿,parents; one’s father and mother,parents
ZH,老冒儿,"A person who is unsophisticated, inexperienced, and lacking knowledge or awareness of current affairs.",country person; layman; hick; ignorant and ill-informed person.
ZH,老模砢碜眼,An offensive term for an elderly person considered unattractive or having unappealing facial features.,ugly;unsightly; bad looking/ A derogatory term that describes those who are old and not good looking any more.
ZH,老蔫（儿）,"A person who is slow-moving, sluggish, lazy, or uncommunicative.","slowpoke; slow, sluggish, slothful person; taciturn person"
ZH,老鼠会,A pyramid scheme; an illegal business model where returns are paid from new recruits' investments.,a mouse meeting (association)/A metaphor for a pyramid sale.
ZH,老外,a foreigner; a person from a country other than China,foreigner
ZH,老爷子,father; one’s male parent,father; dad
ZH,老子,father; one’s male parent,father
ZH,唠,To chat; to engage in conversation.,chat; talk
ZH,落忍,To feel at ease; to experience inner peace or a sense of reassurance.,feel all right(comfortable or natural); have peace of mind; feel at ease
ZH,雷子,police officer; member of the police force,cop; policeman; public security man
ZH,愣,Dazed; in a state of bewilderment or absent-mindedness.,distracted; stupefied; blank
ZH,礼拜,week; a period of seven consecutive days,week
ZH,立马儿,Immediately; at once; without delay.,immediately; at once; right away
ZH,晾,To deliberately ignore or intentionally avoid someone.,purposely ignore; intentionally brush aside
ZH,亮点,A particularly attractive or noteworthy feature of a person or thing; a highlight.,(lit.) a bright spot/A metaphor for (sb. or sth) to be attractive; eye-catching; attract attention.
ZH,靓仔,An attractive or handsome young man.,good looking man; handsome young man
ZH,了了,to end; to terminate; to complete; to resolve,be over ; end ; finish ; settle
ZH,猎头,A professional who recruits highly qualified candidates for senior or specialized positions.,head hunting ; look for senior talented people in all kinds of fields
ZH,零碎儿,Small miscellaneous items; odds and ends.,odds and ends ; bits and pieces
ZH,另类,"A style, trend, or approach that is different, distinctive, or unconventional.","a different ,special ,completely new way or fashionable type or trend"
ZH,溜,Skilled; fluent.,skilled ; fluent
ZH,撸,To rub or stroke (an object) along its surface with the palm of the hand.,rub one’s palm along (sth.)
ZH,抡,"To strike, hit, or swing (something) forcefully.",slap one’s face ; hit ; beat ; swing
ZH,抡圆了,To swing one’s arm with full force; to exert all one’s strength.,swing one’s arms with all one’s might ; exert all one’s strength
ZH,落单,A person whose spouse has died; a widow or widower.,widow / widower
ZH,码,"to arrange, pile up, or stack (objects) in an orderly manner",put in order; pile up; stack
ZH,马大嫂,"A person, typically a woman, who performs household chores such as shopping, laundry, and cooking.","“Madam Ma”/In Shanghai dialect the three words sound the same as the words for shopping, washing and cooking. It refers to a woman or man who does housework."
ZH,马爷,A police officer; a member of the police force.,cop; policeman
ZH,马子,girlfriend; female romantic partner,girlfriend ; lover
ZH,脉门,The crucial point; the core; the most important part of something.,key; heart; the most important part
ZH,卖相,appearance; outward look; external presentation,exterior; outward appearance; packaging
ZH,蛮,quite; very; rather,pretty; quite
ZH,满地找牙,To be severely beaten or physically assaulted.,"be badly beaten; be seriously battered(lit., pick one’s teeth up from the ground)"
ZH,满脸旧社会,"A person whose face is deeply lined, appearing to have endured great hardship in life.","It refers to someone with a weather-worn face, filled with wrinkles, as if he or she had gone through a very hard life."
ZH,满脸双眼皮,A face characterized by prominent wrinkles.,have a wrinkly face
ZH,忙活,To be busy with work or activity; to engage in bustling tasks.,be busy; bustle with
ZH,猫,to hide; to conceal oneself; to remain out of sight,hide
ZH,猫眼（儿）,peephole; a small lens installed in a door allowing occupants to view outside without opening the door,"peephole, such as those with fisheye lenses found on doors in hotels or households"
ZH,毛,A monetary unit of China equal to one-tenth of a yuan or ten fen.,same as jiao/A fractional unit of money in China(=1/10 of a yuan or 10 fen).
ZH,毛毛雨,A minor matter; something insignificant or not serious.,drizzle/A metaphor for something not very important or serious.
ZH,毛票,Mao Zedong commemorative postage stamp.,commemorative stamp of Mao zedong
ZH,毛腔,"To curse, to utter maledictions, or to lose one's temper.",swear; curse; lose one’s temper
ZH,冒泡,to have business activity; to make a transaction,have business ; have a deal
ZH,冒儿爷,"A person who is unsophisticated, unrefined, or lacking intelligence; a simpleton or bumpkin.",clodhopper; country bumpkin; stupid person; dodo
ZH,没好气,"To speak or act in a hostile, rude, or unfriendly manner toward others.",hostile; impolite; unkind; feel bad; turn a cold eye
ZH,没门儿,No possibility of success; having no way out or no solution.,have no way out; have no idea.
ZH,没谱,Uncertain; unrealistic; irrelevant; or unresolved.,unsure; unrealistic; be irrelevant; unsettled
ZH,没起子,"Lacking integrity, utterly worthless, or extremely foolish.",spineless;good-for-nothing; hopelessly stupid
ZH,没商量,Definitively settled; not subject to change or further discussion.,be settled; impossible to change; have no room to reconsider
ZH,没戏,Having no hope of success; impossible or hopeless.,have no hope; hopeless; impossible/A term that originally referred to a dull and uninteresting performance.
ZH,没着没落,Lacking stability or certainty; feeling anxious or unsettled.,unsteady; unsure; anxious
ZH,没辙,To have no solution or way out; to be at a loss.,have no way out; have no solution
ZH,没主,Belonging to no one; not owned or claimed by any person.,belongs to nobody
ZH,没准儿,perhaps; possibly; it may be the case,perhaps; maybe
ZH,美不劲儿的,An expression used to convey great happiness and joy.,an expression of delight and joy
ZH,美眉,An attractive young woman or girl.,pretty girl
ZH,美食,Delicious food; cuisine that is especially tasty or of high quality.,delicious food
ZH,美子,US dollar; United States currency.,Us dollar; buck
ZH,门脸,"Facial appearance, especially referring to the beard, mustache, and hairstyle.",appearance/A term that mostly refers to facial appearance(mainly a beard or moustache) and hair.
ZH,门前清,To urge someone at a banquet to finish all the alcohol in their glass.,clear the ground in front of one’s gate or street/A metaphor for one to down their wine or liquor during a meal.
ZH,门儿清,To be thoroughly familiar with someone or something; to have a comprehensive understanding.,know sb. Or sth. completely; know like the back of one’s hand.
ZH,猛料,Unexpected and highly significant information or news.,"unexpected, very important news"
ZH,眯瞪,To take a short nap; to doze.,have a nap
ZH,面,"Weak, lax, or slow in movement or response.",weak; lax; slow
ZH,面的,"A type of minivan taxi commonly found in Beijing, named for its box-like appearance.",taxi minivans common in Beijing nicknamed“bread boxes” because of their appearance
ZH,名模,A supermodel; a highly famous or internationally recognized fashion model.,supermodel; famous model
ZH,命门,Critical weakness; a vital point or issue of utmost importance.,point of weakness; Achilles’ heel/A term meaning a matter of vital importance.
ZH,模仿秀,"A performance in which people imitate celebrities, usually singers.",imitation show/A show in which people mimic stars(usually singers).
ZH,磨牙,To argue endlessly or to talk at length about trivial matters.,argue endlessly; talk nonsense
ZH,磨磨唧唧,Slow and hesitant in speech or action; indecisive or procrastinating.,be slow tempered; act slowly; hesitate in speech or in action; talk in a roundabout way; hum and ha
ZH,木头疙瘩,A piece or lump of wood; timber.,wood; lumber; timber
ZH,拿糖,To put on airs; to behave pretentiously or with self-importance.,put on airs; strike a pose to impress people; give oneself airs
ZH,奶水,Illicit gains or benefits received as a result of bribery.,(lit.)mile/A metaphor for the profit one gets after offering a bribe.
ZH,脑体倒挂,A situation where manual workers earn higher incomes than intellectual or professional workers.,situation where workers are making more than intellectuals
ZH,闹心,"To feel extremely agitated, upset, or mentally disturbed; to be troubled or distressed.",be terribly upset; be agitated; irritate; be restless
ZH,能耐,Skill or ability; the capacity to perform tasks effectively.,skill; ability
ZH,蔫（儿）不唧唧,Appearing listless or dejected; showing low spirits or lack of enthusiasm.,(of a person) to be in low spirits
ZH,蔫（儿）坏,Secretly engaging in harmful or dishonest behavior.,privately do bad things
ZH,黏糊,Sticky; thick and viscous in texture.,sticky; glutinous
ZH,鸟语,"Dialect, usually referring to Cantonese.","Dialect, usually the Cantonese dialect"
ZH,牛,"Proud, arrogant, or self-important.",proud ;arrogant ; self-important
ZH,牛皮糖,A person who is difficult to deal with or hard to get rid of.,sticky candy / A metaphor for one who is hard to deal with or get rid of .
ZH,牛气,Extremely arrogant and conceited; excessively proud and self-satisfied.,very proud and arrogant ; cocky ; complacent
ZH,弄潮儿,A pioneer or leader who initiates reforms or challenges traditional customs and influences.,"tide player / A reformer or one who fights against old customs and influences ,or a pioneer ."
ZH,呕吔,"An exclamation used to express happiness, encouragement, or agreement.","Oh yeh. / An exclamation expressing happiness, encouragement, or agreement."
ZH,趴活,to wait for passengers (typically referring to taxi drivers),wait for business (usually referring to taxi drivers)
ZH,扒拉,To scoop or shovel food (such as rice or vegetables) from a bowl or plate into the mouth.,eat; stuff/A term that actually refers to the action of putting food(rice or vegetables from a bowl or dish) into one’s mouth.
ZH,拍婆子,To pursue young women in a disapproving or disparaging manner.,chase a young woman(derogatory)
ZH,派,Impressive; striking in appearance or manner.,impressive
ZH,盘儿亮,Physically attractive; having a handsome or beautiful appearance.,good-lookng; beautiful
ZH,跑水,Flooding caused by pipe leakage or blockage.,to flood because of a pipe leak or a blocked up pipeline.
ZH,泡妞,"To flirt with, pursue, or seek romantic involvement with women, often with insincere or casual intentions.",flirt with girls ; spend time with girls; chase girls; womanize.
ZH,喷粪,"To insult, curse, or use obscene language.",swear; curse; say dirty words.
ZH,皮包公司,"A company or individual with minimal assets and staff, mainly engaged in consulting, procurement, or resale.","a briefcase company / A company or a person which has few assets, few employees and mainly engages in consulting, buying and reselling. The only thing needed to run this sort of company is a briefcase."
ZH,痞子,A ruffian; a rogue; a person who behaves in a lawless or unscrupulous manner.,rascal; scoundrel; ruffian
ZH,屁驴子,A bicycle powered by a motor; a motorized bicycle.,bicycle that runs on a motor
ZH,片儿警,A police officer responsible for maintaining public order in a specific neighborhood or district.,local regional policeman/ A policeman in charge of the public order of a local region or a residential area.
ZH,片儿汤,A soup made by cooking pieces of dough or noodle sheets in broth.,doughflake soup; soup in which flakes of dough are boiled
ZH,飘,To float or drift in the air; to move lightly and smoothly through the air.,float in the air; flutter
ZH,漂白,To rehabilitate or whitewash the public image of criminal or corrupt organizations.,bleach; whitewash/Refers to sinister gangsters who whitewash their image.
ZH,漂亮姐,A beautiful woman; an attractive woman.,beautiful woman; good-looking woman
ZH,平蹚,To act as one pleases without interference.,do whatever one likes without interference
ZH,平推,To sell at cost price without making a profit.,sell without turning a profit
ZH,起腻,To bother or pester someone persistently with annoyance or nagging.,bother someone; pester; nag
ZH,气不忿儿,"To feel indignant, resentful, or unable to accept something perceived as unfair.",not stand the sight of; be furious; feel indignant ; be unconvinced
ZH,砌墙头,To arrange mahjong tiles in a wall formation; a metaphor for playing mahjong.,building a wall(with mahjong pieces)/A metaphor for playing mahjong.
ZH,前卫,"Fashionable, modern, and innovative; ahead of current trends or practices.",fashionable; modern; creative
ZH,强努,To force oneself to do something beyond one’s ability; to make strenuous efforts despite limitations.,force oneself to do sth.; try one’s utmost to do sth. beyond one’s ability
ZH,戗行,To take business away from a competitor or gain a leading position in competition.,snatch away business; take the lead in competition
ZH,翘辫子,To die; to pass away.,kick the bucket
ZH,怯,Lacking in taste; vulgar; characterized by poor or unsophisticated style.,in poor taste; vulgar; tawdry
ZH,青春饭,"A profession with strict age limits, typically favoring young adults, such as dance, flight attendant, or athletics.","a youthful profession, which has a strict age limit usually between18 to 30 years old, like dancing, air hostessing, athletics, etc."
ZH,青瓜头,"An inexperienced, naive, or impulsive young person, often so described by older individuals.","greenhorn; inexperienced, unsophisticated or crude and impetuous young people/It’s mostly used by the elderly to comment on the young."
ZH,青一色,Entirely uniform; all of the same kind or category; without variation.,monotone; entirely; all; whole
ZH,情儿,A man or woman who is a romantic partner outside of marriage; an extramarital lover.,(extra marital)lover(man or woman)
ZH,鞧,To snuggle close; to curl up or huddle together.,snuggle up; shrink; curl up
ZH,去你的,An impolite expression used to show anger or contempt toward someone.,damn you
ZH,全活儿,"Willingness or ability to do any task, whether good or bad.",do everything(the good and the bad)
ZH,惹火,To arouse; to excite or stimulate strong feelings or interest.,inspire; excite
ZH,热昏,To suffer from fever or heatstroke.,have a fever; have heatstroke
ZH,人来风,Children who become unruly and disobedient when guests visit the home.,(children) run wild and disobey parents when guests come to the house
ZH,人脉,A network of personal or professional contacts and relationships.,having many personal relationships; popular; well-connected
ZH,人蛇,An undocumented immigrant; a person who enters or stays in a country illegally.,illegal immigrant
ZH,人渣,A morally corrupt or despicable person regarded as the dregs or scum of society.,"dregs or scum of society, or someone of inferior or evil characteristics or a morally degenerate person"
ZH,柔,"Charming or endearing in manner, often seeking favor through sweetness or flattery.",sweet; lovely; charming; curry favor; win favor by fawning
ZH,肉,"Cooked for too long, resulting in loss of desired texture or flavor.",overcooked
ZH,软档,A weakness or area of deficiency.,weak point ; weakness
ZH,软拒,"To decline a request in a tactful or indirect manner, often by giving a reasonable excuse.",soft excuse; refuse in a reasonable way(first used by taxi drivers in refusing to take passengers)
ZH,弱智,Lacking intelligence; showing foolish or unintelligent behavior.,idiotic; stupid
ZH,飒,"(of a woman) natural, unrestrained, and displaying elegance and grace",(of women)natural and unrestrained; elegant; graceful
ZH,塞牙缝,An amount so small that it is barely noticeable or insufficient to make a difference.,sth. not large enough to fill a tooth gap; sth. very sparse or extremely little
ZH,三青子,A rude or impolite person.,rough fellow; rude person
ZH,三孙子,A person who is excessively submissive or always obedient and frequently blamed by others.,yes-man; one who is absolutely obedient or always censured
ZH,扫黄,A government crackdown on the sale and distribution of pornographic materials.,"confiscate on the sale of pornographic magazines, books, audio and video tapes; ban on the sale of pornographic magazines, books and video tapes"
ZH,杀价,To bargain with a seller in order to lower the price.,bargain the price down; bargain with a peddler to lower his or her price
ZH,杀熟,"To overcharge or deceive acquaintances, especially friends, for personal gain.","charge, especially a friend, a high price/It refers only to cheating a friend."
ZH,傻X,"A person who is stunned, shocked, or at a complete loss for what to do.",be dumbfounded; be stunned; be at the end of one’s rope
ZH,晒,To deliberately ignore someone.,ignore someone on purpose
ZH,煽火,To incite trouble or provoke conflict.,fan the flames; stir up trouble
ZH,上班族,"A group of people employed in white-collar jobs, typically office workers or salaried professionals.",class of people who do white-collar jobs(white-collar workers; office workers)
ZH,上赶着,"To act with eagerness or enthusiasm, often taking the initiative without being prompted.",enthusiastically
ZH,上眼药,To report others’ faults or speak ill of them to a superior.,rub one’s eyes with eyedrops; An expression for those who go to the boss and tell tales or speak ill of others.
ZH,捎带脚儿,Incidentally; in passing; in addition to the main purpose.,in passing; incidentally
ZH,烧钱,To spend money at a very rapid rate.,"to burn money, used to describe someone who spends money very quickly"
ZH,蛇头,A person or group that illegally smuggles people across borders.,a person or gang that ferries people illegally across the border
ZH,神聊,Lengthy and disorganized conversation; prolonged and animated discussion covering many topics.,"a long rambling talk; a long, animated discussion on many topics"
ZH,狮子大张口,To make an excessive or unreasonable demand for a large sum of money.,be too greedy; ask for (demand) a huge sum of money
ZH,时下菜,Seasonal vegetables that are abundant in the market and inexpensive.,vegetables in season(seasonal vegetable in abundant market supply andcheap)
ZH,十有八九,Very likely; in most cases; with a high probability.,mostly; in eight or nine cases out of ten
ZH,屎盆子,"A blame or wrongdoing; a fault, mistake, misdeed, or transgression.","crap pot, meaning fault; mistakes; bad thing; sin"
ZH,收线,to hang up the telephone receiver,hang up the receiver
ZH,手榴弹,A bottle of wine given to someone as a gift in order to gain their favor.,grenade/Aterm for a bottle of wine that people give as a gift in order to cotton up to someone.
ZH,手壮,luck in gambling or card games,"luck at gambling, cards, etc."
ZH,数落,To criticize or reproach someone by listing their faults or mistakes.,scold; rebuke; blame
ZH,刷卡,To pay using a credit card.,pay by credit card
ZH,刷夜,"To stay out all night, especially spending the night outside home with questionable company.",stay away from home all night; spend the night outside with shady characters
ZH,耍大牌,"To act arrogantly or put on airs, especially by behaving like a celebrity.",to put on airs; to affect a movie-star pose
ZH,耍钱,To gamble; to stake money on games of chance.,gambling
ZH,帅呆,"Extremely handsome appearance or exceptionally striking demeanor, usually referring to a man or an object.",the appearance of sb. (usually male) or sth. that is very beautiful or handsome; sb. Demeanor or bearing that is outstanding or extraordinarily unusual
ZH,涮,"To mock, deceive, or make fun of; to stand someone up.",make fun of; make a fool of; deceive; be stood up
ZH,水货,Inferior or low-quality goods.,low-quality goods; shoddy goods
ZH,水穴,A privately organized exhibition with minimal or negligible profit.,privately organized show that makes little profit
ZH,顺走,To steal; to secretly take something away without permission.,steal; sneak away with sth.
ZH,说胖就喘,Overreacting to praise or compliments; unable to accept others’ positive remarks.,to puff and blow when others say you are fat/A metaphor for one who cannot stand praise from others.
ZH,私了,To settle a dispute privately without resorting to legal proceedings.,settle a dispute privately(without lawsuit)
ZH,死磕,To persist in a struggle or confrontation despite risking one's life.,risk one’s life
ZH,死轴子,A metaphor for a stubborn or obstinate person.,a metaphor for one who is stubborn
ZH,送死,To court death or deliberately put oneself in a fatal or extremely dangerous situation.,court death
ZH,碎催,A person who runs errands or performs minor tasks for others.,errand-boy
ZH,塔儿哄,To cause a major disturbance or create trouble.,create a big disturbance; make trouble
ZH,抬轿子,To flatter or praise someone excessively in order to gain favor.,(originally)to carry sb. In a sedan chair;(metaphor) to flatter; sing the praises of; lick sb.’s boots
ZH,抬人,To enhance the appearance of something; to beautify or embellish.,make sth. look better; beautify; doll up
ZH,太平公主,A humorous term for a girl with a flat chest.,(jocular term)girl with flat breasts
ZH,探班,To visit or interview actors at a filming location.,to visit or inter view actors and actresses at the filming location
ZH,蹚道,To obtain information in advance.,get information in advance
ZH,趟雷,To remove or eliminate obstacles or difficulties.,to clear off/ remove obstacles
ZH,淘,"To search for and acquire (something valuable or desirable), especially after careful selection.",to look for; find
ZH,逃票,To evade paying the fare when using public transportation.,take a bus without paying the fare; evade bus fare
ZH,套瓷,To ingratiate oneself with someone or to deliberately seek a close relationship with someone.,cotton up to; try to establish a relationship with someone; act as if one has a close relationship with someone else
ZH,套儿,trap; a deceptive scheme or situation intended to ensnare or mislead someone,snare; trap
ZH,添堵,"to cause trouble, annoyance, or displeasure; to make someone feel upset or disturbed",trouble; disturb; annoy; displease
ZH,甜,Profitable; yielding high income or financial gain.,profitable; well-paying
ZH,甜姐,"A young woman who is sweet, charming, and endearing in manner or appearance.",sweet girl; cutie-pie
ZH,挑剌儿,To find fault with someone; to be overly critical or nitpicking toward a person.,find fault with sb. Pick holes in
ZH,跳糟,To change jobs; to move from one employer to another.,change jobs; job-hopping
ZH,跳水价,rock-bottom price; the lowest possible price,the lowest price
ZH,铁磁,A close confidant or intimate friend; a soulmate.,intimate friend; close friend; soul mate
ZH,铁哥们儿,A very close male friend; a male companion with whom one shares a strong bond.,intimate male friend; close male friend
ZH,铁姐们儿,Close female friends; women who share a strong and intimate friendship.,intimate female friend; close female friend
ZH,挺,to endure; to withstand; to bear (difficulties or hardship),stand; endure
ZH,挺尸,To lie down or take a brief nap.,lie; take a cat nap; snooze
ZH,同道儿,An accomplice; a person engaged in the same illegal activity as others.,partners in crime; people involved in the same illegal trade
ZH,筒子楼,"A tubular building with rooms along a central corridor, mainly used for offices, classrooms, or residences in China.","tubeshaped building with lining on both sides of a long corridor/In China, this type of building is mainly used for offices or classrooms but can also be used for residential quarters."
ZH,头大,"To feel confused, troubled, or anxious in response to a difficult situation.",be puzzled; have a head ache; be in a stew
ZH,头儿,"Leader; the person in charge of an organization, group, or business.","leader; head of a unit, group or a gang; boss"
ZH,秃瓢儿,A person whose scalp is bald or lacking hair on the top of the head.,baldhead
ZH,土,Lacking sophistication or worldly experience; unsophisticated and inexperienced.,unsophisticated; not well-informed; ignorant; un-experienced/A term used to describe someone who hasn’t seen very much of the world.
ZH,土鳖,"A beetle: an insect with hard wing covers, belonging to the order Coleoptera.",beetle
ZH,土得掉渣儿,"Extremely unsophisticated, ignorant, or lacking in modern manners or knowledge.",very ignorant; rustic; unrefined
ZH,吐血,"To suffer great distress or frustration, often due to significant effort, expense, or difficulty.",“spit blood”; to foot the bill; pay for sth.
ZH,脱口秀,"A live or recorded performance featuring humorous monologues, often addressing social or personal topics.",talk show
ZH,托儿,A person hired by a shop owner to pose as a customer in order to attract real customers.,someone hired by a store owner to pretend to be a customer in order to attract customers
ZH,托儿姐,A young woman hired by a shop owner to pose as a customer in order to attract other customers.,a young woman hired by a store owner to pretend to a customer in order to attract customers
ZH,歪才,Unconventional artistic talent or exceptional intelligence in a particular field.,unique artistic talent; cleverness in a certain field
ZH,崴泥,"To fall into difficulty, make a situation worse, or make a mistake.",get stuck in the mud/get into trouble; make things worse; go wrong
ZH,外快,additional income earned outside one's regular job,additional income; temporary income; extra money
ZH,玩主,A playboy or idle young man who engages in frivolous or troublesome behavior.,fop; dandy; trouble-maker
ZH,玩儿得转,To handle or manage (someone or something) with ease; to use or operate skillfully.,handle (sb. Or sth.)easily; use(a tool) with skill; master with ease; able to use or operate
ZH,玩和闹,A mischievous or unruly person; someone who behaves disruptively or causes trouble.,mischievous person; naughty guy; ruffian; rascal; troublemaker
ZH,玩儿飘,To deliberately show off one’s skills or talents.,show off one’s skill or talent on purpose
ZH,玩儿深沉,To deliberately speak in an obscure manner to appear knowledgeable.,pretend to be sophisticated; speak in a way so as to deliberately mystify others.
ZH,玩儿稀的,To do something in a highly unconventional or distinctive manner.,do sth. unique
ZH,玩儿一把,To do something once; to try an activity a single time.,play(do)sth. once
ZH,腕儿,A celebrity or an expert in a particular field.,famous person; expert
ZH,网友,A person with whom one interacts or communicates via the internet.,web
ZH,危,"Uncertain, risky, or discouraging in outlook.",far from settled; dangerous; not too encouraging.
ZH,尾巴长,A person who habitually leaves doors open when entering or exiting a room.,longtail /A term use for someone who never closes the door when he or she walds in or out .
ZH,温吞水,"A person who is slow, indecisive, or lacks enthusiasm and initiative.",lukewarm water; slow coach or slowpoke
ZH,揾钱,to earn money; to make a living,make money.
ZH,窝里反,"Internal rebellion or conflict within a group, organization, or country.",internal rebelling; internal dissension; domestic conflict
ZH,卧底,A person who secretly infiltrates an opposing group to gather information.,hide(lie low)in middle of ponents
ZH,吸引眼球,Attracting attention; visually striking or appealing.,eye-catching; attractive
ZH,细发,"Meticulous; characterized by delicacy, refinement, carefulness, or attention to detail.",exquisite; delicate; careful; fine
ZH,瞎掰,To talk nonsense; to make absurd or unfounded statements.,act senselessly; talk nonsense
ZH,瞎菜,In a hopeless or desperate situation with no way out.,have no way out; be finished ; be at the end of one’s hope
ZH,瞎迷,To be stunned or bewildered; to be at a loss for what to do.,be dumbfounded; be stunned; find oneself at a loss
ZH,下海,To leave a stable job to enter business or become self-employed.,go to sea/Originally this term referred to someone who joined a gang or a woman from a good family who became a prostitute. Now it refers to someone who has given up a stable job to engage in business.
ZH,下面,basic-level unit,unit at the basic level
ZH,下片儿,(of police) to gather information within their assigned district,(policeman) go to get information in local beat
ZH,闲磕牙,To engage in casual conversation or informal chatting.,chat
ZH,现,to lose face; to embarrass oneself; to bring shame upon oneself,lose face; make a fool of oneself; bring shame on oneself
ZH,向毛席保证,To swear by Chairman Mao as a guarantee of absolute truthfulness; popular in the 1970s.,"In Chairman Mao’s name/A term to indicate that what one says is absolutely true, mostly used in the 1970s of the 20th century."
ZH,小巴,minibus; a small bus used for public transportation,minibus; small bus
ZH,小炒,A single stir-fried dish prepared quickly and served individually.,an individual quick-fried dish
ZH,小皇帝,A child from a one-child family who is excessively pampered or spoiled by parents and relatives.,little emperor/A term referring to children from one-child families or spoilt children
ZH,小金库,"A private fund or reserve of money kept for personal use, often undisclosed.",private hoard
ZH,小儿科,Trivial or insignificant matter; something regarded as unimportant or beneath serious consideration.,pediatrics/A term used to describe something trivial and insignificant or something that is neglected or looked down upon by others.
ZH,笑星,"Comedy celebrity; a well-known performer of comedic monologues or sketches, especially on television.",comedy celebrity; comedy star/Usually refers to“cross talkers”(TV celebrities who perform short monologues) or comedians.
ZH,邪,"Deviating from what is correct, lawful, or traditional.",not right; illegal; unconventional
ZH,邪乎,Unusual or hard to believe.,out of the ordinary; incredible
ZH,心里美,"A person of kind heart and noble character; also, a type of radish with green skin and red flesh.","turnip(which is light green on the outside and red on the inside)/Someone who has good heart, noble mind and solid virtues."
ZH,星,A famous person in the entertainment industry; a celebrity.,star; celebrity
ZH,星姐,A term of endearment used to refer to a female celebrity.,intimate term for a female star
ZH,醒,"To become aware of, understand, or realize the reality of a situation.",realize; understand; wake up to reality
ZH,雄起,"To rise up; used as a cheer to encourage or motivate, especially in sports competitions.","Originally means“spring up; grow up ;”/A term often used in sport games, meaning “go!”,to cheer on ."
ZH,修长城,To play mahjong.,play mahjong
ZH,修理,To punish or discipline someone as a lesson.,teach someone a lesson ; make someone suffer
ZH,秀,"show (noun/verb):  
To present a performance for others to watch, or to display something to others.",show
ZH,嗅蜜,To pursue a romantic relationship with a woman; to seek a girlfriend.,chase a woman; look for a girlfriend
ZH,悬的乎,Dangerous; involving risk or the possibility of harm.,dangerous
ZH,寻开心,"To seek amusement, entertain oneself, or make fun of someone.",look for fun ;amuse ; make fun of
ZH,亚市民,A person living on a city’s outskirts without urban residency status but adopting urban lifestyles.,second-class citizen/Refers to those who live in city suburbs with no urban residence card but lead a lifestyle like that of regular residents.
ZH,蔫蔫呼呼,"A person who is naturally slow-witted, inarticulate, or indirect in action.","refers to one who is slow by nature, and doesn’t speak or act in a straightforward way"
ZH,洋插队,"To study, work, or live abroad.","study, work or live in a foreign country"
ZH,阳光,"A young, attractive person who is full of youthful energy and vitality.",sunny; young and pretty/ handsome; full of youthful spirit
ZH,养小,to take a concubine; to keep a secondary wife outside of marriage,have concubine
ZH,幺蛾子,A cunning scheme; a malicious idea or act; a devious plot.,a crafty plot; a wicked idea or thing; a trick
ZH,野鸡,An unlicensed and illegal vendor or company operating without any official permits or certification.,illegal trader or corporation without any business licenses or certificates
ZH,野模,An amateur model; a person hired as a model without any prior experience.,amateur model/ someone hired to be a model with no previous experience.
ZH,夜陪,A person who accompanies or assists a taxi driver during night shifts.,person who accompanies a taxi driver at night; taxi driver’s night assistant
ZH,页子活,To earn a large amount of money; to be very wealthy.,make big money; be rich
ZH,一个数,one hundred yuan (RMB); a sum of one hundred Chinese yuan,one hundred yuan
ZH,一号,restroom; toilet; bathroom; washroom,lavatory; toilet; bathroom; John
ZH,一水儿,Entirely of one kind (such as color or gender); completely; thoroughly.,single color or sex only; completely; totally
ZH,一头雾水,To be completely confused or bewildered; to be unable to understand a situation or information.,to make one puzzled or confused; to cast a mist before someone’s eyes
ZH,意思,"A gift given as a token to express affection, gratitude, or appreciation.","presenting gifts as a token of affection, appreciation or gratitude"
ZH,瘾君子,A person addicted to drugs; a habitual drug user.,drug addict
ZH,勇,Brave; courageous; willing to face danger or difficulty without fear.,brave; bold; daring
ZH,油,Clever in a deceitful or cunning way; sly or crafty.,foxy; cunning; sly; crafty
ZH,油葫芦,"A person who is extremely dirty and unkempt, with greasy skin and hair from not bathing.",a kind of dark brown and shiny field cricket; a grungy person/A term to describe someone who is extremely dirty and hasn’t taken a shower in such a long time that his or her body and hair is oily.
ZH,有把豆,"To possess skill, ability, or competence.","have skill, capability or ability"
ZH,有鼻子有眼,Vivid and detailed; described with lifelike and specific details.,vivid description; description full of details
ZH,有根儿,To have influential connections or powerful backing.,have connections; have support
ZH,有头有脸,"A person of high social status, influence, or prominence.","have fame(social status, dignity); leader; head; famed person; VIP"
ZH,有一搭，无一搭,To respond to something with indifference or without genuine interest or attention.,not take sth. seriously; pay little attention
ZH,有一号,To be well-known or regarded as a leading figure in a particular field.,have some fame; be considered one of the tops in one’s field
ZH,郁闷,"Feeling bored, frustrated, or emotionally distressed, often used by young people to express a troubled mood.",bored; depressed/A phrase used by the young to express a fretful bad mood.
ZH,越活越抽抽,to become smaller or shorter over time,shrink; become shorter
ZH,月嫂,A female caregiver who assists mothers during the first month after childbirth.,a maid who cares for a woman in the month after she’s given birth to a child
ZH,云山雾罩,"Described in a vague and mysterious manner, making the truth difficult to discern.",covering the mountain with mist and clouds/An expression for something that is described or told in a vague and mysterious fashion.
ZH,宰,To charge excessively high prices; to overcharge.,overcharge; rip off
ZH,糟践,"To damage, harm, or ruin; to subject to destruction or abuse.",harm; hurt; ruin; spoil
ZH,造,To become uncontrollable or to cause a situation to deteriorate.,run wild; mess things up
ZH,造势,To generate publicity or create momentum for something through promotion or public attention.,make a noise; promote
ZH,扎,Draft beer; beer served from a keg or cask rather than from a bottle or can.,draught beer
ZH,扎款,to make money; to earn income,get money; make money
ZH,扎啤,Draft beer; beer served from a keg or cask rather than from a bottle or can.,draught beer
ZH,扎账,to owe a debt; to be in debt,owe a debt
ZH,渣儿,weakness; shortcoming; flaw,weakness; shortcoming; defect
ZH,奓,(of clothing or hair) to stand upright; to stick up; to be raised or bristled upward,(of clothes or hair)stand up on end; stick up; turn upwards; bristle
ZH,炸篷,To cause an uproar or public outcry due to a disastrous event or performance.,to raise the roof; raise a ruckus; raise hell/ A metaphor for a bad scene or unsuccessful performance which aroused anger and protest from people.
ZH,择,To choose; to select; to pick out from among options.,select; choose; pick
ZH,粘客,A vendor who sells pirated software or counterfeit optical discs.,pirated software or CD-ROM seller
ZH,长份儿,to enhance someone's social status and prestige,raise one’s social status and prestige
ZH,招事（儿）,To cause trouble; to provoke or invite trouble; to bring trouble upon oneself.,call down trouble; stir up trouble; bring trouble upon oneself
ZH,着实,Truly; indeed; genuinely; in reality or in fact.,really; indeed
ZH,找辙,to seek a solution or find a way out of a difficult situation,"think of a way(idea, solution); look for a way out; seek a way(solution)out"
ZH,折进去,To become involved in or entangled with trouble or a problematic situation.,be involved in; get into trouble
ZH,真格的,Genuine; real; sincere; carried out seriously or in earnest.,really; truly; seriously; real; true; serous
ZH,震,To cause a sensation; to create a disturbance or stir.,cause a sensation; create a stir
ZH,蒸馏水衙门,government office with the lowest salaries and no bonuses,distilled water unit/A term for government offices that give the lowest salaries and no bonuses.
ZH,正炒,To publicly praise or flatter someone or something excessively through mass media.,flatter(lavish praise on)sb. Or sth. through the mass media
ZH,支招,to offer advice or suggest a solution,give counsel; think of a way
ZH,直来直去,Direct and straightforward in speech or action; frank and to the point.,(of speech or action) get to the point; do sth. straight out; be blunt
ZH,中巴,"A privately operated mid-sized city bus running regular routes, more frequent and comfortable than public buses.","medium-sized bus/privately run buses in cities that run the same routes as public buses. They usually run more frequently and are more comfortable than public buses, but cost five times as much."
ZH,轴,Unadaptable or rigid in behavior; lacking flexibility or dexterity.,(of one’s action) inflexible; stiff; awkward
ZH,煮饺子,To be extremely crowded; to describe a place filled to capacity with people.,boil dumplings in a pot/A metaphor for a place that is full of people or overcrowded.
ZH,抓瞎,"To become confused and disoriented, often resulting in panic or disorder.",find oneself at a loss; be in a rush and muddle
ZH,转腰子,To wander around aimlessly or take a long time to find a solution to a problem.,walk around; wander; take a long time to find a right way to solve sth.
ZH,装洋蒜,"To pretend, feign, or deliberately act ignorant.",pretend; fake; play dumb
ZH,追尾,"rear door: the door at the back of a car, truck, or similar vehicle that can be opened or lowered",tailgate
ZH,滋,pleasant; comfortable; giving a sense of ease or enjoyment,comfortable
ZH,滋润,"To be comfortable, at ease, and enjoying a pleasant and carefree life.",comfortable; at ease; free; in heaven
ZH,子儿,money; formerly referred specifically to copper coins,money/Referred to copper coins in the old days
ZH,自找,To bring something upon oneself; to be responsible for one's own predicament.,ask for it; suffer from one’s own actions
ZH,走你,To give something to someone; to hand over.,Here you are; here you go
ZH,走背字,To experience bad luck or to perform poorly or unsuccessfully at something.,be unlucky; do sth. not well or unsuccessfully
ZH,走合,To profit by buying and reselling goods; to earn money by acting as an intermediary.,make a profit by buying and reselling goods; make money by working as a middleman
ZH,走火入魔,To go to extremes or become excessively obsessed with something.,overdo; go too far; go to extremes
ZH,走人,to leave; to depart,go; leave
ZH,走眼,To misjudge or incorrectly assess someone or something.,to see something mistakenly; to misjudge something; mistake sb. Or sth.
ZH,钻石王老五,A very wealthy unmarried man.,a very wealthy bachelor
ZH,作,To become uncontrollable or to ruin a situation through one's own actions.,run wild; mess things up
ZH,做瘪子,"To feel unhappy, anxious, or emotionally low.",feel unhappy; worry; be in low spirits
ZH,坐二等,To ride as a passenger on the rear seat of a bicycle.,perch on the back of a bicycle
ZH,做辣,"To put someone in a difficult, embarrassing, or awkward situation.",put someone in a difficult situation; make someone feel embarrassed; put someone in a bind
ZH,作脸,to bring honor to; to win honor for (someone or something),win the honor for; bring credit to
ZH,作死,To deliberately court trouble or risk serious consequences through reckless behavior.,look for trouble; court death
ZH,做秀,"To put on a display or performance, often to attract attention or impress others.",show
EN,ace,the smallest whole number or a numeral representing this number,"great, excellent."
EN,acid,any of various water-soluble compounds having a sour taste and capable of turning litmus red and reacting with a base to form a salt,the hallucinogenic LSD (Lysergic acid diethylamide).
EN,action,something done (usually as opposed to something said),"sexual activity.  The term is ambiguous, and can mean intercourse or sexual non-intercourse contact (e.g. kissing; ""making out"".)"
EN,active,chemical agent capable of activity,something or someone that is cool; tight.
EN,afro,a rounded thickly curled hairdo,any large hair style.
EN,airhead,a flighty scatterbrained simpleton,"an unintelligent person; ""dimwit"".  Contains strong connotations of obliviousness or forgetfulness.  Origin: term implies the person\'s head contains nothing but air."
EN,already,prior to a specified or implied time,"equivalent to ""I already know"" or ""You already know,"" as if to say ""YES!"" emphatically.  Demonstrates total agreement with what a speaker has said."
EN,ambo,a platform raised above the surrounding level to give prominence to the person on it,"""ambulance""."
EN,anal,of or related to the anus,shortened form of anal retentive.
EN,animal,a living organism characterized by voluntary movement,a person who is extremely dedicated to something.
EN,ankle,a gliding joint between the distal ends of the tibia and fibula and the proximal end of the talus,"a person who deserves a label even worse than ""cunt"".  From an anatomical description of a human: ""An ankle is two feet beneath a cunt."""
EN,apple,fruit with red or yellow or green skin and sweet to tart crisp whitish flesh,a breast.
EN,armpit,the hollow under the arm where it is joined to the shoulder,a displeasing area within some larger area.
EN,ash,the residue that remains when something is burned,"dry, dead, or dirty skin. "
EN,ass,the fleshy part of the human body that you sit on,anything displeasing.
EN,aught,a quantity of no importance,"zero.  An antiquated term, but not slang.  In the long past, used for years between and including 1901 and 1909.  Now, used for years between and including 2001 and 2009 to humorously suggest that they were a long time ago."
EN,avatar,a new personification of a familiar idea,"an icon, pictorial, or 3D representation of a person online.  In the online gaming community, for example, one's character as seen by other players is one's avatar.  Origin: in Hindu mythology, an avatar is a physical incarnation of a deity on earth."
EN,awesome,inspiring awe or admiration or wonder; ; ; ; - Melville,a metaphorical substance that adds excellence.
EN,axe,an edge tool with a heavy bladed head mounted across a handle,"""ask""."
EN,b,aerobic rod-shaped spore-producing bacterium; often occurring in chainlike formations; found primarily in soil,"woman.  Likely short for ""bitch""."
EN,babe,a very young child (birth to 1 year) who has not yet begun to walk or talk,affectionate term for one's significant other.
EN,baby,a very young child (birth to 1 year) who has not yet begun to walk or talk,small.
EN,back,the posterior part of a human (or animal) body from the neck to the end of the spine,an alcohol chaser.
EN,bacon,back and sides of a hog salted and dried or smoked; usually sliced thin and fried,the police.  See also pig.
EN,bad,that which is below standard or expectations as of ethics or decency,"very good, excellent."
EN,bail,(criminal law) money that must be forfeited by the bondsman if an accused person fails to appear in court for trial,to leave.
EN,bairn,a child: son or daughter,a baby.  Origin: Scottish.
EN,bait,anything that serves as an enticement,obvious.
EN,bake,cook and make edible by putting in a hot oven,to flatulate.  Also bake brownies.
EN,baked,cook and make edible by putting in a hot oven,"under the influence of marijuana; ""stoned""."
EN,ball,round object that is hit or thrown or kicked in games,a great time.
EN,banana,any of several tropical and subtropical treelike herbs of the genus Musa having a terminal crown of large entire leaves and usually bearing hanging clusters of elongated fruits,a penis. 
EN,bang,a vigorous blow,"to be very good; ""be awesome""."
EN,bank,sloping land (especially the slope beside a body of water),a great deal of money.
EN,bap,a small loaf or roll of soft bread,verbal imitation of gunfire.
EN,bar,a room or establishment where alcoholic drinks are served over a counter,"in computing, an example or placeholder variable.  Used in the same way as ""foo"" and ""baz""."
EN,bare,lay bare,very.
EN,bareback,riding without a saddle,"of sex, unprotected sex."
EN,base,installation from which a military force initiates operations,"perverted, horny, animalistic."
EN,bastard,insulting terms of address for people who are stupid or irritating or ridiculous,a person born to unmarried parents.
EN,bate,moderate or restrain; lessen the force of,"""masturbate""."
EN,bean,any of various edible seeds of plants of the family Leguminosae used for food,an Ecstasy (MDMA) pill or tablet.
EN,bear,massive plantigrade carnivorous or omnivorous mammals with long shaggy coats and strong claws,a difficult task.
EN,beard,the hair growing on the lower part of a man's face,"a female companion who accompanies a gay man in order to give the impression that he is straight.Everything Wrong With America, In A Photo, Chateau Heartiste, Roissy, August 5, 2016 "
EN,beast,a living organism characterized by voluntary movement,"very good, excellent; ""cool""; ""awesome""."
EN,beastly,very unpleasant,"very good, excellent; ""cool"", ""awesome""."
EN,beat,a regular route for a sentry or policeman,"lacking excitement or people; ""boring""."
EN,beauty,the qualities that give pleasure to the senses,"An exclamation used by itself when something of exceptional sweetness or luck occurs, like sinking a whole in one on a 300 yard hole. Also used to congratulate oneself or another on a sturdy or exceptional performance."
EN,beaver,the soft brown fur of the beaver,Exploding meat
EN,bed,a piece of furniture that provides a place to sleep,to have sex with someone.
EN,beef,cattle that are reared for their meat,to be in a disagreement.
EN,bender,a tool for bending,an extended period of alcohol or drug use.  Usually more than a single night.
EN,bent,a relatively permanent inclination to react in a particular way,greatly under the influence of alcohol or drugs.
EN,bet,the money risked on a gamble,"a confirmation, or a contract expression used in betting scenarios."
EN,beta,the 2nd letter of the Greek alphabet,a pre-release product that is released for testing.
EN,bird,warm-blooded egg-laying vertebrates characterized by feathers and forelimbs modified as wings,"a female.  Usually, but not always, used in reference to an attractive female.  Origin: British."
EN,biscuit,small round bread leavened with baking-powder or soda,a gun.  Possibly from the Wu-Tang Clan.
EN,bitch,an unpleasant difficulty,"the middle seat in the front or back of a vehicle.  The term is used most frequently to refer to the back, likely simply because most modern vehicles (especially cars) don't have a middle seat in the front."
EN,biter,someone who bites,"a person who ""bites"".  That is, a person who plagiarizes from someone or imitates someone; ""copy-cat""."
EN,blast,a very long fly ball,something very fun.
EN,blasted,make a strident sound,"v. slang for getting shot, made popular by rap music artists, in the mid 90's."
EN,blaze,a strong flame that burns brightly,to express anger or surprise
EN,blind,"people who have severe visual impairments, considered as a group",In love.
EN,blood,"the fluid (red in vertebrates) that is pumped through the body by the heart and contains plasma, blood cells, and platelets",a member of the Bloods gang.
EN,blotter,absorbent paper used to dry ink,"LSD (""acid"") on blotter paper."
EN,blow,a powerful stroke with the fist or a weapon,cocaine.
EN,blower,a device that produces a current of air,a person or object that erred.
EN,blown,exhale hard,"surprising, strange, freaky, weird, or amazing."
EN,blowy,abounding in or exposed to the wind or breezes,a lie.
EN,blunt,make less intense,"a marijuana cigarette; ""joint""."
EN,bob,a former monetary unit in Great Britain,"a fat woman.  Acronym for ""Big Ol\' Bitch."""
EN,bogey,an evil spirit,an enemy aircraft.
EN,bogus,fraudulent; having a misleading appearance,"displeasing; of poor quality; ""uncool""."
EN,bomb,an explosive device fused to explode under specific conditions,"good; excellent; ""cool"".  See also the bomb."
EN,bombed,throw bombs at or attack with bombs,extremely drunk.
EN,bone,rigid connective tissue that makes up the skeleton of vertebrates,"the penis, especially when erect."
EN,bong,a dull resonant sound as of a bell,a pipe with a water filtration system used for smoking marijuana.
EN,boo,a cry or noise made to express displeasure or contempt,"interjection used to express disappointment or outrage, usually in public gatherings such as sporting events, speeches, and musical performances."
EN,booby,an ignorant or foolish person,promiscuous.This definition is questionable and is pending deletion.  It will be saved from deletion if legitimate citations are found.
EN,boogie,an instrumental version of the blues (especially for piano),to leave.
EN,book,a written work or composition that has been published (printed on pages bound together),"cool.  From predictive software used in cell phone text messaging.  ""Book"" and ""cool"" share the same key sequence."
EN,boon,a desirable state,"to drive off-road, typically in a four-wheel drive vehicle.  Etymology: from the word boondocks, meaning rural area."
EN,booster,a person who backs a politician or a team etc.,"Used to indicate that something has to be done fast, immediately.  Origin: used by Navy carrier crew, I believe in order to shorten radio transmissions."
EN,boot,footwear that covers the whole foot and lower leg,A person from Louisiana
EN,booty,goods or money obtained illegally,"bad, displeasing.  As if from one's buttocks."
EN,boss,a person who exercises control over workers,"very good, excellent; ""cool""; ""awesome"".  Antiquated term."
EN,bottom,the lower side of anything,homosexual male who prefers being sodomized rather than sodomizing during sex.
EN,bounce,the quality of a substance that is able to rebound,to leave.
EN,bowl,a round vessel that is open at the top; used chiefly for holding food or liquids,"a marijuana smoking pipe.  Most frequently bowls are made out of blown glass, but can be made of metal, wood, etc."
EN,box,a (usually rectangular) container; may have a lid,"A computer.  Often identified by its operating system, e.g. ""Unix box"" or ""Windows box."""
EN,boy,a youthful male person,general exclamation.
EN,bra,an undergarment worn by women to support their breasts,alternate pronunciation of bro.
EN,brain,that part of the central nervous system that includes all the higher nervous centers; enclosed within the skull; continuous with the spinal cord,fellatio.
EN,bread,food made from dough of flour or meal and usually raised with yeast or baking powder and then baked,"under the influence of marijuana; ""stoned"".  Perhaps derived from baked."
EN,breeder,a person who breeds animals,"""inbreeder""."
EN,breeze,a slight wind (usually refreshing),"talking rubbish. Comes from the longer term ""chatting breeze"", meaning it\'s just a load of hot air."
EN,brew,drink made by steeping and boiling and fermenting rather than distilling,"really ugly.Added remark: I live in Dublin and would spell ""that girl was bru\' "", as instead of ""brew"" in your example, what sounds like [bru] could be a short version of ""brutal"". Usual slang expression ""she\'s brutal"" as in very unattractive."
EN,brick,rectangular block of clay baked by the sun or in a kiln; used as a building or paving material,"very cold.  Usually only used to describe the temperature of a place, e.g. the weather or indoors in a particular location."
EN,brown,an orange of low brightness and saturation,black tar heroin.
EN,bubbler,a public fountain to provide a jet of drinking water,drinking fountain or water fountain.
EN,bubbly,a white sparkling wine either produced in Champagne or resembling that produced there,overly hyper and happy.
EN,buck,a gymnastic horse without pommels and with one end elongated; used lengthwise for vaulting,knowingly doing other than what is right.
EN,bucket,a roughly cylindrical vessel that is open at the top,"a vehicle in poor condition; ""hooptie""."
EN,bud,a partially opened flower,friend.  Possibly from buddy.
EN,budget,a sum of money allocated for a particular purpose,"adj.  Uncool, cheap, second-hand, home-made, ghetto."
EN,buff,an ardent follower and admirer,muscular.
EN,bug,general term for any insect or similar creeping or crawling invertebrate,an undesired aspect of something that causes it to exhibit an unwanted response in a particular situation.
EN,bull,uncastrated adult male of domestic cattle,a friend.
EN,bullet,a projectile that is fired from a gun,a type of cocaine paraphernalia.
EN,bully,a cruel and brutal fellow,a bull terrier dog.
EN,bump,a lump on the body caused by a blow,"like ""forget that"", used to express dislike. (bump you!)"
EN,bun,small rounded bread either plain or sweet,ugly.
EN,bunghole,a hole in a barrel or cask; used to fill or empty it,"the anus; ""butt hole"".  Popularized by Beavis, of the animated series Beavis and Butthead."
EN,bunk,a long trough for feeding cattle,boring.
EN,burger,United States jurist appointed chief justice of the United States Supreme Court by Richard Nixon (1907-1995),"""cool""; ""awesome"".This definition is questionable and is pending deletion.  It will be saved from deletion if legitimate citations are found."
EN,burn,pain that feels hot as if it were on fire,exclamation upon hearing a particularly witty or impressive insult.
EN,burned,destroy by fire,"having smoked so much marijuana that a person is slow, dumb, or act like they are under the influence when they aren't.  Usually someone who has been smoking on a regular basis for several years.  Pronounced burnt."
EN,burner,an apparatus for burning fuel (or refuse),a handgun.
EN,bush,a low woody perennial plant usually having several major stems,"a person as Gross, ugly, disgusting or disgusting."
EN,bust,a complete failure,an event with a displeasing outcome.  See also non-bust.
EN,butt,thick end of the handle,"extremely ugly.  A shortened form of ""butt ugly""."
EN,butty,a sandwich,sandwich.
EN,buzz,sound of rapid vibration,to be high from Ecstasy (MDMA).
EN,cabbage,any of various types of cabbage,"verb; to steal with, or without, the victim's knowledge."
EN,caboose,the area for food preparation on a ship,the buttocks.
EN,cake,a block of solid substance (such as soap or wax),displeasing.
EN,candy,a rich sweet made of flavored sugar and often combined with fruit or nuts,vagina.This definition is questionable and is pending deletion.  It will be saved from deletion if legitimate citations are found.
EN,cane,a stick that people can lean on to help them walk,"to hurt.  Is used when something is in a lot of pain, when something hurts. Possibly originates from the pain of being caned?"
EN,cap,a tight-fitting headdress,a bullet.
EN,card,one of a set of small pieces of stiff paper marked in various ways and used for playing games or for telling fortunes,"to ask for a person\'s identification (e.g. driver\'s license) for proof of age.  (In New York, the term was ""proofed."")"
EN,cash,money in the form of bills or coins,"very good, excellent; ""cool""."
EN,catcher,(baseball) the person who plays the position of catcher,"a person who catches.  That is, in homosexual male sex, to perform in the female role (i.e. ""receiving end"")."
EN,cave,a geological formation consisting of an underground enclosure with access from the surface of the ground or from the sea,to succumb to pressure.
EN,cell,any small compartment,cell phone.
EN,cereal,grass whose starchy grains are used as food: wheat; rice; rye; oats; maize; buckwheat; millet,"serious, not kidding."
EN,certifiable,fit to be certified as insane (and treated accordingly),insane.
EN,change,an event that occurs when something passes from one state or phase to another,to kill. i.e. change your essence from the physical back to the spiritual.  origin: these city streets.
EN,chap,a boy or man,"a person, usually male."
EN,chaser,a person who is pursuing and trying to overtake or capture,"a drink consumed after an alcoholic drink, especially fruit juice or cola after a shot of liquor."
EN,check,a written order directing a bank to pay money,"ok, or yes."
EN,cheddar,a village in southwestern England where cheddar cheese was first made,"money.  Usually pronounced ""chedda."""
EN,cheese,a solid food prepared from the pressed curd of milk,an attractive male.This definition is questionable and is pending deletion.  It will be saved from deletion if legitimate citations are found.
EN,cheesy,of very poor quality; flimsy,"lacking in taste; ""lame""; ""corny""."
EN,cherry,wood of any of various cherry trees especially the black cherry,"by extension of cherry meaning hymen / virginal (as described below,) unused or in mint condition."
EN,chew,a wad of something chewable as tobacco,"to be of poor quality, displeasing."
EN,chick,young bird especially of domestic fowl,one's girlfriend.
EN,chicken,the flesh of a chicken used for food,afraid.
EN,chief,a person who is in charge,sarcastic term for someone who thinks they have superiority over you but does not.
EN,chill,coldness due to a cold environment,"great, awesome; ""cool""."
EN,chilling,the process of becoming cooler; a falling temperature,fun or relaxing.  Also chill.
EN,choice,the person or thing chosen or selected,"perfect, great, excellent; ""cool""; ""awesome""."
EN,choke,a coil of low resistance and high inductance used in electrical circuits to pass direct current and attenuate alternating current,marijuana
EN,chopper,a grounder that bounces high in the air,an AK-47 assault rifle.  From New Orleans rap.
EN,chubby,sufficiently fat so as to have a pleasing fullness of figure,an erection.
EN,chuck,informal terms for a meal,affectionate form of address.  From northern England.
EN,chummy,(used colloquially) having the relationship of friends or pals,"between two people or groups, friendly."
EN,chump,a person who is gullible and easy to take advantage of,"displeasing, stupid.This definition is questionable and is pending deletion.  It will be saved from deletion if legitimate citations are found."
EN,cinch,any undertaking that is easy to do,an easy task.
EN,clam,burrowing marine mollusk living on sand or mud; the shell closes with viselike firmness,Musician's slang for a wrong note.
EN,clean,a weightlift in which the barbell is lifted to shoulder height and then jerked overhead,"nice, excellent, worthy of envy; ""cool""; ""tight""; ""awesome""; etc."
EN,click,a short light metallic sound,one kilometer.
EN,clip,a metal frame or container holding cartridges; can be inserted into an automatic gun,speed.
EN,clobber,informal terms for personal possessions,to strike a heavy blow.
EN,clock,a timepiece that shows the time of day,a scale used to measure illegal drugs.
EN,clod,a compact mass,"""oaf""; ""klutz""; ""dope""."
EN,clutch,the act of grasping,"great; ""awesome""; ""cool""."
EN,cock,obscene terms for penis,"absolutely superior, better than the bestThis definition is questionable and is pending deletion.  It will be saved from deletion if legitimate citations are found."
EN,coin,a flat metal piece (usually a disc) used as money,money.
EN,coke,carbon fuel produced by distillation of coal,Coca-Cola.
EN,cold,a mild viral infection involving the nose and respiratory passages (but not the lungs),attractive.
EN,collar,a band that fits around the neck and is usually folded over,an arrest.
EN,college,the body of faculty and students of a college,"having to do with college, such as partying, sports, women - but not academics or work."
EN,come,the thick white fluid containing spermatozoa that is ejaculated by the male genital tract,to ejaculate.
EN,con,an argument opposed to a proposal,"shortened form of ""conference.""  Usually used with a descriptor."
EN,cookie,any of various small flat sweet cakes (`biscuit' is the British term),a cigarette.This definition is questionable and is pending deletion.  It will be saved from deletion if legitimate citations are found.
EN,cool,the quality of being at a refreshingly low temperature,"very good, excellent, interesting, fun, etc."
EN,coot,slate-black slow-flying birds somewhat resembling ducks,very cute.
EN,cooter,large river turtle of the southern United States and northern Mexico,female genitalia.
EN,cougar,large American feline resembling a lion,a middle-aged woman who seeks out much younger men for romance or physical intimacy.
EN,couth,(used facetiously) refined,good or someone that is cool.  In contrast to uncouth: bad or someone that is stupid.
EN,cover,a covering that serves to conceal or shelter something,"admission paid to get into a bar, dance club, etc.  Short for ""cover charge."""
EN,cowgirl,a woman cowboy,"the sexual position in which a man lies down and his sexual partner rides on top, facing towards the man's head."
EN,crab,decapod having eyes on short stalks and a broad flattened carapace with a small abdomen folded under the thorax and pincers,To use somebody's intoxicants without the intention to contribute financially despite circumstances.
EN,crack,a long narrow opening,"the cleft between the cheeks of the buttocks; ""butt crack""."
EN,cracker,a thin crisp wafer made of flour and water with or without leavening and shortening; unsweetened or semisweet,"a friend, usually white."
EN,crank,a bad-tempered person,an eccentric person.
EN,crash,a loud resonant repeating noise,a failure of software or an electronic device.
EN,creep,someone unpleasantly strange or eccentric,an annoying person.
EN,crew,"the men and women who man a vehicle (ship, aircraft, etc.)",a clique of people.
EN,crib,baby bed with high sides made of slats,"a place of residence.  Note: ""the crib"" refers to the speaker\'s home."
EN,crick,a painful muscle spasm especially in the neck or back (`rick' and `wrick' are British),Creek
EN,crippled,deprive of strength or efficiency; make useless or worthless,extremely inebriated.
EN,croak,a harsh hoarse utterance (as of a frog),to stop functioning.
EN,crook,someone who has committed a crime or has been legally convicted of a crime,"to dance, go crazy, or get funky."
EN,cross,a wooden structure consisting of an upright post with a transverse piece,unhappy.
EN,crown,the Crown (or the reigning monarch) as the symbol of the power and authority of a monarchy,To have an urgent need to defecate.  Adapted from the same use of the word as it applies to childbirth.
EN,cruise,an ocean trip taken for pleasure,to leave.
EN,crush,leather that has had its grain pattern accentuated,a person who one has a secret attraction on.
EN,cub,an awkward and inexperienced youth,"in the gay community, a younger or smaller bear."
EN,cum,the thick white fluid containing spermatozoa that is ejaculated by the male genital tract,semen.
EN,cupcake,small cake baked in a muffin tin,form of address for a loved one.
EN,cut,a share of the profits,"annoyed, angry, upset, disappointed."
EN,cutter,someone who cuts or carves stone,"a person who cuts themselves in a way not intended to kill, usually out of depression or other psychological pain."
EN,dab,a light touch or stroke,"looking good; getting a little attention; ""swag""."
EN,dag,10 grams,Fool or idiot.  Australian.  It's the leftover dung on a sheeps bum.
EN,damn,something of little value,exclamation used upon sight of an attractive person.
EN,damp,a slight wetness,"bad; ""not cool""."
EN,dank,unpleasantly cool and humid,"very good, excellent; ""cool""."
EN,dead,people who are no longer living,drunk.  Possibly from dead drunk.
EN,deck,any of various platforms built into a vessel,to hit.
EN,deep,the central and most intense or profound part,something that's good
EN,dense,permitting little if any light to pass through because of denseness of matter,"stupid, unintelligent."
EN,deuce,a tie in tennis or table tennis that requires winning two successive points to win the game,"said when departing from someone; ""goodbye""."
EN,diesel,German engineer (born in France) who invented the diesel engine (1858-1913),muscular.
EN,dig,the site of an archeological exploration,to support an action.
EN,dime,a United States coin worth one tenth of a dollar,"a very attractive person; ""a perfect ten"".  Frequently, attractiveness is rated on ""a scale of 1 to 10.""  In the United States, a dime is worth 10 cents.  Hence, a ""dime"" is one whose attractiveness rates 10 on the scale.  Also dime piece."
EN,ding,a ringing sound,to penalize.
EN,dink,a couple who both have careers and no children (an acronym for dual income no kids),stupid; useless; dip shit.
EN,dinky,a small locomotive,underpowered.
EN,dip,a depression in an otherwise level surface,a pinch of chewing tobacco.
EN,dipstick,a graduated rod dipped into a container to indicate the fluid level,a disliked person.
EN,dirt,the part of the earth's surface consisting of humus and disintegrated rock,"extremely bad, re. a person."
EN,dirty,"make soiled, filthy, or dirty",sexually adventurous.
EN,discombobulated,cause to be confused emotionally,a state of confusion.
EN,dish,a piece of dishware normally used as a container for holding or serving food,"an attractive female.  (Possibly related to the phrase, ""She looks good enough to eat."")"
EN,ditch,a long narrow excavation in the earth,to leave behind.
EN,diva,a distinguished female operatic singer; a female operatic star,"one who behaves as a goddess or queen.  A diva is a celebrated female singer, similar to a ""prima donna""  (literally ""first lady."")  Both the terms ""diva"" and ""prima donna"" are now used disparagingly for someone who acts overly entitled."
EN,dive,a cheap disreputable nightclub or dance hall,"a decrepit food and/or drink serving establishment, such as a bar, coffee shop, or restaurant."
EN,do,an uproarious party,an event or party.
EN,doctor,a licensed medical practitioner,"form of address used in praise.  To recognize that the person has attained the highest level of expertise in a particular endeavor.  The origin comes for amateur sports.  Examples: softball, bowling, golf, darts, pool, etc."
EN,dog,a member of the genus Canis (probably descended from the common wolf) that has been domesticated by man since prehistoric times; occurs in many breeds,a friend.  Also dawg.
EN,dome,a concave shape whose distinguishing characteristic is that the concavity faces downward,a head.
EN,done,engage in,tired or worn out.
EN,dong,the basic unit of money in Vietnam,"the sound made by clock chimes, as in ""dong, dong, dong."""
EN,donkey,the symbol of the Democratic Party; introduced in cartoons by Thomas Nast in 1874,"a women with a larger than average butt, but still firm and fit.  Not fat and all over the place."
EN,dose,a measured portion of medicine taken at any one time,a unit of LSD.
EN,dough,a flour mixture stiff enough to knead or roll,money.
EN,down,soft fine feathers,in agreement with a plan to do something.  Also down for and down with.
EN,downstairs,on or of lower floors of a building,the genital area.
EN,drag,the phenomenon of resistance to motion through a fluid,"a person's story: what they would have you believe.  Usually a lie or fabrication, but not always.  See also run drag ."
EN,dragon,a creature of Teutonic mythology; usually represented as breathing fire and having a reptilian body and sometimes wings,an unpleasant female.
EN,draw,a gully that is shallower than a ravine,"a dry stream bed, canyon, or similar."
EN,drip,flowing in drops; the formation and falling of drops of liquid,"Recently evolved meaning:  Drip - Being very smooth, cool, pleasant or another way of saying awesome.The lead singer is drip.The atmosphere in that club was totally drip."
EN,drop,a shape that is spherical and small,a secret delivery.
EN,drum,a musical percussion instrument; usually consists of a hollow cylinder with a membrane stretched across each end,"a person\'s place of abode; ""pad"".  A house, apartment, room, etc."
EN,dub,the new sounds added by dubbing,20
EN,duck,small wild or domesticated web-footed broad-billed swimming bird usually having a depressed body and short legs,blowjob.
EN,dumb,slow to learn or understand; lacking intellectual acuity; ; ; - Thackeray,"very, extremely."
EN,dump,a coarse term for defecation,an unappealing location due to dirtiness or dilapidation.
EN,dupe,a person who is tricked or swindled,to duplicate.
EN,dust,fine powdery material such as dry earth or pollen that can be blown about in the air,to leave.  UK slang.
EN,early,at or near the beginning of a period of time or course of events or before the usual or expected time,quickly or soon.
EN,easy,posing no difficulty; requiring little effort,"""cool"", or ""that\'s pretty cool"", or ""I get it."""
EN,eat,take in solid food,to perform cunnilingus on.
EN,ex,a man who was formerly a certain woman's husband,"a person with whom one is no longer in a relationship.  From ex-boyfriend, ex-girlfriend, ex-husband, ex-wife, etc."
EN,f,a degree on the Fahrenheit scale of temperature,"""fuck all"".This definition is questionable and is pending deletion.  It will be saved from deletion if legitimate citations are found."
EN,face,the front of the human head from the forehead to the chin and ear to ear,oral sex.
EN,facial,cranial nerve that supplies facial muscles,the sex act of ejaculating on a person's face.
EN,fade,a golf shot that curves to the right for a right-handed golfer,to defeat a person in a fight.
EN,fag,offensive term for an openly homosexual man,"a cigarette.  Used in the UK, Australia, New Zealand."
EN,faggot,offensive term for an openly homosexual man,general derogatory term for a person.  A homophobic term.
EN,fail,fail to do something; leave something undone,failing or simply generally bad.
EN,fake,something that is a counterfeit; not what it seems to be,displeasing.
EN,family,a social unit living together,Belonging to a minority e.g. homosexual.
EN,fat,a soft greasy substance occurring in organic tissue and consisting of a mixture of lipids (mostly triglycerides),doing well in life.
EN,fatty,a rotund individual,large.
EN,feel,an intuitive awareness;  or,"auxiliary verb.  Half-way between ""want to"" and ""about to"".  From African-American Vernacular English.  Notes: \'to\' often reduced further to \'a\' as in ""I\'m feelin\' \'a go""."
EN,fen,100 fen equal 1 yuan in China,"joking pluralization of ""fan"".  As in the plural form of ""man"" being ""men""."
EN,fence,a barrier that serves to enclose an area,a person who purchases known-stolen goods to re-sell them.
EN,fetch,the action of fetching,"great; ""awesome""; ""cool"".  Popularized by the film Mean Girls."
EN,fiend,a cruel wicked and inhuman person,an addict.
EN,filly,a young female horse under the age of four,a female.
EN,fin,the cardinal number that is the sum of four and one,"a five dollar bill.  From Yiddish ""finf"" meaning five; Old High German ""funf"" meaning five."
EN,fine,money extracted as a penalty,"extremely attractive; ""hot""."
EN,finger,any of the terminal members of the hand (sometimes excepting the thumb),"the middle finger, in the expression, ""give (one) the finger."""
EN,fire,the event of something burning (often destructive),"very good, excellent, attractive; ""cool"", ""awesome""."
EN,fish,any of various mostly cold-blooded aquatic vertebrates usually having scales and breathing through gills,"acronym for ""fit, intelligent, sexy, hot"".  The accuracy of this definition cannot be verified.  Without further evidence, this definition may be deleted.  It will be saved from deletion if legitimate citations are found."
EN,fit,a display of bad temper,"attractive; ""hot""."
EN,fix,informal terms for a difficult situation,to arrange the winner of a competition in advance.
EN,fixed,restore by replacing a part or putting together what is torn or broken,"to have had one's tubes tied, had a vasectomy or to be castrated, implying that one who cannot have children."
EN,flake,a crystal of snow,"A ditz, blonde."
EN,flaky,made of or resembling flakes,"in the manner of a flake, i.e. unreliable."
EN,flame,the process of combustion of inflammable materials producing heat and light and (often) smoke,"an instance of ""flaming"" as described in the noun sense."
EN,flange,a projection used for strength or for attaching to another object,Noun meaning woman or vagina.  I've just heard that this is what my boyfriend calls me.  Possibly British slang.
EN,flash,a sudden intense burst of radiant energy,"meaning fancy, stunning or anything that looks extraordinarily good.  New Zealand slang."
EN,flat,a level tract of land,"multiple definitions: dead, no action, lousy, quiet."
EN,flick,a light sharp contact (usually with something flexible),a movie.
EN,flip,an acrobatic feat in which the feet roll over the head (either forward or backward) and return,"to ride, to drive."
EN,flipper,a shoe for swimming; the paddle-like front is an aid in swimming (especially underwater),"a promiscuous female; ""ho""."
EN,floater,spots before the eyes caused by opaque cell fragments in the vitreous humor and lens,an undesirable person who hangs out in a particular area despite being discouraged not to.
EN,floor,"the inside lower horizontal surface (as of a room, hallway, tent, or other structure)",to astound a person.
EN,flossy,like down or as soft as down,looking one's best; dressed up.
EN,flower,a plant cultivated for its blooms or blossoms,vagina.
EN,fly,two-winged insects characterized by active flight,"very good, excellent; ""cool""; ""awesome""."
EN,food,any substance that can be metabolized by an animal to give energy and build tissue,"drugs, particularly crack cocaine."
EN,fool,a person who lacks good judgment,an unintelligent person.  Not slang.
EN,forty,the cardinal number that is the product of ten and four,a 40 ounce bottle of an alcoholic beverage.
EN,fox,alert carnivorous mammal with pointed muzzle and ears and a bushy tail; most are predators that do not hunt in packs,"to confuse, baffle, or outwit."
EN,foxy,marked by skill in deception,attractive.  Usually used only to describe females.
EN,freak,a person or animal that is markedly unusual or deformed,very; really; extremely.
EN,freeware,software that is provided without charge,software that can be redistributed for free and (usually) without restriction.
EN,french,the Romance language spoken in France and in countries colonized by France,foul language.
EN,fresh,"recently made, produced, or harvested","extremely nice, of superior quality; ""cool""."
EN,fried,be excessively hot,"under the influence of drugs, often LSD (""acid"")."
EN,frisky,playful like a lively kitten,physically affectionate due to desire of sexual activity.
EN,front,the side that is forward or prominent,"a cover-up, disguise, deception."
EN,frosted,decorate with frosting,"angry; ""pissed off""."
EN,frosty,devoid of warmth and cordiality; expressive of unfriendliness or disdain,"calm, cool.  Used by soldiers in tense situations."
EN,fudge,soft creamy candy,"feces; ""poop""."
EN,full,the time when the Moon is fully illuminated,good.This definition is questionable and is pending deletion.  It will be saved from deletion if legitimate citations are found.
EN,funk,a state of nervous depression,unattractive.
EN,g,a metric unit of weight equal to one thousandth of a kilogram,"short for ""gangster"" or ""gangsta.""  Used in greeting to a friend or associate.  See also the slang word ""b""."
EN,gaff,a sharp metal spike or spur that is fastened to the leg of a gamecock,"a place of residence.  British slang common in London and points east, with an underworld flavor."
EN,gag,a humorous anecdote or remark intended to provoke laughter,to nearly vomit.
EN,gam,a herd of whales,"acronym for ""God awful mess""."
EN,game,a contest with rules to determine a winner,"in agreement with a plan; ""down""."
EN,gangster,a criminal who is a member of gang,tight or fun.
EN,ganja,a strong-smelling plant from whose dried leaves a number of euphoriant and hallucinogenic drugs are prepared,marijuana.
EN,gash,a wound made by cutting,bad or ill.
EN,gawk,an awkward stupid person,to stare.
EN,gay,someone who practices homosexuality; having a sexual attraction to persons of the same sex,displeasing.  Considered by many to be homophobic.
EN,gear,a toothed wheel that engages another toothed mechanism in order to change the speed or direction of transmitted motion,"male genitalia, especially the testicles."
EN,get,a return on a shot that seemed impossible to reach and would normally have resulted in a point for the opponent,to leave.
EN,ghetto,formerly the restricted quarter of many European cities in which Jews were required to live,"of superior quality, excellent; ""cool"".This definition is questionable and is pending deletion.  It will be saved from deletion if legitimate citations are found."
EN,ghost,a mental representation of some haunting experience,leaving.
EN,gig,long and light rowing boat; especially for racing,any job.  Derived from the musical industry sense.
EN,girl,a young woman,form of address for a female friend.
EN,girlfriend,any female friend,form of address used between females and between gay men.
EN,go,a time for working (after which you will be relieved by someone else),to say.
EN,golden,having the deep slightly brownish color of gold,of good quality. Also used to describe something that one is proud of.
EN,gone,"change location; move, travel, or proceed, also metaphorically","""gonna""."
EN,gorge,a deep ravine (usually with a river running through it),"""gorgeous""."
EN,gouda,mild cream-colored Dutch cheese shaped in balls,cheesy.
EN,governor,the head of a state government,one's superior.
EN,grab,a mechanical device for gripping an object,to look at; inspect.
EN,graft,(surgery) tissue or organ transplanted from a donor to a recipient; in some cases the patient can be both donor and recipient,Hard work
EN,grand,the cardinal number that is the product of 10 and 100,a thousand.
EN,granola,cereal made of especially rolled oats with dried fruits and nuts and honey or brown sugar,"hippie-esque; ""all-natural"".  As goes the stereotype, hippies eat granola frequently."
EN,grass,narrow-leaved green herbage: grown as lawns; used as pasture for grazing animals; cut and dried as hay,"to report someone to the authority involved (police, school teacher)."
EN,gravy,"a sauce made by adding stock, flour, or other ingredients to the juice and fat that drips from cooking meats",profit or unexpected reward.  Used for a long time in the business world.
EN,graze,a superficial abrasion,"to eat.  Usually used to refer to food laid out ""buffet"" style, as at a party.  Thus a partier, instead of eating what is directly in front of them, will move around eating from different places, much like a cow.  (It\'s usually bad form to ""graze"" at a restaurant buffet: one is supposed to fill a dish and then eat at one\'s table.)"
EN,grease,a thick fatty oil (especially one used to lubricate machinery),to have sex withThis definition is questionable and is pending deletion.  It will be saved from deletion if legitimate citations are found.
EN,green,green color or pigment; resembling the color of growing grass,"in agreement.A proper response to all three could be ""Green."""
EN,grenade,a small explosive bomb thrown by hand or fired from a missile,the unattractive friend of a hot girl.
EN,grid,a pattern of regularly spaced horizontal and vertical lines,BicycleThis definition is questionable and is pending deletion.  It will be saved from deletion if legitimate citations are found.
EN,grief,intense sorrow caused by loss of a loved one (especially by death),criticism.
EN,grill,a restaurant where food is cooked on a grill,teeth.
EN,grind,an insignificant student who is ridiculed as being affected or boringly studious,"to eat, consume food... used mostly when one is very hungry and will eat a lot."
EN,grinder,a large sandwich made of a long crusty roll split lengthwise and filled with meats and cheese (and tomato and onion and lettuce and condiments); different names are used in different sections of the United States,"a sandwich, also called ""hoagie"" or ""sub."""
EN,grip,the act of grasping,a long time.
EN,grit,a hard coarse-grained siliceous sandstone,"unattractive (describing a person); ""nasty""; ""gross""."
EN,grommet,fastener consisting of a metal ring for lining a small hole to permit the attachment of cords or lines,a young - typically pre-pubescent - surfer.  1960s slang.
EN,gross,twelve dozen,"""cool"".  From the late 1960s - 1970s."
EN,grouse,flesh of any of various grouse of the family Tetraonidae; usually roasted; flesh too dry to broil,"excellent; ""awesome"".  Australian slang."
EN,growler,a speaker whose voice sounds like a growl,growler-An extremly ugly woman
EN,grub,informal terms for a meal,good tasting.
EN,guff,unacceptable behavior (especially ludicrously false statements),Free stuff.
EN,hack,one who works hard at boring tasks,an untalented professional.
EN,hairy,having or covered with hair,"of a problem, complicated."
EN,hard,not easy; requiring great physical or mental effort to accomplish or comprehend or endure,"""cool"", ""neat"", ""awesome""."
EN,hat,headdress that protects the head from bad weather; has shaped crown and usually a brim,hair or hair style.
EN,hawk,diurnal bird of prey typically having short rounded wings and a long tail,"to look at, watch, stare, or eye.  From the bird, hawk."
EN,hayseed,a person who is not very intelligent or interested in culture,"a person from a rural area; ""bumpkin""."
EN,head,the upper part of the human body or the front part of the body in animals; contains the face and brains,a person.
EN,heart,the locus of feelings and intuitions,To have courage.
EN,heat,a form of energy that is transferred by a difference in temperature,obvious.
EN,heater,device that heats water or supplies warmth to a room,a gun.
EN,heavy,an actor who plays villainous roles,good.
EN,heifer,young cow,"an overweight female.  From the non-slang definition of ""heifer"": a female cow."
EN,heinous,"extremely wicked, deeply criminal",disgusting.
EN,hell,any place of pain and turmoil,"general exclamation, usually (but not always) conveying displeasure."
EN,helmet,armor plate that protects the head,a haircut or hair style.  Usually used derogatorily.
EN,herb,a plant lacking a permanent woody stem; many are flowering garden plants or potherbs; some having medicinal properties; some are pests,"a nerd, wimp, wuss.  Origin: the name Herb is generally thought to be slightly ""nerdy."""
EN,high,a lofty level or position or degree,intoxicated from drugs.
EN,hit,(baseball) a successful stroke in an athletic contest (especially in baseball),"messy, trashy, or dilapidated."
EN,hoe,a tool with a flat blade attached at right angles to a long handle,"a general insult, usually applied to females."
EN,hog,a person regarded as greedy and pig-like,a police officer.  See also pig.This definition is questionable and is pending deletion.  It will be saved from deletion if legitimate citations are found.
EN,hold,the act of grasping,to have drugs.
EN,hole,an opening into or through something,a very unpleasant place.
EN,homey,having a feeling of home; cozy and comfortable,homework.
EN,honey,a sweet yellow liquid produced by bees,an attractive person.
EN,honk,the cry of a goose (or any sound resembling this),to vomit.
EN,hood,an aggressive and violent young criminal,"shortened form of ""neighborhood.""  Often implies a ghetto or urban community."
EN,hook,a catch for locking a door,to kiss someone
EN,hooked,fasten with a hook,addicted.
EN,hooray,a victory cheer,exclamation of excitement or delight.
EN,hoot,a loud raucous cry (as of an owl),something (or someone) extremely funny.
EN,hooter,informal terms for the nose,a breast.  Usually used in the plural.
EN,hoots,a loud raucous cry (as of an owl),breasts that are large.
EN,hoover,United States industrialist who manufactured vacuum cleaners (1849-1932),fellatio.
EN,horse,solid-hoofed herbivorous quadruped domesticated since prehistoric times,heroin.
EN,hose,socks and stockings and tights collectively (the British include underwear),penis.
EN,hot,used of physical heat; having a high or higher than desirable temperature or giving off heat or feeling or causing a sensation of heat or burning,stolen.
EN,hummer,a singer who produces a tune without opening the lips or forming words,"a session of fellatio; ""blowjob""."
EN,hump,something that bulges out or is protuberant or projects from its surroundings,a lazy or worthless person.This definition is questionable and is pending deletion.  It will be saved from deletion if legitimate citations are found.
EN,hun,a member of a nomadic people who invaded Europe in the 4th century,a term of endearment for a loved one.
EN,hurl,a violent throw,to vomit.
EN,hurt,any physical damage to the body caused by violence or accident or fracture etc.,very drunk or high.
EN,hussy,a woman adulterer,general derogatory term for a female.
EN,hustle,a swindle in which you cheat at gambling or persuade a person to buy worthless property,to work hard and get some money.
EN,ice,water frozen in the solid state,diamond-containing jewelry.
EN,immense,unusually great in size or amount or degree or especially extent or scope; ; ; ; ; ; ; ; ; - W.R.Inge,a word used when something was exciting or good
EN,indie,a pop group not affiliated with a major record company,"""independent."""
EN,inhale,draw deep into the lungs in by breathing,to consume quickly.
EN,ink,a liquid used for printing or writing or drawing,one or more tattoos.
EN,invite,a colloquial expression for invitation,an invitation
EN,it,the branch of engineering that deals with the use of computers and telecommunications to retrieve and store and transmit information,sex.
EN,item,a distinct part that can be specified separately in a group of things that could be enumerated on a list,a news-worthy couple.
EN,j,a unit of electrical energy equal to the work done when a current of one ampere passes through a resistance of one ohm for one second,"shortened form of ""joint"", i.e. a hand-rolled marijuana cigarette."
EN,jack,a small worthless amount,"as in 'jack up' - to lift someone up, and, sometimes, to press that person against a supporting structure.  Can occur in altercations."
EN,jackass,a man who is a stupid incompetent fool,"a person being unpleasant, argumentative, disrespectful, ungrateful, oppositional, cantankerous, self-important, etc."
EN,jacket,a short coat,a police officer. 
EN,jam,preserve of crushed fruit,a song.
EN,jaunt,a journey taken for pleasure,anything
EN,jay,United States diplomat and jurist who negotiated peace treaties with Britain and served as the first chief justice of the United States Supreme Court (1745-1829),a joint (i.e. marijuana cigarette.)  Also spelled j.
EN,jelly,an edible jelly (sweet or pungent) made with gelatin and used as a dessert or salad base or a coating for foods,"""jealous""."
EN,jerk,a dull stupid fatuous person,to date.
EN,jet,an airplane powered by one or more jet engines,to leave.
EN,jigger,a small glass adequate to hold a single swallow of whiskey,"""thing."""
EN,jobber,someone who buys large quantities of goods and resells to merchants rather than to the ultimate customers,"a ""professional wrestler"" who loses matches so as to build up a featured wrestler\'s win/loss record and crowd appeal.  Derogatory."
EN,joint,(anatomy) the point of connection between two bones or elements of a skeleton (especially if it allows motion),song.
EN,joker,a person who enjoys telling or playing jokes,"n. a man, guy."
EN,jug,a large bottle with a narrow mouth,breast.  Usually used in the plural.
EN,juggler,a performer who juggles objects and performs tricks of manual dexterity,"a piece of crack cocaine weighing approximately 0.2 grams, usually selling for $USD 10 - $USD 20."
EN,juice,the liquid part that can be extracted from plant or animal tissue by squeezing or cooking,"gossip, secret information."
EN,juicer,a person who drinks alcoholic beverages (especially to excess),alcoholic.  from The Getaway (c.1967) by Sam Peckinpah with Steve McQueen.
EN,juju,the power associated with a juju,medicine.
EN,jump,a sudden and decisive increase,a slut who's fast paced from one dick to another. 
EN,jumper,a person who jumps,a female who greatly enjoys oral sex.
EN,junk,the remains of something that has been destroyed or broken up,"an exclamation of disappointment; ""crap""; ""shit""."
EN,k,the basic unit of thermodynamic temperature adopted under the Systeme International d'Unites,"abbreviated form of ""okay""."
EN,keeper,someone in charge of other people,"from football, but referring to an object that you like."
EN,key,metal device shaped in such a way that when it is inserted into the appropriate lock the lock's mechanism can be rotated,great.
EN,keyed,"identify as in botany or biology, for example","really wasted, drunk, high etc.  Originates in NorCal in the Bay Area."
EN,kick,the act of delivering a blow with the foot,a strong flavor.
EN,kid,a young person of either sex,a friend; HOMIE.
EN,kill,the act of terminating a life,high-grade marijuana.
EN,killer,someone who causes the death of a person or animal,"very good, excellent, impressive; ""cool""; ""awesome""."
EN,kinky,(used of sexual behavior) showing or appealing to bizarre or deviant tastes,cool.
EN,kitty,the combined stakes of the betters,cat.
EN,knob,a circular rounded projection or protuberance,the tip (glans) of the penis.
EN,kosher,food that fulfills the requirements of Jewish dietary law,"fine; ""okay""."
EN,kudos,an expression of approval and commendation,congratulations or praise.
EN,lamp,an artificial source of visible illumination,"to relax; ""chill""; ""take it easy""."
EN,large,a garment size for a large person,one thousand dollars.
EN,lass,a girl or young woman who is unmarried,a female.
EN,late,being or occurring at an advanced period of time or after a usual or expected time,"being late for menstruation, hence possibly pregnant."
EN,launder,"cleanse with a cleaning agent, such as soap, and water",to make money obtained illegally seem legitimate.
EN,lay,a narrative song with a recurrent refrain,relaxed and comfortable.
EN,leak,an accidental hole that allows something (fluid or light etc.) to enter or escape,to urinate.
EN,legless,not having legs,Intoxicated to the point of being immobile.
EN,lemming,any of various short-tailed furry-footed rodents of circumpolar distribution,a person who blindly follows others.
EN,lemon,yellow oval fruit with juicy acidic flesh,"sexual fanfic, i.e. sexual fan fiction, i.e. sexual stories written by fans of a particular work of fiction."
EN,lettuce,informal terms for money,money.
EN,lick,a salt deposit that animals regularly lick,a small amount.
EN,lid,either of two folds of skin that can be moved to cover or open the eye,one's head of hair.
EN,life,a characteristic state or mode of living,life in prison.
EN,lift,the act of giving temporary assistance,to steal.
EN,like,"a similar kind; ,",introduction to dramatic or emotionally-charged event.
EN,lit,the humanistic study of a body of literature,"under the influence of marijuana; ""high""."
EN,live,inhabit or live in; be an inhabitant of,"""cool"".  From Southern California."
EN,loaded,fill or place a load on,large breasted.
EN,loaf,a shaped mass of baked bread that is usually sliced before eating,"Taking your time, procrastinating or being lazy."
EN,lock,a fastener fitted to a door or drawer to keep it firmly closed,to be arrested and put in a jail cell.This definition is questionable and is pending deletion.  It will be saved from deletion if legitimate citations are found.
EN,log,a segment of the trunk of a tree when stripped of branches,"acronym for ""lack of gelt"", i.e. lack of money.  A legal term in Chicago used when a criminal defendant has not yet paid his or her lawyer."
EN,loner,a person who avoids the company or assistance of others,a person who likes to be alone.
EN,looker,a close observer; someone who looks at something (such as an exhibition of some kind),an attractive person.
EN,loon,a worthless lazy fellow,a crazy person.
EN,looper,small hairless caterpillar having legs on only its front and rear segments; mostly larvae of moths of the family Geometridae,a dangerous crazy person.  Someone who is extremely reckless or violent.  Dublin slang.
EN,loopy,consisting of or covered with or having loops,"strange, as if sedated or otherwise on drugs."
EN,loose,grant freedom to; free from confinement,drunk.
EN,loot,goods or money obtained illegally,money.
EN,loser,a contestant who loses the contest,a worthless person.
EN,loud,characterized by or producing sound of great volume or intensity,with conflicting colors or patterns.
EN,love,a strong positive emotion of regard and affection,affectionate form of address.
EN,lovely,a very pretty girl who works as a photographer's model,"bad, unfortunate, inconvenient, etc.  Sarcasm."
EN,lush,a person who drinks alcohol to excess habitually,great; amazing.  Shortened form of luscious.
EN,lux,a unit of illumination equal to 1 lumen per square meter; 0.0929 foot candle,"luxury; luxurious.The accuracy of this definition cannot be verified.  Without further evidence, this definition may be deleted.  It will be saved from deletion if legitimate citations are found."
EN,ma,informal terms for a mother,used after a question.  Singapore slang.
EN,mad,roused to anger; - Mark Twain,"good, in reference to talent."
EN,madcap,a reckless impetuous irresponsible person,crazy.
EN,maggot,the larva of the housefly and blowfly commonly found in decaying organic matter,drunk
EN,man,an adult person who is male (as opposed to a woman),"a general exclamation not used to address anyone in particular, and can even be used when alone."
EN,manhood,the state of being a man; manly qualities,a penis.
EN,massive,imposing in size or bulk or solidity,"""Awesome."""
EN,mate,the officer below the master on a commercial ship,friend.
EN,math,a science (or group of related sciences) dealing with the logic of quantity and shape and arrangement,Phone number.
EN,meat,the flesh of animals (including fishes and birds and snails) used as food,body mass.
EN,mellow,"soften, make mellow",one's relaxed mood.
EN,melon,any of numerous fruits of the gourd family having a hard rind and sweet juicy flesh,a head.
EN,mental,involving the mind or an intellectual process,aggravated.
EN,mess,a state of confusion and disorderliness,"a person who isn't good at life.  For example, a person who is unstable emotionally, or whose life is constantly more chaotic than the norm."
EN,messy,dirty and disorderly,with a tendency to become extremely inebriated and/or to get sick from over imbibing drugs or alcohol.
EN,midge,minute two-winged mosquito-like fly lacking biting mouthparts; appear in dancing swarms especially near water,"a short person.  From ""midget""."
EN,milk,a white nutritious liquid secreted by mammals and used as food by human beings,"It means something that looks too good for words. Refers to clothing, automobiles, etc... Could be a synonym for the slang word fly, but more intense. Originated on the streets of New York City."
EN,mint,(often followed by `of') a large number or amount or extent,"attractive, usually applying to a male."
EN,minute,a unit of time equal to 60 seconds or 1/60th of an hour,a long period of time.  Used as a humorous understatement.  See also days.
EN,mob,a disorderly crowd of people,"acronym for ""money over bitches"", i.e. money is more important than women.  Used primarily in rap / hip hop culture."
EN,mod,a British teenager or young adult in the 1960s; noted for their clothes consciousness and opposition to the rockers,"short for ""modification,"" used to describe a product used for ""modding."""
EN,moist,slightly wet,excited.  Origin: female sexual excitement.
EN,mojo,a magic power or magic spell,style.
EN,money,the most common medium of exchange; functions as legal tender,"suave; ""hip"", ""cool""."
EN,monkey,any of various long-tailed primates (excluding the prosimians),completely devoid of being hip - backwards or country-fied.
EN,monster,an imaginary creature usually having various human and animal parts,large.
EN,mooch,someone who mooches or cadges (tries to get something free),a person who requests and then takes things without ever returning the favor.
EN,moonlight,the light of the Moon,to have a second job.
EN,moose,large northern deer with enormous flattened antlers in the male; called `elk' in Europe and `moose' in North America,Extremely annoying person; idiot.
EN,moped,a motorbike that can be pedaled or driven by a low-powered gasoline engine,"an overweight female.  From the joke ""She\'s like riding a moped: a lot of fun but you wouldn\'t want you friends to see you ride one."""
EN,mother,a woman who has given birth to a child (also used as a term of address to your mother),good.
EN,motor,machine that converts other forms of energy into mechanical energy and so imparts motion,to go.
EN,move,the act of deciding to do something,to sell.
EN,muffin,a sweet quick bread baked in a cup-shaped pan,an attractive person.
EN,mug,the quantity that can be held in a mug,face.
EN,mum,of China,quiet.
EN,murk,an atmosphere in which visibility is reduced because of a cloud of some substance,going to leave.
EN,muscle,one of the contractile organs of the body,to force.
EN,mush,any soft or soggy mass,friend.
EN,nail,horny plate covering and protecting part of the dorsal surface of the digits,to have sex with.
EN,nappy,garment consisting of a folded cloth drawn up between the legs and fastened at the waist; worn by infants to catch excrement,"gross, disgusting."
EN,nard,an aromatic ointment used in antiquity,testicle.
EN,nasty,offensive or even (of persons) malicious; ; ; ; ; ; - Ezra Pound,"really bad, disgusting."
EN,needle,the leaf of a conifer,"something hard to find.  From ""like finding a needle in a haystack."""
EN,nick,an impression in a surface (as made by a blow),condition.  Usually in reference to physical condition.
EN,nickel,a hard malleable ductile silvery metallic element that is resistant to corrosion; used in alloys; occurs in pentlandite and smaltite and garnierite and millerite,five hundred dollars.
EN,nine,the cardinal number that is the sum of eight and one,a nine millimeter pistol.
EN,ninja,a member of the ninja who were trained in martial arts and hired for espionage or sabotage or assassinations; a person skilled in ninjutsu,"displaying stealth, prowess in combat, etc."
EN,nip,a small drink of liquor,nipple.
EN,nonce,the present occasion,a male who is attracted to much younger women.
EN,nugget,a solid lump of a precious metal (especially gold) as found in the earth,"a strange or silly person, or one who has done just done something silly."
EN,number,the property possessed by a sum or total or indefinite quantity of units or individuals,an article of clothing.  Usually limited to describing one that shows off the wearer's body.
EN,nurse,one skilled in caring for young children or the sick (usually under the supervision of a physician),to drink slowly.
EN,nut,usually large hard-shelled seed,semen.
EN,nutty,having the flavor of nuts,crazy.
EN,o,a nonmetallic bivalent element that is normally a colorless odorless tasteless nonflammable diatomic gas; constitutes 21 percent of the atmosphere by volume; the most abundant element in the earth's crust,"""ounce"".  Used especially in reference to drugs."
EN,off,kill intentionally and with premeditation,leaving.
EN,on,in operation or operational,performing well.
EN,one,the smallest whole number or a numeral representing this number,goodbye.
EN,onion,the bulb of an onion plant,an ounce of marijuana.
EN,open,a clear or unobstructed space or expanse of land or water,"interested in someone romantically.  Derived from the phrase ""nose open"", implying that one is literally smelling the object of their affection, similar to the way dogs sniff other dogs buttocks."
EN,orgasm,the moment of most intense pleasure in sexual intercourse,To suggest pleasure with the quality of an object/person.
EN,out,(baseball) a failure by a batter or runner to reach a base safely in baseball,excluded from something.
EN,outfit,any cohesive unit such as a military company,an organization.
EN,own,have ownership or possession of,to be extremely good.
EN,pack,a large indefinite number,verb.  To eat.
EN,pad,a number of sheets of paper fastened together along one edge,home.
EN,pansy,large-flowered garden plant derived chiefly from the wild pansy of Europe and having velvety petals of various colors,"a wuss, weak, 'gay', a word used to insult a person.  Also panzi."
EN,panther,a large spotted feline of tropical America similar to the leopard; in some classifications considered a member of the genus Felis,"a black man of Negroid-Australoid descent.  Especially a black alpha male.  Based on the American, Australian and Dalit Black Panther Movements (cf. the 1995 film Panther directed by Mario Van Peebles), as well as the Black Panther character of Marvel comics (T'Challa).  Compare to panthress.This definition is questionable and is pending deletion.  It will be saved from deletion if legitimate citations are found."
EN,pants,underpants worn by women,"to pull down an individual's bottom-wear, exposing their underwear.  A form of public humiliation."
EN,paper,a material made of cellulose pulp derived mainly from wood or rags or certain grasses,a rolling paper.  Usually used in the plural.
EN,parlay,a series of wagers in which the winnings from one wager are used as a stake for the subsequent wagers,To chill out; sit around and shoot the shit.
EN,party,an organization to gain political power,a rave.
EN,patch,a small contrasting part of something,"a small, thin strip of male chest hair that is exclusively between a man's pectoral muscles."
EN,peace,the state prevailing during the absence of war,interjection to announce one's departure.
EN,peach,cultivated in temperate regions,a sweet or nice person.
EN,peep,the short weak cry of a young bird,a person.  Usually used in the plural.
EN,peeper,a viewer who enjoys seeing the sex acts or sex organs of others,penis.  A childish term.
EN,peg,a wooden pin pushed or driven into a surface,to hit with a thrown object.
EN,pickled,preserve in a pickling liquid,drunk.
EN,piece,a separate part of a whole,"a graffiti mural.  (Also any single artistic expression, e.g. a composition.)"
EN,pig,domestic swine,a police officer.
EN,pigskin,leather from the skin of swine,an American/Canadian football.
EN,pimp,someone who procures customers for whores (in England they call a pimp a ponce),"very good, excellent; ""cool""; ""awesome"".  Also pimping."
EN,pinch,a painful or straitened circumstance,to arrest.
EN,pineapple,a tropical American plant bearing a large fleshy edible fruit with a terminal tuft of stiff leaves; widely cultivated in the tropics,genitalia.
EN,ping,a river in western Thailand; a major tributary of the Chao Phraya,"a message (sent literally) to enquire whether someone is present via instant messaging or internet chat.  ACK is the affirmative response.  (NAK is a humorous negative response, meaning ""No, I\'m not here."")"
EN,pink,a light shade of red,"the ""pink slip"" of a vehicle."
EN,pip,a disease of poultry,"a real character; sometimes a pain in the ass.  For example, when a woman is monopolizing the conversation: "
EN,pipe,a tube with a small bowl at one end; used for smoking tobacco,to have sexual intercourse.
EN,plank,a stout length of sawn timber; made in a wide variety of sizes and used for many purposes,a stupid or absent-minded person.
EN,plant,buildings for carrying on industrial labor,to bury a body.
EN,plastered,apply a heavy coat to,extremely drunk.
EN,plastic,generic name for certain synthetic or semisynthetic materials that can be molded or extruded into objects or films or filaments or used for making e.g. coatings and adhesives,"derogatory. General term for a fake, or in reference to a shallow person."
EN,play,a dramatic work intended for performance by actors on a stage,sexual activity.
EN,player,a person who participates in or is skilled at some game,"a person who dates more than one person at a time, usually just for sex or other perks.  Will typically do anything to have sex with someone.  Carries a heavy negative connotation.  Usually used to describe males, but could be used to describe females who act in this manner.  Often pronounced ""playa""."
EN,plow,a farm tool having one or more heavy blades to break the soil and cut a furrow prior to sowing,to leave.
EN,plug,blockage consisting of an object designed to fill a hole tightly,to engage in sexual intercourse.  
EN,plumber,a craftsman who installs and repairs pipes and fixtures and appliances,The male role during the act of sexual intercourse.
EN,point,a geometric element that has position but no extension,"a hypodermic needle, or anything similar."
EN,poke,tall coarse perennial American herb having small white flowers followed by blackish-red berries on long drooping racemes; young fleshy stems are edible; berries and root are poisonous,a session of sex.
EN,police,the force of policemen and officers,"added to a standard English word or phrase, to form a phrase meaning people who are rigidly pedantic on the subject in question, and tend to correct others, e.g. ""grammar police""; ""poetry police""."
EN,poop,obscene terms for feces,exclamation of disappointment.
EN,pop,an informal term for a father; probably derived from baby talk,term of address for an older male.
EN,pork,meat from a domestic hog or pig,police.
EN,porker,a pig fattened to provide meat,"n  1. one who eats large quantities of food, usually junk food, very quickly."
EN,poser,a person who habitually pretends to be something he is not,"a person who pretends to be a member of a group that they are not actually a member of; ""wannabe"".  For example, by adopting the mode of dress, mannerisms, speech patterns, etc. of the group."
EN,posse,a temporary police force,a group of people.
EN,pot,metal or earthenware cooking vessel that is usually round and deep; often has a handle and lid,toilet.
EN,potato,an edible tuber native to South America; a staple food of Ireland,"A word women use around boys or children for use of the word ""period"""
EN,potty,a plumbing fixture for defecation and urination,a restroom.
EN,pound,16 ounces avoirdupois,"of a car stereo system, to be loud."
EN,pressed,exert pressure or force to or upon,very upset with something or someone.
EN,prick,insulting terms of address for people who are stupid or irritating or ridiculous,"derisive term for a mean or unkind person; ""jerk"".  Usually used to refer to males."
EN,primo,the principal part of a duet (especially a piano duet),"attractive, great, flawless; ""awesome"".  Also spelled premo."
EN,princess,a female member of a royal family other than the queen (especially the daughter of a sovereign),"a spoiled, overindulged female."
EN,proper,marked by suitability or rightness or appropriateness,very.
EN,puff,a short light gust of air,a homosexual male.
EN,pull,the act of pulling; applying force to move something toward or with you,"To buy liquor, porn, or cigarettes for somebody under the age of 18.  Used in Saskatchewan, unknown in Alberta."
EN,punch,(boxing) a blow with the fist,strength.
EN,punk,an aggressive and violent young criminal,"a disrespectful, rude, or otherwise unpleasant person."
EN,punt,formerly the basic unit of money in Ireland; equal to 100 pence,to violently kick someone a far distance or across a large space. Somewhat like kicking an American football or rugby ball.
EN,pusher,one who intrudes or pushes himself forward,one who sells illegal drugs
EN,puss,obscene terms for female genitals,face.
EN,quack,an untrained person who pretends to be a physician and who dispenses medical advice,to brag about one's self.
EN,quality,an essential and distinguishing attribute of something or someone; --Shakespeare,"good; excellent; ""awesome""; ""cool""."
EN,quarter,one of four equal parts,a quarter once (1/4 ounce) of illegal drugs.
EN,queen,the only fertile female in a colony of social insects such as bees and ants and termites; its function is to lay eggs,"used among gay males for someone who is controlling, uncompromising"
EN,quid,the basic unit of money in Great Britain and Northern Ireland; equal to 100 pence,1 pound sterling.
EN,rack,framework for holding objects,breasts.
EN,racket,a loud and disturbing noise,noise.
EN,rad,a unit of absorbed ionizing radiation equal to 100 ergs per gram of irradiated material,"great; ""awesome""; ""cool"".  Somewhat antiquated - more commonly used in the 1980s.  From ""radical""."
EN,rag,a small piece of cloth or paper,A nasty or mean female
EN,rage,a feeling of intense anger,a fun activity or occasion.
EN,rail,a barrier consisting of a horizontal bar and supports,"a line of a snortable drug, such as cocaine."
EN,raincoat,a water-resistant coat,a condom.
EN,raisin,dried grape,"an elderly person, wrinkled like a raisin."
EN,ram,the most common computer memory which can be used by programs to perform necessary tasks while the computer is on; an integrated circuit memory chip allows information to be stored or accessed in any order and all storage locations are equally accessible,a derogatory term for an unattractive member of the opposite sex.
EN,random,lacking any definite plan or order or purpose; governed by or depending on chance,unexpected and surprising.
EN,rank,a row or line of people (especially soldiers or police) standing abreast of one another,awful-smelling.
EN,rap,a reproach for some lapse or misdeed,one's game
EN,rat,any of various long-tailed rodents similar to but larger than a mouse,B.action done by a person to ruin another person life by telling on them to authorities.   C.Person that is responsible of some people incarated because they feel low themselves and want people to believe criminals are it.  D.A person that spreads diseases by attack or sexually. E.Person who betrays friendship in any way not considered a missdeed.  F.a person who tells on you to people who didn't need to know G.A adult person that dates and/or considers being friends with underage people.
EN,ratchet,mechanical device consisting of a toothed wheel or rack engaged with a pawl that permits it to move in only one direction,"nasty, ghetto, or trifling."
EN,raw,informal terms for nakedness,"very good, excellent; ""cool""."
EN,razor,edge tool used in shaving,"""cool""; ""awesome""; ""neat""."
EN,real,any rational or irrational number,acting true to one's self.
EN,rebound,a movement back from an impact,"the period of time immediately after the end of a relationship, during which time the members of the relationship are incapable of entering into a new relationship in a healthy way."
EN,recognize,accept (someone) to be what is claimed or accept his power and authority,"to understand, comprehend."
EN,red,red color or pigment; the chromatic color resembling the hue of blood,mean; spiteful; cruel.
EN,reefer,marijuana leaves rolled into a cigarette for smoking,"a marijuana cigarette; ""joint""."
EN,reject,the person or thing that is rejected or set aside as inferior in quality,a disliked person.
EN,rep,informal abbreviation of `representative',"""reputation""."
EN,retard,a person of subnormal intelligence,an unintelligent person.
EN,rib,support resembling the rib of an animal,to make fun of.
EN,rice,grains used as food either unpolished or more often polished,"a modified, imported Japanese car."
EN,ricer,a kitchen utensil used for ricing soft foods by extruding them through small holes,"A distastefully modified vehicle, commonly of Asian origin.  Usually recognized by gratuitous display of the color yellow, performance parts stickers, large non-functional rear spoiler, extreme negative camber, 'fart tip', and lack of, or faux engine modifications."
EN,rig,gear (including necessary machinery) for a particular enterprise,a needle used to inject drugs.
EN,right,an abstract idea of that which is due to a person or governmental body by law or tradition or nature; ; - Eleanor Roosevelt,total.
EN,righteous,characterized by or proceeding from accepted standards of morality or justice; - James 5:16,"perfection, the ultimate in it's category"
EN,rim,the shape of a raised edge of a more or less circular object,"can also be used as an insult similar to ""Blow me!"""
EN,ring,a characteristic sound,a telephone call.
EN,ringer,a person who rings church bells (as for summoning the congregation),any athlete who benefits from dishonestly conferred advantages
EN,riot,a public act of violence by an unruly mob,something or someone extremely funny.
EN,rip,a dissolute man in fashionable society,"acronym for ""Reduction In Pay""."
EN,ripped,tear or be torn violently,muscular with extremely low body fat.
EN,river,a large natural stream of water (larger than a creek),the last card in Texas Hold'em.
EN,roast,a piece of meat roasted or for roasting and of a size for slicing into more than one portion,used in response to a person making fun of another.
EN,rock,a lump or mass of hard consolidated mineral matter,"of the ""rock and roll"" genre of music."
EN,rook,(chess) the piece that can move any number of unoccupied squares in a direction parallel to the sides of the chessboard,"abbreviated form of ""rookie""."
EN,rooster,adult male chicken,"a person who wakes up early in the morning; ""early riser""."
EN,root,(botany) the usually underground organ that lacks buds or leaves or nodes; absorbs water and mineral salts; usually it anchors the plant to the ground,a session of sex.
EN,rubber,an elastic material obtained from the latex sap of trees (especially trees of the genera Hevea and Ficus) that can be vulcanized and finished into a variety of products,a condom.
EN,rude,socially incorrect in behavior,very cool.
EN,rule,a principle or condition that customarily governs behavior,to be excellent.
EN,rumble,a loud low dull continuous noise,a brawl.
EN,rump,the part of an animal that corresponds to the human buttocks,buttocks.
EN,run,a score in baseball made by a runner touching all four bases safely,a trip to acquire something.  Used with a noun.
EN,runner,someone who imports or exports without paying duties,"a promiscuous female; ""slut""."
EN,sack,a bag made of paper or plastic for holding customer's purchases,testicles.  Sentence implies to be masculine and not feminine.
EN,safe,strongbox where valuables can be safely kept,attractive.
EN,salty,engagingly stimulating or provocative,mean or disrespectful.
EN,sappy,"ludicrous, foolish",dramatic and emotional; cliche; often related to plots in movies and songs -- planned sadness followed by resolve; ex. most movies from the 1980s.
EN,sauce,flavorful relish or dressing or topping served as an accompaniment to food,"sexual activity up to the point of, but not including, sexual intercourse."
EN,sausage,highly seasoned minced meat stuffed in casings,a derogatory term for a male; especially one of low intelligence level and large muscles.
EN,savage,a member of an uncivilized people,"cool, very nice, in good quality."
EN,sawbuck,a framework for holding wood that is being sawed,a ten dollar bill.
EN,scab,someone who works (or provides workers) during a strike,"someone who borrows things and doesn\'t expect to pay them back.  (Origin: temporary replacements for workers on strike - ""scab labor"")."
EN,scam,a fraudulent business scheme,"a fraudulent business scheme; ""swindle""."
EN,scarf,a garment worn around the head or neck or shoulders for warmth or decoration,"To eat hastily, usually implies a general satisfaction with the quality of the food."
EN,scat,singing jazz; the singer substitutes nonsense syllables for the words of the song and tries to sound like a musical instrument,"feces; ""poop""."
EN,scene,the place where some action occurs,the sphere of activity of a group of people with some shared characteristic.
EN,schizophrenic,someone who is afflicted with schizophrenia,prone to rapidly changing one's mind.
EN,school,an educational institution,"to strongly defeat during a competitive activity. Etymology: someone that was ""schooled"" has been ""taken to school.""  That is, taught how to do something.  And then they are badly beaten in the process."
EN,scoop,the quantity a scoop will hold,a ride in a motor vehicle.
EN,scope,an area in which something acts or operates or has power or control:,"to see, look at."
EN,score,a number or letter indicating quality (especially of a student's performance),"exclamation of happiness; ""yay!""."
EN,scrap,a small fragment of something broken off from the whole,a dirty person who looks like crap.
EN,scratch,an abraded area where the skin is torn or worn off,money.  Usually a small amount.
EN,scream,sharp piercing cry,to be strongly in agreement.
EN,screw,someone who guards prisoners,"an expression of anger.  Roughly, ""let (one) be screwed""."
EN,screwed,have sexual intercourse with,in trouble or in a bad situation.
EN,scrub,dense vegetation consisting of stunted trees or bushes,"a man with no class.  For example: possessing little money, lacking in transportation, without a place to live, etc.  Popularized by the song ""No Scrubs"" on TLC\'s 1999 album FanMail."
EN,scud,the act of moving along swiftly (as before a gale),"an unattractive female.  ""Good from far, but far from good."""
EN,second,1/60 of a minute; the basic unit of time adopted under the Systeme International d'Unites,a brief period of time more than a second.
EN,seed,a small hard fruit,semen.
EN,seedy,full of seeds,"unusual, strange, weird."
EN,serve,(sports) a stroke that puts the ball in play,To look good.
EN,session,a meeting for execution of a group's functions,a period of time during which one engages sexually with another person.
EN,sexy,marked by or tending to arouse sexual desire or interest,impressive.
EN,shack,small crude shelter used as a dwelling,to spend the night with someone.
EN,shag,a strong coarse tobacco that has been shredded,a session of sex.
EN,shake,building material used as siding or roofing,"noun: a poor-quality of marijuana, usually referring to the ""shaken-off"" weed found at the bottom of the bag, the pot dust sold at lower prices because of the high content of seeds and stems."
EN,shank,a cut of meat (beef or veal or mutton or lamb) from the upper part of the leg,a knife.
EN,sharp,a musical notation indicating one half step higher than the note named,"""cool"", ""phat""."
EN,shine,the quality of being bright and sending out rays of light,To not show up to an event.
EN,shoot,a new branch,to ejaculate.
EN,short,the location on a baseball field where the shortstop is stationed,"out of luck; ""in the doghouse""."
EN,shot,the act of firing a projectile,broken.
EN,shotgun,firearm that is a double-barreled smoothbore shoulder weapon for firing shot at short ranges,"the passenger seat in a vehicle.  Origin: the American west (i.e. during the 1800s.) The ""shotgun"" was the person that sat next to the driver of a wagon with a shotgun, watching for trouble.  When three or more people are to ride in a car, one of the non-drivers will often ""call""  shotgun, meaning that they get the privilege of riding in the passenger seat.To travel as an armed guard next to a vehicle\'s driver. Latterly, chiefly in America is to travel in a car\'s front passenger seat.  "
EN,shout,a loud utterance; often in protest or opposition,To treat someone to something.  (from New Zealand).
EN,shrapnel,shell containing lead pellets that explodes in flight,coins.
EN,shred,a tiny or scarcely detectable amount,"to perform an athletic sport such as surfing, skiing, or skateboarding well."
EN,shrimping,fish for shrimp,the sexual practice of toe sucking.
EN,sick,people who are sick,"great; amazing; ""cool""; ""awesome""."
EN,simmer,temperature just below the boiling point,to calm down. Note: usually used to warn someone that they need to calm down.
EN,sing,deliver by singing,"to tell the authorities details of a crime; ""rat out""."
EN,single,a base hit on which the batter stops safely at first base,"When a married couple's children are out of town visiting Grandma for a couple of weeks, allowing parents to go out and party."
EN,sister,a female person who has the same parents as another person,form of address for a female used by a close friend.
EN,skank,any substance considered disgustingly foul or unpleasant,"messy, run down, dilapidated."
EN,skate,sports equipment that is worn on the feet to enable the wearer to glide along and to be propelled by the alternate actions of the legs,to leave.
EN,skater,someone who skates,"one eighth of an ounce of marijuana.  From ""eight"" + ""skater"".  Also sk8r or sk8er."
EN,skeet,the sport of shooting at clay pigeons that are hurled upward in such a way as to simulate the flight of a bird,"generally displeasing.  Primarily a St. Louis, MO, USA term."
EN,sketch,preliminary drawing for later elaboration,"to act excessively nervous, especially while on marijuana."
EN,sketchy,giving only major points; lacking completeness,"of questionable character, strange."
EN,ski,narrow wood or metal or plastic runners used in pairs for gliding over snow,to perform a handjob on two men at the same time.
EN,skin,a natural protective body covering and site of the sense of touch,a cigarette rolling paper.
EN,skirt,cloth covering that forms the part of a garment below the waist,a female.  Origin: Used mostly in the 30's and 40's. Revival of this term came during the resurgence of the swing and retro lifestyle in the late  1990's.
EN,skull,the bony skeleton of the head of vertebrates,fellatio.
EN,slab,block consisting of a thick piece of something,"street, from ""slab (large piece) of concrete."""
EN,slack,dust consisting of a mixture of small coal fragments and coal dust and dirt that sifts out when coal is passed over a sieve,tolerance.
EN,slam,winning all or all but one of the tricks in bridge,poetry recital.
EN,slang,informal language consisting of words and expressions that are not considered appropriate for formal occasions; often vituperative or vulgar,to deal drugs.
EN,slant,a biased way of looking at or presenting something,a person of East/Southeast Asian descent; a person with slanted eyes. 
EN,slap,a blow from a flat object (as an open hand),loud music.
EN,slash,a wound made by cutting,local slash; term for local lager or beer when in a foreign country.This definition is questionable and is pending deletion.  It will be saved from deletion if legitimate citations are found.
EN,sledge,a vehicle mounted on runners and pulled by horses or dogs; for transportation over snow,"to separate oneself from a female quickly due to obvious psychological problems and move on quickly for better dating prospects.  From popular comedian Tommy Sledge who say\'s ""I moved on, it\'s my job it\'s what I do.This definition is questionable and is pending deletion.  It will be saved from deletion if legitimate citations are found."
EN,slick,a slippery smoothness,you out-did someone in something.
EN,slide,a small flat rectangular piece of glass on which specimens can be mounted for microscopic study,to leave.
EN,sling,a highball with liquor and water with sugar and lemon or lime juice,to sell.
EN,slit,a long narrow opening,female genitals
EN,slope,an elevated geological formation,an Asian person.  Derogatory.
EN,slug,a projectile that is fired from a gun,"a commuter who ""hitchhikes"" a ride with an unknown driver at a designated pickup point.  Often used to take advantage of High Occupancy Vehicle (HOV) lanes during commute hours."
EN,slut,a dirty untidy woman,a promiscuous person.
EN,smack,a blow from a flat object (as an open hand),excellent.
EN,smash,a vigorous blow,"a successful thing, especially a movie."
EN,smoke,a cloud of fine particles suspended in a gas,a cigarette.
EN,snack,a light informal meal,"attractive female or male.  Quality of being a ""snack"" - snackiness.  Potential of being a ""snack"" - snackability.  Adjective forms - snacky, snackilicious.  v.  snack (as in, Man, I\'d love to snack on him for a bit!)  Variation:  n. snackycakes (pet name)."
EN,snag,a sharp protuberance,A powwow hook up.
EN,snake,limbless scaly elongate reptile; some are venomous,to steal.
EN,snap,the act of catching an object with the hands,"an exclamation of surprise or disappointment; ""damn""; ""darn""; ""shit""."
EN,snatch,a small fragment,female genitalia.
EN,sneak,a person who is regarded as underhanded and furtive and contemptible,to acquire discretely.
EN,snipe,Old or New World straight-billed game bird of the sandpiper family; of marshy areas; similar to the woodcocks,partially smoke cigarette
EN,snow,precipitation falling from clouds in the form of ice crystals,cocaine.
EN,snowball,plant having heads of fragrant white trumpet-shaped flowers; grows in sandy arid regions,"a sexual practice where a person performs fellatio on a male until the male ejaculates, then spits the semen into the male's mouth."
EN,snowflake,a crystal of snow,A person who thinks they are perfect and unique when in fact they are not and are like everyone else.
EN,snuff,the charred portion of a candlewick,to punch.
EN,sod,surface layer of ground containing a mat of grass and grass roots,"bastard.  From ""Sodomite""."
EN,soft,yielding readily to pressure or weight,Effeminate.  Easy-going.  Repressed.  Womanly.
EN,solid,matter that is solid at room temperature and pressure,difficult.
EN,son,a male human offspring,"friend; ""dude""."
EN,sound,the particular auditory effect produced by a given cause,"good, great, fantastic, etc."
EN,sow,an adult female hog,"an overweight female.  From the non-slang definition of ""sow"": a female pig.  See also heifer."
EN,spade,a playing card in the major suit that has one or more black figures on it,to flirt with a person.
EN,spam,a canned meat made largely from pork,off-topic messages posted to an internet forum.
EN,spank,a slap with the flat of the hand,really sharp and clean looking
EN,spec,a detailed description of design criteria for a piece of work,"""specification""."
EN,special,a special offering (usually temporary and at a reduced price) that is featured in advertising,"retarded, or simply unintelligent."
EN,spike,a transient variation in voltage or current,to secretly put alcohol in a non-alcoholic beverage.
EN,spinner,someone who spins (who twists fibers into threads),a petite female.  Origin: a woman small enough that she can be spun around while on top of a man during sex.
EN,spit,a narrow strip of land that juts out into the sea,"to say.  Has somewhat of a negative context, so one usually uses this term to refer to people saying things one doesn't agree with."
EN,spoon,a piece of cutlery with a shallow bowl-shaped container and a handle; used to stir or serve or take up food,I'm from England and Spooning is when a person male or female get down on a partners genitals front or rear and with their tongue lick them out pleasurably to ecstasy.
EN,spot,a point located with respect to surface features of some region,a place to hang out or party.
EN,spud,an edible tuber native to South America; a staple food of Ireland,"noun, means acting like a vegetable, dense, not too alert."
EN,spyware,computer software that obtains information from a user's computer without the user's knowledge or consent,"software that lets third parties monitor a user\'s activities and personal data.  From ""spy"" + ""software""."
EN,square,(geometry) a plane rectangle with four equal sides and four right angles; a four-sided regular polygon,"with debts settled; ""even""."
EN,squat,exercising by repeatedly assuming a crouching position with the knees bent; strengthens the leg muscles,"anything, used in the negative to mean nothing."
EN,squeeze,the act of gripping and pressing firmly,the primary focus of one's romantic life.
EN,squid,(Italian cuisine) squid prepared as food,"sucker, mark, bitch."
EN,stack,an orderly pile,thousand dollars.
EN,stacked,load or cover with stacks,large breasted.
EN,stallion,uncastrated adult male horse,"an extremely handsome, well built man - usually a stripper - whose body is in great shape. A perfect ""10"".Meaning that his body makes a woman want to fantasize about riding him sexually like a horse. body literally looks like a race horse.The word ""thoroughbred"" refers to a woman in this same way."
EN,steal,an advantageous purchase,to hit someone (usually in the face).
EN,steamer,a clam that is usually steamed in the shell,"feces; ""turd""."
EN,steaming,travel by means of steam power,very drunk.
EN,stem,(linguistics) the form of a word after all affixes are removed,"acronym for ""science, technology, engineering, and mathematics""."
EN,step,any maneuver made as part of progress toward a goal,"to ""step up"" to a fight."
EN,stewed,be in a huff; be silent or sullen,drunk.
EN,stick,an implement consisting of a length of wood,a person who lives in a rural area.
EN,stink,a distinctive odor that is offensively unpleasant,a commotion.
EN,stole,a wide scarf worn about their shoulders by women,"to punch or attack, typically with no prior warning. Also stole on."
EN,stone,a lump or mass of hard consolidated mineral matter,complete or completely; wholly; perfect or perfectly.
EN,stoner,an attacker who pelts the victim with stones (especially with intent to kill),a person who frequently smokes marijuana.
EN,straight,a heterosexual person; someone having a sexual orientation to persons of the opposite sex,fine; okay.
EN,strap,an elongated leather strip (or a strip of similar material) for binding things together or holding something in position,to carry a firearm.
EN,strawberry,sweet fleshy red fruit,"a prostitute, or one who sells or barters sexual services."
EN,stretch,a large and unbroken expanse or distance,a period of time.
EN,stroll,a leisurely walk (usually in some public place),"an area, such as a particular street, where prostitutes solicit customers."
EN,strop,a leather strap used to sharpen razors,a temper tantrum.
EN,stuff,the tangible substance that goes into the makeup of a physical object,The male or female genitalia.
EN,stump,the base part of a tree that remains standing after the tree has been felled,to leave a person without an answer.
EN,stunt,a difficult or unusual or dangerous feat; usually done to gain attention,to show off.  Even if a chain you have on isn't real you can still stunt or be a stunna.
EN,sucker,a person who is gullible and easy to take advantage of,an imbecile.
EN,sugar,a white crystalline carbohydrate used as a sweetener and preservative,name for an attractive friend
EN,sup,a small amount of liquid food,"a greeting, similar to ""What\'s going on?""  A shortened version of ""What\'s up?"""
EN,super,a caretaker for an apartment house; represents the owner as janitor and rent collector,"a landlord.  From ""superintendent""."
EN,superman,a person with great powers and abilities,a talented man.
EN,swag,valuable goods,"an approximation or educated guess.  Acronym of ""scientific wild-assed guess.""  Contrast with the less-precise ""wag"" (wild-assed guess)."
EN,swagger,an itinerant Australian laborer who carries his personal belongings in a bundle as he travels around in search of work,"a person's style, attitude, general demeanor."
EN,swallow,a small amount of liquid food,to swallow a man's ejaculate during oral sex.
EN,sway,controlling influence,To hit with great force; knock out
EN,sweat,salty fluid secreted by sweat glands,to worry. Also sweat it.
EN,sweet,English phonetician; one of the founders of modern phonetics (1845-1912),"good, excellent, fun; ""cool""."
EN,swell,the undulating movement of the surface of the open sea,"good, cool."
EN,swish,a brushing or rustling sound,to walk effeminately.
EN,switch,control consisting of a mechanical or electrical or electronic device for making or breaking or changing the connections in a circuit,when a person normally speaks in a certain manner but then switches to the colloquial style with whom he or she is currently conversing.
EN,ta,a hard grey lustrous metallic element that is highly resistant to corrosion; occurs in niobite and fergusonite and tantalite,"""thank you.""  Used predominantly in the UK and Australia."
EN,tab,the bill in a restaurant,A fat girl. Tilt ass bitch. The ones that lower your car when they get in.
EN,taco,(ethnic slur) offensive term for a person of Mexican descent,a vulva.
EN,tag,"a label written or printed on paper, cardboard, or plastic that is attached to something to indicate its owner, nature, price, etc.",Wow!
EN,tail,the posterior part of the body of a vertebrate especially when elongated and extending beyond the trunk or main part of the body,attractive females.
EN,taint,the state of being contaminated,perineum.
EN,talent,natural abilities or qualities,attractive women and/or men.
EN,tank,an enclosed armored military vehicle; has a cannon and moves on caterpillar treads,"to overcome, to conquer.If used reflexively, may take on opposite meaning, as in:"
EN,tap,the sound made by a gentle blow,to have sex with.
EN,tart,a woman who engages in sexual intercourse for money,"A person, usually female, that is a show-off or just a stupid bimbo."
EN,tasty,pleasing to the sense of taste,"really good, attractive, or just cool."
EN,tax,charge against a citizen's person or property or activity for the support of government,to make a person pay.
EN,teach,an English pirate who operated in the Caribbean and off the Atlantic coast of North America (died in 1718),form of address for a teacher.
EN,tender,something that can be used as an official medium of payment,Very cool.
EN,thick,the location of something surrounded by other things,having a nice body.  Usually used towards females.
EN,thing,a special situation,a penis.
EN,thirsty,needing moisture,desperate.
EN,thump,a heavy dull sound (as made by impact of heavy objects),"to strike with great force, as in a punch."
EN,tight,closely constrained or constricted or constricting,"very good, excellent; ""cool""; ""awesome""."
EN,tilt,a combat between two mounted knights tilting against each other with blunted lances,"house, apartment, home, place you live."
EN,tin,a silvery malleable metallic element that resists corrosion; used in many alloys and to coat other metals to prevent corrosion; obtained chiefly from cassiterite where it occurs as tin oxide,badge carried by law enforcement officials.
EN,ting,a light clear metallic sound as of a small bell,"""thing""."
EN,tip,the extreme end of something; especially something pointed,"the glans (""head"") of the penis."
EN,tipsy,slightly intoxicated,drunk.
EN,tit,either of two soft fleshy milk-secreting glandular organs on the chest of a woman,"breast.  Likely from the word ""teat."""
EN,toaster,someone who proposes a toast; someone who drinks to the health of success of someone or some venture,an underpowered computer.
EN,tongue,a mobile mass of muscular tissue covered with mucous membrane and located in the oral cavity,to French kiss.
EN,toolbox,a box or chest or cabinet for holding hand tools,"a group of ""tools."""
EN,toot,a blast of a horn,"to flatulate; ""fart"".  Childish."
EN,top,the upper part of anything,"great; excellent; ""awesome""."
EN,torch,a light usually carried in the hand; consists of some flammable substance,to over-apply flame to
EN,tosser,terms of abuse for a masturbator,"a general insult; ""jerk"", ""asshole"".  Literally: one who masturbates.  See toss."
EN,total,the whole amount,to wreck a vehicle such that repairs would cost more than the value of the (unwrecked) vehicle.
EN,track,a line or route along which something travels or moves,a place where prostitutes gather to find clients.
EN,trap,a device in which something (usually an animal) can be caught and penned,a place where illegal drug transactions take place.  Generally considered to be the ghetto or a specific place in the ghetto like a certain corner or parking lot of a store.  Most often linked but not limited to the sale of crack/cocaine.
EN,trash,worthless material that is to be disposed of,a low-class person.
EN,treat,something considered choice to eat,to get talked about or put down badly
EN,tree,a tall perennial woody plant having a main trunk and branches forming a distinct elevated crown; includes both gymnosperms and angiosperms,a large penis.
EN,trick,a cunning or deceitful action or device,cool.
EN,trill,a note that alternates rapidly with another note a semitone above it,"extremely cool; awesome to see; very enjoyable; ""eye candy""."
EN,trip,a journey for some purpose (usually including the return),the period of time during which a person is under the influence of LSD.
EN,troll,(Scandanavian folklore) a supernatural creature (either a dwarf or a giant) that is supposed to live in caves or in the mountains,an unattractive female or one with a bad reputation.
EN,trooper,a soldier in a motorized army unit,one who handles adversity well
EN,trump,a playing card in the suit that has been declared trumps,"to flatulate; ""break wind""."
EN,tug,a sudden abrupt pull,a session of masturbation.
EN,tunnel,"a passageway through or under something, usually underground (especially one for trains or cars)",to defraud with large gains.  Also tunnel out.
EN,turf,surface layer of ground containing a mat of grass and grass roots,"the area claimed by a person, group, gang, etc."
EN,turkey,large gallinaceous bird with fan-shaped tail; widely domesticated for food,an African American who is confused about their ethnic heritage.  Derogatory.  From the animal turkey having both dark and light meat.  Eventually incorporated into general slang as a clueless person.
EN,tweak,a squeeze with the fingers,crystal methamphetamine.
EN,tweed,thick woolen fabric used for clothing; originated in Scotland,"marijuana.  From ""weed""."
EN,twisted,"to move in a twisting or contorted motion, (especially when struggling)","sadistic; ""messed up""."
EN,twitter,a series of chirps,"the perineum.  From, ""The skin between your twat and your shitter."""
EN,use,the act of using,to habitually take a drug or drink alcohol.
EN,vanilla,any of numerous climbing plants of the genus Vanilla having fleshy leaves and clusters of large waxy highly fragrant white or green or topaz flowers,"bland, boring, normal."
EN,vexed,"cause annoyance in; disturb, especially by minor irritations",very angry.
EN,vicious,(of persons or their actions) able or disposed to inflict pain or suffering,"Awesome, cool, wicked sweet."
EN,viper,venomous Old World snakes characterized by hollow venom-conducting fangs in the upper jaw,archaic term for a marijuana smoker.  Originated among black jazz musicians of the 1930s.
EN,virgin,a person who has never had sex,inexperienced or having never experienced something.
EN,wad,a small mass of soft material,"A large amount of paper money, usually in a wallet or pants pocket.  Sometimes referred to as ""a wad of dough."""
EN,wasted,spend thoughtlessly; throw away,extremely drunk.
EN,way,how something is done or how it happens,very.
EN,weak,wanting in physical strength,inadequate or displeasing.
EN,well,a deep hole or shaft dug or drilled to obtain water or oil or gas or brine,"""very""."
EN,wet,wetness caused by water,"very good, excellent; ""cool""."
EN,whatever,one or some or every or all without specification,"Used for almost anything anymore.  (1) ""I don\'t care,""  (2) ""Yeah right! (sarcasm)""  (3) Tacked at the end of a listing of things, like etc."
EN,whiff,a short light gust of air,"while playing a sport, to miss the ball / puck."
EN,whip,an instrument with a handle and a flexible lash that is used for whipping,a car.
EN,whipped,beat severely with a whip or rod,extremely obedient to one's significant other.  Also pussy-whipped.
EN,white,a member of the Caucasoid race,cocaine.
EN,whore,a woman who engages in sexual intercourse for money,"a greeting, usually between males."
EN,wicked,morally bad in principle or practice,"very good, excellent; ""cool""; ""awesome""."
EN,wig,hairpiece covering the head and made of real or synthetic hair,Head.
EN,win,a victory (as in a race or other competition),some amount of a good thing.  Contrast with fail.
EN,wired,provide with electrical circuits,"under the influence of stimulants, e.g. caffeine or methamphetamines."
EN,wizard,someone who is dazzlingly skilled in any field,interjection used to indicate that something is cool.  Originated in Britain.  Popularized in modern slang by the movie Juno.
EN,wood,the hard fibrous lignified substance under the bark of trees,an erection.
EN,woody,made of or containing or resembling wood,An Erection.
EN,word,a unit of language that native speakers can identify,seriously.
EN,work,activity directed toward making or doing something,"to be put down, insulted"
EN,wow,a joke that seems extremely funny,"an exclamation of delight, surprise or amazement."
EN,wrecked,smash or break forcefully,severely under the influence of drugs.
EN,y,a silvery metallic element that is common in rare-earth minerals; used in magnesium and aluminum alloys,"""yes"".  Used in text-based communication such as instant messaging."
EN,yahoo,a person who is not very intelligent or interested in culture,a weird person.
EN,yale,a university in Connecticut,Cocaine. Because students at Yale University are presumably rich and can afford to buy cocaine.
EN,yam,edible tuber of any of several yams,slam dunking in the sport of basketball; to jam; throw down.
EN,yap,informal terms for the mouth,mouth.
EN,yard,a unit of length equal to 3 feet; defined as 91.44 centimeters; originally taken to be the average length of a stride,one hundred dollars.
EN,yawn,an involuntary intake of breath through a wide open mouth; usually triggered by fatigue or boredom,spoken to indicate something is boring.
EN,yea,an affirmative,"spelling variant of ""yeah""."
EN,yellow,yellow color or pigment; the chromatic color resembling the hue of sunflowers or ripe lemons,any of a number of drugs whose capsules / pills are yellow in color.
EN,young,any immature animal,Small or tight fitting clothes
EN,z,the ending of a series or sequence; --Revelation,"In the example sentence, a ""z-bag"" is a bag containing an ounce of something - marijuana in this case."
EN,zen,school of Mahayana Buddhism asserting that enlightenment can come through meditation and intuition rather than faith; China and Japan,"to be at peace... back to wholeness, so to speak."
EN,zip,a quantity of no importance,anything.
EN,zoned,regulate housing in; of certain areas of towns,"very intoxicated; spacey.  Also zoned out.  A ""zone trooper"" is someone apt to be in this state."
RU,абзац,Paragraph,Total disaster; a complete mess; something has gone terribly wrong.
RU,абрек,A mountain outlaw or bandit from the Caucasus region.,"Person from the Caucasus region, often used to refer to someone from the North Caucasus, sometimes with connotations of being a bandit or outlaw."
RU,автозак,Automobile for transporting prisoners.,Prisoner transport van
RU,автоксива,Driver’s license,Driver’s license
RU,ага,A type of tick (parasitic arachnid).,"Yeah, right. Sign of agreement or confirmation."
RU,адназначна,Unambiguously,Absolutely; definitely; for sure.
RU,адстой,Sediment,"crap, garbage, bullshit"
RU,акробат,Acrobat.,Passive homosexual.
RU,албанский,"Albanian (relating to Albania or its people, language, or culture)","A deliberately distorted or humorous form of Russian internet slang, often used to mock language mistakes or playful misspellings online."
RU,алик,A diminutive form of the male given name Alexander.,Alcoholic.
RU,алкаш,Alcoholic,Drunkard.
RU,аллора,"Then, so, well (used as a filler word in Italian conversation).","Spic, wog, Italian (used derogatorily for Italians or Mediterranean foreigners, especially those trading illegally)."
RU,амара,Amara is a female given name.,"Whore, prostitute"
RU,америкосы,"Americans, citizens of the United States of America.","Yankees, citizens of the United States of America."
RU,амортизатор,Shock absorber,Tits
RU,анашист,An adherent of anarchism; anarchist.,Pothead; marijuana user
RU,АПВС?,Why are you asking?,Why are you asking?
RU,арбуз,Watermelon,Billion
RU,армянская королева,Armenian queen,"Passive homosexual (derogatory; literally “Armenian queen,” based on a stereotype about Armenians)."
RU,аська,Diminutive form of the female given name Asya.,The instant messaging program ICQ (computer slang).
RU,атасный,"Alarm, danger, alert.","Awesome, cool, fantastic, dope."
RU,афтар,Author,"Author (especially the writer of an internet post or comment; playful or mocking misspelling of ""author"")."
RU,аффтар жжот,author sets on fire,The author rocks.
RU,ахуеть,To be astonished or amazed.,"To be shocked or amazed; to be blown away (often used to express strong surprise, disbelief, or astonishment, sometimes with a vulgar or emphatic tone)."
RU,аццкий,Hellish,"Hellish; extremely intense, can mean either very good or very bad."
RU,б/п,Without deception; truthfully.,No bullshit.
RU,баба,Old woman; peasant woman; grandmother.,"Woman, usually older woman, slightly derogatory."
RU,бабай,bogeyman,Boogeyman
RU,бабки,Old women; grannies.,"Money, cash, dough."
RU,бабник,A man who is fond of the company of women.,Womanizer
RU,бабосики,Money,"Cash, dough, money."
RU,бавовна,Cotton,"Explosion (used ironically, especially for military or accidental blasts)."
RU,базар,Market,"Chatter, banter."
RU,базарить,To trade in a marketplace.,"To talk, to chat, to shoot the breeze."
RU,байстрюк,Illegitimate child,Bastard (an illegitimate child; used as an insult).
RU,бакинские,from Baku; relating to Baku (the capital city of Azerbaijan),"Greenback, American dollar."
RU,бакс,tank,"Buck, US dollar."
RU,балда,"Blockhead, fool, simpleton","Dick, penis."
RU,балдеть,To be stupefied or to be in a daze.,To get a kick out of something; to really enjoy or vibe with something.
RU,бандер,Banner,"Pimp, male manager of a brothel."
RU,"бандеровцы, бандерлоги","Supporters or followers of Stepan Bandera, a Ukrainian nationalist leader and head of the Organization of Ukrainian Nationalists (OUN) and the Ukrainian Insurgent Army (UPA) during the mid-20th century.","A derogatory term used by Russians to refer to Ukrainian nationalists, especially those from Western Ukraine, implying they are fascists or extremists hostile to Russia."
RU,бандерша,Madam of a brothel; female brothel keeper.,"Unattractive, ugly woman."
RU,бараться,To battle,To have sex.
RU,бардак,Brothel,"Mess, chaos, disorder"
RU,бардачный,Relating to a glove compartment (of a car).,"Chaotic, messy, disorganized."
RU,бардачок,A small mess; disorder; clutter.,A mess; a chaotic or disorganized place.
RU,барсук,Badger.,Experienced homosexual.
RU,барыга,Dealer,"Fence, dealer in stolen goods, drug dealer."
RU,батончик,"Small loaf of bread; snack bar (e.g., chocolate bar).",Young prostitute
RU,башка,Head,Head (slang for head or brain)
RU,без пизды,Without a vagina,"No bullshit, honestly, for real."
RU,белокурва,Blond-haired woman,Blonde bimbo.
RU,беспонтовый,Having no value or merit; worthless.,"Lame, worthless, unimpressive, or not cool."
RU,бздеть,To be afraid; to be scared.,To fart silently.
RU,бзднуть,To be afraid.,To fart.
RU,бздун,Coward,Coward
RU,бздун,Farter,"Chicken, easily scared person."
RU,бич,Whip,"Bum, homeless person."
RU,блат,Influence or connections used to obtain favors or advantages.,"Connections, pull, or influence (especially to get special treatment or favors, often through unofficial or corrupt means)."
RU,блат (по ~у),"Protection, patronage, influence.","Through connections, using pull or influence."
RU,блеать,Whore,"A vulgar exclamation used to express frustration, anger, or surprise; similar to ""fuck"" or ""shit"" in English."
RU,блевать,To vomit.,"To puke, to barf, to vomit."
RU,блевотина,Vomit,Puke
RU,блин,Pancake,Damn; crap; shoot (used as a mild expletive or to express frustration)
RU,блохастик,A small animal infested with fleas.,Fleabag (dog)
RU,бля,Whore,Fuck!
RU,блядовство,Prostitution.,Sluttiness
RU,блядофон,Mobile phone,"A mobile phone used to secretly contact lovers or sex workers, usually to avoid a spouse's suspicion."
RU,блядский,Of or relating to a prostitute.,"Fucking (used to emphasize something, often with annoyance or anger)"
RU,блядство,Whoredom; prostitution.,Promiscuous or immoral behavior; a lifestyle characterized by sexual looseness or depravity.
RU,блядство,Whoredom; fornication.,A total mess; a complete shitshow.
RU,блядствовать,To commit adultery.,To sleep around; to engage in promiscuous sexual activity.
RU,блядь,"Lie, heresy, mistake","Whore, slut, bitch, promiscuous woman."
RU,"блядь (не ~, а честная давалка)",whore,"A person who swears too much, especially using the word ""blyad,"" not literally a prostitute but someone who uses the expletive excessively."
RU,бляндинка,Blonde woman,Slutty blonde
RU,блять,Whore,"Fuck, shit, damn (used as an expletive or interjection to express strong emotion, frustration, or surprise)."
RU,бляха-муха,Steel plate,Damn! / Bloody hell! / For fuck’s sake!
RU,бодун,"A large, strong man; a brawny fellow.",Hangover
RU,болван,"A blank, dummy, or mannequin (such as a model of a head or figure used for hats or wigs).","Idiot, fool."
RU,болт,Bolt (a metal fastener or rod),Penis
RU,болт (забить ~),"Bolt, metal rod, or pin.","To not give a fuck, to ignore something."
RU,бомбануть,To bomb; to explode.,"To suddenly lose one’s temper or freak out, often reacting with anger or aggression."
RU,бомбила,Bomber (a person who drops bombs or uses explosives),Illegal cab driver (gypsy cab driver).
RU,бомбить,To bomb; to drop bombs on.,To work as an unlicensed taxi driver using a private car.
RU,бомж,A person without a fixed place of residence.,"Hobo, homeless person."
RU,бомж-пакет,A package for a homeless person.,"Instant noodles, usually of Asian origin."
RU,Бонжурия,"Bonjour (a French greeting meaning ""hello"")","France (humorously referred to as ""the land of bonjour"")"
RU,ботаник (ботан),Botanist,A nerd or geek; someone who is very studious or academically focused.
RU,ботать по фене,To speak,To speak in criminal slang; to use thieves' cant.
RU,боянист,Accordion player,A user who keeps reposting old jokes or memes as if they’re new.
RU,"братан (братуха, брачо)",Brother,"Bro, dude, mate, buddy."
RU,брехня,Falsehood,Bullshit.
RU,брушить,To collapse; to bring down.,To hustle.
RU,брюлики,Diamonds,"Bling, flashy jewelry"
RU,бубен,Tambourine,"Face, especially one that looks like it’s asking to be punched."
RU,бубенцы,Small bells; jingle bells.,Testicles
RU,бугор,"hill, mound","Abroad, especially Western countries."
RU,будка,Booth or kiosk.,Face
RU,булкотряс,"Bun-shaker (literally, something or someone that shakes buns).",Nightclub (a place for dancing and partying).
RU,бумер,Boomerang (a type of throwing weapon/toy),"BMW, beamer, car from the Bayerische Motoren Werke AG"
RU,бундес,Bundes (short for Bundesrepublik) – Federal Republic (as in Federal Republic of Germany),"West German (person), especially in the context of shady dealers interacting with foreign tourists in the late Soviet Union."
RU,бункерный дед,An old man in a bunker.,"A nickname for Vladimir Putin, referring to him as the “grandpa in the bunker” who isolated himself from the public since the COVID-19 outbreak in March 2020."
RU,бухарь,A heavy drinker; drunkard.,"Ironical name for January; because of the many holidays early in the month, there are lots of chances to drink."
RU,бухать,"To bang, to thump, to make a loud noise.",To booze; to get wasted; to drink heavily (alcohol).
RU,бухой,Intoxicated.,Drunk
RU,бычара,Bull (large male bovine animal),"A thug or brute; a rough, aggressive man."
RU,бычить,To act like a bull.,"To act aggressively, pick a fight, or behave confrontationally."
RU,валить,To fell (a tree); to knock down; to bring down.,To bail.
RU,варик,"Variant, option, alternative.","Option; a possible way or variant (short for ""variant""), used informally by youths."
RU,ватник,A padded cotton jacket.,"A blindly patriotic Russian nationalist, often a staunch supporter of Putin, who aggressively glorifies Russia and dismisses criticism, typically in an unthinking or propagandistic way."
RU,вату катать,To roll cotton wool.,"To slack off, to loaf around, to waste time."
RU,вафлёрка,Waffle (a type of pastry),Blowjob girl
RU,вафли ловить,To catch waffles.,To space out or zone out; to stare blankly with your mouth open.
RU,вафлю ловить,To catch a waffle.,To search for a Wi-Fi signal.
RU,вдувать,"To blow in, to inject (air or gas)",To have sex with (someone); to fuck.
RU,вездеход,All-terrain vehicle,"A highly official ID that grants almost universal access, like the ID of a parliament member’s assistant."
RU,вентиль,Valve,"Prick, penis"
RU,вжарить,"To fry, to roast.","To fuck, screw."
RU,вздрючить,"To jerk, to twitch.","To beat up, to rough up, to give someone a hard time."
RU,видик,video recorder,VCR
RU,вискарь,Whisky.,Whisky.
RU,вкуривать,"To inhale (smoke), to smoke.","To get, to catch on, to figure out."
RU,вляпаться в говно,To step into feces.,To get into deep shit.
RU,вмазаться,To crash into; to bump into.,To shoot up (inject drugs).
RU,вмандячить,To insert tightly.,To whack.
RU,волосянка,A hair (especially a long or thin one); bristle.,Pubic hair.
RU,воронок,"Little crow (diminutive of ""crow"")","Police van, paddy wagon, vehicle for transporting detainees or prisoners."
RU,впендюрить,To insert forcefully.,"To shove, stick, or ram (something) in forcefully."
RU,впиздячить,To insert forcefully.,To whack.
RU,впиздячиться,To crash into.,To crash into something hard.
RU,врезать,"To insert, to cut in, to embed.","To punch, to smack."
RU,врубаться,To cut in; to switch on (a device).,"To get it, to catch on, to figure out."
RU,всратый,Shat upon.,Shitty
RU,всраться,To soil oneself; to defecate in one's pants.,"To desperately need or want something (usually used sarcastically or with a negative, as in ""I so don't need it"")."
RU,втюриться,To get stuck or jammed in.,To have a crush on someone.
RU,вхуячивать,To insert forcefully.,To bust your ass.
RU,вшивый,Infested with lice.,"Lousy, worthless, rotten."
RU,въебать,"To insert, to drive in (forcefully).",To beat the shit out of someone.
RU,въебаться,"To enter, to fit into, to get involved in something.","To crash (a vehicle), to smash into something."
RU,въехать,To drive in; to enter (by vehicle).,To get it; to catch on; to wrap your head around something.
RU,выблядок,A person born out of wedlock (illegitimate child).,Bastard (an extremely offensive insult for a despicable or contemptible person)
RU,выебать,To copulate (vulgar).,"To fuck (someone), to have sex with (someone) aggressively or disrespectfully."
RU,выёбываться,To have sexual intercourse (vulgar).,To act cocky or show off; to act like a smartass.
RU,выпендрёж,Showing off; ostentation.,"Showing off, flexing, acting flashy."
RU,выпердыш,A person or animal born as a result of a difficult or abnormal birth (often used for offspring expelled prematurely or with deformities).,A person who farts; an insult for someone who passes gas.
RU,выпиздить,To expel.,To kick someone out
RU,вякнуть,To say something briefly; to utter.,To speak out (rudely or out of turn); to mouth off.
RU,галоша,Rubber overshoe,Condom.
RU,гандон,Condom,Asshole; jerk; bastard
RU,гандон,Condom,"Condom (used as an insult meaning jerk, asshole, or idiot)"
RU,гасить,To extinguish.,To kill.
RU,гаситься,"To be extinguished, to go out (as in a light or fire).","To ghost, go into hiding, disappear and avoid contact."
RU,гейропа,Europe,"Europe, used insultingly to mock or criticize Europe as gay-friendly, decadent, or controlled by gays."
RU,геморрой,Hemorrhoids.,"A hassle, a pain, a big problem."
RU,гёрла,Girl,"Lass, broad, chick (a young woman, often used informally or playfully)"
RU,глюки,"Malfunctions or glitches (in machinery, electronics, or software).","Hallucinations, trippy visions, or glitches (especially in perception or reality)."
RU,гнать,To drive; to chase; to expel; to distill.,To talk nonsense; to babble; to bullshit.
RU,гнать,"to drive, to chase, to herd",to bullshit
RU,гнида,Nit (the egg or young form of a louse),"A contemptible, vile person; a scumbag."
RU,говённый,Related to manure or excrement.,"Shitty, lousy"
RU,говнецо,Excrement,A little piece of crap; something worthless or of very poor quality.
RU,говнище,Excrement,Major crap; something extremely bad or shitty.
RU,говно,Feces,Shit; something worthless or of very poor quality.
RU,говно вопрос,Feces question,No problem; it’s a no-brainer.
RU,говняный,Made of feces; relating to feces.,Shitty
RU,голожопый,Naked,"Poor, broke, down-and-out (“dirt poor”, “flat broke”)."
RU,голубой,Light blue (color),"Male homosexual, queer, fag"
RU,гомосек,Male homosexual.,Male homosexual; also used as a general insult.
RU,гондон,Condom.,A despicable or contemptible person; jerk; asshole.
RU,гонять,"To drive, to chase, to make go repeatedly.","To talk nonsense, to ramble, to babble."
RU,гребанный,Raked,Fucking
RU,грёбаный,Damned,Fucking
RU,гребать,To row (as with oars in a boat).,To fuck.
RU,грохнуть,To knock down; to make a loud noise; to crash.,To whack (someone).
RU,груз 200,Cargo 200,"Military slang for the body of a dead soldier being transported, or a fallen soldier."
RU,грузить,"To load, to freight, to ship.",To bore someone with tedious talk or overwhelm with nonsense.
RU,гузно,Buttocks,Arse
RU,гундосить,To speak with a nasal voice (due to a cold or nasal congestion).,"To speak in a nasal, whining, or grumbling manner."
RU,гусарский насморк,Hussar’s cold (runny nose),Gonorrhoea
RU,"да разъебись ты блядским трипиздопроебом, остохуетелое пиздострашилише, залупоглазая ящерица!","An extremely offensive and emotionally charged phrase used to rudely tell someone to go away, consisting mostly of vulgar insults and nonsensical abusive language.","Fuck off, you fucking freak, you ugly bastard!"
RU,давалка,A female who gives something.,Slut; easy girl; promiscuous woman.
RU,давать,To give,To have sex with someone; to put out; to sleep with someone (usually used about women consenting to sex).
RU,двустволка,Double-barreled shotgun,A woman with large breasts
RU,двустволка,Double-barreled shotgun,A woman having sex with two men at the same time; a bisexual man.
RU,делать ноги,To make legs.,To make a run for it.
RU,дерево,Tree,"Moron, idiot."
RU,деревянные,Wooden,Roubles (“wooden ones”)
RU,дерьмо,Manure,"Shit, crap, something of very poor quality or a bad situation."
RU,дерьмовщик,A person who cleans excrement or latrines.,"A worthless person; someone who deals with crap or does dirty, degrading work (used as an insult)."
RU,дерьмовый,Made of excrement.,"Shitty, crappy, lousy."
RU,дерьмократ,Democrat,"Rotten politician; a mix of ""democrat"" and ""shit."""
RU,дикан,A student of a village school.,Ten roubles or kopecks.
RU,динамить,To generate electricity; to operate or power with a dynamo.,"To lead someone on or string someone along, especially by making promises or giving hope of romantic or sexual interest without any intention of following through."
RU,днивниг,Diary,"Diary or blog, a playful or distorted form of ""diary."""
RU,догонять,To catch up.,"To catch on, to get it, to understand."
RU,доебать,"To pester, to harass, to bother persistently.",To pester or hassle someone until you get what you want; to nag or push relentlessly to achieve a result.
RU,дойки,Milking.,Boobs
RU,долбать,"To pound, to hammer, to peck.","To fuck, have sex, screw."
RU,долбёжка,"Hammering, drilling.","Fuck, sex"
RU,долбить,To hammer; to pound; to chisel.,To bug
RU,долбить,"To hammer, to pound, to peck, to chisel.","To cram (for an exam), to study intensely."
RU,дон,"Don (title of respect, e.g., for a nobleman or leader; also a river name in Russia)","So to say; like (used as a filler word in speech, similar to ""you know"" or ""like"" in English)."
RU,доставать,To reach for and take out; to get something out.,"To bug, to hassle, to get on someone's nerves."
RU,драпать,To scrape or to peel.,To leg it.
RU,драть,"To tear, to rip, to scratch.","To fuck, to screw"
RU,дрочить,"To rub, to scrub, to polish (something repeatedly).",To masturbate.
RU,дрыхнуть,To sleep.,To crash (to sleep heavily or nap).
RU,дрыщ,A spasm or twitch.,A scrawny or skinny weakling (often used insultingly).
RU,дрючиться,"To beat, to thrash, to flog.","To fuck, to have sex."
RU,дрючка,A stick or rod.,"Slut, whore."
RU,дубак,Oak (a type of tree),"Freezing cold, unpleasantly low temperature (so cold it makes you stiff)."
RU,дуло,Barrel (of a gun),"Prick, penis."
RU,дупло,Hollow (in a tree),"Ass, butt."
RU,дурак,Fool,"Idiot, fool."
RU,дурь,Foolishness; stupidity; nonsense.,"Hashish, marijuana, sometimes drugs in general."
RU,дуть,To blow,To smoke marijuana.
RU,душман,Enemy,Afghan enemy fighter (used by Soviet soldiers during the Afghan War)
RU,душный,Stuffy,Annoyingly boring or tedious (someone who kills the vibe).
RU,дымоход,Chimney,"Anus, chocolate chute (“stove pipe”)."
RU,дырка,"Hole, opening, or perforation.","Hole or slit, euphemism for female genitalia."
RU,дырка глупая,A small hole.,Stupid young girl (“stupid hole”).
RU,ёб вас,I fucked you.,Go fuck yourselves.
RU,ёб твою мать,I had sexual intercourse with your mother.,Fuck! / Fucking hell! / Goddammit!
RU,ебалом щёлкать,To click with one's face.,To waste time by not paying attention or missing an opportunity.
RU,ёбанной матери (до ~),To (one's) mother,A shitload; a fuckton
RU,ёбанной матери (до ~),to (one's) fucking mother,to the fucking extreme; as much as fucking possible
RU,ёбанный,Fucked,"Fucking (used as an intensifier to express strong emotion, usually negative)"
RU,ёбанный в рот (жопу),Fucked in the mouth (ass).,Fucking asshole.
RU,ебанутость,"Insanity, madness.","Batshit craziness, utter stupidity."
RU,ебануть,To strike (vulgar),To smack
RU,ебануться,To go crazy,To go crazy; to lose one's mind; to freak out.
RU,ебануться,To go insane; to lose one's mind.,To be shocked or blown away; to freak out in disbelief.
RU,ёбаный,Fucked.,Fucking
RU,ебать,To have sex (vulgar).,To fuck
RU,ебать его в рот,To have anal sex with him.,To hell with him.
RU,ебать мозги,To have sexual intercourse with the brain.,To mess with someone's head
RU,ебать му-му,To have sexual intercourse with Mu-Mu (a character from a Russian story).,"To mess around doing nothing, to annoy, to bullshit."
RU,ебать-копать!,To dig.,Holy shit!
RU,ебаться-сраться,To have sex and to defecate.,Holy shit!
RU,ебать-тарахтеть!,To have sexual intercourse; to make a rattling or clattering noise.,"An expletive expressing strong annoyance or surprise; similar to ""damn it!"" or ""what the hell!"""
RU,ебическая сила,Enormous strength,Fucking hell!
RU,ебланить,To act foolishly or behave like an idiot.,To awkwardly check out girls while timidly trying to flirt with them.
RU,ебливая,Related to sexual intercourse; copulative.,Fuckable
RU,еблом щелкать,To click with one's face.,To waste time; to miss an opportunity by being inattentive or distracted.
RU,ёбнутый,"Struck, hit.","Crazy, nuts, or out of their mind."
RU,ёбнуть,To strike or to hit.,To smack or whack someone or something.
RU,ёбнуться,To go crazy; to lose one's mind.,To go crazy; to lose one's mind.
RU,ебошить,"To strike, to hit.",To beat the shit out of; to smash; to go hard at something
RU,ебошить,To beat violently; to hit hard.,To work your ass off.
RU,ебун,Fucker; someone who has sex (vulgar).,A man who fucks a lot; a fucker.
RU,ебучий,Fornicating,Fucking
RU,еврик,Euro (currency),"Euro (currency); sometimes used as a pun referencing ""Jew."""
RU,едрить,To strike forcefully.,To fuck.
RU,ежу понятно,It is clear; it is obvious.,It's obvious; it's clear to anyone.
RU,жаба,Toad,Unattractive girl.
RU,жарить,To fry.,To have sex.
RU,жахнуть,To hit or strike forcefully.,To knock back a shot of vodka
RU,жахнуть,to bang,To have sex.
RU,жёлтый домик,Yellow house,"Loony bin, psychiatric hospital"
RU,жеребила,"(feminine form of) foal, young horse","Butch, active lesbian."
RU,жертва аборта,A person who is the result of a failed abortion.,"Despicable individual, useless idiot"
RU,жесть,Sheet metal,"Crazy, intense, hardcore, or shocking."
RU,жжот,"burns, sets on fire",Is awesome; totally rocks; kicks ass.
RU,жид,Jew,"Kike, Yid. Insulting name for Jews."
RU,жидовия,Jewry,"Israel, derogatory term."
RU,жмур,One who squints; squinter.,"Stiff, corpse."
RU,жмурик,A person who is squinting or closing their eyes tightly.,"Stiff, dead body, corpse."
RU,жопа,Buttocks,"Ass, butt."
RU,жопа,Buttocks,A really bad situation; a total mess.
RU,"жопа с ручкой, жопа на колёсиках","Butt with a handle, butt on wheels.","Useless idiot, total dumbass."
RU,жопища,Buttocks,Huge ass; massive butt.
RU,жопушка,Buttocks,Little butt; cute or playful way to refer to someone's small ass.
RU,жратва,Food,"Grub, chow (derogatory)"
RU,жрачка,Food,Grub
RU,жучить,To bug; to wiretap; to install a listening device.,To have sex.
RU,забугорный,Located beyond a hill or mountain; situated abroad.,"Foreign, imported."
RU,завинтить,To screw in; to tighten (with a screw or bolt).,"To arrest, to bust (someone)."
RU,зависать,To hang; to suspend.,To hang (regarding computers);
RU,загнать,"To drive in, to force in, to chase.","To sell (something, often quickly or under the table)."
RU,загнуть,To bend,To bullshit; to make up a story; to exaggerate.
RU,загнуть,To bend or to curve.,To exaggerate.
RU,загреметь,To make a loud noise; to clang; to rattle.,To get thrown in jail.
RU,заделать,"to make, to fix, to seal, to patch up",To knock up (get someone pregnant)
RU,задница,Buttocks,Ass (butt)
RU,задолбать,"To tire out, to exhaust.","To piss off, to annoy the hell out of someone."
RU,задолбаться,To become very tired.,To be totally sick and tired of something.
RU,задрать,To lift up; to raise.,To piss off.
RU,задубеть,To become stiff or hard (as a result of cold or drying).,"To freeze (from cold), to be freezing."
RU,заебать,"To tire out, to exhaust.","To piss off, to annoy the hell out of someone, to be a pain in the ass."
RU,заебаться,To get extremely exhausted (vulgar).,To get fucking exhausted.
RU,зажать,"To squeeze, to press, to clamp.","To keep for oneself, to pocket, to hold back (something meant to be shared)."
RU,зажигалка,Lighter,"Temptress, cock-teaser."
RU,заказать,To order (something),To put out a hit on someone
RU,заклеить,To glue; to seal.,To hit on.
RU,залететь,"To fly in, to burst in, to rush in.","Get knocked up, become pregnant (usually unintentionally)."
RU,заложить,To pawn; to mortgage; to lay (something down); to put (something in place); to lay the foundation.,To snitch.
RU,залупа,The tip or glans of the penis.,Dickhead; asshole; a very rude or obnoxious person.
RU,заморочка,A preoccupation or obsession.,A hassle or a headache.
RU,замутить,To make cloudy or to stir up (a liquid).,To hook up with someone; to start a fling or relationship.
RU,замутить,"to make murky; to cloud (e.g., water)",to hook up
RU,зануда,A tedious or boring person.,"Bore, killjoy, buzzkill."
RU,западло,Something forbidden by custom or rules; a taboo.,Beneath one's dignity; uncool or not acceptable to do.
RU,запарить,"To steam, to brew (e.g., tea or herbs)","To bug, to hassle, to get on someone's nerves."
RU,запариться,To steam (something); to cook by steaming.,To get stressed out.
RU,запарка,Steaming (the process of heating something with steam),A hectic rush or stressful overload of work.
RU,запендюрить,"To attach, to fix, to put (something somewhere)","To do something quickly or carelessly; to throw, stick, or shove something somewhere; to knock together or cobble up something hastily."
RU,засаживать,"To plant, to insert, to put in.","To have sex (with someone), to screw, to fuck."
RU,засранец,A person who has soiled themselves with feces.,A cheeky or annoying person; a little shit.
RU,зассать,To urinate.,To chicken out; to get scared and back down.
RU,застукать,To knock.,To catch someone in the act.
RU,захуярить,To kill; to beat severely.,To bang out (do something quickly or forcefully); to whip up; to knock out.
RU,захуярить,To kill.,To beat the shit out of.
RU,зачот,"credit (as in ""pass"" or ""pass/fail"" mark for an exam)",Cool! Awesome! (Used to express approval or praise)
RU,зачотный,Related to a credit or pass (as in an academic record).,"Awesome, cool, impressive."
RU,зашибись,To hit very hard; to kill by hitting.,"Awesome, freaking great"
RU,зашквар,A burn mark or branding.,"Something embarrassing, disgraceful, or super cringe."
RU,звездёж,Starring; the act of being a star.,"Bullshit, lies."
RU,звякнуть,To jingle; to clang; to ring (make a ringing sound).,To call (someone) on the phone.
RU,здоровский,Healthy,"Cool, awesome, great."
RU,зек,Prisoner,"Inmate, prisoner."
RU,зелень,"Greens, foliage, greenery, herbs.","Money, greenbacks, bucks"
RU,злоебучая,"malicious, fucking annoying","""Fucking hot"""
RU,зомбоящик,Television set,Idiot box
RU,зудить,To itch; to cause itching,To have sex
RU,зудить,To itch.,To annoy or pester someone.
RU,зырить,To look,"To check out, to eyeball, to stare."
RU,идиот,A person with very low intelligence or someone who acts foolishly.,Moron.
RU,измудохать,To exhaust or wear out completely.,To beat the crap out of someone — implies causing significant harm.
RU,изя,Izya is a diminutive form of the male given name Israel.,"Ikey, Yid, Jew (used derogatorily)"
RU,имхо,In my humble opinion.,"IMHO (“in my humble opinion”), sometimes used to mean “I have an opinion you can’t argue with.”"
RU,инет,Internet,Internet
RU,интердевочка,International girl,Prostitute who sleeps with foreigners for hard currency (obsolete).
RU,интим,Intimacy,"Sex or anything related to it (like sex shops, sexual services, etc.)."
RU,ипацца,To have sexual intercourse.,To have sex; to screw; to engage in tedious or bothersome activity.
RU,исхуячить,To damage severely; to destroy.,To mess someone up badly
RU,ихтамнет,They aren’t there.,"A Russian soldier or operative secretly involved in a conflict, especially where Russia denies their presence."
RU,йа,I,"I, phonetic spelling of ""ya""."
RU,йад,Poison,"A sarcastic way to tell someone to ""go kill yourself"" or ""get lost"" when you strongly disagree with them."
RU,йух,South,Dick
RU,кадрёж,Framing,Hitting on someone.
RU,кадрить,To frame; to take a shot (in photography or film).,"To hit on, to flirt with."
RU,каждый дрочит как он хочет,Each does things their own way.,Everyone does things their own way.
RU,кайф,Pleasure,"A feeling of intense pleasure, bliss, or a drug-induced high."
RU,кайф (ловить ~),"Pleasure, delight, enjoyment","To get a buzz, to get high, to enjoy, to vibe."
RU,кайфануть,To experience pleasure or delight.,To get a kick out of something.
RU,кайфовать,To enjoy oneself; to have a good time.,"To get high, to have a blast, to enjoy oneself intensely."
RU,кайфово,Pleasurable,"Awesome, dope, really cool."
RU,камент,Comment,"Comment, message posted on a blog or forum as a reply to the main post."
RU,канарейка,Canary (a small yellow songbird),Police car (“canary”)
RU,капец,"End, finish.","Screwed, messed up, total disaster."
RU,капуста,Cabbage,"Money, cash"
RU,катя,"Katya (a diminutive form of the female given name Ekaterina, equivalent to Catherine in English)",A hundred roubles (referring to a 100-rouble note).
RU,квасить,To ferment.,"To get wasted, to booze."
RU,кекс,Cake,Sex.
RU,кинуть,To throw.,To scam.
RU,кинуть по мылу,To throw by soap,To send by email.
RU,киска,Kitten,Attractive young lady
RU,киска,"Kitten, kitty, pussycat",Pussy
RU,кит,whale,"Chinese person (derogatory, from ""китаец"")"
RU,китаёза,Chinese person,Chink; Chinese person (derogatory)
RU,классно,Class-related; pertaining to a class (in school or society).,"Cool, awesome."
RU,клёво,"Biting (about fish), nibbling.","Awesome, cool, great."
RU,клеить,To glue.,"To hit on, to flirt with."
RU,клюшка,Hockey stick,Unattractive woman.
RU,кляп,Gag (a device used to prevent someone from speaking or making noise by obstructing the mouth),Penis
RU,книжка,Book,"Joint, spliff."
RU,кобёл,A male dog.,"Butch, active lesbian."
RU,кожаной флейте (играть на ~),leather flute,To give a blowjob.
RU,козёл,Goat,Jerk; asshole
RU,кокос,Coconut,"Yank, citizen of the USA (American)."
RU,кокос,Coconut.,Cocaine.
RU,кокушки,Droppings (of birds or small animals),"Balls, nuts, testicles."
RU,колбасина,Large sausage,Penis — “the sausage”.
RU,колбасники,Sausage makers,Ethnic slur for Germans.
RU,колеса,wheels,"pills (drugs), ecstasy"
RU,колокольчики,Little bells,Testicles (“the bells”)
RU,колорад,Colorado potato beetle,"A pro-Russian activist, especially one wearing a black-and-orange Saint George ribbon, likened to a Colorado potato beetle."
RU,колорадская лента,Colorado ribbon (a ribbon resembling the coloration of the Colorado potato beetle),"A Saint-George ribbon used as a symbol by pro-Russian forces in the Ukraine conflict, with its black and orange stripes likened to the Colorado potato beetle."
RU,командир,commander,Driver
RU,конец,End,Penis
RU,кончать,"To finish, to end, to complete.",To orgasm; to ejaculate.
RU,коньки отбросить,To throw skates,To kick the bucket.
RU,копыта откинуть,hooves,To kick the bucket
RU,корабль,Ship,"Unit for measuring marijuana, representing the amount that fits in a matchbox, enough for four to five spliffs. Derived from ""korobka"" (box)."
RU,корма,Stern (of a ship),Ass.
RU,коровка,Little cow; ladybug (a small beetle).,Passive lesbian.
RU,корыто,"Trough, washing tub","Vagina, female genitalia."
RU,косарь,Scythe,"A grand (one thousand units of currency, usually rubles)."
RU,косая,Slanting; oblique; skewed; cross-eyed (feminine form).,Thousand (rubles)
RU,косить,"To mow (grass, crops, etc.)","To shirk or dodge (responsibility, duty, or military service)."
RU,космонавт,Cosmonaut; an astronaut from Russia or the former Soviet Union.,Ironical name for police forces in full anti-riot gear (“cosmonaut”).
RU,косой,Cross-eyed; squint-eyed.,"Wasted, drunk."
RU,косяк,A shoal of fish; a flaw or defect.,"Joint, spliff."
RU,котэ,Cat,"Cat, trendy misspelling of one of the Internet’s most popular animals."
RU,красава,"Beauty (feminine), beautiful woman.","Attaboy, attagirl; a form of praise or approval, often with a hint of irony."
RU,краски,Paints,Menstruation.
RU,красная,Red (feminine form),Five thousand roubles (referring to the color of the 5000 rouble banknote).
RU,кретин,"A person suffering from cretinism, a medical condition caused by thyroid deficiency, leading to physical and mental developmental delays.","Idiot, retard"
RU,криатифф,Creativity; creative work.,"A post or message that is considered (supposedly or actually) creative, such as poetry or literature."
RU,криповый,Creepy,Creepy
RU,кросавчег,handsome man,"A cool guy or dude; used ironically to praise someone, often for doing something impressive or bold."
RU,круто,Steep,"Cool, awesome, great"
RU,крыша,Roof,"Protection racket; criminal protection for a business or individual, usually for a fee."
RU,крышевать,To roof; to cover with a roof.,"To provide illegal protection for a business, often by organized crime, in exchange for money."
RU,крякнуться,To quack (like a duck).,To croak.
RU,ксива,Document,"ID, passport"
RU,ктонть,"someone, anybody","Someone, anybody (slang contraction of ""кто-нибудь"")."
RU,Кузьмич,"A patronymic derived from the male given name Kuzma, often used as a surname or as a respectful form of address for an older man named Kuzma.","A nickname for a simple, rural Russian man conscripted into the Russian army invading Ukraine; similar to ""Tommy"" for British soldiers, originally used by football ultras to mock passive supporters."
RU,курите мою трубку,Smoke my pipe.,"Invitation (figurative, but could be direct) to perform a fellatio — literally “smoke my pipe”."
RU,кусок,Piece; chunk; bit.,Thousand (money).
RU,кутить,To live lavishly; to indulge in extravagance.,To party.
RU,лабать,"To make, to manufacture, to do (something) quickly or carelessly.","To jam or play music (often guitar), usually in an informal or energetic way."
RU,лайба,Yacht,Ride (car)
RU,лайкнуть,To bark,"To give a ""like"" (e.g., on social media)."
RU,лапать,To touch or handle with one's paw or hand.,"To grope, to fondle, to feel up."
RU,лахудра,A slovenly or untidy woman.,"A scruffy, unattractive, or slovenly woman; an old hag."
RU,лахудра,"A slovenly, untidy, or poorly dressed woman.","Slut, skank, tramp."
RU,левак,A left-handed person.,Side hustle income.
RU,легавый,Pointer dog (a breed of hunting dog),Policeman (cop)
RU,лепить,To sculpt; to mold; to shape (from clay or similar materials).,To talk nonsense.
RU,либераст,Liberal,"A derogatory term for a liberal, implying depravity or association with perversion."
RU,лизаться,To lick oneself.,To make out.
RU,лизун,"Slime toy; a sticky, stretchy toy made of a gelatinous substance.","Carpet-muncher, man performing oral sex on a woman."
RU,лимон,Lemon (the fruit),Million (monetary unit)
RU,литруха,Liter bottle,"A one-liter bottle of alcohol, usually vodka."
RU,лоботряс,Loafer; idler; lazybones.,"Idler, loafer, slacker"
RU,ломануться,To break (something) forcefully.,To rush off suddenly.
RU,лох,Salmon (a type of fish).,A gullible fool or sucker; someone easily deceived or taken advantage of.
RU,лохануть,To wash in a tub.,To screw someone over.
RU,лохануться,To make a mistake.,To screw up or mess up badly.
RU,лохматка,A small furry or shaggy object; a tuft of hair.,"Hairy pussy, female genitalia."
RU,лохматый сейф,Hairy safe,"Pussy, cunt, female genitalia"
RU,луноход,Lunar rover,Police car
RU,лытдыбр,Diary,A personal diary entry or blog post about one’s daily life and experiences.
RU,лягушатник,A frog pond,"Frog, Frenchman."
RU,ляхи,Lachians (an ethnographic group of Poles),"Poles, Pollacks (old-fashioned, sometimes derogatory term for Polish people)"
RU,макаронник,macaroni maker,"Italian (person), wop (derogatory term)"
RU,малыш,Baby; little child.,Small penis.
RU,мандячить,To sew.,To beat the crap out of someone.
RU,мацать,"To touch, to feel (by hand), to grope.","To grope, to feel up, to fondle."
RU,медвед,Bear,"Popular misspelling of ""bear"" (medved), often used humorously online."
RU,мензурка,Graduated measuring vessel (usually made of glass) used in laboratories.,Shot glass.
RU,ментовка,Police station,Police station
RU,ментовка,Police station,police station
RU,месить,To knead.,To beat up.
RU,метёлка,"Whisk, brush, broom",Girl
RU,мобик,Mobilized person,Mobilized conscript; a soldier drafted against their will.
RU,моргалы,Morgues.,Peeepers.
RU,морда,Muzzle,Mug
RU,морковка,Carrot,"A woman, usually involved in sex tourism (in places like Southeast Asia, Cuba, or sometimes just abroad)."
RU,москаль,A native or inhabitant of Moscow; a Muscovite.,"Derogatory term for a Russian person, especially used by Ukrainians, Poles, and Belarusians."
RU,мотовка,A small spinning wheel or a device for winding yarn.,Money waster.
RU,мохнатка,A furry or hairy thing (often referring to something covered with fur or hair).,Pussy
RU,мочить,"To wet, to moisten.",To kill or eliminate someone physically.
RU,мразь,Dross.,"A despicable, vile person; lowlife."
RU,мудак,Male donkey,Asshole
RU,мудацкий,Pertaining to a jerk or an unpleasant person.,"Asshole-like, jerkish."
RU,мудохать,"To handle, to fumble, to tinker.",To beat the crap out of someone.
RU,мульт,Cartoon,Million (money)
RU,мульт,"Animated cartoon (short for ""мультфильм"")","Animated cartoon, short for animated film."
RU,мурло,Muzzle,Mug.
RU,мусор,Garbage,Policeman (used derogatorily).
RU,мусоровоз,Garbage truck,Police car (“fuzz-mobile”)
RU,мутить,To make cloudy; to stir up; to muddle.,To hook up (with someone); to scheme; to pull off (something shady or secretive).
RU,мутить,to make cloudy; to stir up,To hook up (romantically or sexually)
RU,мухлёж,Falsification,"Rigging, scamming, or shady trickery."
RU,мухой,Fly (the insect),"Quickly, asap."
RU,мухой (под),Fly (the insect),"Drunk, wasted."
RU,мять,"To wrinkle, to crumple, to knead, to crush.","To have sex (literally “to wrinkle, to crush”)."
RU,набить морду,To fill a muzzle.,To beat the crap out of someone.
RU,навар,Broth; decoction.,"Profit, easy money, or a cut (often from shady or unofficial dealings)."
RU,нагонять волну,To generate a wave.,To stir up drama.
RU,надраться,"To tear, to scratch up.",To get hammered.
RU,надуть барабан,To inflate a drum.,To get someone pregnant
RU,наебалово,Deception.,Rip-off.
RU,наебать,To deceive,"To rip off, to scam, to screw someone over."
RU,наёбка,"Deceit, fraud, scam.","Rip-off, scam, trick."
RU,наебнуть,To deceive; to cheat.,To get wasted (to drink alcohol quickly or heavily)
RU,наебнуться,"To collapse, to fall down.","To take a nasty spill, to wipe out, to crash hard (unexpectedly and heavily)."
RU,наебошиться,To hit or strike repeatedly.,To get hammered.
RU,наёбывать,To deceive.,"To screw over, to rip off, to bullshit."
RU,наезд,"Run-up, approach, or acceleration (as in sports or vehicles).","Raid, shakedown, intimidation."
RU,нажираться,To eat or drink to excess.,To get wasted.
RU,накачивать,"To pump, to inflate, to fill (with liquid or gas).","To fuck, have sex, screw."
RU,наколоть,To prick; to inject.,To scam.
RU,накуриться,To smoke (something) to satiety.,To get stoned.
RU,нализаться,To lap up (liquid),To get wasted.
RU,напиздить,To lie profusely.,To steal.
RU,насрать (мне ~),to defecate,I don't give a shit.
RU,насрать в компот,To defecate in the fruit juice.,To mess things up on purpose to annoy someone.
RU,"нассать (в рот ~, чтоб морем пахло?)",to urinate,A rude way of asking if someone understood something.
RU,натурал,Natural person; someone or something natural (not artificial).,"Straight man, heterosexual (term used by homosexuals and bisexuals)."
RU,натуралка,Natural product; something natural (not artificial).,Straight woman (heterosexual woman)
RU,натянуть глаз на жопу (кому),To stretch an eye over someone's butt.,To beat the crap out of someone.
RU,нафиг,To nowhere; for nothing; in vain,To hell; screw it; get lost
RU,нахрюкаться,To grunt (like a pig).,To get wasted.
RU,нахуй,To the penis,"Fuck off, get lost. Insulting negative reply."
RU,нахуя,For what purpose?,What the fuck for
RU,нахуяриться,To get very drunk.,To get very drunk; to get wasted.
RU,не ебёт,Does not have sexual intercourse (with).,I don't give a fuck.
RU,недоёбанный,Not fully fucked; not sufficiently had sex.,"An idiot; someone acting stupid or irrational, supposedly because they haven't had enough sex."
RU,немчура,Germans,"Krauts, an insulting term for Germans."
RU,"ни людей, ни блядей!","No people, no prostitutes.",It’s totally dead here; there’s nobody around and nothing going on.
RU,ниасилил,"could not manage (to do something), was unable to cope",I couldn't get through it (too long/boring to finish reading).
RU,ниасилил патамушто вайна и мир,I could not manage (to do something) because of “War and Peace.”,I couldn’t handle it because it’s way too long or difficult (like “War and Peace”).
RU,ниибаццо,To fuck (oneself),Fucking awesome; insanely; extremely; unbelievably.
RU,нипадеццки,Very seriously; not childishly; to a great extent.,Really cool; seriously impressive; badass.
RU,нихуя,Nothing,Nothing at all; absolutely nothing.
RU,ништяк,"A small thing, a trifle.","Awesome, great, cool."
RU,ночная бабочка,Night butterfly,Prostitute
RU,обабить,To make someone look or behave like a woman.,To deflower; to take a girl's virginity.
RU,обабить,to make someone more feminine,to knock up
RU,обалденный,"Stunned, stupefied, amazed.","Awesome, amazing, fantastic."
RU,обалдеть,To become numb or stupefied.,"To be blown away, to be amazed."
RU,обдирать,To peel; to strip; to skin.,To rip off.
RU,обезьянник,Monkey cage,Holding cell or police van for detainees (“monkey cage”).
RU,обидеть,To offend or hurt someone's feelings.,To rape and humiliate a fellow inmate.
RU,облом,"Breakage, fracture.","Bummer, letdown, or major disappointment."
RU,обломиться,To break off (about a piece or part of something).,"To miss out on something, to get nothing, to be left with nothing."
RU,обнулёныш,A person or thing that has been nullified or reset to zero.,"Putin, the “nullified one”, referring to his reset of presidential term limits after the 2020 constitutional change allowing him to stay in power until 2036."
RU,обнулить,To reset to zero; to nullify.,"To kill, destroy."
RU,обоссать (как два пальца ~),to urinate on,"To do something easily, without any problem (like it's no big deal) — often used to boast or accept a challenge."
RU,обоссать(ся),To urinate on (oneself or something).,"To totally own, humiliate, or dominate someone."
RU,обоссаться можно,To urinate on oneself.,It’s hilarious; it’s so funny you could wet yourself.
RU,объебать,To cover or to surround with something.,"To rip off, to screw over, to scam."
RU,овца,"Sheep (female sheep, ewe)",A stupid or foolish woman.
RU,овцемобиль,Sheep transporter vehicle,Car driven by a woman (sheepmobile).
RU,огонь,Fire,"Hot, cool, awesome."
RU,околевать,"To die, to perish (usually from cold or exhaustion).",To freeze one’s ass off; to be extremely cold.
RU,олбанский,Albanian (relating to Albania or its people/language),Internet slang featuring deliberately distorted or humorous Russian spelling.
RU,орк,"Orc (a mythical humanoid creature, typically depicted as brutish and aggressive, originating from fantasy literature such as J.R.R. Tolkien's works).","A derogatory term for a Russian soldier, likening them to orcs from Tolkien’s ""Lord of the Rings"" to emphasize brutality and dehumanization."
RU,остохуеть,To be extremely astonished or shocked.,"To be fed up, to be sick and tired of something."
RU,отбарабанить,"To drum, to rattle off (to do something quickly or mechanically, often referring to reciting or performing).","To fuck, to bang."
RU,отбарать,"To take away, to seize.","To fuck, to rape."
RU,отвали,Fall off.,"Get lost, piss off."
RU,отдрючивать,"To beat, to thrash, to scold severely",To fuck; to screw; to have sex with (vulgar)
RU,отдрючивать,"To have sexual intercourse with (vulgar, offensive).",To screw over harshly; to put someone through the wringer.
RU,отдрючить,To beat or thrash severely.,"To fuck (someone), to screw (someone)"
RU,отдубасить,To thrash; to beat.,To beat the crap out of someone.
RU,откидываться,To lean back; to recline; to throw back.,To kick the bucket.
RU,отлить,"to pour off, to decant",To take a piss.
RU,отмазать,"To clean off, to scrape off (something sticky or dirty).","To get someone off the hook, to cover for someone, to bail someone out."
RU,отморозок,A person who has suffered frostbite; someone who has been frostbitten.,"Psycho, thug, or lowlife."
RU,отмочить,To soak.,To pull off something outrageous or wild.
RU,отодрать,"To tear off, to rip off.",To have sex with (someone) roughly or aggressively.
RU,отсасывать,To suck out.,To give a blowjob.
RU,отсос,Suction,Blowjob
RU,отсосать,To suck out.,To give a blowjob.
RU,оттрахать (обтрахать),"To thrash, to beat, to shake off (as in to shake something off a tree).","To have sex with (someone), to fuck."
RU,отхерачить (охерачить),"To chop off, to cut off.",To beat the crap out of someone.
RU,отхуесосить,To scold harshly; to berate.,To harshly insult or verbally abuse someone.
RU,отхуячить,"To cut off, to chop off, to sever.",To fuck someone hard; to screw; to bang.
RU,отхуячить,"To cut off, to chop off.",To beat the crap out of someone.
RU,отшить,"To sew off, to detach by sewing.","To blow off, shut down, or reject someone (especially romantically)."
RU,отъебать,"To beat off, to drive away.",To fuck someone
RU,отъебать,to fuck (someone),"to chew out, to give a dressing-down"
RU,отъебаться,To stop having sexual intercourse.,"To fuck off, to leave someone alone."
RU,офигеть,To be amazed or astonished.,"To be blown away, amazed, or shocked."
RU,офисный планктон,Office worker,"A low-level office worker who does routine, unimportant tasks; an unremarkable “cog in the machine” in a corporate environment."
RU,оффтоп,Off topic,Off topic
RU,охренеть,To lose one's sense or reason; to become stupefied.,"To be blown away, totally shocked, or amazed."
RU,охуенный,"Derived from the verb meaning ""to be stunned (by something),"" often with a strong or obscene connotation.",Fucking awesome
RU,охуенный,Awesome; amazing; fantastic; excellent.,Fucking awesome; amazing; badass.
RU,охуеть,To be amazed or astonished.,To be totally shocked or blown away; to be freaking out.
RU,охуеть,To lose the ability to reason or act due to extreme surprise or shock.,To be fucking amazed; to be blown away.
RU,очко,Point (in games); the number one; the number zero (in some contexts).,Asshole
RU,очко (щупать ~),"Eye (specifically, the small eye or pupil); also, a point (in games), or the number zero.",To have anal sex.
RU,очковать,To count points.,To chicken out.
RU,"падла, падло","Carrion, carcass, dead body of an animal.","Bastard, scumbag, traitor"
RU,палить,To burn,To snitch; to give away; to expose someone.
RU,палить,To burn; to fire (a weapon).,To stare or watch closely
RU,палку (вставить ~),stick,To have sex (to fuck).
RU,палку кинуть,To throw a stick.,To have sex.
RU,панель,Panel,A place where street prostitutes wait for clients.
RU,папик,Daddy (a child's affectionate term for father),"A wealthy older man who financially supports a younger woman, often in exchange for companionship or a romantic relationship; a sugar daddy."
RU,парашют,Parachute,Condom
RU,парить,To steam.,"To sweet-talk, to persuade, to hustle."
RU,париться,To take a steam bath.,To stress out.
RU,паршивый,Mangy.,"Lousy, crappy."
RU,пасть захлопни,Shut your mouth.,Shut your trap.
RU,пати,Party,Party (a social gathering or event)
RU,пахать,To plow (land).,To hustle.
RU,паяльник,Soldering iron,"Prick, penis"
RU,пелотка,Side cap (a type of military cap),"Pussy; by extension, women in general."
RU,пелотка не бритайа,A female military cap (side cap).,"Bad, uninteresting"
RU,"первак, первач",first batch,Moonshine from the first distillation.
RU,первый нах,First.,"A typical first comment on a post to brag about being the first, like saying “First!” or “First, bitches!”"
RU,пердеть,To emit gas from the bowels.,To fart.
RU,пердун,A person who farts.,"Old fart; an insulting term for an old man, often implying someone who is grumpy or out of touch."
RU,перепихнуться,To push through; to shove through.,To have a quickie.
RU,переть,"To carry, to haul, to lug.","To really like, enjoy, or get a kick out of something."
RU,переться,To be carried; to move (oneself or something) with effort.,To drag yourself somewhere; to trudge or slog through a trip.
RU,перехуярить,To redo or to do over again excessively.,To beat the shit out of someone; to fuck someone up; to kill someone.
RU,пеструшка,Speckled hen; a bird (usually a chicken) with variegated or mottled plumage.,"Fag, queer (derogatory term)."
RU,петрушить,To chop parsley.,"To have sex, to fuck."
RU,пивас,Beer,"Beer. Derived from ""pivo"" (beer), often used informally or affectionately."
RU,пизда,Vulva; vagina,Cunt; pussy; (offensive) woman; girl
RU,пизда с ушами,Vulva with ears,A stupid or ridiculous woman
RU,пиздануться,"To fall down, to hit something.",To take a nasty spill; to wipe out; to crash hard.
RU,пизде (в ~),female genitalia,In deep shit.
RU,пиздёж,Lies,Bullshit
RU,пиздеть,To lie; to talk nonsense; to bullshit.,To bullshit; to shoot the breeze; to talk nonsense; to chat idly
RU,пиздеть,To talk (to speak),to bullshit
RU,пиздить,To lie,To beat the crap out of someone
RU,пиздовать,To go or to walk.,To haul ass; to go or move quickly (often on foot or by vehicle).
RU,пиздой накрыться,To be covered with a vagina.,To go tits up.
RU,пиздошить,"To walk, to move.",to hoof it
RU,пизду (во ~),vagina,To hell (with it); screw it
RU,пиздуй,"Go (imperative form, vulgar)",Get the fuck moving!
RU,пизды (дать ~),Female genitals,To kick someone's ass.
RU,пизды (с ~ сорваться),Female genitals (vulgar),"To go off the rails, snap, or suddenly become aggressive (often leading to violence or chaos)."
RU,пилить,To saw; to cut with a saw.,To nag or pester someone persistently.
RU,пирожок,"Pie, small pastry.","Pussy, cunt."
RU,пистолет,Pistol,Penis
RU,писюн,Penis,"Dick, willie."
RU,пихать (пихаться),"To push, to shove.","To fuck, have sex, screw."
RU,плакалъ,cried,I laughed so hard I cried.
RU,план,plan,"Pot, weed."
RU,плюшка,Sweet bun or pastry,Unpleasing event.
RU,пнх,Go to hell.,Fuck off.
RU,подрочить,To polish a little; to tweak or adjust something slightly.,"To jerk off, masturbate."
RU,подстава,A setup; an act of substitution or placing something under or in place of something else.,A setup or frame-up where someone is deliberately put in a compromising or incriminating situation.
RU,подъёбщик,One who lifts or raises something.,Someone who mocks or teases others with sarcastic or provocative jokes.
RU,поебать,To copulate,To not give a fuck; to not care.
RU,поебать,To have sexual intercourse.,To not care at all; to not give a fuck.
RU,поебаться,To quarrel; to mess around.,To fuck.
RU,пожар,Fire (as in a destructive blaze),"Awesome, amazing."
RU,поймать на кончик,To catch something on the tip (of an object).,To catch an STD.
RU,поллитра,Half a litre.,A half-liter bottle of vodka.
RU,полтинник,A fifty-unit coin or banknote.,Fifty (money). Can mean either fifty rubles or fifty kopecks depending on context.
RU,полтос,A fifty-kopeck coin (used in pre-revolutionary Russia and the Soviet Union).,"50 roubles, or fifty units of anything."
RU,Поляндия,Poland,Poland (used ironically or humorously)
RU,попа,Buttocks,"Butt, backside (childish language)"
RU,попиздеть,"To talk, to have a conversation.","To have a chat, to shoot the breeze, to gossip."
RU,порнуха,Pornography,Porn.
RU,посрать (сводить ~),To defecate,To mess up or ruin something
RU,пофиг,Indifferent,Don’t give a shit.
RU,пофигист,A person who is indifferent or unconcerned.,A person who doesn’t care about anything; someone with a “whatever” attitude.
RU,похабщина,Obscenity; indecency; vulgarity.,"Dirty talk, vulgar language, obscene jokes."
RU,похуй,Vulva,Don’t give a fuck.
RU,пошмариться,To experience a nightmare.,To have sex. Also used figuratively.
RU,превед,Hi,"A playful, intentionally misspelled way of saying ""hi"" or ""hello"" online, often used humorously among Russian internet users."
RU,прибор,"Instrument, device, apparatus",Penis and testicles (male genitals)
RU,придурок,A person with a mental disorder.,"Idiot, moron, dumbass."
RU,прикид,"Estimate, calculation.","Outfit, getup"
RU,прикол,A fastening or pinning.,"Joke, something funny or amusingly odd."
RU,приколхозить,To attach or affix something.,To jerry-rig or slap something together quickly and cheaply rather than doing it properly.
RU,припиздить,"To hit someone (usually with force), to strike.","To show up, to turn up."
RU,приссать,To urinate on something.,To get scared; to chicken out.
RU,пристибаться,To fasten (a seatbelt).,"To hassle, to bug someone, to get on someone's nerves."
RU,прихуярить,"To attach, to secure to something.",To slap something on; to stick or fasten something roughly or forcefully.
RU,проёб,Loss,"Fuck-up, screw-up."
RU,проебать,To fornicate,"To fuck up, to screw up, to blow (as in to miss an opportunity), to lose (something important), to waste (time, money, etc.)."
RU,проебаться,To lose something by mistake.,To fuck up; to mess up badly; to get lost (in a situation).
RU,пропиздить,To lose by negligence; to miss (something) through carelessness.,"Shoot the breeze, chatter, talk idly."
RU,просадить,"To lower, to reduce, to cause to sag or subside.",To blow money.
RU,просрать,To defecate.,To screw up and lose something badly.
RU,прошкандыбать,To walk.,To hobble along.
RU,прошляпить,To lose through carelessness.,To blow it; to miss out; to screw up by being inattentive.
RU,пукать,To pop.,To fart.
RU,пургу мести,To sweep snow.,To talk nonsense or bullshit.
RU,пушка,Cannon,Awesome; something very cool or impressive.
RU,пьянка,Drinking bout,"Party, drinking session"
RU,пятихат,Five hundred,500 roubles
RU,пяточка,Little heel,"Short joint, little spliff, butt of a cigarette containing drugs."
RU,разборка,"Dismantling, disassembly.","Showdown, gang fight, settling scores."
RU,разводить,"To breed, to dilute, to separate.",To scam or trick someone.
RU,раздолбай,"A person who is careless, negligent, or irresponsible.","Slacker, screw-up, careless idiot"
RU,раздолбать,"To break apart, to smash, to demolish.","To mess up, wreck, or smash up."
RU,разъебай,To break apart; to smash up.,"Slacker, screw-up"
RU,разъёбанный,"Broken apart, smashed, destroyed.","Chaotic, messed up, fucked up, worn out."
RU,разъебать,"To break apart, to smash, to demolish.","To totally wreck, smash, or obliterate something or someone."
RU,разъебаться,To break apart; to fall to pieces.,"To go wild, to get wasted, to lose control."
RU,разъебаться,To break apart; to fall to pieces.,To crash (a vehicle).
RU,раковая шейка,Crayfish neck,Police car
RU,раком (встать ~),Cancer (the animal or the disease),To bend over in a doggy-style position (usually for sex).
RU,раком (встать ~),to stand like a crab (on all fours),have sex doggy-style
RU,раком (встать ~),cancer (the animal or disease),to bend over doggy style (usually for sex)
RU,Раша,Russia,"Russia (often used ironically or disparagingly, mimicking the English pronunciation of ""Russia"")"
RU,рвануть,To tear or to burst.,To take off quickly.
RU,рвануть очко,To tear the anus.,"To get one's ass torn (usually implying being badly defeated, humiliated, or overwhelmed)."
RU,редиска,Radish,Bad person
RU,редиска,Radish.,Jerk.
RU,ржать,To neigh.,To laugh loudly or uncontrollably.
RU,ржунимагу,I am laughing so hard I cannot stop.,LOL; I can't stop laughing
RU,рожа,Muzzle,"Mug (face, usually in a rude or unflattering way)"
RU,розовая,Pink (feminine form),Lesbian
RU,рулить,"To taxi (of an aircraft, to move slowly on the ground under its own power).",To be the best; to rule; to dominate.
RU,русак,European brown hare,"A Russian person (modeled after ""Pole"" or ""Polak""); an informal or colloquial term for a Russian."
RU,руссак,A Russian person.,A Russian person (often used informally or with a slightly derogatory or mocking tone).
RU,рыло,Muzzle,"Mug (face, usually in a rude or derogatory way)"
RU,ряха,Muzzle,Mug.
RU,самотык,Homemade cigarette.,Dildo.
RU,сачковать,To shirk (one's duties); to evade work.,To skip class.
RU,сваливать,"To dump, to tip over, to knock down.","To bail, to split, to take off."
RU,свалить (смотаться),"To dump, to topple, to knock down.",To bail (leave quickly).
RU,сверхурочница,A woman who works overtime.,Married prostitute
RU,свисток,Whistle,"Lips, usually referring to a woman's lips, especially when they are being put on lipstick."
RU,секас,Sex,"Sex (a playful or humorous misspelling of ""sex"")"
RU,секретутка,Secretary,"A secretary, usually young and attractive, who is expected to provide sexual favors to her boss; a mix of ""secretary"" and ""prostitute."""
RU,сиги,Cigarettes,"Cigarette (shortened form of ""cigarettes"")"
RU,сикушка,A small bottle of cheap alcoholic drink.,Young girl.
RU,синеглазка,Blue-eyed girl,Police car (“blue eyes”)
RU,синька,Blueness,Cheap booze (usually vodka)
RU,синюха,blueweed (a type of plant),Vodka (“blue”).
RU,сифак (сифон),Siphon.,Syphilis.
RU,скоблиться,To scrape oneself.,To get an abortion.
RU,скопытиться,"To fall down dead (of livestock), to collapse (of an animal).","To croak, to kick the bucket, to buy the farm, to snuff it."
RU,сленг,Slang.,Slang (informal language or expressions used by a particular group).
RU,слить,"To drain, to pour off, to merge (liquids).","To blow off, reject, or shut down someone's romantic advances."
RU,соблядатай,"Spy, observer, onlooker","Voyeur, peeping Tom (with a sexual connotation)."
RU,совковый,Related to a dustpan.,"Old-fashioned, backward, or typically Soviet in a negative or outdated way."
RU,совок,Dustpan,"A narrow-minded, old-fashioned Soviet person; someone with a Soviet mentality."
RU,совок,Dustpan,The USSR (often used derogatorily).
RU,сожрать,"To eat up, to devour.","To wolf down, to scarf (food)."
RU,сок,Juice,"Sperm, jizz (“juice”)."
RU,сопатка,No such word.,Schnoz
RU,сосать,To suck,To give a blowjob.
RU,соска,Baby bottle nipple,Hot girl; a girl who gives oral sex.
RU,сотона,Satan,A devilishly cool or impressively badass person.
RU,спалиться,To catch fire; to burn down.,"To get caught (doing something), to give oneself away."
RU,спереть,"To carry, to lug, to drag.","To swipe, to pinch (to steal)."
RU,спиздеть,To steal.,To bullshit.
RU,спиздить,To lie.,To steal.
RU,сплавлять,"To float down, to raft, to convey (goods, timber, etc.) down a river.","To get rid of, to offload, to sell off (often something unwanted or of low quality)."
RU,спуск,"Descent; lowering; release (of water, etc.); discharge.",Ejaculation (“discharge”)
RU,срака,Buttocks,"Arse, arsehole"
RU,сраный,Related to feces; fecal.,Shitty
RU,срать,To defecate.,To not care at all; to not give a damn.
RU,срач,"Dirt, mess, filth.","Flame war, shitstorm, heated argument full of insults"
RU,срубить бабок,To cut down money.,To make a quick buck.
RU,ссать,To urinate.,To piss
RU,ссать,To urinate.,To chicken out; to be scared.
RU,ссун,One who urinates.,Coward
RU,стащить,"To drag, to pull off, to haul away.","To swipe, to pinch (to steal something)."
RU,ствол,barrel (of a gun or tube),100 roubles
RU,ствол,Trunk (of a tree) or barrel (of a firearm).,Gun.
RU,стелька,Insole,Prostitute
RU,столбняк,Tetanus,"Boner, hard on, woody."
RU,стоячка,"Standing, standstill, stoppage.",Erection (slang for an erect penis)
RU,стрелять (сигарету),To shoot.,To bum (a cigarette).
RU,стрёмно,"Strange, awkward, uncomfortable.","Sketchy, creepy, scary"
RU,стрёмно,Scary,"Creepy, sketchy, scary."
RU,струкать,To knock; to tap.,To take a piss.
RU,стукач,A person who knocks or taps.,Snitch
RU,сука,Female dog,"Bitch, bastard, jerk (used as a strong insult for both men and women)."
RU,сукин сын,Son of a bitch's son.,Son of a bitch.
RU,сучка,A female dog.,"Bitch, untrustworthy woman."
RU,сучка с сумочкой,A female dog with a handbag.,A stuck-up girl who thinks too highly of herself.
RU,схавать,To eat.,"To get, to understand, to grasp."
RU,сцать,To urinate,To piss
RU,сцуко,Bitch,Bitch
RU,съебаться,"To crumble, to fall to pieces.","To get the hell out, to bail, to take off."
RU,съединоросить,"To become a member of the political party ""United Russia.""","To embezzle, especially public money; to steal funds like a corrupt official."
RU,съябывать,To leave or depart.,"To get the hell out, to scram, to take off quickly."
RU,сюртук,Frock-coat.,Condom
RU,табло,Scoreboard; display board; indicator panel.,Face
RU,таракан,Cockroach (an insect).,"Nickname for Alexander Lukashenko, the Belarusian dictator, often referencing his moustache."
RU,тачка,Wheelbarrow,Car
RU,тащиться,"To drag oneself, to move with difficulty.","To be really into something, to get a kick out of it."
RU,тёлка,Heifer (a young female cow),Chick (an informal or sometimes disrespectful term for a young woman)
RU,тёплый брат,Warm brother,"Fag, queer, homosexual (obsolete criminal slang)."
RU,течка,Estrus (the period of sexual receptivity in female animals),Menstruation (“period”).
RU,тик-ток войска,TikTok troops,"Chechen units of the Russian National Guard known more for making staged, showy videos on social media than for real fighting during the 2022 invasion of Ukraine."
RU,титька,Udder,"Tit, boob."
RU,толкать,To push,"To sell (illegally), to peddle (especially drugs or stolen goods)"
RU,тонна,"ton (a unit of mass equal to 1,000 kilograms)","Grand, thousand (as in money)."
RU,топтать,"To trample, to tread.",To have sex with.
RU,тормоз,brake,A slow-witted or clueless person.
RU,тормозить,To slow down; to brake.,To be slow-witted; to space out; to be slow on the uptake.
RU,точить,To sharpen.,To munch.
RU,точняк,Exactly,Exactly
RU,трава (травка),grass,"Pot, weed."
RU,трах,"Bang, crash, thud.","Lay, fuck, sex."
RU,траханный,"Participled form of ""to have sexual intercourse"" (past passive participle: ""having been had sex with"").","Fucked, fucking (used as an intensifier or expletive, similar to ""fucking"" in English)."
RU,трахаться,To have sexual intercourse.,To have sex; to fuck.
RU,трахаться,To have sex.,To have sex.
RU,трахнуть,To have sexual intercourse.,To have sex (to fuck).
RU,трахнуть,To strike; to hit.,To fuck.
RU,трёп,Ragged cloth; tatter.,"Idle talk, gossip, or meaningless chatter."
RU,трёхсотый,Three hundredth,"Injured soldier (military slang, derived from the code for transport of wounded personnel)."
RU,трещать,"To crack, to burst, to rattle.","To chatter, to gab, to yak."
RU,три весёлых буквы,Three happy letters,"Euphemism for ""fuck off"" or ""go to hell"" (referring to the Russian swear word ""хуй"")."
RU,трубка,Pipe,Phone
RU,трубочист,Chimney sweep,Active homosexual (“pipe cleaner”).
RU,трудная вода,Hard water,"Vodka, spirits."
RU,труженица койки,A hardworking woman (female worker).,Prostitute
RU,трухня (труханина),"Dust, crumbled matter.","Sperm, jizz; also used as a euphemism for ""bullshit"" or ""crap."""
RU,трындец,Nonsense; disaster; ruin.,Total disaster; complete mess; utter screwed-up situation.
RU,тряпка,"Rag, cloth.","Wimp, weakling, sissy."
RU,тугрик,Tugrik (the official currency of Mongolia),"Money, rouble."
RU,туркать,"To poke, to nudge.",To bully or gang up on someone.
RU,тусоваться,To hang around; to spend time somewhere without a specific purpose.,"To hang out, party, or chill with friends."
RU,тусовка,Party; gathering; get-together,Hangout; social gathering; party.
RU,тусовка,A gathering or assembly.,"Party, hangout, social gathering."
RU,тыр,To steal,"One thousand roubles (from the abbreviation т.р. for ""thousand roubles"")."
RU,тырить,To steal.,"To steal, to swipe."
RU,тырнет,Internet,"Internet (playfully, like ""the web"" or ""the net"")"
RU,тыща,Thousand,"A thousand roubles (slang for ""thousand"")."
RU,убейсибяапстену,Kill yourself against a wall.,A harsh insult telling someone to go kill themselves by hitting their head against a wall.
RU,убитые еноты,Raccoons (the animals that are native to North America).,"Dollar (used ironically to refer to USD, based on the abbreviation for ""conventional unit"" after direct foreign currency pricing was banned in Russia)"
RU,ублюдок,Illegitimate child.,A contemptible or despicable person.
RU,уборная,Restroom,Toilet.
RU,угар,Carbon monoxide poisoning,"Hilarious, a riot, something super funny."
RU,угол,corner,Old name for 25-rouble banknote.
RU,уд,limb,Penis
RU,уебать,To remove.,To beat the shit out of someone.
RU,уебать,to hit hard; to strike,To hit hard; to beat up; to smash.
RU,ужос,Horror,OMG! Shocking surprise or horror.
RU,узкоглазы,narrow-eyed,"Chink, slit-eyes, ethnic slur for Asians, alluding to the shape of their eyes."
RU,"укропы, укры",Dill (a type of herb used in cooking),A derogatory term used by pro-Russian individuals to refer to pro-Western Ukrainians or supporters of the Kiev government.
RU,укурок,Cigarette butt,Pothead.
RU,улёт,Flight away; departure (by flying).,Awesome
RU,упаковка,Packaging,Police car
RU,упиздить,To take away; to steal.,To beat the crap out of.
RU,урод,A deformed or malformed person or creature.,"Freak, ugly person, jerk."
RU,урюк,Dried apricot,Ethnic slur for Central Asians.
RU,усраться,To defecate on oneself.,To freak out or be extremely surprised/shocked.
RU,устаканить,To settle; to stabilize.,To settle things down.
RU,ухуярить,To hit hard; to strike forcefully.,"To get the hell out, to bail, to take off quickly."
RU,учаснег,Participant,Participant (often used humorously or mockingly)
RU,Фашингтон,Washington (the capital city of the United States),"Washington (used insultingly to refer to the US capital, combining ""Washington"" with ""fascist"" to portray the USA as an enemy, especially by aggressive pro-Putin supporters)"
RU,феня,Hair dryer,"Jive, prison talk, thieves’ jargon."
RU,фея,Fairy,Prostitute
RU,фиг,Fig (the fruit of the fig tree),"A gesture of contempt (like giving the finger); a euphemism for ""dick."""
RU,фиг (на ~),Fig (a type of fruit),"Why, what for."
RU,фиг (по ~),Fig (the fruit of the fig tree),Don’t give a damn.
RU,фига,Fig (the fruit),"Penis; an obscene hand gesture similar to ""flipping the bird"" (the fig sign: fist with thumb between the index and middle fingers)."
RU,фиганутый,"Struck, hit, thrown.","Crazy, nuts, out of one's mind."
RU,фигня,"Nonsense, trifle, something insignificant.","Crap, nonsense, or some unimportant stuff."
RU,фиговина,Fig (the fruit of the fig tree).,"Thingamajig, whatchamacallit, some random thing."
RU,фиговый,Fig (relating to the fig tree or fig fruit),"Rotten, worthless, useless."
RU,финики,Dates (fruit),Nickname for Finns based on similar pronunciation.
RU,финтифлюшка,A small decorative object or trinket.,"Bling, trinket, knick-knack, or a flashy but cheap accessory."
RU,финтифлюшка,A trinket or a knick-knack.,A ditzy or superficial girl; airhead.
RU,фиолетово,Violet (the color).,Don't care.
RU,форточки,Ventilation window panes (small windows for airing a room),Russian slang for Windows operating system.
RU,фотожоп(а),Photoshop (a software for editing images),"A photoshopped or heavily edited image, often manipulated in a humorous or obvious way."
RU,фраер,A naive or inexperienced man; a simpleton.,A person who is not part of the criminal underworld; an outsider or uninitiated individual.
RU,фтему,Relevant; appropriate; on topic.,On point; spot on; relevant and cool.
RU,фуфло толкать,To push something (literally).,To bullshit
RU,хавать,To eat.,"To chow down, to scarf (food)."
RU,халява,"Profit, gain obtained without effort or by chance.",Freebie; something gotten for free or with no effort.
RU,халява,freebie; something obtained for free,Freebie; something obtained without effort or for free.
RU,халяву (на ~),Freebie; something obtained without payment or effort.,"For free, without effort."
RU,халявщик,A person who receives something without payment or effort.,Freeloader
RU,хана,Khan (a title for a ruler or leader among certain Asian peoples),"Screwed, done for, doomed."
RU,харево,Food,"Sex, intercourse."
RU,харить,To fry.,"To fuck, have sex, screw."
RU,харч,Provisions; food supplies.,"Grub, food."
RU,харчеваться,To eat at an inn or tavern; to dine at a cheap eatery.,"To grab a bite, to chow down."
RU,харя,Muzzle,Mug.
RU,хата,A peasant's hut or cottage.,"Pad, crib, place (meaning: house or home)"
RU,хачик,"Khachik is an Armenian male given name meaning ""small cross,"" and is the diminutive form of Khachatur.",An insulting term for people from the Caucasus region.
RU,хер с ним (ней),Penis,The hell with him (her).
RU,херово,Of or relating to the male genital organ.,Shitty.
RU,ХЗ,I don't know.,No fucking idea.
RU,хитрая жопа,Clever buttocks,Smart ass.
RU,хитрожопый,Cunning.,Clever bastard.
RU,хитрую жопу (на каждую ~ есть хуй винтом),A cunning or sly person.,A cunning smart-ass
RU,хлебало,Loaf of bread,Mug; face (rude/slang)
RU,хобот,Trunk (of an elephant or similar animal),"Prick, penis"
RU,холодрыга,Cold.,Freezing cold.
RU,хомячить,To hoard (like a hamster).,"To chow down, to scarf (food)."
RU,хоть бы хуй,At least a penis.,Don’t give a fuck.
RU,хохлятский,Ukrainian (adjective),"Ukrainian (derogatory or mocking, relating to Ukraine or Ukrainians)"
RU,хохол,Tuft of hair,A derogatory term for a Ukrainian person.
RU,хрен,Horseradish,Dick
RU,хреначить,To chop finely,To beat the crap out of someone
RU,хреново,Horseradish (a type of plant/root).,Shitty.
RU,хреновый,Horseradish-related,Lousy
RU,хренота,Nonsense; rubbish; something of little value.,Some random crap that’s not worth bothering about.
RU,хренотень,Horseradish plant or product made from horseradish.,"Thingamajig, some random worthless thing."
RU,хрень,Nonsense,"Unidentified thing, stuff, or crap."
RU,хрумкать,To crunch.,"To munch, to eat (especially something crunchy)."
RU,хрусты,Crackers,"Money, bills (“crackling ones”)"
RU,хряпать,To hit hard; to strike.,To knock back (food or drink); to scarf down.
RU,хряпать,"To gobble (down), to eat (quickly or greedily).",To knock back (a drink)
RU,хуева туча,A huge number.,A shitload.
RU,хуевато,Penis-like,Kinda shitty; not great.
RU,хуёвничать,"To behave badly or act in a rude, disrespectful manner.",To screw around doing pointless stuff.
RU,хуёвый,Of poor quality; bad.,"Fucked-up, shitty, crappy, really bad."
RU,хуеглот,Cocksucker,A contemptible or worthless person; loser.
RU,хуеглот,Penis swallower,"Dumbass; passive homosexual (literally ""dick sucker"")."
RU,хуём-буём,Penis and nonsense.,Out of the blue.
RU,хуй (в ~ не дует),Penis,Doesn’t give a fuck.
RU,хуй (за ~),Penis,"Why? (see ""na khuy"", ""na khuya"")"
RU,хуй (на ~ послать),Penis,To tell someone to fuck off.
RU,хуй (на ~ сесть),Penis,To be screwed; to be in deep shit.
RU,хуй (на ~ сесть),Penis,To be out of luck; to be exhausted.
RU,хуй (по ~),Penis,I don’t give a fuck.
RU,хуй (сосать ~),Penis,"A blunt dismissal or insult, telling someone to ""suck dick"" as a way of rejecting or shutting them down."
RU,хуй (через ~ кинуть),Penis,To rip off
RU,хуй в рот (жопу),Penis in mouth (ass),No fucking way.
RU,хуй важный,Penis (vulgar),Big shot; someone who thinks they're important; the boss.
RU,хуй важный,Penis (vulgar),Big shot; someone who thinks too highly of themselves.
RU,"хуй забить, положить",Penis,To not give a fuck; to not care; to ignore.
RU,хуй знает что,"Penis knows what; (literal: ""who the hell knows what"")",God knows what; some random shit.
RU,хуй знает что,Something unknown or unclear.,Some random shit.
RU,хуй не стоит,The penis is not erect.,Not interested; doesn’t excite or turn someone on.
RU,хуй немытый,Unwashed penis,"A filthy, disgusting person."
RU,хуи пинать,Penises,To slack off; to loaf around; to do nothing productive.
RU,хуй с ним,Penis,The hell with him.
RU,хуй собачий (ни за ~),Dog's penis,"For nothing, for no reason, in vain (often implying something worthless or pointless)."
RU,хуй тебе за щеку!,Penis,Go fuck yourself!
RU,хуй тебе на постном масле!,Penis,No fucking way!
RU,хуйнёй страдать,To suffer from nonsense.,"To mess around doing nothing, to waste time on nonsense."
RU,хуйню спороть,"To rip off something sewn (e.g., to unpick stitches).",To talk bullshit.
RU,хуйня,Penis,Crap; bullshit; worthless stuff.
RU,хуйня,Penis,"A thingamajig, whatchamacallit; a problem or mess."
RU,хую (на ~ вертеть),Penis,To not give a fuck about something.
RU,хуя (всего ни ~),Penis,Jack shit
RU,хуя (всего ни ~),penis,nothing
RU,хуя (до ~),Penis,"A shitload, a fuckton, a huge amount."
RU,хуя (какого ~?),penis,What the fuck do you want?
RU,хуя (какого ~?),penis,What the fuck for?
RU,хуя (ни ~ себе),Penis,No fucking way!
RU,хуя (ни ~),Penis,No way!
RU,хуя (ни ~),Penis,Nothing.
RU,хуя? (на ~),penis,What the fuck for? Why the fuck?
RU,хуярить,"To hit hard, to strike, to beat.",To haul ass; to go fast; to speed.
RU,хуячить,To hit hard; to strike forcefully.,To haul ass; to go somewhere fast; to rush.
RU,цацки,"Trinkets, knick-knacks, toys.","Bling, flashy jewelry"
RU,целинник,Virgin land settler; a participant in the Virgin Lands campaign (someone who developed or worked on previously untilled land in the Soviet Union).,Man who sleeps with a virgin; deflowerer.
RU,целка,Hymen,Virgin (referring only to a female)
RU,целочник,"A person who receives full marks or perfect scores (e.g., in exams).",Prisoner convicted of rape
RU,целочник,A person who receives only top marks (straight-A student).,Male virgin.
RU,цыпка,Chick (young bird),Attractive young woman — “chick”.
RU,чалить,To serve time (in prison),To have sex.
RU,чалка,Mooring rope; hawser,"Slut, easy lay"
RU,чалка,Mooring rope,"Whore, prostitute."
RU,чвакнуться,To make a squelching or smacking sound.,To make out.
RU,чё,What,"What (slang, informal for ""what"", ""huh"", or ""wha?"")"
RU,чекушка,A small bottle or container.,A quarter-liter bottle of vodka (about 250 ml).
RU,чел,"Person, human being","Dude, guy."
RU,червонец,"A gold coin of high value, originally used in Russia and other Eastern European countries.",A ten-rouble note; a tenner.
RU,чёрная дырка,Black hole,Arsehole (“black hole”).
RU,черножопый,Black-ass,"A highly offensive racial slur for a dark-skinned person, especially someone from the Caucasus region."
RU,чёрный чемодан,Black suitcase,"Vagina, female genitalia"
RU,чеснок (по ~у),Garlic,"Honestly, no bullshit."
RU,четвертной,Quarterly; relating to a quarter (one fourth) of something.,Old name for a 25-rouble banknote in Russia.
RU,чех,Czech (a person from the Czech Republic),"Chechen, or more generally a person from the Caucasus region; used as an ethnic slur, especially in the Russian army."
RU,член,"Member (of a group, organization, or body)",Penis
RU,чмокаться,To kiss each other.,"To make out (to kiss each other, often repeatedly or noisily)"
RU,чморить,To treat with contempt or disdain.,"To bully, to pick on, to humiliate."
RU,чозанах,What is this?,WTF
RU,чокнутый,Insane,"Crazy, nuts, loony."
RU,чпокнуть,To make a popping sound; to pop.,To have sex.
RU,чувак,Man,"Dude, guy"
RU,чукчи,"Chukchi, a member of an indigenous people native to the Chukotka region in northeastern Siberia, Russia.","Asian person, mostly from Siberia or Far East Russia (ethnic slur); sometimes used to mean “idiot” or “twit.”"
RU,чума,Plague.,"Awesome, amazing, super cool."
RU,чурбан,Block of wood,Ethnic slur for Central Asians (“block of wood”).
RU,Чуркменистан,"Turkmenistan, a country in Central Asia.","Racist term for Central Asian or Muslim countries in general, and for Turkmenistan in particular."
RU,чухануть,To scratch (oneself),"To pull off something wild or impulsive, like suddenly taking off, beating someone up, or going somewhere out of the blue."
RU,чухонец,A member of a Finno-Ugric tribe historically living near St. Petersburg.,Pejorative term for a Finn (female: chukhonka); Finland can be called Chukhnya.
RU,шайба,Puck (in ice hockey),"Face, mug."
RU,"шайбу (забить ~, забить пулю)",Puck,"To skip, to ditch (an event, class, etc.)."
RU,шайка,"A small basin or pail, typically used for washing.","A gang or a crew, usually involved in criminal or shady activities."
RU,шалашовка,A small hut or shack.,"Slut, whore."
RU,шапочка,"Little cap, small hat","Condom (specifically, a cap-style condom or a contraceptive cap)."
RU,шапочки близнецов,Caps of twins,Bra
RU,шара,ball,For free; without effort; a freebie.
RU,шарахаться,"To shy away from, to dodge, to flinch, to move away suddenly (usually out of fear or caution).",To bounce around or flip-flop (in actions or opinions).
RU,шарить,To feel around; to grope.,"To be savvy, to know your stuff, to be in the know."
RU,шахнуть,To check (in chess); to put in check.,To take a shot (of alcohol)
RU,швабра,Mop,"Unattractive woman, bird (“mop”)."
RU,шворка,Drawstring,Sex.
RU,шерсть,Wool,"Bush, twat, pussy, female genitalia, pubic hair."
RU,шершавый,"Rough, coarse.","Dick, cock, penis."
RU,шибануться,To go crazy,To go crazy; to lose one's mind.
RU,шизанутый,Suffering from schizophrenia.,"Nuts, bonkers, or insane."
RU,шило в жопе,An awl in the buttocks.,Unable to sit still; always restless or fidgety.
RU,школота,Schoolchildren,Schoolkids (used disparagingly for immature or naive young people)
RU,шкура,"Skin, hide, pelt.",Prostitute.
RU,шланг,Hose,Penis
RU,шлюха,Prostitute,"Prostitute, slut."
RU,шляпа,Hat,"Crap, rubbish, nonsense"
RU,шмалить,To shoot; to fire (a weapon).,To smoke weed.
RU,шмаль,Buckshot; small lead pellets used in shotgun shells.,"Hashish, sometimes also pot or weed."
RU,шмотки,"Things, items, belongings","Clothes, especially trendy or fashionable ones."
RU,шнобель,Beak,A big nose
RU,шоколадная дырка,Chocolate hole,Arsehole (“chocolate hole”)
RU,шоколадница,Chocolate seller; a woman who sells or serves chocolate.,Arse.
RU,шпаргалка,cheat sheet,cheat sheet
RU,шпаргалка,A small piece of paper with notes used for reference.,Cheat sheet
RU,шпилить,"To play (a musical instrument), to spike, to pin.","To have sex, to fuck."
RU,шпора,Spur,Cheat sheet
RU,штука,"thing, item",A thousand rubles (grand).
RU,штукарь,"Thing, item.",A grand (one thousand units of currency)
RU,штукатуриться,To plaster (a surface with plaster).,To put on makeup.
RU,штуцер,"Fitting (pipe fitting), nozzle, or gun (rifle).",A thousand rubles.
RU,шулята,"Kernels, nuclei.","Balls, testicles."
RU,ща,Now,"Now (colloquial, short for ""right now"" or ""in a moment"")"
RU,щекотун,tickler,"Penis of modest size, “tickler”."
RU,щёлкать,"To click, to snap (e.g., fingers, nuts, or a switch).",To snap a photo.
RU,щель,"Gap, crack, or slit.","Slit, pussy."
RU,щемиться,"To squeeze (oneself), to press (oneself), to crowd.",To rush or bolt.
RU,щупать,"To touch, to feel, to probe.",To grope.
RU,ы,"The letter ""ы"" is a vowel in the Russian alphabet, pronounced as a close central unrounded vowel, and does not have a meaning as a standalone word.","Represents laughter, often repeated to show intensity (like ""hahaha"" or ""lol"")."
RU,эклер,Éclair (a type of pastry),Penis
RU,электроштуцер,Electric fitting or electric connector,Vibrator with an electric cord
RU,энторнет,Internet,"Internet, a colloquial mispronunciation used with an ironic or mocking tone."
RU,юзать,To use,"To use (something), especially technology or software; to utilize."
RU,юзверь,Beast; wild animal,"A computer user who behaves wildly or irresponsibly, often causing problems due to ignorance or carelessness."
RU,юс,Ius (the name of the letter Ѫ in the early Cyrillic alphabet),"Yankee, American (derived from ""US"")"
RU,яблофон,apple phone,iPhone
RU,ягуарить,To act as or resemble a jaguar (the animal).,"To drink the alcoholic energy drink “Jaguar,” which is popular among young people."
RU,ядрён батон,Strong loaf,Holy crap!
RU,яжемать,Mother,"A self-entitled mom who thinks being a mother gives her special privileges and uses it to make unreasonable demands; a ""Karen"" with kids."
RU,яйца,Eggs,"Balls, testicles."
RU,яичница,Fried eggs,The result of a kick in the balls.
RU,ялдаш,Comrade; companion; friend.,A derogatory term for Uzbeks or Central Asians.
RU,яМобилко,Mobile phone,iPhone (a Russified version of the trademark by separately translating parts of the name)
RU,японский городовой,Japanese police officer,Damn it; bugger.
RU,ящерица,Lizard,"Willy, John Thomas, penis"
RU,ящерицу потискать,To pet a lizard.,To take a leak.
RU,ящик,"Box, case, crate.","Television, TV, telly"
