term_lang,word,conv_def,slang_def,conv_def_paraphrased,slang_def_paraphrased
ZH,阿乡,A person from a rural area who is considered unsophisticated or lacking in urban manners.,country bumpkin; yokel,An individual originating from the countryside who is perceived as lacking the refinement or social etiquette typical of city dwellers.,A folksy term for someone seen as a hick or rube from the sticks.
ZH,挨呲儿,to be scolded; to receive a reprimand,get a talking-to; get a dressing down,to be criticized or reproached by someone; to undergo a verbal admonishment,to get chewed out or told off; to catch a scolding in an informal setting
ZH,挨剋,"To be scolded, reprimanded, or criticized by someone in authority.",get a talking-to; told off; get a dressing-down,"To receive criticism, a reprimand, or a scolding from someone in a position of authority.",to get chewed out; to be given a good telling-off; to be on the receiving end of a harsh lecture
ZH,案子,A legal case; a matter under investigation or adjudication by a court.,case; law case,A legal matter that is being examined or decided by a court of law.,An informal way to refer to a court case or legal issue.
ZH,吧嗒,To puff on or draw from a pipe (for smoking).,pull at (a pipe); smoke (a pipe),To inhale or take a drag from a pipe when smoking.,To casually take a puff from a pipe; to have a smoke with a pipe.
ZH,扒分,To work for pay during one’s spare time.,work in spare time for money,To earn extra income by taking on paid work outside of one’s regular job hours.,Picking up side gigs for cash in your free time.
ZH,扒面,To exploit national or corporate resources for personal gain at the expense of the organization.,take advantage of the state or a company for one’s own benefit; profit at the stat’s or a company’s expense,"To misuse the assets or resources of a nation or company for individual benefit, causing loss or harm to the organization.","To milk the government or a business for your own gain; basically, to cash in by taking advantage of public or company resources."
ZH,吧女,A female attendant or hostess who works in a bar.,bar girl,A woman employed as a hostess or server in a bar setting.,An informal term for a girl who hangs out or works at bars.
ZH,拔,To cool (food or an object) by immersing it in water.,cool in water,To lower the temperature of food or an item by placing it in water.,to chill something in water (informal)
ZH,拔份儿,To show off one’s strength or power; to display one’s capability and courage to others.,show off one’s strength or power; demonstrate one’s power and courage over others,"To openly exhibit one's abilities or strength, aiming to impress others with one's competence and bravery.","To flex your power or guts in front of people, basically showing off how tough or bold you are."
ZH,把,a period of time; a round or session (in an activity or event),time; rounds,a span or interval of time; a single instance or cycle within an activity or event,"an informal way to refer to time or a go-around, especially in casual conversation"
ZH,掰,to break off a friendship; to end a personal relationship,break up; break off a friendship,to terminate a friendship or bring a personal relationship to an end,"to call it quits with someone or split up, especially in a casual or informal way"
ZH,拜拜,"A transliteration of the English phrase ""bye-bye,"" used to express farewell or parting.",bye-bye(transliteration of English phrase),"A borrowed term from the English 'bye-bye,' commonly used to indicate a farewell or departure.","An informal way to say goodbye, adapted from the English phrase 'bye-bye.'"
ZH,白搭,Completely useless; ineffective; resulting in wasted effort.,have no use; futile; spend effort in vain,Totally ineffective; fails to achieve any result and leads to effort being wasted.,"Doesn’t work at all; no matter what you do, it’s just a waste of time and energy."
ZH,白话,"To speak empty, boastful, or meaningless words; to talk excessively or pointlessly.",make empty talk; talk big; talk nonsense; be blah-blah,"To utter words that lack substance, are boastful, or carry no real meaning; to speak at length without purpose.",to go on and on with empty bragging or pointless chatter; to spout off or ramble nonsense
ZH,白毛风,A severe snowstorm with strong winds; a blizzard.,sonowstorm; blizzard,An intense snowstorm marked by powerful winds; commonly referred to as a blizzard.,"A wild snowstorm or blizzard, used informally in everyday speech."
ZH,白玩儿,Easy to do; not difficult; requiring little effort.,easy to do; not difficult; not hard,Simple to accomplish; involves minimal difficulty or effort.,"Super easy to pull off; not tough at all, just a breeze."
ZH,摆龙门阵,to engage in casual conversation or storytelling,chat; engage in chitchat; tell a story,to participate in informal discussions or share stories in a relaxed setting,"to casually shoot the breeze or swap tales in a laid-back, chatty way"
ZH,摆摊儿,To set up a stall for selling goods on the street or in a market.,set up a stall along the street on in a market,"To arrange a booth or stand in a public area, such as a street or market, for the purpose of selling items.",To casually put out goods on the roadside or at a market to make some sales.
ZH,扳大闸,To force open a lock in order to steal something.,pry open a lock(to steal sth.),To break open a lock with the intention of committing theft.,Bust open a lock to swipe something.
ZH,板儿寸,A very short haircut with hair closely cropped to the scalp; a crew cut or buzz cut.,hairstyle in which the hair is cropped close to the head; closely cropped hair; bush-top,"A hairstyle where the hair is trimmed extremely short, lying close to the scalp; similar to a crew cut or buzz cut.","An informal term for a haircut with hair cut super short and tight to the head; a close-cropped, almost stubbly style often called a 'bush-top.'"
ZH,办,to punish; to penalize,punish; penalize,to impose a penalty or administer punishment to someone,to give someone a hard time or deal out some payback
ZH,半残废,"A metaphorical term for men 170 cm or shorter, implying social disadvantage in romantic selection.",half-crippled/A metaphor for a man of 170 cm or below in height who is not tall enough for the woman he’s romantically interested in and therefore jokingly called “half-crippled” .,"This term is used figuratively to describe men who are 170 cm tall or shorter, suggesting that their height puts them at a disadvantage in the context of dating and relationships.","In casual speech, this phrase jokingly refers to guys under 170 cm as 'half-disabled,' poking fun at their perceived lack of height when it comes to impressing women they're interested in."
ZH,半拉,One half; either of two equal parts into which a whole is divided.,half,One of two identical portions that together make up a complete item.,A casual way to refer to half of something.
ZH,半晌,A considerable length of time; quite a while.,half a day/ A metaphor for quite a long time.,A significant period of time; a fairly long duration.,About half a day; casually used to mean a pretty long stretch of time.
ZH,棒,Excellent; outstanding; strong or impressive in ability or quality.,strong; excellent; great,Remarkable; highly skilled or possessing notable strength or quality.,Awesome; really cool or super impressive in a casual way.
ZH,傍大款,(of a woman) to form a close relationship with a wealthy man for financial benefit,(for a  woman) to accompany a rich man; have an intimate relationship with a rich man.,Describes a woman who seeks a close association with a wealthy man in order to gain financial advantages.,"Refers to a woman hanging out with or getting involved with a rich guy, usually in a romantic or intimate way."
ZH,煲电话粥,To talk on the phone for a long time.,boil(cook) porridge of telephone/ A metaphor for talking on the phone for a long time.,To engage in a lengthy telephone conversation.,A casual expression likening chatting on the phone for an extended period to 'simmering porridge'—used informally to describe long phone calls.
ZH,爆炒,"To launch an intensive, large-scale media campaign in a short period for maximum commercial impact.",quick-fry/A metaphor for launching a whirlwind mass media advertising campaign for quick and optimum commercial impact n a short period.,To rapidly execute a widespread media promotion within a brief timeframe to achieve the greatest possible commercial effect.,"To quickly blast out a massive media ad campaign, like a fast stir-fry, aiming for the biggest business buzz in the shortest time."
ZH,暴打,To beat someone violently; to inflict a severe physical assault on someone.,beat sb. Severely; give a good thrashing,To physically attack someone with great force; to deliver a harsh and intense beating.,To really lay into someone; to rough someone up badly or give them a serious whooping.
ZH,暴侃,To boast or exaggerate; to make grandiose or inflated claims.,talk big; boast; shoot the bull,To speak in an exaggerated manner or brag by making claims that are larger than life.,"to talk yourself up or brag in a showy, informal way; to shoot the breeze with bold or exaggerated stories"
ZH,报冷门,"To produce an unexpected result, especially an unforeseen outcome in a competition or event.",produce unexpected results,"To achieve a surprising outcome, particularly one that was not anticipated in a contest or event.",pull off a shock result
ZH,报料,To provide news tips or information to journalists.,to provide news clues or information to journalists,To share news leads or relevant information with reporters.,to tip off journalists with juicy news or inside info
ZH,爆棚,Extremely popular; attracting overwhelming interest or participation.,"Literally it means a tent is too crowded with people and may explode. A metaphor for something that is very popular and loved by people so that too many wish to join it, participate or go for it.",Exceptionally well-liked; drawing an immense amount of attention or participation.,"In slang, it literally describes a tent packed so full it might burst, and is used to vividly express how something is so trendy and adored that crowds are eager to join in or be part of it."
ZH,暴笑,"To laugh loudly and uncontrollably, usually due to great amusement or joy.",laugh,"To burst out in loud, uncontrollable laughter, often as a result of being highly amused or delighted.",crack up; to laugh hard (informal)
ZH,备不住,perhaps; possibly; it may be,perhaps; maybe,there is a chance that; it could be the case,"who knows, maybe; could happen"
ZH,背过气,To stop breathing; to be unable to breathe; to gasp for air.,stop breathing; be out of breath; gasp for breath,To lose the ability to breathe or experience a cessation of breathing; to struggle for air due to breathing difficulty.,To run out of breath or have trouble catching your breath; to be left gasping for air in an informal sense.
ZH,奔命,"To rush or work with utmost effort, often under pressure or urgency.",drive(push) oneself hard to hurry on with one’s journey or work,"To act or work with great intensity, typically in situations that require speed or are highly demanding.","To push yourself to the limit, hustling to get things done or get somewhere fast."
ZH,崩,to execute or kill by shooting,shoot to death; execute by shooting,to carry out an execution by means of shooting,to gun someone down; to put someone to death with gunfire
ZH,蹦迪,"To dance to disco music, typically in a nightclub or party setting.",disco dance,"To move rhythmically to disco music, usually at a club or social gathering.","To hit the dance floor and groove to disco beats, especially in a lively, informal way."
ZH,绷儿,Extremely; to a very great degree; exceedingly.,very; so; extremely,To an exceptional extent; highly; to a remarkable or intense degree.,Super; really; crazy; used informally to mean very or extremely.
ZH,毙,to execute by shooting; to kill by gunfire as a form of execution,shoot to death; execute by shooting,to carry out a death sentence by means of shooting; to put someone to death using gunfire as an official method of execution,"to gun someone down; to shoot and kill a person, usually in a quick or informal way"
ZH,飙车,To drive a vehicle at dangerously high speeds or in a reckless manner.,drive violently(madly),To operate a vehicle at excessively high speeds or in a manner that disregards safety.,to tear around in a car like crazy
ZH,憋镜头,A poorly executed or unsuccessful shot in photography or film.,bad camera shot; a shot gone wrong,An image or scene in photography or film that is captured in a flawed or ineffective manner.,A messed-up camera shot; when a take turns out badly.
ZH,蹩脚,Inferior in quality; poor; lacking skill or proficiency.,inferior; poor; unskilled,Of substandard quality; demonstrating a lack of ability or expertise.,"Lousy or clumsy; not good at something, done in an unskilled way."
ZH,病秧子,A person who is physically weak or frequently ill.,sick vine; person in poor health; someone vulnerable to illness,An individual who often experiences illness or has a frail physical condition.,A casual term for someone who's always getting sick or is especially prone to health problems.
ZH,泊车,To park a vehicle; to bring a car or other vehicle to a stop and leave it temporarily.,parking,To stop a car or another vehicle and leave it in a place for a short period of time.,An informal way to refer to leaving your ride somewhere—just parking.
ZH,不颤,Not afraid; not fearful.,to not be afraid; to not be scared,Lacking fear; showing no signs of being afraid.,Not freaking out; staying chill and unafraid.
ZH,不搭脉,Completely unrelated or dissimilar; having no connection or commonality.,"two things entirely different, like chalk and cheese",Totally unconnected or unrelated; lacking any similarity or link.,"When two things are worlds apart, like apples and oranges—completely mismatched."
ZH,不忿儿,To refuse to submit; to resist authority or control.,refuse to obey; to not give in to,To stand against being controlled or dominated; to oppose submission to authority.,to push back against rules or orders; to not just go along with what you're told
ZH,不感冒,To have no interest in or pay little attention to something.,have no interest; to not be interested in sth; pay little attention to,To show little interest in or give minimal attention to a particular subject or matter.,To just not care about something or not be into it at all; to barely notice or pay attention.
ZH,不吝,Not to mind; not to care about.,not care; not mind,To show no hesitation or concern about something.,To not give a second thought; to not be bothered.
ZH,不起眼儿,Not noticeable; insignificant; ordinary.,not eye-catching; trivial; unremarkable,Difficult to notice; lacking significance or distinction; commonplace.,Doesn't stand out; nothing special or worth mentioning; just blends in.
ZH,不是玩儿,Not a joke; serious; not to be taken lightly.,be no joke; be serious; no kidding; not a trifling matter,Something that is not to be taken as a joke; it is important and should be regarded with seriousness.,This is no laughing matter—it's for real and not something you can brush off or mess around with.
ZH,踩,"To slander, malign, vilify, or insult someone.",slander; calumniate; libel; insult,"To speak ill of, defame, or verbally attack an individual.","To badmouth, trash-talk, or diss someone in a casual or mocking way."
ZH,踩点儿,To conduct a thorough on-site inspection of a location in preparation for a planned visit or activity.,step on the spot; make a thorough and careful investigation of a place a person intends to go to,To carefully examine a site in person ahead of a scheduled event or activity to ensure everything is ready.,"To scope out a place you plan to visit, checking it out closely and thoroughly, often in a casual or streetwise way."
ZH,踩乎,"To bully, oppress, belittle, trample on, or disparage someone.","bully; oppress; depreciate, tread upon; disparage","To treat someone harshly by intimidating, suppressing, looking down on, or demeaning them.","To pick on, put down, or walk all over someone; to trash-talk or diss them."
ZH,菜,"Incompetent, unsophisticated, or lacking ability, often used to describe someone as ignorant or unskilled.",sb. Or sth. That is good for nothing; hopelessly stupid; humiliating; rustic; countrified; ignorant,"Describes someone who is inexperienced, lacking skill, or not knowledgeable, often implying they are not capable or proficient.","A casual way to call a person or thing totally useless, embarrassingly dumb, or backward—basically someone clueless or out of touch."
ZH,菜了,To fail; to be unsuccessful; to fall short of achieving something.,fail; be unsuccessful; fall through,To not succeed in accomplishing a goal; to experience failure or be unable to meet expectations.,mess up; flop; totally blow it (used informally to describe not making it or failing at something)
ZH,菜色,"A pale or sallow facial complexion, often indicating hunger or poor health.",dark green or sallow yellow/ A term to indicate someone who has a colorless complexion or looks famished.,"A noticeably pale or yellowish face, commonly seen as a sign of malnutrition or ill health.","A casual way to describe someone whose face looks washed out or hungry, often using terms like 'dark green' or 'sallow yellow' to highlight their lack of healthy color."
ZH,残废,A derogatory term for a man whose height is less than 160 centimeters.,crippled man/ A metaphor for men shorter than 160 cm.,A pejorative label used for men whose height does not exceed 160 centimeters.,"An informal term for a guy considered 'crippled,' often jokingly used to refer to men under 160 cm tall."
ZH,糙,"Rough, coarse, or lacking in refinement, manners, or elegance; rude or unpolished.",rude; rough; boorish; uncouth; impolite,"Having a rough or coarse quality, or showing a lack of sophistication, grace, or polished manners; unrefined or ungraceful.","Describes someone acting in a blunt, crude, or disrespectful way; behaving in a harsh or unmannered style."
ZH,操蛋,"(vulgar) extremely bad, disappointing, or frustrating; deserving of strong disapproval or condemnation",(swearword) damn; bad; no good; disappointing,"(vulgar) refers to something that is extremely unpleasant, unsatisfactory, or infuriating; worthy of harsh criticism or strong rejection.","(swearword, informal) used to express annoyance or disappointment; means something is terrible, worthless, or a letdown."
ZH,蹭车,To ride a bus or train without paying the fare; to travel as a free rider.,get a lift; take a bus or train without pay,"To use public transportation, such as a bus or train, without purchasing a ticket or paying the required fare; to act as an unauthorized passenger.","To hitch a ride or sneak onto a bus or train without paying, often just tagging along for free."
ZH,碴,to engage in a physical fight or scuffle (with someone),fight; come to blows; scuffle(with),to become involved in a physical altercation or brawl (with another person),to get into a scrap or throw punches with someone; to have a tussle (informal)
ZH,茶钱,A gratuity or small sum of money given for service; a tip.,tip,A small amount of money offered as a token of appreciation for a service; a gratuity.,an informal way to refer to a tip or extra cash given for help
ZH,缠,"to handle, deal with, or cope with (a situation or problem)",deal with; cope with; handle,"to manage, address, or resolve a particular issue or circumstance","to sort out, take care of, or handle something (in a casual or everyday sense)"
ZH,猖,"Wild, furious, and uncontrollable in behavior or actions.",savage; furious; unbridled,"Displaying wild, intense, and uncontrollable conduct or actions.","Totally out of control; fierce and wild, often used informally to describe someone acting crazy or over the top."
ZH,长舌妇,A woman who gossips or spreads rumors; a meddlesome or talkative woman.,gossip monger; garrulous woman,"A woman who frequently engages in gossip or rumor-spreading, often involving herself in matters that do not concern her or talking excessively.",A chatterbox who loves to dish out gossip; someone who can’t stop talking about other people’s business.
ZH,抄肥,To intercept goods for profit or to gain actual profit through ambush or interception in business.,realp profit in business; block goods and take them away; waylay; profit reaping,"To seize goods or opportunities in order to make a profit, typically by intercepting them during business transactions.","To snatch up profits in business by grabbing or blocking goods for yourself; basically, to swoop in and cash out."
ZH,潮,Fashionable; in accordance with the latest trends or styles.,fashion; fashionable,Stylish; reflecting the most current fashions or prevailing styles.,"Trendy; super cool or in style, especially in a casual or everyday sense."
ZH,炒汇,Speculating in foreign exchange by buying and reselling currencies for profit.,arbitrage; buy and resell foreign currency at a profit,Engaging in the practice of buying and selling foreign currencies with the intention of making a profit from fluctuations in exchange rates.,Flipping foreign money for quick gains; snapping up currency and selling it off to pocket the difference.
ZH,炒买妙卖,"Speculative buying and selling for profit, especially in stocks, foreign exchange, real estate, or oversupplied goods.","to speculate; resell at a profit (used mostly for stocks, foreign currency, real estate or other goods in exceeding supply demand)","Engaging in the purchase and sale of assets like stocks, currencies, property, or surplus goods with the intention of making a financial gain through market fluctuations.","To flip items—like shares, foreign money, real estate, or stuff with too much supply—for a quick profit; commonly used in casual talk about speculating or reselling."
ZH,炒鱿鱼,to dismiss or terminate someone from employment,sack; dismiss ; fire,to remove someone from their job or end their employment,to give someone the boot; to let someone go from work (informal)
ZH,车本,driver's license; an official document permitting a person to operate a motor vehicle,driver’s license,A legal certificate that authorizes an individual to drive a motor vehicle.,A casual way to refer to a driver’s license.
ZH,车倒儿,A person who buys and resells vehicles; a used car dealer.,a person who resells vehicles; second-hand dealer,"An individual engaged in purchasing vehicles and selling them again, typically operating as a used car merchant.","Someone who flips cars for profit—a person who deals in second-hand vehicles, often in a casual or streetwise way."
ZH,扯淡,To speak nonsense; to make absurd or unfounded statements.,(swearword) talk nonsense; bullshit,To say things that are unreasonable or lack any factual basis.,"(informal, vulgar) to spout rubbish; to talk crap"
ZH,扯平,To settle accounts so that neither party owes the other; to make equal or balanced.,be(get) even with sb. ; make even,"To adjust matters so that both sides are square, with no remaining debts or obligations between them.",to get back at someone so things are fair again; to call it quits with somebody
ZH,撑,"To support, sustain, persist, or uphold.",prop up; maintain; hold out; support,"To hold up, keep steady, endure, or provide support.","To stick it out, keep things going, or back someone up in a casual way."
ZH,秤砣,Counterweight that slides on a steelyard balance to measure weight.,the sliding weight of a steelyard,"A movable weight attached to a steelyard scale, used to determine the mass of an object.",The little weight that slides along a steelyard when you’re weighing something.
ZH,痴,Foolish; lacking intelligence or good judgment; slow-witted.,foolish; stupid; idiotic,Lacking sense or reasonable thinking; not showing intelligence or sound judgment; mentally slow.,acting dumb or clueless; being really silly or brainless in a casual way
ZH,吃不了兜着走,To suffer the consequences of one’s actions; to get into serious trouble as a result.,get more than one bargained for; land oneself in serious trouble,To face the negative outcomes of one’s own actions; to end up in serious trouble as a result.,bite off more than you can chew and end up in a mess; get yourself into big trouble you can’t handle
ZH,吃错药了,"To behave in an unusually strange, rude, or inappropriate manner.",take the wrong medicine/ A term that infers a person’s behavior is a bit strange or rude and impolite.,"To act in a way that is noticeably odd, disrespectful, or out of the ordinary.","Used informally to suggest someone is acting weird or out of line, as if they literally took the wrong medicine."
ZH,吃刀,to suffer a loss; to be at a disadvantage; to be deceived or taken advantage of,suffer losses; get the worst of it; be cheated or fooled,"to experience a setback, be placed at a disadvantage, or fall victim to someone else's deceit","to get ripped off, end up on the losing side, or be tricked by others"
ZH,吃偏饭,"To receive or give special treatment, assistance, or provisions to a particular person.",have particular meal for someone or receive(give sb.)a particular treatment or help,"To provide or receive preferential treatment, support, or resources directed at a specific individual.","To give someone special favors or help, or to get singled out for extra attention—like getting a meal just for you."
ZH,吃请,to be invited to attend a banquet or formal dinner,to be invited to a dinner,to receive an invitation to participate in a formal meal or banquet event,"to get asked out for a meal, usually in a casual or informal way"
ZH,吃软饭,(of a man) To be financially supported by a woman instead of earning a living independently.,(of men)live off women rather than working for a living;(of men) be supported by women,Describes a situation where a man relies on a woman for financial support instead of providing for himself.,"Refers to guys who mooch off women instead of earning their own money; basically, men who let women take care of their expenses."
ZH,吃香,To be highly popular or favored; to be well-liked or in great demand.,be very popular; find favor with sb; be well-liked,To be widely appreciated or sought after; to enjoy a high level of approval or preference.,To be a big hit or really in with people; to have a lot of fans or be the go-to choice.
ZH,吃小灶,To receive special treatment or individualized instruction or training.,have a special meal for sb. Or receive (give sb.) a special treatment or service/ Often it refers to giving someone individual tuition or training.,"To be given personalized attention or instruction, often through tailored guidance or training.","To treat someone to a special meal or give them extra perks or help, usually in an informal way—often meaning someone gets extra coaching or support that others don’t."
ZH,充大个儿,To act beyond one’s abilities in order to impress others or appear more capable.,show off; be foolhardy; to force oneself to do; be braggart/ A term refers to one who insists on doing sth. Which is beyond his ability or one who tries to impress others.,To pretend to have greater skills or abilities than one actually possesses in order to impress others or seem more competent.,"To show off or act tough by taking on things you can’t really handle, just to look good or boast in front of others."
ZH,冲洋画片,To retrieve a card from a vending machine.,pull the card out of an automatic selling machine,To obtain a card by purchasing it from a vending machine.,To snag a card out of a machine that sells them automatically.
ZH,抽立,to lose money (in gambling); to be defeated or beaten,lose money(in gambling); be beaten; be defeated,to suffer a financial loss while gambling; to experience defeat or be overcome by an opponent,"to end up losing cash when gambling, or to get beaten or lose out to someone (informal)"
ZH,臭,"Stupid, poor in quality, disappointing, or inferior.",stupid; bad; disappointing; inferior,"Lacking intelligence, of low standard, unsatisfactory, or subpar in quality.","Dumb, lousy, or just plain not good—used casually to describe something disappointing or second-rate."
ZH,臭大粪,"Vulgar term for something considered low-class, bad, or foolish.",low-grade; no good; stupid,"A crude expression used to describe something regarded as inferior, undesirable, or lacking in value.","An informal way to call something lame, worthless, or dumb."
ZH,臭美,To be excessively pleased with one’s appearance or to take pride in one’s looks.,make up; dress up; beautify,To show an excessive amount of pride in one’s looks or to be overly satisfied with one’s own appearance.,to get dolled up or put on makeup; to spruce yourself up and try to look extra attractive (used informally)
ZH,臭美妞,A girl who is highly critical of her own appearance.,a girl who is fussy about her appearance,A girl who pays close attention to and often judges her own looks.,"A girl who's picky or obsessed about how she looks, often in a playful or teasing way."
ZH,臭子儿,A misfire; a malfunction of ammunition; a bullet that fails to discharge.,dumb fire; faulty cartridge;(of bullet)lose efficacy,A failure to fire; an ammunition defect where a bullet does not go off as intended.,A dud shot; a busted round; (when talking about bullets) one that doesn't work right or loses its punch.
ZH,出菜,"To produce a product, manufacture something, or achieve a result.",produce a product; make sth.; achieve sth.,"To create a product, fabricate an item, or accomplish an outcome.","To whip something up, get something done, or pull something off."
ZH,出格,To behave or speak in a way that is unconventional or markedly different from others.,(speech and action) be out of the ordinary; differ form others,To act or speak in a manner that is noticeably unusual or departs from accepted norms.,To do or say things that are pretty out there or stand out from what most people do.
ZH,出更,(of police) to go on patrol; to conduct a patrol or inspection,(policeman) go on a tour of inspection; patrol; make one’s rounds,"For police officers, to set out on duty for surveillance or routine inspection.",When a cop heads out to do their rounds or check things out on patrol.
ZH,出局,To be eliminated or defeated in a competition or match.,be knocked out or eliminated in a competition,To be removed from participation or lose in a contest or game.,to get kicked out or dropped from a competition
ZH,出摊儿,(of street vendors) to set up a stall and conduct business,(of vendors)do business; open for business,To set up a booth or stand on the street in order to sell goods or provide services.,"To start selling or get down to business, especially in a casual or informal way."
ZH,雏（儿）,A beginner; a novice; a person who is inexperienced in a particular activity or field.,greenhorn; tyro; new hand; raw recruit,Someone who is new to a certain area or activity and lacks experience or expertise.,A rookie or newbie; someone just starting out and not yet familiar with the ropes.
ZH,触电,To make one’s debut on television or in a film as an actor or host.,"to have one’s first experience on TV or in a movie; to play a role in a TV drama or a film, or to be a host/hostess on TV",To appear for the first time as an actor or presenter on television or in a movie.,"To get your first shot at being on TV or in a film, whether it’s acting in a show or movie, or hosting a TV program."
ZH,穿帮,To inadvertently reveal a secret or expose oneself to public knowledge.,to let the cat out of the bag; to give oneself away; to let the whole world know,To unintentionally disclose confidential information or make something previously hidden known to others.,to accidentally spill the beans or blow your own cover so everyone finds out
ZH,穿水晶鞋,"To deliberately create difficulties or obstruct someone’s work, especially by a superior toward a subordinate.","make sb. Wear crystal(or small) shoes/A metaphor for one who makes things difficult for others, or stops others from doing things(generally used to refer to working relationship specially boss and subordinate).","To intentionally hinder or make things more difficult for someone in their work, often referring to actions taken by a manager or superior against an employee.","To force someone to 'wear crystal shoes' is a casual way of saying you’re making life tough for them or blocking what they want to do, usually talking about a boss giving their worker a hard time."
ZH,窗户纸,"Thin paper used for covering windows; metaphorically, a barrier, disguise, or concealment.","thin paper used on windows/A metaphor for screen, cover-up or camouflage.","A delicate sheet of paper placed over window frames; figuratively, it refers to something that hides or masks the truth.","Window paper, meaning a flimsy layer on windows, is also a casual way to talk about something that acts as a front or a cover-up."
ZH,吹灯拔蜡,To fail completely; to come to an unsuccessful end.,(literally) blow out the candle and remove it;(figuratively)go fail; fall through,To end in total failure; to reach an unsuccessful conclusion.,(literally) to extinguish the candle and take it away; (informally) to mess up or have things go south.
ZH,戳,to set something upright; to make something stand vertically,erect;stand sth. on end,to position an object so that it stands upright or is placed vertically,to prop something up so it’s standing on end; to make it stick up (informal)
ZH,呲儿,to scold or reprimand severely,scold; give a tongue-lashing,to harshly criticize or rebuke someone for their actions,"to lay into someone or tell them off in a blunt, informal way"
ZH,次毛,(of a product) of poor quality; inferior; substandard,(of product)poor in quality; inferior; bad,Describes a product that does not meet quality standards; considered to be of lesser or unsatisfactory quality.,Used informally to refer to something that's really low quality or just plain lousy.
ZH,醋坛子,"A person who is easily jealous, especially in romantic relationships.",vinegar jar/A metaphor for a jealous person.,"Someone who tends to become jealous easily, particularly when it comes to matters of romance.","A playful term, literally meaning 'vinegar jar,' used to describe a person who gets jealous, especially in a lighthearted or teasing way."
ZH,蹿,(of prices) to rise rapidly; to surge; to increase sharply and suddenly,(of price)rise quickly; hike up; go up suddenly,to experience a swift and significant jump in prices; to escalate or climb sharply within a short period,when prices shoot up all of a sudden; to jack up or spike really fast
ZH,村姑,A young woman from a rural area; a country girl.,a country girl form the country,A young female who comes from a village or rural community; a girl raised in the countryside.,A girl straight out of the sticks; a country chick.
ZH,撮,to eat; to have a meal,eat; have a meal,to consume food; to partake in a meal,to grab a bite; to chow down
ZH,撮堆儿,Inferior goods; remainder or persons or things not selected in the first round.,goods of lower quality; left over/A metaphor for people or things not chosen in the first lot.,"Items of lesser value or quality, or those people or things that were not picked in the initial selection.",Cheap stuff or leftovers; casually refers to people or things that didn’t make the first cut.
ZH,搓麻,to play mahjong,play mahjong,to engage in a game of mahjong,to casually get together and play some mahjong
ZH,矬子,A person of short stature; a short or small-statured individual.,a short person,An individual who is notably shorter than average in height; someone with a diminutive physical build.,A casual term for a person who’s on the short side.
ZH,搭档,A partner who works together with another in cooperation or collaboration.,cooperate; collaborate,A colleague or associate who joins with someone else to achieve a shared goal or task.,team up; work together (in a casual or informal sense)
ZH,打八刀,To divorce; to legally dissolve a marriage.,divorce,To officially end a marriage through legal proceedings.,"To split up or get a divorce, said in a casual way."
ZH,打车,To take a taxi; to travel by taxi.,hail cab; take a taxi; by taxi,To use a taxi as your means of transportation; to ride in a taxi.,Flag down a cab or catch a taxi for your trip; get around by taxi.
ZH,打工妹,"A young female worker, especially one employed in low-wage or service jobs.",female employee; female worker,"A young woman who works, typically in low-paying or service-related positions.",An informal term for a woman working a job; a female staff member.
ZH,打哈哈,To joke or make fun of someone; to tease in a playful manner.,poke fun at; joke about,To engage in lighthearted banter or playfully mock someone.,"To kid around or crack jokes about someone in a casual, informal way."
ZH,打水漂儿,To be wasted or yield no result; to spend effort or resources without any return.,"play(make)ducks and drakes (with sth.); spend in vain; with no result; pay out, but get nothing in return","To have resources or efforts go to waste, resulting in no benefit or outcome.","To throw money or effort away for nothing; to blow something with no payoff, like tossing stones across water just for fun."
ZH,打一枪换一个地方,"To frequently change locations, jobs, or activities without staying long in one place or position.","go job-hopping; move regularly(from one place to another); change frequently(job, things)","To repeatedly shift from one place, job, or activity to another, rarely remaining in the same spot or role for long.",to keep bouncing from job to job or place to place; to switch things up often without sticking around
ZH,打住,to stop; to pause; to bring to a halt,stop; hold on; bring to a halt,to cease an action; to interrupt or suspend an activity; to cause something to come to a stop,hang on; cut it out; just stop right there (used informally in conversation)
ZH,大瓣儿蒜,A person who behaves affectedly or pretentiously.,big clove of garlic/ A metaphor for someone who behaves in an affected way or puts on an act.,An individual who acts in an exaggerated or showy manner to impress others.,A big garlic clove; informally used to describe someone who’s putting on airs or faking their behavior.
ZH,大比拼,A competitive contest between two teams or individual participants.,dual meet; a meeting between two competing teams or two competitors,A contest where two teams or individuals compete against each other.,"A head-to-head showdown between two rivals or groups, often used informally to describe a face-off."
ZH,大出血,To sell goods at extremely low prices; to hold a major sale or promotion.,sell goods at a very low price; have a grand sale,"To offer products at significantly reduced prices, often as part of a large-scale sale or special promotion.",To unload stuff for super cheap or throw a huge discount event.
ZH,大吊车,An unmarried man around thirty years old; a bachelor in his thirties.,big crane/A metaphor for a single man of around thirty; unmarried man; bachelor.,A man who is single and has reached about thirty years of age; a bachelor in his early thirties.,"A playful term for a big crane, also used informally to describe a guy in his thirties who isn’t married yet; a slangy way to refer to a single man."
ZH,大发,Excessive; describing someone who acts overly or beyond reasonable limits.,excessive; over the top/Refers to one who overdoes sth. or exceeds a limit.,Describes someone who behaves in an immoderate way or goes beyond what is considered reasonable.,Used informally to talk about someone who totally overdoes something or pushes things way past the normal limit.
ZH,大哥大,cellular phone; mobile phone,Cellular phone,A portable telephone that allows users to make calls while on the move.,"An informal term for a cell phone, often used in everyday conversation."
ZH,大红大紫,Extremely famous; highly renowned or well-known (of a person).,(of a person)very famous; well-known; celebrated,Widely recognized and celebrated; a person who has achieved significant fame and public recognition.,Someone who's super popular and really well-known; a person everyone’s talking about.
ZH,大件,"Major household appliances that were expensive consumer goods in China during the 1980s (e.g., televisions, refrigerators).","expensive consumer goods (television, refrigerator, washing machine, tape recorder)in the 80s of the 20 th century.","Large household devices that represented costly consumer purchases in China during the 1980s, such as refrigerators and televisions.","Back in the 1980s, people used this term informally to talk about pricey items like TVs, fridges, washing machines, and tape recorders."
ZH,大块头,A person who is tall and physically robust; a large and strong individual.,a hefty person; a tall person; a tall and strong person,An individual who is both tall and physically strong; someone of considerable size and strength.,"A big guy; someone who's really tall or burly, often used casually to describe a large person."
ZH,大礼拜,A weekend when both Saturday and Sunday are days off from work.,"“big weekend”(Saturday and Sunday) In 1994, the Chinese government passed the official 44-hour work week. This means that Chinese who work in companies that follow this guideline have alternating weekend-“big”and “small” weekends. “Big weekend”means people get Saturday and Sunday off. “Small weekend” means they must work on Saturday (a full day).",A weekend in which employees have both Saturday and Sunday off from their jobs.,"In everyday talk, 'big weekend' refers to having both Saturday and Sunday free, as opposed to a 'small weekend' when people still have to work on Saturday. This term became common after China introduced the 44-hour work week in 1994, leading to alternating weekends with either one or two days off."
ZH,大路货,An ordinary or low-priced product; a cheap or common item.,goods at ordinary or low price; cheap goods,A standard or inexpensive item; something that is widely available and not costly.,Stuff that’s pretty basic and cheap; everyday goods that don’t cost much.
ZH,大面儿,outward appearance; external aspect; surface,outlook; appearance; surface,the visible side or external look of something; the way it appears on the outside,how something looks on the surface; the general vibe or impression it gives off
ZH,大拿,"A person in authority; a leader, manager, or boss.",person with power; head; boss,"An individual who holds a position of authority, such as a supervisor, director, or person in charge.","Someone who calls the shots or is the top dog in a group; the big boss or main figure, said in a casual way."
ZH,大排档,"An inexpensive food stall, usually outdoors, selling a variety of dishes.","stalls selling food normally in the street but can also be indoors, normally very cheap",A low-cost outdoor eatery that offers a selection of different meals.,"Cheap spots, often found on the street or sometimes inside, where you can grab food from simple stalls."
ZH,大喘气,"To deliberately take a deep breath before finishing a sentence or phrase, often to tease or mock.",take a deep breath before finishing a sentence or phrase (on purpose); make fun of or tease,"Intentionally pausing to take a deep breath before completing a sentence or phrase, typically as a means to playfully provoke or ridicule.","Purposely sucking in a big breath right before finishing what you’re saying, usually to mess with someone or poke fun at them."
ZH,大腕儿,A prominent or influential person; a celebrity or expert in a particular field.,famous person; big shot; expert; celebrity,An individual who holds significant influence or is highly regarded as a specialist or public figure within a specific area.,A well-known or top-tier person; someone who's a big name or a pro in their scene.
ZH,大仙,A professional fortune-teller or a male or female witch.,"a professional fortune teller, or sorcerer/sorceress","An individual who practices fortune-telling professionally, or a person regarded as a wizard or witch, regardless of gender.","Someone who makes a living reading fortunes or is seen as a magic-user, like a sorcerer or witch, in everyday talk."
ZH,带把儿的,a boy; a male child,boy,a male youngster; a child who is a boy,an informal way to refer to a guy or boy
ZH,单车,bicycle; a vehicle with two wheels that is powered by pedaling,bicycle; bike,A bicycle; a two-wheeled vehicle that moves forward when you pedal it.,Bicycle; an informal way to refer to a bike.
ZH,单元儿,one-yuan banknote,one-yuan note,a banknote with a denomination of one yuan,an informal term for a one-yuan bill
ZH,蛋白质,"A foolish, unintelligent, or neurotic person; a derogatory term for someone perceived as such.","a fool, idiot or neurotic/a derogatory term which mostly refers to people","A term used to describe someone considered to be lacking intelligence, acting irrationally, or displaying unstable behavior; often used in a negative or insulting way.","An informal insult for a person seen as dumb, clueless, or a bit crazy; mainly used in casual speech to mock others."
ZH,弹子,"A cue sport played on a rectangular table with balls and a cue stick, including billiards, pool, and snooker.",billiards,"A game involving balls and a cue stick, played on a rectangular table, which includes games like pool, snooker, and billiards.",A casual way to refer to the game of billiards.
ZH,挡横儿,to hinder; to obstruct; to impede,get in the way; block ; hinder,to create an obstacle or barrier that slows down or prevents progress,to butt in or mess things up by getting in someone’s way
ZH,捯,To pull back or wind thread or rope; to coil or wrap thread.,pull back thread or rope; wind thread,To draw back or twist thread or rope into loops; to wind or bundle up thread.,"To yank back thread or rope, or to casually twist up some thread."
ZH,捯饬,To dress up or groom oneself; to apply makeup or adorn oneself.,dress up; make up; doll up,"To spruce up one's appearance by grooming, putting on makeup, or adding accessories.","To get all dolled up or glammed up, usually in a casual or playful way."
ZH,倒汇,Speculating in foreign exchange by buying and selling currencies to profit from price differences.,speculate in foreign currency; resell foreign currency at a profit,Engaging in foreign exchange transactions by purchasing and selling different currencies to gain from fluctuations in exchange rates.,To make money by flipping foreign currency—buying it and selling it off for a quick profit.
ZH,倒儿爷,A profiteer or speculator who exploits market opportunities for personal gain.,speculator; profiteer,An individual who takes advantage of market situations to earn personal profit through speculative activities.,A streetwise wheeler-dealer or hustler who makes money by flipping goods or speculating.
ZH,倒儿,A speculator or profiteer who buys goods cheaply in one place and resells them elsewhere at higher prices.,speculator; profiteer/ Refers to individual retailers who buy things at a low price in one place and sell them for a profit elsewhere.,A person who engages in buying products at a low cost in one location and then sells them at a higher price elsewhere to make a profit.,"Someone who hustles by picking up cheap goods and flipping them for extra cash, usually acting as a small-time dealer or street vendor."
ZH,倒插门,A marriage in which the husband moves into and resides with his wife's family.,bolt the door in a back to front way/ A metaphor for a man who goes to live in his wife’s parents’ home after marriage.,A type of marriage arrangement where the man leaves his own family to live with his wife's household after they wed.,"A playful expression likening a man moving in with his in-laws after marriage to putting a door in backwards—basically, it refers to a guy who settles down at his wife's parents' place instead of his own."
ZH,登,To put on (shoes or trousers).,wear(shoes or trousers),To put on footwear or pants.,To slip into shoes or pants (informal).
ZH,incapable people/A term often used to describe someone who gets high marks in school,A person academically successful but lacking practical abilities in everyday life.,"but is incapable in life.""",An individual who excels in academics but struggles with handling routine tasks or real-world situations.,"Someone who might ace their classes, but can't really manage basic stuff in everyday life."
ZH,的哥,A taxi driver; a familiar or affectionate term for a taxi driver.,taxi driver; cabman/An affectionate from of address to taxi driver.,"A person who drives a taxi; a commonly used, friendly term referring to a taxi driver.","A casual nickname for a cab driver, often used informally to address or talk about taxi drivers."
ZH,的票,taxi receipt,taxi receipt,a receipt issued for a taxi fare,an informal term used to refer to a cab fare slip
ZH,的爷,male taxi driver,male taxi driver,a man who works as a taxi driver,an informal term for a guy who drives a cab
ZH,地撮儿,A sanitation worker responsible for cleaning streets and public areas.,street cleaner; scavenger; sanitation worker; rubbish scooper,An employee tasked with maintaining cleanliness in streets and public spaces.,"A casual term for someone who sweeps the streets, picks up trash, or works as a garbage collector."
ZH,掂量,To weigh something by hand.,weigh by hand,To estimate the weight of an object by lifting it with your hand.,To pick something up and get a feel for how heavy it is by hand.
ZH,颠,to leave quickly; to depart or run away,go away; leave ; run,to exit swiftly; to leave or escape in a hurry,take off; get out of here; scram
ZH,点水,to report or inform on someone to the authorities,inform against,to notify officials or authorities about someone's actions or behavior,to snitch on someone
ZH,点子,A criminal who provides information to law enforcement authorities.,"squealer/A term refers to one who is a criminal himself, but has responsibilities to supply information for the public security organs.",An offender who assists law enforcement by passing along information.,A snitch—someone involved in crime who’s expected to tip off the police or public security about criminal activity.
ZH,垫背的,A person who is made to take the blame for the faults of others; a scapegoat.,scapegoat; fall guy,An individual who is held responsible for the mistakes or wrongdoings committed by others; someone who bears the blame in place of others.,"A person who gets stuck taking the fall or getting blamed for something, often as a convenient target for others’ problems."
ZH,垫底儿,The lowest-ranking or poorest; the one at the bottom in terms of status or performance.,be the poorest(lowest; bottommost);be the worst one,Refers to being at the very bottom in rank or achievement; the individual or group with the lowest position in terms of status or results.,Means ending up last or being the worst out of everyone; used informally to describe someone who comes in at the bottom.
ZH,电老虎,A corrupt official in the electric power sector who engages in bribery or embezzlement.,power(electricity)tiger/A metaphor for embezzlers from power (electricity)supply units.,"An official working in the electricity industry who is involved in corruption, such as accepting bribes or misappropriating funds.","A casual nickname for people in electric companies who pocket money or misuse resources—basically, power company staff who act like 'big shots' and steal from the system."
ZH,店嫂,A married female sales clerk.,married saleswoman,A female shop assistant who is married.,An informal term for a woman working in sales who has a husband.
ZH,掉链子,"To malfunction, encounter a problem, make a mistake, or experience a failure.",break down; have problems; go wrong; make mistakes,"To experience a malfunction, run into an issue, commit an error, or suffer a setback.",mess up; hit a snag; screw up; run into trouble
ZH,掉钱眼儿里,Extremely skilled at managing money or highly adept at financial matters.,fall into the hole of a coin/A metaphor for someone who is very good with money.,Exceptionally proficient in handling finances or demonstrating outstanding financial acumen.,Slipped right into the money slot—used informally to describe someone who’s super sharp or obsessed when it comes to dealing with cash.
ZH,跌份,To embarrass oneself or put oneself in an awkward or humiliating position.,embarrass yourself; cause yourself embarrassment,To find oneself in a situation that leads to personal embarrassment or makes one appear awkward or disgraced.,make a fool of yourself; end up looking silly or losing face
ZH,顶得住,To withstand; to endure; to be able to bear or tolerate.,bear; endure; stand up to,To be capable of handling or tolerating something difficult; to sustain or endure pressure or hardship.,"Hold up; tough it out; manage to get through something, especially in a casual or everyday way."
ZH,懂眼,Knowledgeable and experienced in a particular field; an expert familiar with the inner workings.,know the business; know the ropes; be an expert; know the ins and outs of,Possessing expertise and a deep understanding in a specific area; someone well-versed in the field’s details.,really gets how things work; totally clued in and knows all the tricks of the trade.
ZH,抖骚,To flaunt one's charm or attractiveness in an ostentatious manner.,play the coquette;,To display one's appeal or attractiveness in a showy or attention-seeking way.,"Act flirty or tease others in a playful, attention-grabbing manner."
ZH,豆腐块,A short article or brief essay published in a journal or newspaper.,beancurd cube/A tiny article published in a periodical or newspaper.,A concise piece of writing or a short essay that appears in a newspaper or magazine.,"beancurd block / A really short write-up or blurb found in a newspaper or magazine, often used in a casual or informal sense."
ZH,逗咳嗽,"To quarrel or provoke disputes with someone, often due to personal grievances.",be at each other’s throats; quarrel with someone on account of a personal grudge; pick a fight; find fault,"To engage in arguments or stir up conflict with someone, typically because of underlying personal issues.",to butt heads with someone; to get into fights or cause trouble with someone you have a beef with; to start drama or nitpick
ZH,独食,To keep something exclusively for oneself without sharing with others.,selfish; domineering/A term used to describe someone who gets something and does not share it with others.,"To reserve or use something solely for oneself, without allowing others to partake.","In casual speech, refers to someone who hogs things for themselves and doesn’t let anyone else have any."
ZH,断档,To lose contact or break off communication midway.,(of people)break off in the middle; miss a link,To have a disruption or interruption in communication partway through.,When someone suddenly drops out or loses touch in the middle of something; to skip a step or leave a gap.
ZH,断码,Not all sizes of a product are available; certain sizes are out of stock.,no all sizes of goods are available; a shortage of some sizes,"Some sizes of a product are missing from stock, so the full range of sizes is not currently offered.",You can’t find every size for this item—some sizes are sold out or just not available.
ZH,对表,A matching pair of wristwatches worn by romantic partners to signify their relationship.,a pair of watches for a couple,A set of coordinated wristwatches worn by couples as a symbol of their romantic bond.,"Couple’s matching watches, worn together to show they’re a pair."
ZH,对衫,Matching shirts designed for couples to wear together.,a set of shirts designed for a couple wear; matching shirts,Coordinated shirts created specifically for couples to wear as a pair.,A couple’s set of matching tees meant to be worn together—think of them as his-and-hers shirts.
ZH,蹲点,to defecate; to discharge solid waste from the bowels,defecate; have a bowel movement; shit,to pass stool; to expel solid waste from the intestines,to take a dump; to go poop
ZH,蹲坑,"To conduct surveillance or stakeout, especially by police or detectives, to monitor suspects or locations.","stake out; station (police, detectives, etc.)for surveillance of a suspected criminal, a place, etc.","To observe or keep watch over individuals or locations, typically by law enforcement officers, in order to gather information or monitor suspicious activity.","To hang around and keep an eye on someone or someplace, usually used informally to describe police or detectives watching out for criminals."
ZH,耳朵根子软,Easily influenced by others' opinions or words.,soft ear/A person who is easily swayed by other’s words.,Prone to being affected by what others say or think.,Someone who’s quick to go along with what people tell them; an easy pushover.
ZH,二等公民,"A citizen who is an immigrant or not born in the country, often regarded as having lower status.",second-class citizen/ A term that refers to migrants or citizens not born in the country.,"A person who has citizenship but was not born in the country, typically seen as having a lower social standing.","A casual way to call someone a 'second-class citizen,' usually used for immigrants or people who weren't born locally."
ZH,二乎,to retreat or withdraw due to fear,withdraw; retreat(because one is scared),to move back or pull away out of fear,to back off or chicken out because you’re scared
ZH,二进宫,to be detained or imprisoned again; to be re-incarcerated,take into custody for the second time; put in prison for the second time,to be sent back to jail or detention a second time; to undergo imprisonment once more,getting busted and locked up again; landing in jail for a second round
ZH,二十一遥,21-inch remote-controlled color television,21-inch remote control color television,A color television set with a 21-inch screen that can be operated by remote control.,"A 21-inch color TV you control with a remote, often mentioned in casual conversation."
ZH,发福,To gain weight or become plump (used as a polite or euphemistic expression).,put on weight ; get fat; plump (a euphemism),"To become fuller or put on extra weight, often expressed in a courteous or gentle way.","to pack on some pounds or get chubby; a casual, softer way to say someone’s gotten fatter"
ZH,发毛,to feel afraid or frightened; to experience fear or anxiety,be afraid of; be terrified; be scared,to become uneasy or nervous due to fear; to have feelings of apprehension or anxiety,to freak out or get spooked; to be really scared
ZH,发蒙,"To feel confused, bewildered, or at a loss; to be in a state of mental confusion.",be confused; be at a loss; get into a muddle,"To experience mental confusion or uncertainty, feeling unable to think clearly or understand what is happening.",to get totally lost or spaced out; to end up feeling really muddled or clueless
ZH,发烧音响,State-of-the-art audio equipment featuring the latest and most advanced sound technology.,"the latest, most hi-tech sound system",High-end audio devices that incorporate cutting-edge and sophisticated sound technologies.,"A super cool, ultra-modern sound setup with all the newest tech."
ZH,反炒,To attract public attention by using negative commentary or by promoting something in a contrary manner.,quickly-fry something in a backward way/Drawing public attention with negative spiel in the mass media.,"To gain public notice by leveraging negative remarks or by promoting something in an unconventional, oppositional way.",To stir up buzz by flipping things around or using negative hype in the media to grab people’s attention.
ZH,犯不着,Not necessary; not worth the effort or trouble.,unnecessary; not worthwhile,There’s no need to do it; it isn’t worth the time or effort involved.,Totally pointless; just not worth it at all.
ZH,犯各,To behave differently or act in a strange or unconventional manner.,act differently; do things in a strange or unusual manner,To conduct oneself in an unusual way or display behavior that is out of the ordinary.,to act weird or do things in a way that’s not like everyone else
ZH,饭局,"A formal or social dinner gathering, often for business or networking purposes.",dinner party; fete,"An organized meal event, typically held for professional reasons or to facilitate social connections.",A casual get-together over dinner; a laid-back party with food.
ZH,范儿,"Distinctive style, design, pattern, or manner of presentation.",style; design; pattern; form,"A unique way of expressing oneself through style, design, or the way something is presented.",A cool or trendy vibe; the way someone carries themselves or shows off their look.
ZH,方,A unit of currency equal to ten thousand yuan (RMB) in Chinese financial slang.,ten thousand yuan,"In Chinese financial terminology, this refers to a monetary unit equivalent to 10,000 yuan (RMB).","In casual speech, it’s a slang term used to mean ten grand in yuan."
ZH,放电,To display or express sexual attraction or flirtation between a man and a woman.,(electric) discharge/A metaphor for expressing passion between the sexes.,To show or communicate romantic interest or flirtatious behavior between a man and a woman.,"A casual way to describe the spark or chemistry shared between people, often used to talk about strong attraction or passion."
ZH,放鸽子,To fail to keep an appointment or to not show up as promised.,to break an appointment; to stand someone up,To not fulfill a commitment by missing an arranged meeting or failing to appear as agreed.,to ditch someone by not showing up for plans; to leave someone hanging
ZH,放空,"A vehicle, usually a taxi, that is not carrying any passengers.","an automobile with no passengers in it, usually it refers to a taxi","A vehicle, often a taxi, that is traveling without any passengers on board.","A car, especially a cab, cruising around empty—no one’s riding in it."
ZH,放一码,to pardon or forgive someone (usually a criminal); to grant clemency; to release,let a person (usually a criminal) off; have mercy on; forgive ; release,to show leniency or grant forgiveness to someone (often a wrongdoer); to offer clemency or set someone free,to cut someone some slack or let them off the hook (especially if they did something wrong); to go easy on or spare someone
ZH,匪,"Rude, unruly, or behaving in a thuggish or villainous manner.",rough; loutish; hooliganish; thuggish,"Describes someone who acts in a coarse, disorderly, or criminal way.","Used informally to refer to someone who’s rowdy, rough, or acts like a troublemaker."
ZH,粉丝,"A devoted admirer or supporter of a particular entertainer, athlete, or form of popular culture.","fans (of movie, pop music, ball games, etc.)","An enthusiastic follower or supporter of a specific performer, athlete, or aspect of popular culture.","People who are into things like movies, pop music, or sports—basically, fans."
ZH,风光,"To be prestigious, hold high status, or enjoy a luxurious lifestyle.",have fame; have status; enjoy a luxury life,"To possess an esteemed reputation, occupy a prominent position, or lead an affluent way of life.","to be well-known, have clout, or live it up in style"
ZH,福分,Good fortune; the privilege or blessing of happiness.,good fortune; happy hot,A stroke of good luck or the special chance to experience happiness and well-being.,Getting lucky or having a blast; feeling super cheerful and fortunate.
ZH,富姐,A wealthy woman.,a rich woman,A woman who possesses considerable wealth.,A lady loaded with cash; a moneyed woman.
ZH,富态,"A polite term describing someone as plump, stout, or having a full and well-nourished appearance.",plump ; stout; fat/A polite way to address someone who is overweight.,"A courteous expression used to refer to someone who appears well-fed, robust, or pleasantly rounded in figure.","An informal way to describe a person as chubby or overweight, often used as a gentle or tactful term."
ZH,玍,"Irritable, eccentric, unusual, or peculiar in temperament or behavior.",bad tempered; odd; eccentric; peculiar,Prone to being easily annoyed or displaying an odd or distinctive personality or manner.,"Grumpy, weird, or acting in a quirky and unusual way."
ZH,该着,Deserved; appropriate or inevitable according to circumstances or reason.,ought to; certainly; naturally,Justified or fitting as a result of the situation or logical reasoning; something that happens as a natural consequence.,Should happen; obviously; goes without saying—in casual or everyday speech.
ZH,丐帮,A group of people who make a living by begging.,group of beggars/ A term that refers to a group of people who live off begging.,An organization consisting of individuals who sustain themselves through begging.,A casual term for a bunch of people who rely on begging to get by.
ZH,盖帽子,An elite person or thing; someone or something outstanding or exceptional.,cream of the crop; superexcellent; the best of all/A term originally used in basketball referring putting the ball through the hoop.,A person or thing of the highest caliber; someone or something that stands out due to exceptional qualities.,"Top-tier or absolutely the best; a casual term, often borrowed from basketball, meaning someone or something that’s head and shoulders above the rest."
ZH,干货,"Valuable or essential information, content, or material.",dried goods/A metaphor for high value or expensive things,"Crucial or highly useful details, knowledge, or resources.","In everyday speech, refers to dried food items or, figuratively, to things that are pricey or especially valuable."
ZH,肝儿颤,To tremble with fear; to be extremely frightened or terrified.,have a shaken liver; be scared; tremble with fear; be terrified,To shake from intense fear; to feel deeply alarmed or terrified.,to get the jitters; to freak out from being scared; to be so afraid your liver feels like it's shaking
ZH,赶趟儿,to have time to do something; to be able to make it in time,have time for; be in time for,to be able to complete something before a deadline; to have enough time to do something on schedule,to squeeze in time for something; to manage to show up or catch something just in time
ZH,港,fashionable; stylish,fashionable; stylish,Having a sense of current fashion or being well-dressed in a stylish manner.,"Looking trendy or cool, especially in a casual or street-smart way."
ZH,港客,Hong Kong or Macau residents visiting mainland China.,compatriots in Hong Kong and Macao who come to the mainland,Individuals from Hong Kong or Macau who travel to mainland China.,A casual term for people from Hong Kong or Macau who come over to the mainland.
ZH,港仔,A young man from Hong Kong.,Hong Kong lad,A male youth originating from Hong Kong.,"A Hong Kong guy, often used informally to refer to a local dude."
ZH,杠头,A person who is stubborn or rigid in their thinking.,stubborn person; person which a one-track mind,An individual who is inflexible or unyielding in their views or opinions.,"Someone who’s super stubborn or only sees things their own way, like they just won’t budge."
ZH,高宰,To charge an excessively high price in order to defraud someone of money.,charge an exorbitant price (so as to swindle),To intentionally set an unreasonably high price with the aim of deceiving someone out of their money.,jack up the price way too much just to rip someone off
ZH,搞定,"To settle, resolve, or finalize a matter; to ensure something is properly dealt with or completed.",settle; fix; decide; ascertain; make sure,"To handle, conclude, or bring a situation to a satisfactory end; to make sure an issue is appropriately managed or finished.","to sort out, nail down, or take care of something; to make sure it’s done or under control (in a casual way)"
ZH,搞笑,Intended to amuse or provoke laughter through words or actions.,(words or actions) meant to amuse or to cause laughter,Created to entertain or elicit laughter by means of speech or behavior.,Stuff people say or do just to get a laugh or make things funny.
ZH,各,Unusual or eccentric; distinctive in character or personality.,out of the ordinary; peculiar; different from others; odd/A term mostly used to describe one’s character or disposition.,Remarkably unique or quirky; marked by an individualistic nature or temperament.,Weird or different in a noticeable way; often used informally to talk about someone’s unusual vibe or personality.
ZH,各色,Unusual or eccentric in behavior or appearance.,"odd, eccentric",Displaying behavior or looks that are out of the ordinary or unconventional.,"weird or quirky, not acting like most people"
ZH,给他一大哄,"To boo, jeer at, or loudly ridicule someone as a group.",boo someone; gather together to jeer at someone; hoot at someone,"To collectively express disapproval or mock someone loudly, often by jeering or making fun of them as a group.","To gang up and heckle someone, making a lot of noise to tease or boo them together in a playful or mocking way."
ZH,跟风,To follow a trend or imitate others without independent judgment.,to follow the trends; do as others do,"To adopt popular behaviors or ideas by copying others, often without making independent decisions.",To jump on the bandwagon and do what everyone else is doing just because it’s trendy.
ZH,根儿硬,Has strong backing or influential connections; is well-supported by powerful people.,be backed up; have strong support; have connections,Is firmly supported by influential individuals or has reliable backing from those in power.,Has people looking out for them; got strong connections or someone powerful on their side.
ZH,艮,Blunt and straightforward in speech or manner; frank and sometimes stubborn.,straightforward; stubborn; blunt; forthright,Direct and candid in words or behavior; honest and at times unyielding.,"No-nonsense, upfront, and sometimes a bit stubborn or blunt in a casual way."
ZH,公了,To resolve or handle a matter according to public regulations or through official legal procedures.,solve or settle sth. in a proper manner or according to public regulations/Usually refers to resolution of a problem or dispute by going to court or according to official principles.,To address or settle an issue by following official rules or legal procedures established by authorities.,"To sort out or fix something the right way, usually by taking it to court or handling it through formal channels, as people often say in everyday conversation."
ZH,公鸭嗓子,"A hoarse, raspy, and monotone voice resembling the quack of a drake.",drake’s voice; raucous voice/A voice which is husky and flat.,"A rough, gravelly, and unvaried voice that sounds similar to the call of a male duck.","A guy’s voice that’s scratchy, deep, and kind of flat—like he’s always talking with a raspy throat."
ZH,够档次,Meets a certain (high) standard; reaches the required or expected level.,reach a certain(high)level; be up to standard; be up to par,Satisfies a particular (high) criterion; achieves the necessary or anticipated standard.,Hits a certain (high) bar; good enough or cool enough to make the cut.
ZH,鼓捣,"To tinker with or fiddle with something, often by handling or adjusting it repeatedly.",tinker with; fiddle with,"To repeatedly handle or adjust something, often making small changes or modifications to it.",mess around with something; play with or poke at it
ZH,骨头轻,Describes a woman who lacks self-restraint and behaves in a frivolous or improper manner.,light bones/A term describing women who are not self-possessed and behave frivolously.,Refers to a woman who does not exercise self-control and acts in a careless or inappropriate way.,A casual phrase describing women who act loosely and lack composure or seriousness.
ZH,挂号,to establish a criminal record,establish a criminal record,to officially record someone’s criminal offense in legal documents,to get a rap sheet or have your crime put on the record
ZH,怪才,A person of exceptional artistic talent; a highly gifted or talented individual.,one with outstanding artistic talent; a talented person,"An individual who possesses remarkable skill or talent, especially in the arts; someone exceptionally gifted.","A super talented person, especially when it comes to creative stuff; someone who really stands out for their skills."
ZH,官盖,The best; exceptionally outstanding.,the best of all; extremely good,Of the highest quality; remarkably distinguished.,Absolutely top-notch; unbelievably awesome.
ZH,光溜,"Smooth and slippery; having a shiny, slick surface.",smooth; slippery,"Having a glossy, sleek surface that feels both smooth and slick to the touch.","Really smooth or slippery, like how people might casually describe something that's hard to hold onto."
ZH,鬼,Clever; quick-witted.,smart; clever,Resourceful and quick-thinking.,Street-smart or sharp in an informal way.
ZH,鬼佬,"A derogatory term for a foreigner, especially a Western man.",foreigner(impolite term),"A pejorative expression used to refer to foreigners, particularly men from Western countries.","An informal and somewhat rude way to describe a foreigner, especially in everyday speech."
ZH,鬼子烟,"imported cigarettes, especially those from the United States and the United Kingdom",imported cigarette(mainly from the United States and Britain),"Cigarettes that are brought in from other countries, with a particular emphasis on those produced in the United States or the United Kingdom.","A casual term for smokes from overseas, especially ones coming from America or Britain."
ZH,国际倒儿爷,An international speculator who profits from trading goods across national borders.,transnational goods speculator; international goods profiteer,A person who engages in international trade to earn profits by buying and selling goods across different countries.,Someone who hustles goods between countries to make a quick buck; a cross-border wheeler-dealer.
ZH,过,To overdo; to go too far in one’s actions or behavior.,overdo sth. ; go too far,To exceed reasonable limits in one’s actions or conduct; to act beyond what is appropriate.,To take things too far or do something way over the top.
ZH,哈韩族,Young people who are enthusiastic about Korean pop music or television dramas.,young people who love Korean pop songs or TV dramas,"Young individuals who show a keen interest in Korean pop culture, particularly its music and television series.",Teens and young adults who are super into K-pop and Korean TV shows.
ZH,孩子王,Leader of a group of children; the child who leads or organizes other children.,head of children,A child who takes charge of or directs a group of other kids; the one who organizes activities among children.,The main kid in charge; the top child among a bunch of kids.
ZH,海,A very large amount; extremely great in quantity or size.,plenty; extremely large,An immense quantity; something that is vast in number or size.,"loads of something; a ton or a huge amount, used in a casual way."
ZH,号贩子,"A person who illegally resells registration tickets, especially for hospital appointments.",someone who scalps registration tickets,"An individual who unlawfully sells registration slips, particularly those needed for booking hospital visits.","A person who hustles and flips appointment tickets, especially for clinics or hospitals."
ZH,盒饭,A meal consisting of rice and side dishes served in a box-shaped container.,boxed meal /A meal of rice and aside dish in a box,"A boxed meal featuring rice accompanied by various side dishes, typically presented in a rectangular container.",An informal term for a quick meal of rice and sides packed together in a takeout box.
ZH,犄角旯旮儿,"A secluded or hidden corner; a quiet, remote, or out-of-the-way place.",corner; nook; quiet and secluded place; out-of-the way place,"A hidden or isolated spot; a peaceful, distant, or seldom-visited area.","a tucked-away corner or cranny; a chill, out-of-the-way spot where not many people go"
ZH,急茬儿,urgent matter; pressing issue requiring immediate attention,urgent matter,a situation or problem that demands prompt action or immediate resolution,something that needs to be dealt with right away; an urgent thing
ZH,急赤白脸,"Extremely anxious or impatient, to the point of appearing pale from worry or urgency.",burning with impatience; looking pale with worry; extremely pressing,"So worried or impatient that one’s face turns pale, showing intense anxiety or urgency.","Super antsy and stressed out, to the point where you look pale because you can’t wait or are freaking out."
ZH,加盟,"To join or become a member of an organization, group, or alliance.",take part in ; join; participate,"To become affiliated with or enroll as a member in a group, organization, or alliance.",jump in on something; get involved; tag along with others
ZH,家庭号,A family-sized container of ice cream.,family-size box of ice-cream,A large container of ice cream intended for sharing among a family.,"A big tub of ice cream, the kind you’d get for the whole family to dig into."
ZH,架秧子,To cause a disturbance or provoke trouble as a group.,(of a crowd of people)create a disturbance; make trouble,To collectively stir up trouble or create a commotion.,When a bunch of people get together to mess things up or cause a scene.
ZH,拣软的捏,To bully or take advantage of those who are weak or vulnerable.,choose the weak to bully; take advantage of the coward,To exploit or mistreat individuals who are perceived as weak or defenseless.,pick on the timid ones; go after people who won’t fight back
ZH,矫情,Making unreasonable arguments or deliberately finding fault; engaging in specious reasoning.,use lame arguments; resort to sophistry; willfully make trouble,Presenting illogical points or intentionally nitpicking; using flawed logic to argue.,Coming up with weak excuses or purposely stirring up drama just to be difficult.
ZH,窖,savings; deposits; money or resources set aside for future use,deposit(in the bank); save; store,funds or assets reserved for later use; resources put aside as savings or for future needs,"to stash cash in the bank, put money away, or keep something saved up"
ZH,叫板,To challenge or provoke someone in a confrontational or defiant manner.,challenge; ask for trouble; pick a quarrel,To openly oppose or confront someone in a bold or defiant way.,"to stir up trouble, pick a fight, or deliberately mess with someone (informal)"
ZH,叫倒好,"a brief, loud sound produced by an owl, person, or vehicle",hoot,"a short, sharp noise made by an owl, a person, or a vehicle","an informal term for a loud, funny outburst or exclamation"
ZH,叫（较）针儿,to argue or quarrel; to engage in a dispute or heated discussion,argue; wrangle,to engage in a disagreement or exchange of strong opinions; to participate in a contentious discussion or debate,bicker or squabble; get into a back-and-forth argument
ZH,叫座,"Highly popular and commercially successful (of a play, film, or performance); attracts large audiences.","(of a play, movie, show) very popular; a box-office success; draw a large audience","Describes a theatrical production, movie, or performance that enjoys great popularity and achieves significant commercial success by drawing large crowds.","Refers to a show, film, or play that's a real hit—packing in audiences and raking in big box-office numbers."
ZH,姐们儿,A close female friend; a term women use to address intimate female companions.,sisters; sister; pals; close female friends/A term used among women to address close friends.,A term used by women to refer to a trusted and close female friend; commonly denotes a strong bond between female companions.,An informal way for women to call their besties or girl squad; often used casually among females to refer to their close friends as 'sisters.'
ZH,警花,A female police officer.,policewoman,A woman who serves as an officer in the police force.,A casual term for a female cop.
ZH,卷地,to pack up or clear away a market stall,pack up the stall,to dismantle or remove the setup of a market stall,to quickly shut down and pack up your booth
ZH,绝代佳人,A woman famed for her beauty; now also refers to women who bear only daughters.,"Originally it means a woman of matchless beauty. Now by playing with the words people jocularly use it to refer to a young woman of beauty who does not produce a male heir, only a girl, for her husband.(According to an old custom only a male heir can continue a family line.)","A woman celebrated for her extraordinary beauty; in recent times, the term is also used for women who have only daughters.","At first, this phrase described a uniquely beautiful woman, but nowadays people jokingly use it to talk about an attractive young woman who, instead of having a son to carry on the family name, only gives birth to a daughter."
ZH,倔驴,A stubborn and outspoken person; someone who is obstinate and direct.,bullheaded mule/A metaphor for someone who is stubborn and straightforward.,A person who is headstrong and speaks their mind openly; someone who is both persistent and blunt.,A tough-as-nails mule—used informally to describe someone who's really stubborn and says what they think without holding back.
ZH,军嫂,The wife of a soldier.,soldier’s wife,A woman who is married to a member of the military.,A casual term for a guy’s wife when he’s in the armed forces.
ZH,咔哧,To scrape off with a knife.,scrape off with a knife,To use a knife to shave or remove a layer from a surface.,"To quickly slice something off with a knife, usually in a casual or offhand way."
ZH,擖油,To exploit others for personal gain or to abuse one’s position for advantage.,take advantage of someone; profit at someone else’s expense; abuse a privilege,To take unfair advantage of others for one’s own benefit or misuse authority for personal interests.,"to cash in on someone else or get ahead by using someone, often by bending the rules or exploiting a situation"
ZH,开练,to begin work; to start working,start working,to commence one's duties; to initiate work activities,to get down to work; to jump into action
ZH,开溜,To leave secretly or slip away in order to avoid notice or escape.,escape; run away; sneak away; slink off,To quietly depart or sneak away so as not to be noticed or to get out of a situation.,"to ditch, bail, or make a quick getaway without being seen; to slip out on the sly"
ZH,开涮,To mock or make fun of; to ridicule or tease someone.,make fun of; make a fool of,"To jest at or poke fun at someone, often by making them the subject of ridicule or playful teasing.","To mess with someone or make them look silly, usually in a joking or casual way."
ZH,开洋荤,To experience foreign lifestyles or to enjoy foreign cuisine.,enjoy a foreign lifestyle; enjoy foreign food,To encounter or partake in the customs or foods of other countries.,To get a taste of foreign living or try out some international eats.
ZH,看堆儿,To closely monitor or supervise something.,keep an eye on sth. ; watch over sth.,To carefully oversee or keep a watchful eye on a particular matter or activity.,to casually keep tabs on something or look out for it
ZH,侃大山,To engage in casual conversation or informal chat.,chat,To have a relaxed conversation or engage in informal talk.,shoot the breeze
ZH,侃价,"To bargain or negotiate the price, especially with street vendors.",bargain; haggle with a peddler,"To discuss and attempt to reach an agreement on the price, particularly when dealing with street sellers.","To haggle or wrangle over the cost with a vendor, often in a casual or informal setting."
ZH,侃星,A person who talks a lot or is very talkative.,chatterbox,An individual who tends to speak frequently or is notably loquacious.,A person who just can't stop chatting; a real blabbermouth.
ZH,侃爷,A person who frequently boasts or exaggerates; a habitual braggart.,big talker; someone who is good at boasting; someone full of hot air(American slang),An individual who often talks about themselves in an exaggerated way or constantly brags.,A loudmouth who loves to show off and talk big; someone who's always full of bluster.
ZH,看西洋镜,To pry into someone’s private life or secrets.,get a glimpse into one’s personal life or secrets,To intrude into another person's private affairs or uncover their secrets.,"To sneak a peek at someone’s personal life or hidden details, usually out of curiosity."
ZH,看涨,Expected to rise in price (of market prices).,(of market prices)expected to rise,"Anticipated to increase in value, especially regarding market prices.",When people think prices in the market are gonna go up.
ZH,康师傅,Kang Shifu: a Chinese brand of instant noodles and other convenience foods.,Chef Kang-a brand of instant noodles,Kang Shifu refers to a Chinese company known for producing instant noodles and a variety of ready-to-eat foods.,Chef Kang is a casual nickname for a popular instant noodle brand.
ZH,扛,"To endure or withstand (pain, hardship, or pressure).",stand;bear;tolerate;endure,"To persist through or resist difficulties, such as pain, adversity, or stress.","To tough it out, put up with, or handle something, especially in a casual or everyday way."
ZH,ＣＡＬＬ机,"CALL机: a pager; a portable electronic device for receiving short messages, mainly used in the 1990s.",pager;beeper(used mostly in the 1990s of the 20th century),"CALL机: a handheld electronic gadget designed to receive brief messages, which was predominantly utilized during the 1990s.",pager; beeper—a casual term for a device people mostly used in the '90s to get quick alerts or messages.
ZH,棵,a one-hundred yuan banknote,a hundred-yuan bill,a banknote with a denomination of one hundred yuan,an informal term for a 100-yuan note
ZH,呵碜,Ugly; unattractive in appearance.,ugly,Having an unpleasant or unappealing physical appearance.,"Looking really bad or downright ugly, said in a casual way."
ZH,可圈可点,Worthy of attention or analysis; having both merits and flaws.,"Originally this referred to making circles or dots on a manuscript as notation, or to draw attention. Later it was used to mean that something has both good and bad points, or that something is worth noticing and making further study.",Deserving of notice or evaluation; contains both strengths and weaknesses.,"At first, this phrase described marking up manuscripts with circles or dots to highlight certain parts. Over time, people started using it informally to say something stands out because it has both positives and negatives, or that it's interesting enough to look into more closely."
ZH,剋,To criticize or reprimand someone for improper behavior or making a mistake.,scold,To point out and address someone's misconduct or errors by expressing disapproval or correction.,to tell someone off or give them a hard time (in a casual or informal way)
ZH,肯节儿,at a critical moment; at a turning point,"at the critical moment, at a turning point",at a pivotal point in time; during a decisive stage,right when things are about to change; just as stuff is getting real
ZH,空嫂,A married female flight attendant.,married stewardess,A female flight attendant who is legally married.,An informal term for a stewardess who has a husband.
ZH,空手道,pickpocket; thief (originally a term from karate),petty thief; pilferer(a term originally used in karate),"a person who steals from others, especially by picking pockets; originally derived from the term used in karate",an informal term for someone who snatches small items or commits minor thefts; this usage comes from karate slang
ZH,空调,A person who makes empty promises or engages only in superficial actions without real results.,"air-conditioner/A term used to describe an empty talker or someone who simply pays lip service. The term, which also means“empty adjustment” emerged during the teacher salary reform. The department concerned announced the rise in teacher salaries but took a long time before actually implementing the change, hence the term.",An individual who offers insincere promises or performs only surface-level actions without achieving any meaningful outcomes.,"air-conditioner / A casual term for someone who just talks big without following through, often used to call out people who make promises but never deliver. The phrase, which literally means 'empty adjustment,' became popular during discussions about teacher pay raises that were announced but not promptly put into effect."
ZH,控办,"Government restriction on purchasing household goods for office use (especially expensive items, 1980s China).","commodities purchased for office use are controlled/The government controls the purchase of many expensive household commodities (furniture, television, tape recorders, etc. in the 1980s of the 20th century)for office use.","A policy where the government limited the acquisition of household items for workplace use, particularly costly products, during the 1980s in China.","Back in the 1980s, the government had a tight grip on buying pricey stuff like furniture, TVs, and tape players for offices, so getting these things for work was pretty much under official control."
ZH,口碑,Reputation; the public opinion or esteem in which someone or something is held.,reputation; fame,"The general regard or respect that people collectively have for a person or thing, based on public opinion.",How well-known or talked-about someone or something is; street cred or buzz.
ZH,口头禅,A frequently repeated phrase or expression characteristic of a particular person.,pet expression,A phrase or saying that someone habitually uses and is known for repeating often.,A go-to catchphrase or favorite saying people casually drop in conversation.
ZH,块儿,"A piece, lump, slice, or cube of a substance.",lump; chunk; piece; cube,"A portion or section of material shaped as a block, slice, or chunk.","In casual speech, refers to a hunk, chunk, or blocky piece of something."
ZH,款,A wealthy person; a rich individual.,rich person; money bags,An individual who possesses considerable wealth or financial resources.,A slang term for someone loaded with cash or seen as a big spender.
ZH,款姐,A term of endearment for a wealthy woman.,rich sister/An intimate term for a rich woman.,A polite expression used to affectionately refer to a woman of considerable wealth.,"A casual nickname for a well-off woman, often used in a friendly or playful way to mean 'rich sis.'"
ZH,狂,Arrogant; excessively self-confident or conceited.,arrogant; over bearing,Displaying an inflated sense of self-importance or acting with undue pride.,"Acting cocky or full of yourself in a showy, in-your-face way."
ZH,拉钩,To link little fingers as a gesture of making a promise or vow.,pull each others’ little fingers/A term which refers to making a promise or swearing to do sth.,To intertwine pinky fingers as a symbolic act when making a promise or pledge.,A casual way to describe hooking pinkies with someone to show you’re making a promise or agreeing to do something together.
ZH,辣妹子,"A bold, outspoken, and energetic young woman with a fiery temperament.","hot girl/A girl who is bold, hot-and quick-tempered with a sharp tongue.",A spirited and lively young woman known for her assertiveness and strong-willed personality.,"A feisty chick—she’s attractive, gutsy, and quick to speak her mind, sometimes with a bit of sass."
ZH,来菜,To have business opportunities or prospects; to have work or something to do.,do business; have a chance; have sth. to do,To possess opportunities for business or employment; to have tasks or assignments available.,"To get gigs, land a deal, or have something going on; to be busy with work or hustle."
ZH,来劲,"To become excited, energized, or enthusiastic; to be filled with vigor or motivation.",get excited; become alive; get pumped up; become full of energy; inspire,"To feel invigorated, enthusiastic, or highly motivated; to experience a surge of energy or drive.",to get hyped up; to feel super energized or fired up; to suddenly have a burst of excitement or liveliness
ZH,来三,Clever and capable; intelligent and competent in handling tasks.,smart and capable,Resourceful and skilled; demonstrates intelligence and efficiency when managing responsibilities.,Quick-witted and gets things done; someone who's sharp and on the ball.
ZH,赖,Bad; inferior in quality; undesirable.,bad; no good; poor,Of poor quality; not up to standard; regarded as undesirable.,Lousy or not good; used informally to describe something that’s subpar or disappointing.
ZH,懒汉鞋,A slip-on canvas shoe without laces.,“lazy man’s shoe”/A shoe that has a cloth cover and no shoestrings.,"A canvas shoe designed to be slipped on, featuring no laces.","Casually called a 'lazy man’s shoe,' this is an easy-to-wear shoe made of fabric with no need for tying laces."
ZH,捞,To obtain or take something easily.,to easily bring or take something,To acquire or gain something with little effort.,"To snag or pick something up easily, usually in a casual or effortless way."
ZH,劳模,Model worker; an exemplary employee recognized for outstanding diligence and performance.,model worker,An employee who is officially honored for exceptional hard work and remarkable achievements in their job.,"A go-to term for someone who always works super hard, like a total workaholic."
ZH,老帮子,An impolite term for an old person; used to refer to elderly individuals in a disrespectful manner.,old person; old fogy; old fart/An impolite term for the elderly.,A disrespectful expression used to describe an elderly person; typically conveys a lack of courtesy toward older individuals.,"A casual, often rude way to refer to someone who is old, like calling them an old geezer or old fart; commonly used in informal speech."
ZH,老不死的,An insulting or disrespectful term for an old person.,(swearword or intimate term) old fellow; old folk; old fogy; old fart/An impolite term for the elderly.,A derogatory expression used to refer to an elderly person in a disrespectful manner.,"A rude or casual slang term for an old person, such as 'old geezer' or 'old fart,' often used in informal or joking contexts."
ZH,老大,"The eldest sibling; by extension, the leader of a group or gang.",Literally it means the eldest of sisters and brothers./ A metaphor for a head of a gang or a bandit chieftain.,"The oldest child in a family; more broadly, someone who acts as the head or principal figure within a group or organization.","In casual speech, it refers to the oldest sibling, but it's also used informally to describe the boss of a gang or the chief among outlaws."
ZH,老到,"Experienced, skilled, considerate, and attentive.",experienced; sophisticated; considerate; careful,"Possessing a wealth of experience, refined skills, and showing thoughtful attention to detail.","Street-smart and savvy, someone who’s been around and knows how to handle things with care and tact."
ZH,老赶,An amateur; a non-professional; a layperson.,amateur;nonprofessional person; layman,A person who lacks professional training or expertise; someone who is not a specialist in a particular field.,"Someone who's just a regular person, not a pro—basically, an everyday amateur."
ZH,老公,husband; a man’s spouse in a marital relationship,husband; old man; hubby.,"A man who is married, specifically referring to one’s male partner in a legal marriage.","A casual or affectionate term for one’s husband, often used informally to mean ‘hubby’ or ‘the old man’."
ZH,老家儿,parents; one’s father and mother,parents,the people who gave birth to and raised you; your mother and father,a casual term for your folks or parents
ZH,老冒儿,"A person who is unsophisticated, inexperienced, and lacking knowledge or awareness of current affairs.",country person; layman; hick; ignorant and ill-informed person.,"An individual who lacks experience, sophistication, and understanding of modern events or issues.","A country bumpkin or outsider; someone seen as clueless or out of touch, often used informally to poke fun at a person’s ignorance."
ZH,老模砢碜眼,An offensive term for an elderly person considered unattractive or having unappealing facial features.,ugly;unsightly; bad looking/ A derogatory term that describes those who are old and not good looking any more.,A disrespectful label used for an older individual who is perceived as lacking physical attractiveness or having unpleasant facial features.,"A rude, informal way to call someone old and ugly; a slang insult for people who have lost their looks with age."
ZH,老蔫（儿）,"A person who is slow-moving, sluggish, lazy, or uncommunicative.","slowpoke; slow, sluggish, slothful person; taciturn person","An individual who acts in a lethargic, inactive, or unenergetic manner, or who tends to be withdrawn and not very talkative.",A laid-back or sluggish person who moves slowly or doesn’t say much; someone often called a slowpoke in casual conversation.
ZH,老鼠会,A pyramid scheme; an illegal business model where returns are paid from new recruits' investments.,a mouse meeting (association)/A metaphor for a pyramid sale.,"A fraudulent scheme where profits are generated from the investments of newly recruited members, rather than from legitimate business activities.","A playful term for a 'mouse gathering,' often used informally to describe a get-together that’s actually about recruiting people into a pyramid scheme."
ZH,老外,a foreigner; a person from a country other than China,foreigner,an individual who is not from China; someone originating from a foreign country,"a casual term for someone who isn’t Chinese, usually used informally to refer to foreigners"
ZH,老爷子,father; one’s male parent,father; dad,the man who is your parent; your biological or adoptive father,a casual way to refer to your dad or old man
ZH,老子,father; one’s male parent,father,the man who is your biological parent; your father,"a casual or informal way to refer to oneself as 'the dad' or 'the boss', often used in everyday speech"
ZH,唠,To chat; to engage in conversation.,chat; talk,To have a conversation or engage in friendly discussion.,To casually chat or shoot the breeze in an informal way.
ZH,落忍,To feel at ease; to experience inner peace or a sense of reassurance.,feel all right(comfortable or natural); have peace of mind; feel at ease,To experience a state of calmness or tranquility within; to feel reassured or mentally settled.,"to feel chill or totally at ease; to be comfortable and relaxed, without any worries"
ZH,雷子,police officer; member of the police force,cop; policeman; public security man,an individual who serves as a law enforcement officer or is part of the police organization,an informal term for a cop or a guy working in public security
ZH,愣,Dazed; in a state of bewilderment or absent-mindedness.,distracted; stupefied; blank,"In a confused or absent-minded state, appearing stunned or lost in thought.","Spacing out or looking totally blank, as if caught off guard or not paying attention."
ZH,礼拜,week; a period of seven consecutive days,week,"A span of seven days in a row, commonly referred to as a week.",A casual way to say 'week' in everyday conversation.
ZH,立马儿,Immediately; at once; without delay.,immediately; at once; right away,To do something straightaway or with no hesitation.,"Right this second; instantly, without waiting—used in everyday talk."
ZH,晾,To deliberately ignore or intentionally avoid someone.,purposely ignore; intentionally brush aside,To purposefully keep away from or pay no attention to someone.,to straight-up give someone the cold shoulder or act like they’re not there on purpose
ZH,亮点,A particularly attractive or noteworthy feature of a person or thing; a highlight.,(lit.) a bright spot/A metaphor for (sb. or sth) to be attractive; eye-catching; attract attention.,An especially impressive or notable aspect of someone or something; a main point of interest.,"(literally) a spot that shines; informally used to describe someone or something that stands out, grabs attention, or looks cool."
ZH,靓仔,An attractive or handsome young man.,good looking man; handsome young man,A young man who is considered physically attractive or good-looking.,A casually used term for a guy who looks hot or is really easy on the eyes.
ZH,了了,to end; to terminate; to complete; to resolve,be over ; end ; finish ; settle,"to bring something to a close; to finish, conclude, or resolve a matter","to be done with something; to wrap things up or settle it, usually in a casual way"
ZH,猎头,A professional who recruits highly qualified candidates for senior or specialized positions.,head hunting ; look for senior talented people in all kinds of fields,A specialist who seeks out and recruits top-level professionals for executive or niche roles.,"Scouting around for top-notch experts in different fields; basically, going after high-level talent."
ZH,零碎儿,Small miscellaneous items; odds and ends.,odds and ends ; bits and pieces,"Various small objects or miscellaneous things, often considered minor or unimportant.",Random little bits and stuff; the kind of odds and ends you might have lying around.
ZH,另类,"A style, trend, or approach that is different, distinctive, or unconventional.","a different ,special ,completely new way or fashionable type or trend","A method, fashion, or style that stands out by being unusual or not following traditional norms.","A totally fresh, unique, or trendy way of doing things that sets someone apart from the mainstream."
ZH,溜,Skilled; fluent.,skilled ; fluent,Proficient and smooth in performing a skill or activity.,Really good or slick at something; does it with ease.
ZH,撸,To rub or stroke (an object) along its surface with the palm of the hand.,rub one’s palm along (sth.),To move the palm of your hand back and forth over the surface of something.,"Casually run your hand over something, usually in a relaxed or informal way."
ZH,抡,"To strike, hit, or swing (something) forcefully.",slap one’s face ; hit ; beat ; swing,"To forcefully move, swing, or strike an object with vigor.","To smack, whack, or give someone a good hit, often in a rough or playful way."
ZH,抡圆了,To swing one’s arm with full force; to exert all one’s strength.,swing one’s arms with all one’s might ; exert all one’s strength,To move one’s arm in a wide arc with maximum effort; to use all available strength.,To really go all out swinging your arms; to put every bit of energy into it.
ZH,落单,A person whose spouse has died; a widow or widower.,widow / widower,"An individual whose husband or wife has passed away, making them a widower or widow.","A casual way to refer to someone who's lost their partner, calling them a widow or widower."
ZH,码,"to arrange, pile up, or stack (objects) in an orderly manner",put in order; pile up; stack,to systematically organize or neatly stack items in a specific order,to casually line up or heap things together in an informal way
ZH,马大嫂,"A person, typically a woman, who performs household chores such as shopping, laundry, and cooking.","“Madam Ma”/In Shanghai dialect the three words sound the same as the words for shopping, washing and cooking. It refers to a woman or man who does housework.","An individual, most often a woman, responsible for household tasks like grocery shopping, doing the laundry, and preparing meals.","In everyday Shanghai speech, ‘马大嫂’ is a playful nickname—since it sounds like the words for shopping, washing, and cooking—used to describe someone, male or female, who takes care of chores around the house."
ZH,马爷,A police officer; a member of the police force.,cop; policeman,An individual who serves as a law enforcement officer or is part of the police department.,"A casual term for a cop or police guy, used informally in everyday speech."
ZH,马子,girlfriend; female romantic partner,girlfriend ; lover,a woman with whom one is in a romantic relationship; a female partner,an informal term for a girlfriend or someone you’re dating
ZH,脉门,The crucial point; the core; the most important part of something.,key; heart; the most important part,The essential element; the central or most vital part of something.,the main thing; the real deal; the spot that matters most
ZH,卖相,appearance; outward look; external presentation,exterior; outward appearance; packaging,the way something looks on the outside; its visual appearance or how it is presented externally,how something looks on the surface; its outer look or the way it’s dressed up
ZH,蛮,quite; very; rather,pretty; quite,to a considerable degree; fairly or noticeably,really or pretty (used informally to add emphasis)
ZH,满地找牙,To be severely beaten or physically assaulted.,"be badly beaten; be seriously battered(lit., pick one’s teeth up from the ground)",To suffer a harsh or intense physical beating.,To get thrashed so badly that you’d have to pick your teeth up off the floor; to take a serious beating.
ZH,满脸旧社会,"A person whose face is deeply lined, appearing to have endured great hardship in life.","It refers to someone with a weather-worn face, filled with wrinkles, as if he or she had gone through a very hard life.","Describes someone whose face is marked by deep lines, suggesting they have experienced significant difficulties throughout their life.","Used to talk about a person whose face looks really worn out and full of wrinkles, like they've been through a lot of tough times."
ZH,满脸双眼皮,A face characterized by prominent wrinkles.,have a wrinkly face,A face marked by noticeable lines or creases.,sporting a face full of wrinkles
ZH,忙活,To be busy with work or activity; to engage in bustling tasks.,be busy; bustle with,To occupy oneself with various tasks or work; to carry out activities in a busy manner.,to hustle around; to keep yourself tied up with stuff (informal)
ZH,猫,to hide; to conceal oneself; to remain out of sight,hide,to keep oneself out of view; to stay hidden or avoid being seen,lay low or duck out of sight
ZH,猫眼（儿）,peephole; a small lens installed in a door allowing occupants to view outside without opening the door,"peephole, such as those with fisheye lenses found on doors in hotels or households","A peephole is a small optical device set into a door, enabling people inside to see who is outside without having to open the door.","In casual speech, '猫眼儿' refers to those wide-angle peepholes, like the fisheye ones you often see on hotel or apartment doors."
ZH,毛,A monetary unit of China equal to one-tenth of a yuan or ten fen.,same as jiao/A fractional unit of money in China(=1/10 of a yuan or 10 fen).,"A standard unit of Chinese currency that represents one-tenth of a yuan, or is equivalent to ten fen.","In everyday speech, 'mao' casually refers to a small amount of Chinese money—specifically, one-tenth of a yuan or ten fen."
ZH,毛毛雨,A minor matter; something insignificant or not serious.,drizzle/A metaphor for something not very important or serious.,A trivial issue; something of little importance or consequence.,"Light rain, or casually used to describe something that's no big deal or not worth worrying about."
ZH,毛票,Mao Zedong commemorative postage stamp.,commemorative stamp of Mao zedong,A postage stamp issued in honor of Mao Zedong.,An informal term for a stamp featuring Mao Zedong as a commemorative item.
ZH,毛腔,"To curse, to utter maledictions, or to lose one's temper.",swear; curse; lose one’s temper,"To speak harsh words, invoke curses, or become angry and lose self-control.","to use foul language, lash out, or blow up in a fit of temper (informal)"
ZH,冒泡,to have business activity; to make a transaction,have business ; have a deal,to engage in commercial activities or complete a business transaction,to score a deal or do some business (informal)
ZH,冒儿爷,"A person who is unsophisticated, unrefined, or lacking intelligence; a simpleton or bumpkin.",clodhopper; country bumpkin; stupid person; dodo,"An individual who is naive, lacks polish, or is not very bright; someone considered unsophisticated or simple-minded.","A slang term for a clueless hick, a dopey person from the countryside, or someone seen as a fool."
ZH,没好气,"To speak or act in a hostile, rude, or unfriendly manner toward others.",hostile; impolite; unkind; feel bad; turn a cold eye,"To interact with others in a curt, unfriendly, or antagonistic way, whether through words or actions.",grumpy; snappy; acting cold or unfriendly; in a bad mood; giving someone the cold shoulder
ZH,没门儿,No possibility of success; having no way out or no solution.,have no way out; have no idea.,There is no chance of achieving success; there is no available solution or escape.,You're totally stuck with no clue what to do; there's just no way out.
ZH,没谱,Uncertain; unrealistic; irrelevant; or unresolved.,unsure; unrealistic; be irrelevant; unsettled,Lacking certainty; not practical; not related to the matter; or still undecided.,Not really sure; kind of far-fetched; doesn’t have much to do with things; or hasn’t been sorted out yet.
ZH,没起子,"Lacking integrity, utterly worthless, or extremely foolish.",spineless;good-for-nothing; hopelessly stupid,"Describes someone who lacks moral character, is completely unworthy, or acts with extreme foolishness.","A casual way to call someone gutless, useless, or ridiculously dumb."
ZH,没商量,Definitively settled; not subject to change or further discussion.,be settled; impossible to change; have no room to reconsider,Firmly decided; not open to alteration or further negotiation.,It's a done deal—no way to change it or talk it over again.
ZH,没戏,Having no hope of success; impossible or hopeless.,have no hope; hopeless; impossible/A term that originally referred to a dull and uninteresting performance.,Lacking any chance of achieving success; something that cannot be accomplished or is destined to fail.,"No shot at making it; totally out of the question or doomed—originally used to describe a boring or lackluster show, now said informally when something just isn't going to happen."
ZH,没着没落,Lacking stability or certainty; feeling anxious or unsettled.,unsteady; unsure; anxious,"Experiencing a lack of security or stability, often resulting in feelings of restlessness or unease.","Feeling all over the place, kind of nervous and not really sure about anything."
ZH,没辙,To have no solution or way out; to be at a loss.,have no way out; have no solution,To find oneself unable to resolve a problem or escape a difficult situation; to feel helpless.,Stuck with no options left; can't figure out a way to fix things.
ZH,没主,Belonging to no one; not owned or claimed by any person.,belongs to nobody,Not possessed or claimed by anyone; lacking an owner.,No one owns it; it’s up for grabs.
ZH,没准儿,perhaps; possibly; it may be the case,perhaps; maybe,there is a chance; it is possible; it could be true,maybe; who knows; could be
ZH,美不劲儿的,An expression used to convey great happiness and joy.,an expression of delight and joy,A phrase used to express a strong sense of happiness and pleasure.,A casual way to show you're feeling super happy and thrilled.
ZH,美眉,An attractive young woman or girl.,pretty girl,A young woman or girl who is considered physically attractive.,"A cute chick or good-looking girl, used in casual conversation."
ZH,美食,Delicious food; cuisine that is especially tasty or of high quality.,delicious food,"Food that is notably flavorful or of exceptional quality, often regarded as gourmet cuisine.",Really tasty eats; awesome grub people rave about.
ZH,美子,US dollar; United States currency.,Us dollar; buck,"The official currency of the United States, known as the US dollar.","A casual term for the US dollar, often called a buck in everyday conversation."
ZH,门脸,"Facial appearance, especially referring to the beard, mustache, and hairstyle.",appearance/A term that mostly refers to facial appearance(mainly a beard or moustache) and hair.,"The look of a person's face, particularly focusing on features like the beard, mustache, and hairstyle.","A casual way to talk about someone's looks, usually pointing out their facial hair or hairstyle."
ZH,门前清,To urge someone at a banquet to finish all the alcohol in their glass.,clear the ground in front of one’s gate or street/A metaphor for one to down their wine or liquor during a meal.,To encourage someone at a banquet to completely drink all the alcohol in their cup.,"In casual speech, it means to finish all the booze in your glass at a meal, like clearing out the area in front of your door."
ZH,门儿清,To be thoroughly familiar with someone or something; to have a comprehensive understanding.,know sb. Or sth. completely; know like the back of one’s hand.,To possess an in-depth knowledge of a person or subject; to be fully acquainted with all the details.,to totally get someone or something; to know all the ins and outs like it’s second nature
ZH,猛料,Unexpected and highly significant information or news.,"unexpected, very important news",Information or news that is both surprising and of great importance.,"Big, unexpected news that really grabs attention."
ZH,眯瞪,To take a short nap; to doze.,have a nap,To rest briefly by closing one’s eyes and sleeping for a short period.,to catch a quick snooze
ZH,面,"Weak, lax, or slow in movement or response.",weak; lax; slow,"Lacking strength, energy, or quickness in action or reaction.",Not tough or energetic; acting slow or laid-back.
ZH,面的,"A type of minivan taxi commonly found in Beijing, named for its box-like appearance.",taxi minivans common in Beijing nicknamed“bread boxes” because of their appearance,"A style of minivan used as a taxi in Beijing, recognized for its rectangular, box-like shape.","In everyday speech, refers to the minivan taxis in Beijing that people jokingly call 'bread boxes' because they look like loaves of bread."
ZH,名模,A supermodel; a highly famous or internationally recognized fashion model.,supermodel; famous model,A top-tier fashion model who is widely known or has achieved international fame.,A super famous model; someone everyone recognizes in the modeling world.
ZH,命门,Critical weakness; a vital point or issue of utmost importance.,point of weakness; Achilles’ heel/A term meaning a matter of vital importance.,A crucial vulnerability or a key issue that holds the highest significance.,"Someone’s soft spot or main weakness; basically, the thing that really matters most or can bring you down."
ZH,模仿秀,"A performance in which people imitate celebrities, usually singers.",imitation show/A show in which people mimic stars(usually singers).,"A type of performance where individuals impersonate famous people, most often singers.","A show where folks copy or act like celebrities, usually those who sing."
ZH,磨牙,To argue endlessly or to talk at length about trivial matters.,argue endlessly; talk nonsense,To engage in prolonged discussions or disputes over insignificant issues.,To keep bickering or rambling on about pointless stuff in a casual way.
ZH,磨磨唧唧,Slow and hesitant in speech or action; indecisive or procrastinating.,be slow tempered; act slowly; hesitate in speech or in action; talk in a roundabout way; hum and ha,To speak or act in a sluggish or uncertain manner; to be unwilling to make decisions or delay taking action.,"To drag things out, move or talk slowly, or beat around the bush; to hesitate and be annoyingly slow, like when someone keeps stalling or can't get to the point."
ZH,木头疙瘩,A piece or lump of wood; timber.,wood; lumber; timber,A chunk or fragment of wood; a piece of timber.,"Casually refers to wood, lumber, or timber in everyday speech."
ZH,拿糖,To put on airs; to behave pretentiously or with self-importance.,put on airs; strike a pose to impress people; give oneself airs,"To act in a conceited or self-important way, as if one is superior to others.","To show off or act cool to get attention, putting on a front to impress people."
ZH,奶水,Illicit gains or benefits received as a result of bribery.,(lit.)mile/A metaphor for the profit one gets after offering a bribe.,Money or advantages unlawfully obtained through acts of bribery.,(informal) Refers to the payoff or reward someone gets after greasing palms with a bribe.
ZH,脑体倒挂,A situation where manual workers earn higher incomes than intellectual or professional workers.,situation where workers are making more than intellectuals,A circumstance in which those performing physical labor receive greater pay than those in intellectual or professional roles.,When blue-collar workers end up taking home more cash than the so-called brainy folks.
ZH,闹心,"To feel extremely agitated, upset, or mentally disturbed; to be troubled or distressed.",be terribly upset; be agitated; irritate; be restless,"To experience significant emotional turmoil, unease, or psychological discomfort; to feel mentally unsettled or bothered.",to get really worked up or irritated; to feel on edge or annoyed
ZH,能耐,Skill or ability; the capacity to perform tasks effectively.,skill; ability,The proficiency or talent to carry out tasks successfully; having the competence to get things done well.,know-how or chops; what it takes to pull something off (said in a casual way)
ZH,蔫（儿）不唧唧,Appearing listless or dejected; showing low spirits or lack of enthusiasm.,(of a person) to be in low spirits,Seeming downcast or lacking energy; displaying little motivation or enthusiasm.,Describes someone who’s feeling down or in a gloomy mood.
ZH,蔫（儿）坏,Secretly engaging in harmful or dishonest behavior.,privately do bad things,Acting in a deceitful or underhanded way to cause harm or commit dishonest acts without being noticed.,Doing sneaky bad stuff behind the scenes when no one’s looking.
ZH,黏糊,Sticky; thick and viscous in texture.,sticky; glutinous,"Having a dense, adhesive consistency that feels thick and sticky to the touch.","Kind of gooey or tacky, like something that’s really sticky or glue-like."
ZH,鸟语,"Dialect, usually referring to Cantonese.","Dialect, usually the Cantonese dialect","A regional language variety, most commonly indicating Cantonese.","An informal term for a local dialect, especially used to refer to Cantonese in everyday speech."
ZH,牛,"Proud, arrogant, or self-important.",proud ;arrogant ; self-important,"Displaying an attitude of superiority, conceit, or inflated self-worth.","In casual speech, used to describe someone who acts cocky, full of themselves, or overly impressed with their own abilities."
ZH,牛皮糖,A person who is difficult to deal with or hard to get rid of.,sticky candy / A metaphor for one who is hard to deal with or get rid of .,An individual who is challenging to handle or difficult to remove from a situation.,"A chewy sweet; informally, someone who just won’t leave you alone or is tough to shake off."
ZH,牛气,Extremely arrogant and conceited; excessively proud and self-satisfied.,very proud and arrogant ; cocky ; complacent,Overly self-important and full of oneself; displaying an excessive sense of pride and superiority.,Super full of yourself and acting all high and mighty; showing off and thinking you’re the best.
ZH,弄潮儿,A pioneer or leader who initiates reforms or challenges traditional customs and influences.,"tide player / A reformer or one who fights against old customs and influences ,or a pioneer .",An individual who leads the way in driving change or challenging established traditions and norms.,"A trailblazer or go-getter who shakes things up, breaks old rules, and pushes for new ideas."
ZH,呕吔,"An exclamation used to express happiness, encouragement, or agreement.","Oh yeh. / An exclamation expressing happiness, encouragement, or agreement.","A phrase used to show joy, support, or agreement.","A casual shout like 'oh yeah,' often used informally to show excitement, cheer someone on, or signal you're on board with something."
ZH,趴活,to wait for passengers (typically referring to taxi drivers),wait for business (usually referring to taxi drivers),"to remain in a spot while waiting for passengers, most often used in the context of taxi drivers","hang around hoping to pick up some fares, usually said about cab drivers in everyday speech"
ZH,扒拉,To scoop or shovel food (such as rice or vegetables) from a bowl or plate into the mouth.,eat; stuff/A term that actually refers to the action of putting food(rice or vegetables from a bowl or dish) into one’s mouth.,"To move food, like rice or vegetables, from a bowl or plate into the mouth using a scooping or shoveling motion.","A casual way of saying to eat, especially when referring to the act of quickly shoveling food like rice or veggies into your mouth."
ZH,拍婆子,To pursue young women in a disapproving or disparaging manner.,chase a young woman(derogatory),To seek the attention of young women in a manner that is viewed negatively or with disapproval.,"Go after a girl, usually in a way that people look down on or find disrespectful."
ZH,派,Impressive; striking in appearance or manner.,impressive,Remarkable or eye-catching in looks or behavior.,"cool or awesome, especially in a casual way"
ZH,盘儿亮,Physically attractive; having a handsome or beautiful appearance.,good-lookng; beautiful,Possessing an attractive physical appearance; being notably good-looking or striking in looks.,Really easy on the eyes; someone who looks hot or super cute.
ZH,跑水,Flooding caused by pipe leakage or blockage.,to flood because of a pipe leak or a blocked up pipeline.,Water overflow resulting from a leaking or obstructed pipe.,"When a pipe bursts or gets clogged, causing water to spill out everywhere."
ZH,泡妞,"To flirt with, pursue, or seek romantic involvement with women, often with insincere or casual intentions.",flirt with girls ; spend time with girls; chase girls; womanize.,"To attempt to attract, court, or develop a romantic relationship with women, typically with casual or less genuine motives.",hit on girls; hang out with girls; try to pick up girls; act like a player.
ZH,喷粪,"To insult, curse, or use obscene language.",swear; curse; say dirty words.,"To verbally attack someone with insults, profanity, or vulgar expressions.","To talk trash, use foul language, or blurt out crude words in a casual or joking way."
ZH,皮包公司,"A company or individual with minimal assets and staff, mainly engaged in consulting, procurement, or resale.","a briefcase company / A company or a person which has few assets, few employees and mainly engages in consulting, buying and reselling. The only thing needed to run this sort of company is a briefcase.","An organization or individual operating with very limited resources and personnel, typically focusing on activities such as consulting, sourcing, or trading goods.","A so-called 'briefcase company'—just a person or business with barely any assets or staff, mainly doing consulting or flipping products, where all you really need is a briefcase to get started."
ZH,痞子,A ruffian; a rogue; a person who behaves in a lawless or unscrupulous manner.,rascal; scoundrel; ruffian,"An individual who acts in a disorderly or morally questionable way, often disregarding rules or ethical standards.","A cheeky troublemaker or shady character; someone known for being mischievous or up to no good in a casual, streetwise sense."
ZH,屁驴子,A bicycle powered by a motor; a motorized bicycle.,bicycle that runs on a motor,A two-wheeled vehicle that is equipped with a motor for propulsion; a bicycle with an engine.,"A bike that runs on a motor, often referred to in a casual or everyday way."
ZH,片儿警,A police officer responsible for maintaining public order in a specific neighborhood or district.,local regional policeman/ A policeman in charge of the public order of a local region or a residential area.,A law enforcement officer assigned to oversee safety and order within a designated community or area.,"the neighborhood cop who looks after a certain block or local area; basically, the go-to police guy for your part of town."
ZH,片儿汤,A soup made by cooking pieces of dough or noodle sheets in broth.,doughflake soup; soup in which flakes of dough are boiled,A type of soup prepared by simmering small pieces of dough or flat noodle strips in a savory broth.,"An everyday term for soup where bits of dough are tossed in and cooked, often called doughflake soup."
ZH,飘,To float or drift in the air; to move lightly and smoothly through the air.,float in the air; flutter,"To move gently or smoothly through the air, appearing to float or drift above the ground.","To hover or flutter in the air, often giving off a light, breezy vibe."
ZH,漂白,To rehabilitate or whitewash the public image of criminal or corrupt organizations.,bleach; whitewash/Refers to sinister gangsters who whitewash their image.,To restore or improve the reputation of organizations involved in crime or corruption by making their public image appear legitimate.,bleach; whitewash/Used informally to describe shady gangsters trying to clean up how they’re seen by others.
ZH,漂亮姐,A beautiful woman; an attractive woman.,beautiful woman; good-looking woman,A woman who is considered physically attractive or possesses notable beauty.,"A hot or good-looking lady, used informally to talk about someone who looks great."
ZH,平蹚,To act as one pleases without interference.,do whatever one likes without interference,To behave freely according to one's own wishes without being restricted by others.,to just do your own thing without anyone getting in your way
ZH,平推,To sell at cost price without making a profit.,sell without turning a profit,"To offer goods for sale at their original cost, without adding any markup for profit.",to get rid of stuff by selling it without making any money off it
ZH,起腻,To bother or pester someone persistently with annoyance or nagging.,bother someone; pester; nag,To repeatedly irritate or trouble someone through persistent nagging or annoyance.,keep bugging or hassling someone; won’t stop annoying them
ZH,气不忿儿,"To feel indignant, resentful, or unable to accept something perceived as unfair.",not stand the sight of; be furious; feel indignant ; be unconvinced,To experience strong displeasure or a sense of injustice when faced with something one believes is wrong or unfair.,Can't stand it; get really pissed off or annoyed; feel like you just can't accept it.
ZH,砌墙头,To arrange mahjong tiles in a wall formation; a metaphor for playing mahjong.,building a wall(with mahjong pieces)/A metaphor for playing mahjong.,To set up mahjong tiles into a wall-like structure; commonly used as a figurative way to refer to playing mahjong.,Stacking up mahjong tiles to make a wall—an informal way of saying you're playing mahjong.
ZH,前卫,"Fashionable, modern, and innovative; ahead of current trends or practices.",fashionable; modern; creative,"Describes something that is stylish, up-to-date, and original, often setting the pace for new trends or methods.","Super trendy, cool, and full of fresh ideas."
ZH,强努,To force oneself to do something beyond one’s ability; to make strenuous efforts despite limitations.,force oneself to do sth.; try one’s utmost to do sth. beyond one’s ability,To push oneself to accomplish something that exceeds one’s capabilities; to exert great effort even when facing personal limitations.,To really push yourself to do something you can’t handle; to go all out trying to do more than you’re actually able to.
ZH,戗行,To take business away from a competitor or gain a leading position in competition.,snatch away business; take the lead in competition,To outperform a rival by capturing their business or securing a dominant position in a competitive environment.,grab someone else's business or get ahead of the competition
ZH,翘辫子,To die; to pass away.,kick the bucket,To cease living; to depart from life.,to croak; to bite the dust (used informally to mean dying)
ZH,怯,Lacking in taste; vulgar; characterized by poor or unsophisticated style.,in poor taste; vulgar; tawdry,Displaying a lack of refinement or sophistication; marked by crude or unrefined style.,Looks cheap or flashy in a way that’s tacky or uncool.
ZH,青春饭,"A profession with strict age limits, typically favoring young adults, such as dance, flight attendant, or athletics.","a youthful profession, which has a strict age limit usually between18 to 30 years old, like dancing, air hostessing, athletics, etc.","A job that imposes strict age requirements, generally favoring younger adults, such as those in dancing, being a flight attendant, or participating in sports.","A gig for young people that you usually have to quit before you hit your thirties—think dancers, flight attendants, athletes, and similar lines of work."
ZH,青瓜头,"An inexperienced, naive, or impulsive young person, often so described by older individuals.","greenhorn; inexperienced, unsophisticated or crude and impetuous young people/It’s mostly used by the elderly to comment on the young.","A young individual who lacks experience, maturity, or restraint, a term frequently applied by older people.","rookie; a casual way to refer to young folks who are seen as clueless, immature, or rash—usually said by elders when talking about the younger generation."
ZH,青一色,Entirely uniform; all of the same kind or category; without variation.,monotone; entirely; all; whole,"Completely consistent; made up entirely of the same type or group, showing no differences.","All the same; totally uniform or just one thing throughout, used informally to mean everything or everyone is alike."
ZH,情儿,A man or woman who is a romantic partner outside of marriage; an extramarital lover.,(extra marital)lover(man or woman),"A person, male or female, who is involved in a romantic relationship with someone who is already married; a lover outside of wedlock.","Someone’s side lover—man or woman—who’s seeing them even though they’re married; basically, an affair partner."
ZH,鞧,To snuggle close; to curl up or huddle together.,snuggle up; shrink; curl up,To nestle closely together or to draw oneself in by curling or huddling.,"cuddle up, pull in tight, or bunch up together (in a casual way)"
ZH,去你的,An impolite expression used to show anger or contempt toward someone.,damn you,A rude phrase used to express frustration or disrespect toward another person.,"A casual, informal way to say 'screw you' or show annoyance in everyday speech."
ZH,全活儿,"Willingness or ability to do any task, whether good or bad.",do everything(the good and the bad),"Readiness or capability to handle any kind of work, regardless of whether it is positive or negative.","Taking on all sorts of jobs, both the decent ones and the shady ones, without picking or choosing."
ZH,惹火,To arouse; to excite or stimulate strong feelings or interest.,inspire; excite,To provoke or trigger intense emotions or heightened interest.,"To get people hyped up or really fired up, usually in a casual way."
ZH,热昏,To suffer from fever or heatstroke.,have a fever; have heatstroke,To experience illness as a result of high fever or overheating.,To feel out of it from a fever or getting overheated.
ZH,人来风,Children who become unruly and disobedient when guests visit the home.,(children) run wild and disobey parents when guests come to the house,Children who start to misbehave and ignore rules when visitors arrive at their home.,Kids go wild and stop listening to their parents as soon as guests show up.
ZH,人脉,A network of personal or professional contacts and relationships.,having many personal relationships; popular; well-connected,A collection of personal or professional relationships and connections.,Being socially active and having lots of friends or acquaintances; someone who knows a lot of people.
ZH,人蛇,An undocumented immigrant; a person who enters or stays in a country illegally.,illegal immigrant,A person who is present in a country without legal documentation or authorization.,A casual term for someone who sneaks into a country or lives there without official papers.
ZH,人渣,A morally corrupt or despicable person regarded as the dregs or scum of society.,"dregs or scum of society, or someone of inferior or evil characteristics or a morally degenerate person","An individual who is considered morally depraved or contemptible, often viewed as the lowest or most disgraceful member of society.","A term used informally to describe someone seen as the worst kind of person, either really nasty, wicked, or just plain rotten in character."
ZH,柔,"Charming or endearing in manner, often seeking favor through sweetness or flattery.",sweet; lovely; charming; curry favor; win favor by fawning,"Displaying a pleasant or affectionate demeanor, often aiming to gain approval through gentle charm or flattering behavior.","cute, sweet, or endearing; acting nice or overly friendly to get on someone's good side or to gain favor."
ZH,肉,"Cooked for too long, resulting in loss of desired texture or flavor.",overcooked,"Prepared for an excessive amount of time, causing the preferred taste or consistency to be lost.",Slang for something that’s been cooked way too long and ended up ruined.
ZH,软档,A weakness or area of deficiency.,weak point ; weakness,An aspect or feature that lacks strength or is insufficient.,"A spot where someone is especially vulnerable or not very good, like a personal Achilles' heel."
ZH,软拒,"To decline a request in a tactful or indirect manner, often by giving a reasonable excuse.",soft excuse; refuse in a reasonable way(first used by taxi drivers in refusing to take passengers),"To politely or subtly turn down a request, usually by offering a plausible reason.","A casual way to say no by giving a believable excuse, often used informally—like when taxi drivers make up reasons not to pick up passengers."
ZH,弱智,Lacking intelligence; showing foolish or unintelligent behavior.,idiotic; stupid,Demonstrating a lack of intelligence or engaging in actions that suggest poor judgment or understanding.,Used informally to call someone dumb or acting like a fool.
ZH,飒,"(of a woman) natural, unrestrained, and displaying elegance and grace",(of women)natural and unrestrained; elegant; graceful,"Describes a woman who is effortlessly poised, exudes freedom, and carries herself with refined elegance.","Used to talk about women who are cool, confident, and stylish in a laid-back, graceful way."
ZH,塞牙缝,An amount so small that it is barely noticeable or insufficient to make a difference.,sth. not large enough to fill a tooth gap; sth. very sparse or extremely little,A quantity so minimal that it hardly makes any impact or is barely perceptible.,Refers to something so tiny or scant that it couldn't even fill the gap between your teeth; used informally to describe something extremely meager or negligible.
ZH,三青子,A rude or impolite person.,rough fellow; rude person,An individual who displays discourteous or disrespectful behavior.,"A coarse guy or someone who acts in a brash, unmannerly way."
ZH,三孙子,A person who is excessively submissive or always obedient and frequently blamed by others.,yes-man; one who is absolutely obedient or always censured,"An individual who is overly compliant, always follows orders without question, and is often held responsible for problems by others.",A total pushover; someone who always does what they're told and gets blamed all the time.
ZH,扫黄,A government crackdown on the sale and distribution of pornographic materials.,"confiscate on the sale of pornographic magazines, books, audio and video tapes; ban on the sale of pornographic magazines, books and video tapes",An official campaign by authorities to suppress and eliminate the production and circulation of pornographic content.,"To seize and ban the sale of dirty magazines, books, and videos; basically, to crack down on selling adult stuff."
ZH,杀价,To bargain with a seller in order to lower the price.,bargain the price down; bargain with a peddler to lower his or her price,To negotiate with a seller in hopes of reducing the asking price.,Haggle with a street vendor or seller to get them to drop their price.
ZH,杀熟,"To overcharge or deceive acquaintances, especially friends, for personal gain.","charge, especially a friend, a high price/It refers only to cheating a friend.","To take advantage of someone you know, such as a friend, by charging them more or misleading them for your own benefit.","To jack up the price just because someone’s your buddy—basically, ripping off a friend."
ZH,傻X,"A person who is stunned, shocked, or at a complete loss for what to do.",be dumbfounded; be stunned; be at the end of one’s rope,"An individual who is left speechless, bewildered, or completely unsure of how to respond.","To be totally floored, left in a daze, or feel like you’ve hit a wall, especially in a casual or joking way."
ZH,晒,To deliberately ignore someone.,ignore someone on purpose,To intentionally pay no attention to a person.,to purposely give someone the cold shoulder
ZH,煽火,To incite trouble or provoke conflict.,fan the flames; stir up trouble,To encourage discord or deliberately cause disputes.,Egg on drama or make a situation more chaotic.
ZH,上班族,"A group of people employed in white-collar jobs, typically office workers or salaried professionals.",class of people who do white-collar jobs(white-collar workers; office workers),"Individuals who work in professional or administrative roles, usually in offices and earning a regular salary.",People who do typical desk jobs—your everyday office folks or white-collar workers.
ZH,上赶着,"To act with eagerness or enthusiasm, often taking the initiative without being prompted.",enthusiastically,"To proactively and eagerly take action, often stepping forward without waiting to be asked.",super keen or really into it
ZH,上眼药,To report others’ faults or speak ill of them to a superior.,rub one’s eyes with eyedrops; An expression for those who go to the boss and tell tales or speak ill of others.,To inform a superior about someone’s mistakes or criticize them behind their back.,"Literally meaning to put eyedrops in someone’s eyes; in casual speech, it refers to tattling or badmouthing someone to the boss."
ZH,捎带脚儿,Incidentally; in passing; in addition to the main purpose.,in passing; incidentally,To do something as a secondary action while primarily focused on something else; to accomplish a task as a side activity.,Just doing something on the side while you're already at it; casually taking care of something along the way.
ZH,烧钱,To spend money at a very rapid rate.,"to burn money, used to describe someone who spends money very quickly",To use up money very quickly.,A casual way to say someone is blowing through cash at a fast pace.
ZH,蛇头,A person or group that illegally smuggles people across borders.,a person or gang that ferries people illegally across the border,An individual or organization that unlawfully transports people across international borders.,"Someone or a crew that sneaks people over the border for money, breaking the law."
ZH,神聊,Lengthy and disorganized conversation; prolonged and animated discussion covering many topics.,"a long rambling talk; a long, animated discussion on many topics","An extended, somewhat unstructured conversation that covers a wide range of subjects and tends to be lively.","A casual, drawn-out chat that jumps between lots of topics and is full of energy."
ZH,狮子大张口,To make an excessive or unreasonable demand for a large sum of money.,be too greedy; ask for (demand) a huge sum of money,"To request an unreasonably large amount of money, often beyond what is considered fair or appropriate.",to be super greedy and ask for a ton of cash; to demand way more money than usual
ZH,时下菜,Seasonal vegetables that are abundant in the market and inexpensive.,vegetables in season(seasonal vegetable in abundant market supply andcheap),"Vegetables that are currently in season, widely available, and sold at low prices.","A casual way to refer to veggies that are in season, easy to find, and pretty cheap right now."
ZH,十有八九,Very likely; in most cases; with a high probability.,mostly; in eight or nine cases out of ten,"Highly probable; in the majority of situations, it is expected to occur.","Almost always; like, nine times out of ten, that's how it goes."
ZH,屎盆子,"A blame or wrongdoing; a fault, mistake, misdeed, or transgression.","crap pot, meaning fault; mistakes; bad thing; sin","An act of blame or error; a wrongdoing, fault, or violation.","A slang term for 'crap pot,' used informally to refer to a mistake, screw-up, or something bad someone did."
ZH,收线,to hang up the telephone receiver,hang up the receiver,to end a phone call by placing the receiver back on its cradle,to quickly hang up the phone
ZH,手榴弹,A bottle of wine given to someone as a gift in order to gain their favor.,grenade/Aterm for a bottle of wine that people give as a gift in order to cotton up to someone.,"A wine bottle presented to someone as a present, intended to win their goodwill.","In slang, refers to a 'grenade' or a bottle of wine that people hand over as a gift to try and get on someone’s good side."
ZH,手壮,luck in gambling or card games,"luck at gambling, cards, etc.","good fortune experienced when playing games of chance, such as gambling or card games",having a lucky streak when betting or playing cards and similar games
ZH,数落,To criticize or reproach someone by listing their faults or mistakes.,scold; rebuke; blame,To point out and enumerate a person's errors or shortcomings in order to express disapproval.,to tell someone off or give them a hard time for something they did wrong
ZH,刷卡,To pay using a credit card.,pay by credit card,To make a payment by using a credit card as the method of transaction.,"To swipe your card to pay for something, usually with a credit card."
ZH,刷夜,"To stay out all night, especially spending the night outside home with questionable company.",stay away from home all night; spend the night outside with shady characters,"To remain away from home throughout the entire night, often in the company of individuals whose reputations may be questionable.","Pulling an all-nighter out somewhere, usually hanging around with some sketchy people instead of going home."
ZH,耍大牌,"To act arrogantly or put on airs, especially by behaving like a celebrity.",to put on airs; to affect a movie-star pose,"To display a sense of superiority or act in a haughty manner, often by behaving as if one is a well-known figure.","To show off or act like a star, putting on a pretentious attitude in a flashy, attention-seeking way."
ZH,耍钱,To gamble; to stake money on games of chance.,gambling,To risk money by participating in games where the outcome is determined by chance.,"playing around with cash in betting or gambling, usually in a casual or informal way"
ZH,帅呆,"Extremely handsome appearance or exceptionally striking demeanor, usually referring to a man or an object.",the appearance of sb. (usually male) or sth. that is very beautiful or handsome; sb. Demeanor or bearing that is outstanding or extraordinarily unusual,"Refers to an exceptionally attractive look or remarkably impressive presence, typically describing a man or an object.","Used informally to say someone (usually a guy) or something looks super cool or incredibly good-looking, or has a standout vibe that's really unique."
ZH,涮,"To mock, deceive, or make fun of; to stand someone up.",make fun of; make a fool of; deceive; be stood up,"To ridicule, trick, or tease someone; to fail to show up for an arranged meeting.","To mess with someone, play a prank on them, trick them, or bail on plans at the last minute."
ZH,水货,Inferior or low-quality goods.,low-quality goods; shoddy goods,Products that are of substandard or poor quality.,"Cheap, crappy stuff that isn’t made well."
ZH,水穴,A privately organized exhibition with minimal or negligible profit.,privately organized show that makes little profit,An independently organized event or exhibition that generates little to no financial gain.,"A low-key, privately run gig that barely makes any money."
ZH,顺走,To steal; to secretly take something away without permission.,steal; sneak away with sth.,"To unlawfully take something away in a secretive manner, without the owner's consent.",To swipe or make off with something on the sly; to pinch something when no one’s looking.
ZH,说胖就喘,Overreacting to praise or compliments; unable to accept others’ positive remarks.,to puff and blow when others say you are fat/A metaphor for one who cannot stand praise from others.,Reacting excessively or uncomfortably when receiving compliments; having difficulty accepting positive feedback from others.,To start huffing and puffing as soon as someone calls you fat; a casual way to describe someone who can't handle being praised.
ZH,私了,To settle a dispute privately without resorting to legal proceedings.,settle a dispute privately(without lawsuit),"To resolve a conflict or disagreement outside of the court system, without involving legal action.",Work things out in private instead of taking it to court.
ZH,死磕,To persist in a struggle or confrontation despite risking one's life.,risk one’s life,"To continue fighting or confronting a challenge with unwavering determination, even at great personal risk.","Go all out, putting everything on the line, even if it means risking your life."
ZH,死轴子,A metaphor for a stubborn or obstinate person.,a metaphor for one who is stubborn,A figurative term describing a person who refuses to change their mind or yield to others.,A casual way to call someone super stubborn or hard-headed.
ZH,送死,To court death or deliberately put oneself in a fatal or extremely dangerous situation.,court death,To knowingly risk one’s life or intentionally expose oneself to a deadly or highly perilous situation.,to go looking for trouble or do something that’s basically asking to get yourself killed
ZH,碎催,A person who runs errands or performs minor tasks for others.,errand-boy,An individual who handles small chores or routine tasks on behalf of others.,"someone who’s basically a gofer, running around doing odd jobs for people"
ZH,塔儿哄,To cause a major disturbance or create trouble.,create a big disturbance; make trouble,To instigate significant chaos or provoke serious trouble.,stir up a big fuss; mess things up
ZH,抬轿子,To flatter or praise someone excessively in order to gain favor.,(originally)to carry sb. In a sedan chair;(metaphor) to flatter; sing the praises of; lick sb.’s boots,To excessively compliment or praise someone in hopes of securing their approval or goodwill.,"(originally) to physically transport someone in a sedan chair; (figuratively, in informal speech) to butter someone up, heap praise on them, or suck up to them."
ZH,抬人,To enhance the appearance of something; to beautify or embellish.,make sth. look better; beautify; doll up,To improve the visual appeal of something; to make it look more attractive or refined.,To jazz something up or give it a makeover so it looks cooler or more stylish.
ZH,太平公主,A humorous term for a girl with a flat chest.,(jocular term)girl with flat breasts,A lighthearted expression used to describe a girl who has a flat chest.,"An informal, playful nickname for a girl whose chest is not prominent."
ZH,探班,To visit or interview actors at a filming location.,to visit or inter view actors and actresses at the filming location,To pay a visit to actors on set or conduct interviews with them during a film or TV production.,To casually drop by the filming site to see or chat with actors and actresses.
ZH,蹚道,To obtain information in advance.,get information in advance,To gather knowledge or details ahead of time.,scoop up some info before anyone else does
ZH,趟雷,To remove or eliminate obstacles or difficulties.,to clear off/ remove obstacles,To get rid of barriers or challenges that stand in the way.,To sweep away anything blocking the path; to deal with problems head-on.
ZH,淘,"To search for and acquire (something valuable or desirable), especially after careful selection.",to look for; find,"To seek out and obtain something of worth or interest, often by carefully choosing among various options.",to casually hunt for or spot something; to track something down
ZH,逃票,To evade paying the fare when using public transportation.,take a bus without paying the fare; evade bus fare,To avoid purchasing a ticket or paying the required fee while using public transportation services.,Ride a bus without coughing up for a ticket; sneak on the bus without paying.
ZH,套瓷,To ingratiate oneself with someone or to deliberately seek a close relationship with someone.,cotton up to; try to establish a relationship with someone; act as if one has a close relationship with someone else,To purposefully build rapport with someone or make efforts to become closer to them.,buddy up to someone; try to get in good with someone; pretend to be tight with another person
ZH,套儿,trap; a deceptive scheme or situation intended to ensnare or mislead someone,snare; trap,a ruse or cunning plan designed to catch someone off guard or deceive them,an informal way to say a setup or trick meant to catch someone out
ZH,添堵,"to cause trouble, annoyance, or displeasure; to make someone feel upset or disturbed",trouble; disturb; annoy; displease,"to bring about inconvenience, irritation, or dissatisfaction; to leave someone feeling bothered or unsettled","to mess with someone; to get on someone’s nerves or make things more frustrating in an everyday, informal way"
ZH,甜,Profitable; yielding high income or financial gain.,profitable; well-paying,Generating substantial profit or providing significant financial returns.,Bringing in good money; pays really well.
ZH,甜姐,"A young woman who is sweet, charming, and endearing in manner or appearance.",sweet girl; cutie-pie,"A young lady who displays a pleasant, lovable personality and has an appealing or delightful look.",an adorable girl; someone you’d call a sweetheart or a cutie
ZH,挑剌儿,To find fault with someone; to be overly critical or nitpicking toward a person.,find fault with sb. Pick holes in,To criticize someone by pointing out their flaws or being excessively particular about their shortcomings.,"To nitpick or call someone out on minor things, always looking for something to complain about."
ZH,跳糟,To change jobs; to move from one employer to another.,change jobs; job-hopping,To switch employment by leaving one company to work for another.,To bounce between jobs or frequently switch workplaces.
ZH,跳水价,rock-bottom price; the lowest possible price,the lowest price,the absolute lowest price that something can be sold for,"the cheapest price you can get, used in casual talk"
ZH,铁磁,A close confidant or intimate friend; a soulmate.,intimate friend; close friend; soul mate,A person with whom one shares a deep bond of trust and understanding; a trusted companion or kindred spirit.,A super close buddy or best mate you can always count on; someone who's got your back no matter what.
ZH,铁哥们儿,A very close male friend; a male companion with whom one shares a strong bond.,intimate male friend; close male friend,A male friend with whom one has a deep and enduring friendship; a man with whom one maintains a particularly strong connection.,A guy who's your best buddy; a close male pal you really click with.
ZH,铁姐们儿,Close female friends; women who share a strong and intimate friendship.,intimate female friend; close female friend,"Women who are very close companions, sharing a deep and meaningful bond of friendship.",A bestie or super tight female pal; a girl you’re really close with.
ZH,挺,to endure; to withstand; to bear (difficulties or hardship),stand; endure,to tolerate or persist through challenges or adversity,to tough it out or put up with something (in a casual way)
ZH,挺尸,To lie down or take a brief nap.,lie; take a cat nap; snooze,To recline or rest for a short period.,To chill out and doze off for a bit; to catch a quick snooze.
ZH,同道儿,An accomplice; a person engaged in the same illegal activity as others.,partners in crime; people involved in the same illegal trade,A person who collaborates with others in carrying out unlawful acts; someone who is involved in the same criminal activity as a group.,Buddies who get up to no good together; folks who are in on the same shady business.
ZH,筒子楼,"A tubular building with rooms along a central corridor, mainly used for offices, classrooms, or residences in China.","tubeshaped building with lining on both sides of a long corridor/In China, this type of building is mainly used for offices or classrooms but can also be used for residential quarters.","A building designed with a central hallway flanked by rooms, commonly found in China and typically serving as spaces for offices, classrooms, or housing.","A tube-like structure with rooms lined up on both sides of a long corridor—mainly used for offices or classrooms in China, but sometimes people live there too."
ZH,头大,"To feel confused, troubled, or anxious in response to a difficult situation.",be puzzled; have a head ache; be in a stew,"To experience confusion, distress, or worry when faced with a challenging problem.","to feel totally stumped, stressed out, or in a muddle—like your head just can't handle it"
ZH,头儿,"Leader; the person in charge of an organization, group, or business.","leader; head of a unit, group or a gang; boss","A person who holds the primary authority or is responsible for managing an organization, team, or business.","An informal term for the main person in charge of a group, crew, or gang; the boss or top figure."
ZH,秃瓢儿,A person whose scalp is bald or lacking hair on the top of the head.,baldhead,An individual who has little or no hair on the crown of their head.,a casual term for someone with a bald head
ZH,土,Lacking sophistication or worldly experience; unsophisticated and inexperienced.,unsophisticated; not well-informed; ignorant; un-experienced/A term used to describe someone who hasn’t seen very much of the world.,Lacking refinement or worldly knowledge; inexperienced and not well-versed in sophisticated matters.,"Used informally to describe someone as clueless, naive, or out of touch—basically, a person who hasn’t been exposed to much beyond their own small world."
ZH,土鳖,"A beetle: an insect with hard wing covers, belonging to the order Coleoptera.",beetle,"A type of insect from the Coleoptera order, recognized by its tough outer wings.",A casual term used to refer to a beetle in everyday conversation.
ZH,土得掉渣儿,"Extremely unsophisticated, ignorant, or lacking in modern manners or knowledge.",very ignorant; rustic; unrefined,"Exceptionally lacking in sophistication, awareness, or contemporary social norms and knowledge.",super clueless and country-like; totally rough around the edges and not at all polished
ZH,吐血,"To suffer great distress or frustration, often due to significant effort, expense, or difficulty.",“spit blood”; to foot the bill; pay for sth.,"To experience intense hardship or emotional strain, typically as a result of putting in a lot of effort, resources, or facing major challenges.","""Cough up blood""; informally, to be the one who covers the cost or pays for something."
ZH,脱口秀,"A live or recorded performance featuring humorous monologues, often addressing social or personal topics.",talk show,"A performance, either live or recorded, where a comedian delivers witty speeches that often touch on personal experiences or societal issues.","A casual way to refer to a talk show, especially in everyday conversation."
ZH,托儿,A person hired by a shop owner to pose as a customer in order to attract real customers.,someone hired by a store owner to pretend to be a customer in order to attract customers,"An individual employed by a business owner to act as a genuine patron, with the intention of drawing in actual customers.","Someone paid by a shop to fake being a buyer, just to make the place look busier and pull in more real shoppers."
ZH,托儿姐,A young woman hired by a shop owner to pose as a customer in order to attract other customers.,a young woman hired by a store owner to pretend to a customer in order to attract customers,"A young woman employed by a store owner to act as a shopper, with the purpose of drawing in real customers.","A girl paid by a shop boss to fake being a buyer, just to lure more people into the store."
ZH,歪才,Unconventional artistic talent or exceptional intelligence in a particular field.,unique artistic talent; cleverness in a certain field,Atypical creative ability or outstanding intellect demonstrated within a specific area.,"A one-of-a-kind creative flair or sharp smarts in a certain field, often used informally to praise someone's special skills."
ZH,崴泥,"To fall into difficulty, make a situation worse, or make a mistake.",get stuck in the mud/get into trouble; make things worse; go wrong,"To encounter a setback, worsen a predicament, or commit an error.",To get bogged down or land in trouble; to mess things up or have something go sideways.
ZH,外快,additional income earned outside one's regular job,additional income; temporary income; extra money,money earned in addition to one's main job or primary source of employment,"extra cash or side earnings picked up temporarily or on the side, often used informally"
ZH,玩主,A playboy or idle young man who engages in frivolous or troublesome behavior.,fop; dandy; trouble-maker,"A young man who spends his time on leisure and mischief, often acting irresponsibly or seeking amusement.",A flashy guy or show-off who likes to stir up trouble; a mischief-maker.
ZH,玩儿得转,To handle or manage (someone or something) with ease; to use or operate skillfully.,handle (sb. Or sth.)easily; use(a tool) with skill; master with ease; able to use or operate,To skillfully manage or control a person or thing without difficulty; to operate or handle something proficiently.,To easily get the hang of something or someone; to be able to use or master something like a tool without breaking a sweat.
ZH,玩和闹,A mischievous or unruly person; someone who behaves disruptively or causes trouble.,mischievous person; naughty guy; ruffian; rascal; troublemaker,"An individual who acts in a disorderly or playful manner, often disturbing others or creating disruptions.","A cheeky or rowdy person; someone who likes to mess around, act up, or stir up trouble just for fun."
ZH,玩儿飘,To deliberately show off one’s skills or talents.,show off one’s skill or talent on purpose,To intentionally display one’s abilities or expertise to others.,To purposely flex your skills or talent in front of people.
ZH,玩儿深沉,To deliberately speak in an obscure manner to appear knowledgeable.,pretend to be sophisticated; speak in a way so as to deliberately mystify others.,To intentionally use vague or complicated language in order to give the impression of being well-informed.,Act like you’re deep or clever by talking in a confusing way just to impress or puzzle people.
ZH,玩儿稀的,To do something in a highly unconventional or distinctive manner.,do sth. unique,To approach something in a very original or nontraditional way.,pull off something in a way nobody else does
ZH,玩儿一把,To do something once; to try an activity a single time.,play(do)sth. once,To participate in an activity one time; to give something a single try.,Give something a quick go just once; try it out for fun.
ZH,腕儿,A celebrity or an expert in a particular field.,famous person; expert,An individual who is well-known or highly skilled within a specific area of expertise.,A big name or pro in a certain scene; someone who’s really popular or talented.
ZH,网友,A person with whom one interacts or communicates via the internet.,web,An individual you connect with or communicate with online.,A casual term for someone you know from the internet.
ZH,危,"Uncertain, risky, or discouraging in outlook.",far from settled; dangerous; not too encouraging.,"Having an unpredictable, hazardous, or discouraging future.","Not looking good; pretty sketchy or unsafe, and things aren’t really promising."
ZH,尾巴长,A person who habitually leaves doors open when entering or exiting a room.,longtail /A term use for someone who never closes the door when he or she walds in or out .,An individual who regularly forgets to close the door when coming into or leaving a room.,"A casual way to describe someone who always leaves the door open behind them, like they’ve got a tail dragging after them."
ZH,温吞水,"A person who is slow, indecisive, or lacks enthusiasm and initiative.",lukewarm water; slow coach or slowpoke,"An individual who acts slowly, hesitates to make decisions, or shows little drive and passion.",A casual term for someone who moves at a sluggish pace or can’t seem to get things done quickly—like calling them ‘lukewarm water’ or a ‘slowpoke’ in everyday talk.
ZH,揾钱,to earn money; to make a living,make money.,to receive income or support oneself financially through work,to score some cash or hustle for money
ZH,窝里反,"Internal rebellion or conflict within a group, organization, or country.",internal rebelling; internal dissension; domestic conflict,"A situation where members of the same group, organization, or nation turn against each other or experience internal strife.",When people on the same side start fighting among themselves or cause trouble within their own circle.
ZH,卧底,A person who secretly infiltrates an opposing group to gather information.,hide(lie low)in middle of ponents,An individual who covertly joins a rival group in order to collect intelligence.,"To lay low and blend in among the enemy, keeping your true intentions hidden."
ZH,吸引眼球,Attracting attention; visually striking or appealing.,eye-catching; attractive,Drawing notice by being visually impressive or appealing to the eye.,Really grabs your attention; looks cool or stands out.
ZH,细发,"Meticulous; characterized by delicacy, refinement, carefulness, or attention to detail.",exquisite; delicate; careful; fine,"Marked by precision and finesse, showing great care, subtlety, and a strong focus on small details.","Super stylish, really delicate, or done with a lot of care—basically, something that looks or feels extra fine."
ZH,瞎掰,To talk nonsense; to make absurd or unfounded statements.,act senselessly; talk nonsense,To speak without basis or reason; to make statements that are illogical or unsupported.,"to mess around or blurt out random stuff; to say things that don’t make sense in a casual, offhand way"
ZH,瞎菜,In a hopeless or desperate situation with no way out.,have no way out; be finished ; be at the end of one’s hope,Being trapped in a situation where there is no escape or solution.,"To be totally stuck with no options left; basically, it’s game over."
ZH,瞎迷,To be stunned or bewildered; to be at a loss for what to do.,be dumbfounded; be stunned; find oneself at a loss,"To feel confused or disoriented, not knowing how to respond or proceed.","to be totally floored or left speechless, not sure what to do next"
ZH,下海,To leave a stable job to enter business or become self-employed.,go to sea/Originally this term referred to someone who joined a gang or a woman from a good family who became a prostitute. Now it refers to someone who has given up a stable job to engage in business.,To resign from a secure position in order to start a business or work independently.,"In slang, this phrase used to mean getting involved in criminal activities or, for women, entering prostitution from a respectable background. Nowadays, it informally describes someone quitting a steady job to try their luck in the business world."
ZH,下面,basic-level unit,unit at the basic level,a fundamental or primary unit within a hierarchy,"an entry-level group or section, as commonly referred to in everyday speech"
ZH,下片儿,(of police) to gather information within their assigned district,(policeman) go to get information in local beat,"For police officers, to collect intelligence or conduct investigations within the area they are responsible for.",When a cop heads out to their usual patch to pick up info or see what's going on.
ZH,闲磕牙,To engage in casual conversation or informal chatting.,chat,To have a relaxed conversation or talk informally with others.,shoot the breeze
ZH,现,to lose face; to embarrass oneself; to bring shame upon oneself,lose face; make a fool of oneself; bring shame on oneself,to suffer public humiliation; to disgrace oneself; to cause oneself to lose respect,to get embarrassed in front of others; to make yourself look silly; to end up looking bad
ZH,向毛席保证,To swear by Chairman Mao as a guarantee of absolute truthfulness; popular in the 1970s.,"In Chairman Mao’s name/A term to indicate that what one says is absolutely true, mostly used in the 1970s of the 20th century.",To make a solemn vow invoking Chairman Mao as proof of complete honesty; this expression was widely used in the 1970s.,"Used informally to say something is definitely true by calling on Mao’s name, especially as a popular phrase in the 1970s."
ZH,小巴,minibus; a small bus used for public transportation,minibus; small bus,A small-sized bus that serves as a means of public transport.,An informal term for a little bus.
ZH,小炒,A single stir-fried dish prepared quickly and served individually.,an individual quick-fried dish,A single portion dish that is swiftly stir-fried and served to one person.,"A quick, made-to-order stir-fry just for one, often mentioned in casual conversation."
ZH,小皇帝,A child from a one-child family who is excessively pampered or spoiled by parents and relatives.,little emperor/A term referring to children from one-child families or spoilt children,A youngster who is the only child in a family and receives an excessive amount of attention and indulgence from parents and other family members.,"A casual term for a kid from a one-child household or a child who’s been overly spoiled, often called a 'little emperor.'"
ZH,小金库,"A private fund or reserve of money kept for personal use, often undisclosed.",private hoard,"A secret stash of money set aside for personal purposes, typically not revealed to others.",a hidden pile of cash you keep just for yourself
ZH,小儿科,Trivial or insignificant matter; something regarded as unimportant or beneath serious consideration.,pediatrics/A term used to describe something trivial and insignificant or something that is neglected or looked down upon by others.,A matter considered minor or of little importance; something not deemed worthy of serious attention.,"Pediatrics/An informal way to refer to something as unimportant or easily dismissed, often implying it’s not taken seriously by others."
ZH,笑星,"Comedy celebrity; a well-known performer of comedic monologues or sketches, especially on television.",comedy celebrity; comedy star/Usually refers to“cross talkers”(TV celebrities who perform short monologues) or comedians.,"A comedy entertainer who has gained fame for performing humorous routines or skits, particularly on television.","A funny star; usually means a comedian or a TV personality known for quick-witted acts or cross talk, often used informally to describe someone who makes people laugh on screen."
ZH,邪,"Deviating from what is correct, lawful, or traditional.",not right; illegal; unconventional,"Straying from what is proper, legal, or customary.","offbeat, shady, or breaking the usual rules"
ZH,邪乎,Unusual or hard to believe.,out of the ordinary; incredible,Remarkable or difficult to accept as true.,Totally wild or unbelievable in a way that stands out.
ZH,心里美,"A person of kind heart and noble character; also, a type of radish with green skin and red flesh.","turnip(which is light green on the outside and red on the inside)/Someone who has good heart, noble mind and solid virtues.",Describes someone with a generous spirit and admirable morals; it also refers to a radish variety featuring a green exterior and vibrant red interior.,"A casual way to talk about a turnip that's pale green on the outside and red inside, or to describe a person who's genuinely good-hearted, upright, and dependable."
ZH,星,A famous person in the entertainment industry; a celebrity.,star; celebrity,An individual who has gained widespread recognition and prominence within the entertainment field; a well-known public figure.,"A popular celeb or big name, especially someone who’s super famous in showbiz."
ZH,星姐,A term of endearment used to refer to a female celebrity.,intimate term for a female star,A respectful nickname used to address a well-known female public figure.,"A casual, friendly way to refer to a famous woman, often used among fans."
ZH,醒,"To become aware of, understand, or realize the reality of a situation.",realize; understand; wake up to reality,"To come to recognize, comprehend, or grasp the true nature of a situation.",to get it; to catch on; to snap out of it and see things as they really are
ZH,雄起,"To rise up; used as a cheer to encourage or motivate, especially in sports competitions.","Originally means“spring up; grow up ;”/A term often used in sport games, meaning “go!”,to cheer on .","To stand up or rally; commonly used as an expression of encouragement or support, particularly during athletic events.","Originally meaning 'to surge up' or 'to grow strong,' this phrase is now a popular, informal shout in sports, similar to saying 'let’s go!' to boost morale and energize a team."
ZH,修长城,To play mahjong.,play mahjong,To engage in the activity of playing the game of mahjong.,To casually hang out and play some mahjong.
ZH,修理,To punish or discipline someone as a lesson.,teach someone a lesson ; make someone suffer,To discipline or penalize someone in order to serve as a warning or example.,to give someone a hard time or put them through trouble as payback
ZH,秀,"show (noun/verb):  
To present a performance for others to watch, or to display something to others.",show,"To perform or exhibit something in front of an audience, or to make something visible for others to see.","To flaunt or show off, especially in a casual or playful way."
ZH,嗅蜜,To pursue a romantic relationship with a woman; to seek a girlfriend.,chase a woman; look for a girlfriend,To seek to establish a romantic partnership with a woman; to look for a female companion.,Go after girls or try to get a girlfriend.
ZH,悬的乎,Dangerous; involving risk or the possibility of harm.,dangerous,Involving danger or carrying the chance of harm or risk.,pretty risky or sketchy
ZH,寻开心,"To seek amusement, entertain oneself, or make fun of someone.",look for fun ;amuse ; make fun of,"To look for enjoyment, have fun, or tease someone in a playful manner.",hang out for laughs; mess around; joke with or poke fun at others
ZH,亚市民,A person living on a city’s outskirts without urban residency status but adopting urban lifestyles.,second-class citizen/Refers to those who live in city suburbs with no urban residence card but lead a lifestyle like that of regular residents.,An individual residing on the fringes of a city who lacks official urban residency but lives in a manner similar to city dwellers.,A term for people treated as second-class citizens—those who don’t have a city residence permit but still live in the suburbs and act much like typical city folks.
ZH,蔫蔫呼呼,"A person who is naturally slow-witted, inarticulate, or indirect in action.","refers to one who is slow by nature, and doesn’t speak or act in a straightforward way","Describes someone who is inherently slow to think, not very expressive, or tends to act in a roundabout manner.",Used informally for a person who’s naturally sluggish and doesn’t talk or do things in a direct or upfront way.
ZH,洋插队,"To study, work, or live abroad.","study, work or live in a foreign country","To reside, work, or pursue studies in another country.","To go overseas for school, work, or just to live there, usually in a casual or trendy sense."
ZH,阳光,"A young, attractive person who is full of youthful energy and vitality.",sunny; young and pretty/ handsome; full of youthful spirit,"An individual who is youthful, appealing, and radiates energy and liveliness.","Used informally to describe someone who looks cute or good-looking and has a bright, energetic vibe."
ZH,养小,to take a concubine; to keep a secondary wife outside of marriage,have concubine,to maintain a concubine or support a woman as a secondary spouse in addition to one's legal wife,to have a mistress on the side
ZH,幺蛾子,A cunning scheme; a malicious idea or act; a devious plot.,a crafty plot; a wicked idea or thing; a trick,A sly plan or harmful intention; an underhanded scheme designed to deceive.,"A sneaky move, shady idea, or some kind of trick someone pulls off."
ZH,野鸡,An unlicensed and illegal vendor or company operating without any official permits or certification.,illegal trader or corporation without any business licenses or certificates,A business or seller that conducts operations without obtaining the required legal authorizations or official documentation.,A shady operator or business running without any proper licenses or legal paperwork.
ZH,野模,An amateur model; a person hired as a model without any prior experience.,amateur model/ someone hired to be a model with no previous experience.,A non-professional model; an individual chosen to model despite lacking prior modeling background.,A newbie model—someone picked up for modeling gigs even though they've never done it before.
ZH,夜陪,A person who accompanies or assists a taxi driver during night shifts.,person who accompanies a taxi driver at night; taxi driver’s night assistant,An individual who supports or accompanies a taxi driver during nighttime work hours.,"Someone who tags along with a cab driver at night, acting as their helper or sidekick during late shifts."
ZH,页子活,To earn a large amount of money; to be very wealthy.,make big money; be rich,To accumulate substantial wealth; to possess significant financial resources.,rake in loads of cash; be loaded
ZH,一个数,one hundred yuan (RMB); a sum of one hundred Chinese yuan,one hundred yuan,a total amount of one hundred Chinese yuan (RMB),a casual way to refer to a hundred yuan
ZH,一号,restroom; toilet; bathroom; washroom,lavatory; toilet; bathroom; John,"a place for personal hygiene such as a toilet, washroom, or bathroom","an informal term for the loo, restroom, or the John"
ZH,一水儿,Entirely of one kind (such as color or gender); completely; thoroughly.,single color or sex only; completely; totally,"Composed solely of a single type, such as the same color or gender; fully or entirely.","All the same color or all the same gender; totally or all the way, in a casual sense."
ZH,一头雾水,To be completely confused or bewildered; to be unable to understand a situation or information.,to make one puzzled or confused; to cast a mist before someone’s eyes,"To feel utterly lost or at a loss, unable to make sense of a situation or information.","To leave someone totally baffled or thrown off, like clouding their mind so they can’t figure things out."
ZH,意思,"A gift given as a token to express affection, gratitude, or appreciation.","presenting gifts as a token of affection, appreciation or gratitude","A present offered as a symbol to convey feelings of love, thanks, or recognition.","Giving someone a little something to show you care, appreciate them, or want to say thanks."
ZH,瘾君子,A person addicted to drugs; a habitual drug user.,drug addict,An individual who is dependent on narcotics and engages in regular drug consumption.,someone hooked on drugs
ZH,勇,Brave; courageous; willing to face danger or difficulty without fear.,brave; bold; daring,Showing courage; ready to confront danger or challenges without showing fear.,gutsy; not afraid to take risks or do something bold
ZH,油,Clever in a deceitful or cunning way; sly or crafty.,foxy; cunning; sly; crafty,Skilled at achieving goals through trickery or craftiness; adept at being shrewd or deceptive.,Sneaky or slick in a street-smart way; quick-witted and good at getting around things.
ZH,油葫芦,"A person who is extremely dirty and unkempt, with greasy skin and hair from not bathing.",a kind of dark brown and shiny field cricket; a grungy person/A term to describe someone who is extremely dirty and hasn’t taken a shower in such a long time that his or her body and hair is oily.,"An individual who appears very filthy and disheveled, with oily skin and hair due to a lack of washing.","A slang term for a dark, glossy field cricket; also used to refer to someone who’s so dirty and hasn’t showered in ages that their hair and skin are greasy."
ZH,有把豆,"To possess skill, ability, or competence.","have skill, capability or ability","To demonstrate proficiency, talent, or the capacity to perform tasks effectively.","To be good at something or have the skills to pull it off, said in a casual way."
ZH,有鼻子有眼,Vivid and detailed; described with lifelike and specific details.,vivid description; description full of details,"Portrayed in a realistic and detailed manner, with clear and lifelike specifics.","Told in a super vivid way, packed with lots of details—like you can really picture it."
ZH,有根儿,To have influential connections or powerful backing.,have connections; have support,To possess strong connections or the support of influential individuals.,to know people in the right places; to have someone backing you up
ZH,有头有脸,"A person of high social status, influence, or prominence.","have fame(social status, dignity); leader; head; famed person; VIP",An individual who holds a respected position in society and is recognized for their influence or standing.,"Someone well-known or important, like a big shot or a VIP; a person who stands out as a leader or has a lot of clout."
ZH,有一搭，无一搭,To respond to something with indifference or without genuine interest or attention.,not take sth. seriously; pay little attention,To reply or engage in a manner that shows little enthusiasm or true involvement.,"to just go through the motions or half-heartedly pay attention, not really caring about it"
ZH,有一号,To be well-known or regarded as a leading figure in a particular field.,have some fame; be considered one of the tops in one’s field,To be recognized or esteemed as a prominent individual within a specific area of expertise.,to have a bit of a reputation; seen as one of the big names in your scene
ZH,郁闷,"Feeling bored, frustrated, or emotionally distressed, often used by young people to express a troubled mood.",bored; depressed/A phrase used by the young to express a fretful bad mood.,"Experiencing feelings of boredom, frustration, or emotional discomfort; commonly describes a state of mental unease, especially among young people.","Feeling down, annoyed, or just in a bad mood—a casual term young people use to talk about being upset or bothered."
ZH,越活越抽抽,to become smaller or shorter over time,shrink; become shorter,to gradually decrease in size or length as time passes,to get shorter or shrivel up; to shrink (in a casual or informal way)
ZH,月嫂,A female caregiver who assists mothers during the first month after childbirth.,a maid who cares for a woman in the month after she’s given birth to a child,A woman who provides support and care to new mothers throughout the initial month following childbirth.,"A helper, like a housekeeper, who looks after a woman right after she’s had a baby."
ZH,云山雾罩,"Described in a vague and mysterious manner, making the truth difficult to discern.",covering the mountain with mist and clouds/An expression for something that is described or told in a vague and mysterious fashion.,Presented in such an obscure and enigmatic way that it becomes hard to clearly understand the real situation.,Like fog and clouds shrouding a mountain—used casually to describe something that’s explained so vaguely or mysteriously that you can’t make heads or tails of it.
ZH,宰,To charge excessively high prices; to overcharge.,overcharge; rip off,To demand an unreasonably high payment for goods or services; to impose excessive charges.,jack up the price; to seriously rip someone off
ZH,糟践,"To damage, harm, or ruin; to subject to destruction or abuse.",harm; hurt; ruin; spoil,"To cause damage, inflict harm, or destroy something; to treat something with neglect or abuse.","To mess up, wreck, or ruin something; to spoil or hurt it in a casual or careless way."
ZH,造,To become uncontrollable or to cause a situation to deteriorate.,run wild; mess things up,To lose control over a situation or to make circumstances worsen.,To act out recklessly or cause chaos in a playful or disruptive way.
ZH,造势,To generate publicity or create momentum for something through promotion or public attention.,make a noise; promote,To draw public interest or build momentum for something by means of promotion or attracting attention.,hype something up; stir up buzz
ZH,扎,Draft beer; beer served from a keg or cask rather than from a bottle or can.,draught beer,"Beer that is poured directly from a keg or cask, rather than being packaged in bottles or cans.","A casual term for beer on tap, as opposed to bottled or canned beer."
ZH,扎款,to make money; to earn income,get money; make money,to generate income or receive earnings,to score some cash or pull in money
ZH,扎啤,Draft beer; beer served from a keg or cask rather than from a bottle or can.,draught beer,"Beer that is poured directly from a keg or cask, rather than being packaged in bottles or cans.",A casual term for beer on tap.
ZH,扎账,to owe a debt; to be in debt,owe a debt,to be liable for a financial obligation; to have outstanding debts,to be short on cash and owe someone money (informal)
ZH,渣儿,weakness; shortcoming; flaw,weakness; shortcoming; defect,"a fault, imperfection, or area where something is lacking",an informal way to refer to a weak spot or a minor defect in something
ZH,奓,(of clothing or hair) to stand upright; to stick up; to be raised or bristled upward,(of clothes or hair)stand up on end; stick up; turn upwards; bristle,"Describes clothing or hair that stands upright or protrudes upward, appearing raised or bristled.","Used informally to say that clothes or hair are sticking straight up or poking out, kind of like they're all spiked or fluffed up."
ZH,炸篷,To cause an uproar or public outcry due to a disastrous event or performance.,to raise the roof; raise a ruckus; raise hell/ A metaphor for a bad scene or unsuccessful performance which aroused anger and protest from people.,To trigger widespread outrage or a strong public reaction as a result of a disastrous incident or poor performance.,To stir up chaos or make a scene; used informally to describe a flop or mess that gets people riled up and complaining.
ZH,择,To choose; to select; to pick out from among options.,select; choose; pick,To make a selection or decision by picking from several alternatives.,to pick or go with something; to make a choice (in a casual way)
ZH,粘客,A vendor who sells pirated software or counterfeit optical discs.,pirated software or CD-ROM seller,An individual engaged in the sale of unauthorized software or fake optical media.,"Someone who hawks bootleg software or knockoff CDs, usually on the street."
ZH,长份儿,to enhance someone's social status and prestige,raise one’s social status and prestige,to improve an individual’s reputation and elevate their standing in society,to boost someone’s status and make them look more impressive
ZH,招事（儿）,To cause trouble; to provoke or invite trouble; to bring trouble upon oneself.,call down trouble; stir up trouble; bring trouble upon oneself,"To bring about trouble or difficulties; to incite or attract problems, often resulting in negative consequences for oneself.",To mess around and end up getting into trouble; to do something that lands you in a bad spot or causes hassle for yourself.
ZH,着实,Truly; indeed; genuinely; in reality or in fact.,really; indeed,Actually; sincerely; authentically; referring to something that is true or exists in fact.,totally; for real; seriously
ZH,找辙,to seek a solution or find a way out of a difficult situation,"think of a way(idea, solution); look for a way out; seek a way(solution)out",to look for a method or approach to resolve a challenging problem or escape a tough situation,come up with an idea or fix; figure out some way to get out of trouble
ZH,折进去,To become involved in or entangled with trouble or a problematic situation.,be involved in; get into trouble,To find oneself caught up in difficulties or become entangled in a problematic situation.,to get mixed up in something; to land yourself in trouble
ZH,真格的,Genuine; real; sincere; carried out seriously or in earnest.,really; truly; seriously; real; true; serous,Authentic; sincere; truly genuine; done with seriousness or earnest intent.,for real; honestly; totally; seriously legit; actually true
ZH,震,To cause a sensation; to create a disturbance or stir.,cause a sensation; create a stir,To generate widespread attention or provoke a notable reaction.,make a big splash; get people talking
ZH,蒸馏水衙门,government office with the lowest salaries and no bonuses,distilled water unit/A term for government offices that give the lowest salaries and no bonuses.,An official agency where employees receive the minimum wages and are not provided with any additional financial incentives.,A casual nickname for a workplace in the public sector known for offering the lowest pay and no extra perks or bonuses.
ZH,正炒,To publicly praise or flatter someone or something excessively through mass media.,flatter(lavish praise on)sb. Or sth. through the mass media,To give someone or something excessive public acclaim or compliments through mainstream media outlets.,"Hype up or gush over someone or something in the media, often going overboard with the praise."
ZH,支招,to offer advice or suggest a solution,give counsel; think of a way,to provide guidance or recommend a course of action,to pitch in with advice or come up with an idea to help out
ZH,直来直去,Direct and straightforward in speech or action; frank and to the point.,(of speech or action) get to the point; do sth. straight out; be blunt,Open and honest in words or deeds; communicates or acts in a clear and candid manner.,"Talks or acts without beating around the bush; just says or does things straight up, no sugarcoating."
ZH,中巴,"A privately operated mid-sized city bus running regular routes, more frequent and comfortable than public buses.","medium-sized bus/privately run buses in cities that run the same routes as public buses. They usually run more frequently and are more comfortable than public buses, but cost five times as much.","A mid-sized city bus operated by private companies, offering regular service with greater frequency and comfort compared to standard public transportation.","In everyday speech, it refers to those medium-sized, privately owned buses in cities that follow the same routes as public buses. They tend to show up more often and are comfier, but the fare is about five times higher than regular buses."
ZH,轴,Unadaptable or rigid in behavior; lacking flexibility or dexterity.,(of one’s action) inflexible; stiff; awkward,Stubborn or unyielding in attitude; showing little adaptability or skillfulness.,"Describes someone’s actions as being overly rigid, clumsy, or not easygoing in a casual way."
ZH,煮饺子,To be extremely crowded; to describe a place filled to capacity with people.,boil dumplings in a pot/A metaphor for a place that is full of people or overcrowded.,Refers to a situation where a location is packed with people to the point of being extremely crowded.,"An informal way to say a place is jam-packed with people, like dumplings boiling together in a pot."
ZH,抓瞎,"To become confused and disoriented, often resulting in panic or disorder.",find oneself at a loss; be in a rush and muddle,"To lose one's sense of direction and clarity, often leading to a state of panic or chaos.",to get flustered and not know what to do; to be caught off guard and scramble around
ZH,转腰子,To wander around aimlessly or take a long time to find a solution to a problem.,walk around; wander; take a long time to find a right way to solve sth.,To move about without a clear purpose or to spend an excessive amount of time searching for an answer to a problem.,"To just roam around or hang out, or to take ages figuring out how to handle something."
ZH,装洋蒜,"To pretend, feign, or deliberately act ignorant.",pretend; fake; play dumb,To intentionally put on an act or behave as if one does not know something.,to act like you don’t get it; to put on a front or play clueless
ZH,追尾,"rear door: the door at the back of a car, truck, or similar vehicle that can be opened or lowered",tailgate,"the back door of a vehicle, such as a car or truck, which can be opened or pulled down","to drive closely behind another car, often referred to informally as tailgating"
ZH,滋,pleasant; comfortable; giving a sense of ease or enjoyment,comfortable,enjoyable or soothing; creating a feeling of comfort or pleasure,chill or cozy; used informally to describe something that feels nice and relaxing
ZH,滋润,"To be comfortable, at ease, and enjoying a pleasant and carefree life.",comfortable; at ease; free; in heaven,"To live in comfort and ease, experiencing a relaxed and enjoyable lifestyle.",chilling out; feeling totally relaxed and carefree; living the good life
ZH,子儿,money; formerly referred specifically to copper coins,money/Referred to copper coins in the old days,"A term for currency, which in the past specifically denoted copper coins.","An informal way to talk about cash, originally used for old copper coins."
ZH,自找,To bring something upon oneself; to be responsible for one's own predicament.,ask for it; suffer from one’s own actions,To cause a situation or trouble for oneself and bear the consequences of one's own actions.,to bring trouble on yourself; to get what’s coming to you because of what you did
ZH,走你,To give something to someone; to hand over.,Here you are; here you go,To pass something to another person; to deliver an item to someone.,"Here it is for you; take this—used in a casual, informal way."
ZH,走背字,To experience bad luck or to perform poorly or unsuccessfully at something.,be unlucky; do sth. not well or unsuccessfully,To encounter misfortune or fail to achieve success in an endeavor.,to have a streak of bad luck or mess something up
ZH,走合,To profit by buying and reselling goods; to earn money by acting as an intermediary.,make a profit by buying and reselling goods; make money by working as a middleman,"To earn income by purchasing goods and selling them at a higher price, often by serving as a broker or intermediary.","To make some cash by flipping items—buying them cheap and selling them for more, basically acting as the go-between."
ZH,走火入魔,To go to extremes or become excessively obsessed with something.,overdo; go too far; go to extremes,To become overly fixated on something or pursue it to an unreasonable degree.,to push things way too far; to get carried away or go overboard
ZH,走人,to leave; to depart,go; leave,to exit or withdraw from a place,to take off or head out (in an informal way)
ZH,走眼,To misjudge or incorrectly assess someone or something.,to see something mistakenly; to misjudge something; mistake sb. Or sth.,To make an error in evaluating or forming a judgment about a person or thing.,"To mess up when looking at something or someone, ending up getting the wrong idea or making a mistake about them."
ZH,钻石王老五,A very wealthy unmarried man.,a very wealthy bachelor,An unmarried man who possesses significant wealth.,A super-rich guy who's still single.
ZH,作,To become uncontrollable or to ruin a situation through one's own actions.,run wild; mess things up,To lose control or cause a situation to deteriorate as a result of one's own behavior.,go overboard; screw things up
ZH,做瘪子,"To feel unhappy, anxious, or emotionally low.",feel unhappy; worry; be in low spirits,"To experience feelings of sadness, unease, or a downturn in mood.","to feel down, stressed out, or in a funk"
ZH,坐二等,To ride as a passenger on the rear seat of a bicycle.,perch on the back of a bicycle,To sit as a passenger on the back seat of a bicycle while someone else pedals.,to hop onto the back of a bike for a ride
ZH,做辣,"To put someone in a difficult, embarrassing, or awkward situation.",put someone in a difficult situation; make someone feel embarrassed; put someone in a bind,"To place a person in a situation that is challenging, uncomfortable, or causes embarrassment.","mess with someone by putting them on the spot, making things tough or awkward for them"
ZH,作脸,to bring honor to; to win honor for (someone or something),win the honor for; bring credit to,to achieve distinction for; to earn respect or prestige on behalf of (a person or group),to make someone look good; to score points for someone’s reputation
ZH,作死,To deliberately court trouble or risk serious consequences through reckless behavior.,look for trouble; court death,To knowingly engage in actions that are likely to cause trouble or lead to serious negative outcomes due to careless or rash decisions.,messing around and asking for it; acting in a way that’s just begging for disaster
ZH,做秀,"To put on a display or performance, often to attract attention or impress others.",show,"To stage an act or demonstration, typically with the aim of drawing attention or impressing people.",to put on a show (in a casual or informal sense)
EN,ace,the smallest whole number or a numeral representing this number,"great, excellent.",the lowest integer or a symbol that stands for this value,informally used to describe something as awesome or outstanding
EN,acid,any of various water-soluble compounds having a sour taste and capable of turning litmus red and reacting with a base to form a salt,the hallucinogenic LSD (Lysergic acid diethylamide).,"a group of water-soluble substances known for their sour flavor, ability to turn litmus paper red, and tendency to react with bases to produce salts","an informal term for LSD, a powerful hallucinogenic drug"
EN,action,something done (usually as opposed to something said),"sexual activity.  The term is ambiguous, and can mean intercourse or sexual non-intercourse contact (e.g. kissing; ""making out"".)","an act that is carried out, typically in contrast to merely speaking about it","informally refers to engaging in sexual encounters, which could mean anything from making out to having sex"
EN,active,chemical agent capable of activity,something or someone that is cool; tight.,a chemical substance that is able to produce a reaction or effect,used informally to describe a person or thing that is impressive or awesome
EN,afro,a rounded thickly curled hairdo,any large hair style.,"a hairstyle characterized by thick, tightly coiled hair shaped into a rounded form","in casual speech, refers to any hairstyle that's big or voluminous"
EN,airhead,a flighty scatterbrained simpleton,"an unintelligent person; ""dimwit"".  Contains strong connotations of obliviousness or forgetfulness.  Origin: term implies the person\'s head contains nothing but air.","a person who is absent-minded and easily distracted, lacking in seriousness or focus","an informal term for someone who isn’t very bright; often used to describe a clueless or forgetful individual, as if their head is just full of air"
EN,already,prior to a specified or implied time,"equivalent to ""I already know"" or ""You already know,"" as if to say ""YES!"" emphatically.  Demonstrates total agreement with what a speaker has said.",before a particular or suggested moment in time,"used informally to strongly agree with someone, similar to saying 'I know' or 'Absolutely!' in a conversation"
EN,ambo,a platform raised above the surrounding level to give prominence to the person on it,"""ambulance"".",a stage or platform elevated above its surroundings to highlight whoever stands upon it,an informal term used to refer to an ambulance
EN,anal,of or related to the anus,shortened form of anal retentive.,pertaining to or involving the anus,"an informal abbreviation for 'anal retentive,' used to describe someone who is overly meticulous or fussy"
EN,animal,a living organism characterized by voluntary movement,a person who is extremely dedicated to something.,an organism that is alive and capable of moving on its own,someone who goes all out or puts in intense effort at what they do
EN,ankle,a gliding joint between the distal ends of the tibia and fibula and the proximal end of the talus,"a person who deserves a label even worse than ""cunt"".  From an anatomical description of a human: ""An ankle is two feet beneath a cunt.""",a sliding joint formed where the lower ends of the tibia and fibula meet the upper part of the talus bone,"an insult for someone considered even worse than a 'cunt,' based on the crude joke that an ankle is located two feet below one"
EN,apple,fruit with red or yellow or green skin and sweet to tart crisp whitish flesh,a breast.,"A type of fruit that has a crisp, white interior and a skin that can be red, yellow, or green, with a flavor ranging from sweet to tart.","In informal speech, 'apple' can refer to a woman's breast."
EN,armpit,the hollow under the arm where it is joined to the shoulder,a displeasing area within some larger area.,the area beneath the arm at the point where it connects to the shoulder,"an unattractive or undesirable spot within a larger place, often used informally"
EN,ash,the residue that remains when something is burned,"dry, dead, or dirty skin. ",the substance left behind after something has been set on fire and consumed by flames,"a casual term for skin that appears flaky, rough, or unclean, often due to dryness or lack of moisture"
EN,ass,the fleshy part of the human body that you sit on,anything displeasing.,the soft area on a person's body that they use for sitting,a casual term for something that is annoying or unsatisfactory
EN,aught,a quantity of no importance,"zero.  An antiquated term, but not slang.  In the long past, used for years between and including 1901 and 1909.  Now, used for years between and including 2001 and 2009 to humorously suggest that they were a long time ago.",something that holds no value or significance; essentially nothing.,"a casual or old-fashioned way to refer to the number zero, especially when joking about the years 1901–1909 or 2001–2009 as if they were from a distant past."
EN,avatar,a new personification of a familiar idea,"an icon, pictorial, or 3D representation of a person online.  In the online gaming community, for example, one's character as seen by other players is one's avatar.  Origin: in Hindu mythology, an avatar is a physical incarnation of a deity on earth.",a fresh embodiment or expression of a well-known concept,"a digital image, icon, or 3D figure used to represent someone on the internet, like the character you play as in online games. The term comes from Hindu mythology, where an avatar is a god appearing in human form."
EN,awesome,inspiring awe or admiration or wonder; ; ; ; - Melville,a metaphorical substance that adds excellence.,"causing a sense of awe, admiration, or amazement",an informal term for something that makes things really cool or outstanding
EN,axe,an edge tool with a heavy bladed head mounted across a handle,"""ask"".","A tool featuring a large, sharp blade set perpendicular to a handle, primarily used for chopping.","In informal speech, used as a substitute for the word 'ask.'"
EN,b,aerobic rod-shaped spore-producing bacterium; often occurring in chainlike formations; found primarily in soil,"woman.  Likely short for ""bitch"".","an oxygen-dependent, rod-shaped bacterium that forms spores and is frequently found in soil, often appearing in chains","an informal term used to refer to a woman, usually as a shortened version of 'bitch'"
EN,babe,a very young child (birth to 1 year) who has not yet begun to walk or talk,affectionate term for one's significant other.,"an infant, typically under one year old, who has not started to walk or speak yet","an informal, endearing word used to refer to a romantic partner"
EN,baby,a very young child (birth to 1 year) who has not yet begun to walk or talk,small.,"an infant, typically under one year old, who has not started to walk or speak yet",used informally to describe something that is tiny or very small
EN,back,the posterior part of a human (or animal) body from the neck to the end of the spine,an alcohol chaser.,"the rear section of a person’s or animal’s body, stretching from the neck down to the base of the spine","in informal terms, a drink taken after a shot of alcohol to help wash it down"
EN,bacon,back and sides of a hog salted and dried or smoked; usually sliced thin and fried,the police.  See also pig.,meat from the back or sides of a pig that has been cured with salt and then either dried or smoked; it is commonly cut into thin strips and cooked by frying,an informal term used to refer to police officers; also known as 'pig' in casual speech
EN,bad,that which is below standard or expectations as of ethics or decency,"very good, excellent.",something that fails to meet accepted standards of morality or proper behavior,informally used to describe something that is outstanding or impressive
EN,bail,(criminal law) money that must be forfeited by the bondsman if an accused person fails to appear in court for trial,to leave.,"In criminal law, the sum of money that a bondsman must pay if the defendant does not show up for their court trial.","In informal speech, to bail means to take off or leave a place suddenly."
EN,bairn,a child: son or daughter,a baby.  Origin: Scottish.,"a young person, specifically a son or daughter",an informal Scottish term for a baby
EN,bait,anything that serves as an enticement,obvious.,something used to attract or lure someone or something,easy to notice or clearly meant to get a reaction; obvious in a way that's hard to miss
EN,bake,cook and make edible by putting in a hot oven,to flatulate.  Also bake brownies.,prepare food for eating by placing it in an oven and heating it until done,"informally, to pass gas; also used to refer to making brownies"
EN,baked,cook and make edible by putting in a hot oven,"under the influence of marijuana; ""stoned"".",prepare food for eating by heating it in an oven,"informally, describes someone who is high on marijuana; 'stoned'"
EN,ball,round object that is hit or thrown or kicked in games,a great time.,"a spherical item used in sports that is thrown, kicked, or struck during play",an awesome or really fun experience (informal)
EN,banana,any of several tropical and subtropical treelike herbs of the genus Musa having a terminal crown of large entire leaves and usually bearing hanging clusters of elongated fruits,a penis. ,"one of several large, tropical or subtropical plants from the genus Musa, characterized by a crown of broad leaves at the top and typically producing bunches of long, hanging fruits","an informal term used to refer to the male genitalia, specifically the penis"
EN,bang,a vigorous blow,"to be very good; ""be awesome"".",a forceful or strong hit,to be really impressive or excellent; to be cool (informal)
EN,bank,sloping land (especially the slope beside a body of water),a great deal of money.,"an inclined stretch of ground, particularly the edge of land bordering a river, lake, or other body of water",a large sum of cash; used informally to refer to having a lot of money
EN,bap,a small loaf or roll of soft bread,verbal imitation of gunfire.,"a soft, small bread roll or bun",an informal sound used to mimic the noise of gunshots
EN,bar,a room or establishment where alcoholic drinks are served over a counter,"in computing, an example or placeholder variable.  Used in the same way as ""foo"" and ""baz"".","a place or venue where people can buy and drink alcoholic beverages, typically served at a counter","in tech jargon, a casual term for a generic or sample variable, much like 'foo' or 'baz'"
EN,bare,lay bare,very.,to reveal or expose something completely,extremely; used informally to mean 'a lot' or 'really'
EN,bareback,riding without a saddle,"of sex, unprotected sex.","to ride an animal, especially a horse, without using a saddle","in informal terms, having sex without using a condom or other protection"
EN,base,installation from which a military force initiates operations,"perverted, horny, animalistic.",a facility where military personnel are stationed and from which they carry out missions,"used informally to describe someone acting in a crude, overly sexual, or animal-like way"
EN,bastard,insulting terms of address for people who are stupid or irritating or ridiculous,a person born to unmarried parents.,"an offensive way to refer to someone who is annoying, foolish, or exasperating","in informal speech, someone whose parents were not married when they were born"
EN,bate,moderate or restrain; lessen the force of,"""masturbate"".",to reduce the intensity of something or hold it back; to make something less strong,to engage in self-pleasure; used informally to mean masturbate
EN,bean,any of various edible seeds of plants of the family Leguminosae used for food,an Ecstasy (MDMA) pill or tablet.,the edible seed from various plants in the legume family that is commonly consumed as food,"a casual term for a tablet or pill of Ecstasy (MDMA), often used informally"
EN,bear,massive plantigrade carnivorous or omnivorous mammals with long shaggy coats and strong claws,a difficult task.,"large mammals that walk flat-footed, have thick, shaggy fur, and possess powerful claws, eating both plants and animals.",an informal way to describe something that’s really tough or challenging to deal with.
EN,beard,the hair growing on the lower part of a man's face,"a female companion who accompanies a gay man in order to give the impression that he is straight.Everything Wrong With America, In A Photo, Chateau Heartiste, Roissy, August 5, 2016 ",the facial hair that develops on the chin and jawline of a man,a woman who goes out with a gay man to make it look like he is heterosexual
EN,beast,a living organism characterized by voluntary movement,"very good, excellent; ""cool""; ""awesome"".",an organism that moves on its own by choice,used informally to describe something or someone as extremely impressive or outstanding
EN,beastly,very unpleasant,"very good, excellent; ""cool"", ""awesome"".",extremely disagreeable or unpleasant,informally used to describe something as really impressive or awesome
EN,beat,a regular route for a sentry or policeman,"lacking excitement or people; ""boring"".",an assigned path or area that a guard or police officer regularly patrols,used informally to describe something dull or a place where nothing interesting is happening
EN,beauty,the qualities that give pleasure to the senses,"An exclamation used by itself when something of exceptional sweetness or luck occurs, like sinking a whole in one on a 300 yard hole. Also used to congratulate oneself or another on a sturdy or exceptional performance.",the features or characteristics that delight the senses,"An informal shout used when something impressively lucky or skillful happens, like making a tough shot, or to praise yourself or someone else for an outstanding achievement."
EN,beaver,the soft brown fur of the beaver,Exploding meat,"the fine, brown pelt that comes from a beaver",a casual term for meat that bursts apart or explodes
EN,bed,a piece of furniture that provides a place to sleep,to have sex with someone.,an item of furniture designed for resting or sleeping on,"to hook up with someone or have sexual relations, in an informal sense"
EN,beef,cattle that are reared for their meat,to be in a disagreement.,cattle that are raised specifically for their meat production,"to have an argument or conflict with someone, typically used in informal situations"
EN,bender,a tool for bending,an extended period of alcohol or drug use.  Usually more than a single night.,an instrument designed for shaping or curving materials,"an informal term for a long stretch of heavy drinking or drug use, typically lasting more than just one evening"
EN,bent,a relatively permanent inclination to react in a particular way,greatly under the influence of alcohol or drugs.,a fairly lasting tendency to respond in a certain manner,"extremely drunk or high, especially in a casual or informal context"
EN,bet,the money risked on a gamble,"a confirmation, or a contract expression used in betting scenarios.",the amount of money put at stake during a wager or gambling activity,"an informal way to agree or acknowledge something, especially in situations involving challenges or dares"
EN,beta,the 2nd letter of the Greek alphabet,a pre-release product that is released for testing.,the second character in the Greek alphabet,an early version of a product shared with users for feedback before its official launch
EN,bird,warm-blooded egg-laying vertebrates characterized by feathers and forelimbs modified as wings,"a female.  Usually, but not always, used in reference to an attractive female.  Origin: British.","Birds are warm-blooded animals that lay eggs, have feathers, and possess wings formed from their front limbs.","In informal British English, 'bird' is a casual term for a woman, often implying she is attractive."
EN,biscuit,small round bread leavened with baking-powder or soda,a gun.  Possibly from the Wu-Tang Clan.,"a small, typically round bread made with baking powder or baking soda as a leavening agent","an informal term for a firearm, often used in street slang and popularized in part by hip-hop culture"
EN,bitch,an unpleasant difficulty,"the middle seat in the front or back of a vehicle.  The term is used most frequently to refer to the back, likely simply because most modern vehicles (especially cars) don't have a middle seat in the front.",a troublesome or challenging situation,"in informal speech, the term refers to the center spot in either the front or back row of a car, especially the back, since most newer cars don't have a front middle seat"
EN,biter,someone who bites,"a person who ""bites"".  That is, a person who plagiarizes from someone or imitates someone; ""copy-cat"".",a person who uses their teeth to bite,"someone who copies or mimics another person’s style or work; basically, a copycat in a casual sense"
EN,blast,a very long fly ball,something very fun.,"an exceptionally long ball hit high into the air, typically in baseball",an experience that is really enjoyable or a lot of fun (informal)
EN,blasted,make a strident sound,"v. slang for getting shot, made popular by rap music artists, in the mid 90's.","produce a loud, piercing noise","informal: to be shot with a gun, a term widely used in rap music from the mid-1990s"
EN,blaze,a strong flame that burns brightly,to express anger or surprise,a vivid and intense fire that shines with great brightness,"to react with shock or irritation, often in an informal or casual way"
EN,blind,"people who have severe visual impairments, considered as a group",In love.,a group of individuals who experience significant loss of vision,totally head over heels for someone; infatuated
EN,blood,"the fluid (red in vertebrates) that is pumped through the body by the heart and contains plasma, blood cells, and platelets",a member of the Bloods gang.,"the red liquid found in vertebrates that circulates throughout the body via the heart, made up of plasma, blood cells, and platelets","someone who belongs to the Bloods street gang, used informally"
EN,blotter,absorbent paper used to dry ink,"LSD (""acid"") on blotter paper.",a piece of paper designed to soak up excess ink and help it dry,a casual term for LSD that’s distributed on sheets of absorbent paper
EN,blow,a powerful stroke with the fist or a weapon,cocaine.,a forceful hit delivered with the hand or an object,an informal term for the drug cocaine
EN,blower,a device that produces a current of air,a person or object that erred.,a machine designed to generate a flow of air,"someone or something that messed up, in an informal sense"
EN,blown,exhale hard,"surprising, strange, freaky, weird, or amazing.",to forcefully breathe out air,"used informally to describe something that is shocking, odd, unbelievable, or really impressive"
EN,blowy,abounding in or exposed to the wind or breezes,a lie.,characterized by frequent or strong winds or breezes,"an untruth; something said that isn't true, used in a casual or informal way"
EN,blunt,make less intense,"a marijuana cigarette; ""joint"".",to reduce the strength or severity of something,"an informal term for a cigarette filled with marijuana, also known as a 'joint'"
EN,bob,a former monetary unit in Great Britain,"a fat woman.  Acronym for ""Big Ol\' Bitch.""",an old unit of currency that was once used in the United Kingdom,"an informal term, often used as an acronym for 'Big Ol' Bitch,' referring to a large woman"
EN,bogey,an evil spirit,an enemy aircraft.,a supernatural being associated with evil,"in informal terms, a hostile plane or aircraft"
EN,bogus,fraudulent; having a misleading appearance,"displeasing; of poor quality; ""uncool"".",not genuine; intended to deceive by presenting a false impression,informal: not cool; unsatisfactory or of low quality
EN,bomb,an explosive device fused to explode under specific conditions,"good; excellent; ""cool"".  See also the bomb.",A device containing explosives that is designed to detonate when certain conditions are met.,"Informally used to describe something as outstanding, impressive, or really 'cool.'"
EN,bombed,throw bombs at or attack with bombs,extremely drunk.,to launch explosives at a target or carry out an attack using bombs,very intoxicated from drinking alcohol; totally wasted (informal)
EN,bone,rigid connective tissue that makes up the skeleton of vertebrates,"the penis, especially when erect.","a hard, supportive tissue forming the framework of vertebrate bodies",an informal term for an erect penis
EN,bong,a dull resonant sound as of a bell,a pipe with a water filtration system used for smoking marijuana.,"a deep, echoing noise similar to that made by a bell","an informal term for a device that uses water to filter smoke, commonly used for smoking cannabis"
EN,boo,a cry or noise made to express displeasure or contempt,"interjection used to express disappointment or outrage, usually in public gatherings such as sporting events, speeches, and musical performances.",a shout or sound used to show disapproval or scorn,"an informal exclamation people use to show dissatisfaction or anger, often heard at events like games, concerts, or speeches"
EN,booby,an ignorant or foolish person,promiscuous.This definition is questionable and is pending deletion.  It will be saved from deletion if legitimate citations are found.,a person who lacks intelligence or acts in a silly manner,"informally, refers to someone who is considered to be sexually indiscriminate; this usage is disputed and under review"
EN,boogie,an instrumental version of the blues (especially for piano),to leave.,a blues piece played on the piano without vocals,"to take off or depart quickly, used informally"
EN,book,a written work or composition that has been published (printed on pages bound together),"cool.  From predictive software used in cell phone text messaging.  ""Book"" and ""cool"" share the same key sequence.","A published piece of writing or literary work, typically consisting of printed pages that are bound together.","A casual term meaning awesome or impressive, which comes from cell phone text prediction where 'book' and 'cool' use the same key sequence."
EN,boon,a desirable state,"to drive off-road, typically in a four-wheel drive vehicle.  Etymology: from the word boondocks, meaning rural area.",a favorable or beneficial condition,"to go off-roading, usually in a 4x4, especially in a casual or playful way; comes from 'boondocks,' meaning the countryside"
EN,booster,a person who backs a politician or a team etc.,"Used to indicate that something has to be done fast, immediately.  Origin: used by Navy carrier crew, I believe in order to shorten radio transmissions.","an individual who supports or promotes a politician, sports team, or similar group",informally used to mean something needs to be done right away; originally Navy carrier slang for quick communication
EN,boot,footwear that covers the whole foot and lower leg,A person from Louisiana,a type of shoe that extends over the foot and up the lower part of the leg,an informal term used to refer to someone who comes from Louisiana
EN,booty,goods or money obtained illegally,"bad, displeasing.  As if from one's buttocks.",items or cash acquired through unlawful means,"informal: used to describe something unpleasant or of poor quality, likening it to one's rear end"
EN,boss,a person who exercises control over workers,"very good, excellent; ""cool""; ""awesome"".  Antiquated term.",an individual who directs or manages employees,"informal, old-fashioned term meaning impressive or outstanding; similar to 'cool' or 'awesome'"
EN,bottom,the lower side of anything,homosexual male who prefers being sodomized rather than sodomizing during sex.,the underside or lowest part of an object,"in casual terms, a gay man who likes to take the receiving role during anal sex rather than being the one who penetrates"
EN,bounce,the quality of a substance that is able to rebound,to leave.,the property of a material that allows it to spring back after being pressed or dropped,"to take off or head out, often used informally to mean leaving a place"
EN,bowl,a round vessel that is open at the top; used chiefly for holding food or liquids,"a marijuana smoking pipe.  Most frequently bowls are made out of blown glass, but can be made of metal, wood, etc.","A bowl is a circular container with an open top, primarily used to hold foods or liquids.","In informal terms, a 'bowl' refers to a pipe, often made of glass but sometimes metal or wood, that people use to smoke marijuana."
EN,box,a (usually rectangular) container; may have a lid,"A computer.  Often identified by its operating system, e.g. ""Unix box"" or ""Windows box.""","A container, typically shaped like a rectangle, that can be covered with a lid.","In informal speech, refers to a computer, often specified by its operating system, such as calling it a 'Linux box' or 'Mac box.'"
EN,boy,a youthful male person,general exclamation.,a male child or adolescent,an informal expression used to convey surprise or excitement
EN,bra,an undergarment worn by women to support their breasts,alternate pronunciation of bro.,a piece of underwear designed for women that provides support to the breasts,"a casual or playful way of saying 'bro,' often used informally among friends"
EN,brain,that part of the central nervous system that includes all the higher nervous centers; enclosed within the skull; continuous with the spinal cord,fellatio.,"The section of the central nervous system located inside the skull, containing all major nerve centers responsible for higher functions, and directly connected to the spinal cord.","In informal language, a term used to refer to oral sex performed on a man."
EN,bread,food made from dough of flour or meal and usually raised with yeast or baking powder and then baked,"under the influence of marijuana; ""stoned"".  Perhaps derived from baked.","a type of food prepared by baking a mixture of flour or meal, typically leavened with yeast or baking powder",informally used to describe someone who is high on marijuana; similar in meaning to 'baked'
EN,breeder,a person who breeds animals,"""inbreeder"".",an individual who raises animals specifically for the purpose of producing offspring,a casual term used to refer to someone involved in inbreeding
EN,breeze,a slight wind (usually refreshing),"talking rubbish. Comes from the longer term ""chatting breeze"", meaning it\'s just a load of hot air.",a gentle and typically pleasant movement of air,"speaking nonsense or making meaningless statements, often used informally as in 'chatting breeze'"
EN,brew,drink made by steeping and boiling and fermenting rather than distilling,"really ugly.Added remark: I live in Dublin and would spell ""that girl was bru\' "", as instead of ""brew"" in your example, what sounds like [bru] could be a short version of ""brutal"". Usual slang expression ""she\'s brutal"" as in very unattractive.","a beverage created by soaking, boiling, and fermenting ingredients, rather than using distillation","in informal speech, used to describe someone as very unattractive or unpleasant to look at"
EN,brick,rectangular block of clay baked by the sun or in a kiln; used as a building or paving material,"very cold.  Usually only used to describe the temperature of a place, e.g. the weather or indoors in a particular location.","A rectangular piece made from clay that has been hardened by sun-drying or firing in a kiln, commonly used in construction or for paving surfaces.","An informal way to say that a place feels extremely cold, typically referring to the temperature outdoors or inside a specific area."
EN,brown,an orange of low brightness and saturation,black tar heroin.,a shade of orange that is dull and lacks strong color intensity,an informal term for black tar heroin
EN,bubbler,a public fountain to provide a jet of drinking water,drinking fountain or water fountain.,a public fixture that dispenses a stream of water for drinking purposes,an informal term for a water fountain or drinking fountain
EN,bubbly,a white sparkling wine either produced in Champagne or resembling that produced there,overly hyper and happy.,a sparkling white wine made in the Champagne region or similar in style to those wines,"extremely cheerful and energetic in an upbeat, informal way"
EN,buck,a gymnastic horse without pommels and with one end elongated; used lengthwise for vaulting,knowingly doing other than what is right.,"A vaulting apparatus in gymnastics, shaped like a horse but lacking pommels, with one side extended for use during lengthwise vault exercises.","In informal speech, to 'buck' means to deliberately act against what is considered correct or proper."
EN,bucket,a roughly cylindrical vessel that is open at the top,"a vehicle in poor condition; ""hooptie"".",a container with a generally cylindrical shape and an open top,"an old or rundown car, often referred to informally as a 'hooptie'"
EN,bud,a partially opened flower,friend.  Possibly from buddy.,a flower that has started to open but is not fully bloomed,"an informal term for a close companion or pal, likely derived from the word 'buddy'"
EN,budget,a sum of money allocated for a particular purpose,"adj.  Uncool, cheap, second-hand, home-made, ghetto.",an amount of money set aside to be used for a specific goal or activity,"adj. Informal term for something considered low-quality, inexpensive, or made in a makeshift or unrefined way"
EN,buff,an ardent follower and admirer,muscular.,a passionate enthusiast or devoted fan of something,informally used to describe someone who is very fit or has well-defined muscles
EN,bug,general term for any insect or similar creeping or crawling invertebrate,an undesired aspect of something that causes it to exhibit an unwanted response in a particular situation.,"a broad term used to describe any insect or similar small creature that crawls or creeps, often including various invertebrates",an informal term for a flaw or glitch in something that makes it behave in an unexpected or problematic way
EN,bull,uncastrated adult male of domestic cattle,a friend.,a mature male cattle that has not been castrated,an informal term used to refer to a buddy or close pal
EN,bullet,a projectile that is fired from a gun,a type of cocaine paraphernalia.,a small metal object shot out of a firearm as ammunition,an informal term for a device used to snort cocaine
EN,bully,a cruel and brutal fellow,a bull terrier dog.,an aggressive and ruthless person,an informal term for a bull terrier dog
EN,bump,a lump on the body caused by a blow,"like ""forget that"", used to express dislike. (bump you!)",a swelling or raised area on the skin that results from being hit,"an informal way to show annoyance or rejection, similar to saying 'I don't care about that' or 'forget you!'"
EN,bun,small rounded bread either plain or sweet,ugly.,"a small, round loaf of bread that can be either sweetened or plain","in informal speech, used to describe someone or something as unattractive"
EN,bunghole,a hole in a barrel or cask; used to fill or empty it,"the anus; ""butt hole"".  Popularized by Beavis, of the animated series Beavis and Butthead.",An opening in a barrel or cask through which the container can be filled or emptied.,"A casual or humorous term for the anus, often used informally and made widely known by the cartoon character Beavis from Beavis and Butthead."
EN,bunk,a long trough for feeding cattle,boring.,"an elongated container used to provide food to livestock, especially cattle",informally used to describe something as dull or uninteresting
EN,burger,United States jurist appointed chief justice of the United States Supreme Court by Richard Nixon (1907-1995),"""cool""; ""awesome"".This definition is questionable and is pending deletion.  It will be saved from deletion if legitimate citations are found.","An American judge who was named Chief Justice of the U.S. Supreme Court by President Richard Nixon, serving from 1907 to 1995.",A casual term used to describe something as impressive or really great; this informal usage is under review and may be removed unless credible sources are provided.
EN,burn,pain that feels hot as if it were on fire,exclamation upon hearing a particularly witty or impressive insult.,a sensation of heat or stinging discomfort similar to being touched by fire,an informal shout used when someone delivers a sharp or clever insult
EN,burned,destroy by fire,"having smoked so much marijuana that a person is slow, dumb, or act like they are under the influence when they aren't.  Usually someone who has been smoking on a regular basis for several years.  Pronounced burnt.",to cause something to be ruined or consumed by flames,"describes someone who, after years of frequent marijuana use, seems spaced out or slow even when not high; often used informally as 'burnt'"
EN,burner,an apparatus for burning fuel (or refuse),a handgun.,a device designed to consume fuel or waste materials by burning them,"in informal language, a 'burner' refers to a gun"
EN,bush,a low woody perennial plant usually having several major stems,"a person as Gross, ugly, disgusting or disgusting.","a short, woody plant that lives for several years and typically grows with multiple main stems","in informal speech, refers to someone who is considered extremely unattractive or repulsive"
EN,bust,a complete failure,an event with a displeasing outcome.  See also non-bust.,a situation in which something does not succeed at all,"an occasion that turns out badly or is disappointing, especially in a casual or informal context"
EN,butt,thick end of the handle,"extremely ugly.  A shortened form of ""butt ugly"".",the broader or thicker part at the end of a handle,"a casual term used to describe someone or something as very unattractive, derived from the phrase 'butt ugly'"
EN,butty,a sandwich,sandwich.,a food item consisting of two slices of bread with a filling placed between them,"an informal term used to refer to a sandwich, especially in casual conversation"
EN,buzz,sound of rapid vibration,to be high from Ecstasy (MDMA).,a noise produced by something vibrating quickly,"to feel the effects of taking Ecstasy (MDMA), especially in a casual or informal context"
EN,cabbage,any of various types of cabbage,"verb; to steal with, or without, the victim's knowledge.",any one of several different kinds of cabbage plants,"verb; informally, to take something from someone, whether or not they notice"
EN,caboose,the area for food preparation on a ship,the buttocks.,the section on a ship designated for cooking and meal preparation,an informal term used to refer to someone's backside or rear end
EN,cake,a block of solid substance (such as soap or wax),displeasing.,"a compact piece of a firm material, like soap or wax",informally used to describe something that is unpleasant or unsatisfactory
EN,candy,a rich sweet made of flavored sugar and often combined with fruit or nuts,vagina.This definition is questionable and is pending deletion.  It will be saved from deletion if legitimate citations are found.,"a sweet treat typically made from flavored sugar, sometimes mixed with ingredients like fruit or nuts",an informal term used to refer to the female genitalia; this usage is disputed and may be removed unless credible sources are provided
EN,cane,a stick that people can lean on to help them walk,"to hurt.  Is used when something is in a lot of pain, when something hurts. Possibly originates from the pain of being caned?",a rod or staff used by individuals to support themselves while walking,"in informal speech, to cause someone pain or for something to be very painful, often referencing the intense discomfort of being hit with a cane"
EN,cap,a tight-fitting headdress,a bullet.,a close-fitting piece of headwear,an informal term for a gunshot or a single round of ammunition
EN,card,one of a set of small pieces of stiff paper marked in various ways and used for playing games or for telling fortunes,"to ask for a person\'s identification (e.g. driver\'s license) for proof of age.  (In New York, the term was ""proofed."")","A card is a small, sturdy piece of paper, often part of a set, that features various markings and is used in games or for fortune-telling.","To 'card' someone means to casually ask them to show ID, like a driver's license, to check how old they are—something often done at bars or stores."
EN,cash,money in the form of bills or coins,"very good, excellent; ""cool"".",physical currency such as paper notes and metal coins used for payments,"informal term for something that is impressive, outstanding, or 'awesome'"
EN,catcher,(baseball) the person who plays the position of catcher,"a person who catches.  That is, in homosexual male sex, to perform in the female role (i.e. ""receiving end"").","In baseball, the player assigned to the catcher position behind home plate.","Informally, someone who takes on the receiving role during male homosexual intercourse, similar to the 'female' part in the act."
EN,cave,a geological formation consisting of an underground enclosure with access from the surface of the ground or from the sea,to succumb to pressure.,"a natural hollow space beneath the earth’s surface, which can be entered either from land or from the sea","to give in or back down when faced with pressure, especially in an informal or everyday context"
EN,cell,any small compartment,cell phone.,"a small, enclosed space or unit within a larger structure",an informal term used to refer to a mobile phone
EN,cereal,grass whose starchy grains are used as food: wheat; rice; rye; oats; maize; buckwheat; millet,"serious, not kidding.","a type of grass cultivated for its edible, starchy seeds, such as wheat, rice, oats, rye, maize, buckwheat, or millet, which are commonly used as food",used informally to mean 'I'm being totally serious' or 'I'm not joking around'
EN,certifiable,fit to be certified as insane (and treated accordingly),insane.,considered eligible to be officially declared mentally ill and treated as such,"crazy or nuts, used informally to describe someone acting wildly or irrationally"
EN,change,an event that occurs when something passes from one state or phase to another,to kill. i.e. change your essence from the physical back to the spiritual.  origin: these city streets.,a situation where something shifts from one condition or stage to another,"to take someone's life; in other words, to send a person from the physical world to the spiritual one, as used in street talk"
EN,chap,a boy or man,"a person, usually male.","a male individual, typically referring to a boy or a man","an informal term for a guy, most often used to describe a male person"
EN,chaser,a person who is pursuing and trying to overtake or capture,"a drink consumed after an alcoholic drink, especially fruit juice or cola after a shot of liquor.",an individual who is following and attempting to catch or reach someone or something,"an informal term for a beverage, like soda or juice, that’s drunk right after taking a shot of alcohol"
EN,check,a written order directing a bank to pay money,"ok, or yes.",a document instructing a bank to transfer a specified amount of money,"an informal way to express agreement or confirmation, similar to saying 'sure' or 'alright'"
EN,cheddar,a village in southwestern England where cheddar cheese was first made,"money.  Usually pronounced ""chedda.""","a village located in the southwest of England, known as the original place where cheddar cheese was produced","an informal term for cash or money, often said as 'chedda' in casual conversation"
EN,cheese,a solid food prepared from the pressed curd of milk,an attractive male.This definition is questionable and is pending deletion.  It will be saved from deletion if legitimate citations are found.,a firm dairy product made by compressing the curds formed from milk,"in informal speech, refers to a good-looking guy; this usage is unverified and may be removed unless credible examples are provided"
EN,cheesy,of very poor quality; flimsy,"lacking in taste; ""lame""; ""corny"".",of low standard or poorly made; not durable,informal: uncool or overly sentimental; trying too hard and not stylish
EN,cherry,wood of any of various cherry trees especially the black cherry,"by extension of cherry meaning hymen / virginal (as described below,) unused or in mint condition.","the timber derived from various species of cherry trees, particularly the black cherry","informally, used to describe something that has never been used before or is in perfect, original condition, drawing from the term's association with virginity"
EN,chew,a wad of something chewable as tobacco,"to be of poor quality, displeasing.","a lump or piece of a substance, such as tobacco, meant to be chewed",used informally to describe something that is low-quality or unsatisfactory
EN,chick,young bird especially of domestic fowl,one's girlfriend.,"a juvenile bird, particularly one belonging to domesticated poultry",an informal term used to refer to a woman who is someone’s romantic partner
EN,chicken,the flesh of a chicken used for food,afraid.,meat from a chicken that is prepared and eaten as food,"informally, describes someone who is scared or lacking in courage"
EN,chief,a person who is in charge,sarcastic term for someone who thinks they have superiority over you but does not.,someone who holds the main position of authority or leadership,"an informal, often mocking way to refer to a person who acts like they're in control or better than you, even though they're not"
EN,chill,coldness due to a cold environment,"great, awesome; ""cool"".",a sensation of coldness caused by being in a low-temperature setting,informally used to describe something as impressive or really good; similar to saying 'cool'
EN,chilling,the process of becoming cooler; a falling temperature,fun or relaxing.  Also chill.,the act of becoming colder; a decrease in temperature,informal: enjoyable or laid-back; also used as 'chill'
EN,choice,the person or thing chosen or selected,"perfect, great, excellent; ""cool""; ""awesome"".",an individual or item that has been picked or designated,"used informally to describe something as outstanding, impressive, or really cool"
EN,choke,a coil of low resistance and high inductance used in electrical circuits to pass direct current and attenuate alternating current,marijuana,"an electrical component with low resistance and high inductance, designed to allow direct current to flow while reducing the passage of alternating current in a circuit",a casual term used to refer to cannabis
EN,chopper,a grounder that bounces high in the air,an AK-47 assault rifle.  From New Orleans rap.,a ground ball in baseball that takes a high bounce after hitting the ground,"an informal term, especially in New Orleans rap, for an AK-47 rifle"
EN,chubby,sufficiently fat so as to have a pleasing fullness of figure,an erection.,having enough body fat to give a pleasantly rounded appearance,a casual term used to describe when a penis becomes hard
EN,chuck,informal terms for a meal,affectionate form of address.  From northern England.,an informal word used to refer to a meal,"a casual, friendly term of endearment, commonly used in northern England"
EN,chummy,(used colloquially) having the relationship of friends or pals,"between two people or groups, friendly.",Describes a relationship where individuals act as friends or companions.,Informally refers to people or groups being on friendly terms with each other.
EN,chump,a person who is gullible and easy to take advantage of,"displeasing, stupid.This definition is questionable and is pending deletion.  It will be saved from deletion if legitimate citations are found.",an individual who is easily deceived or manipulated by others,"in informal speech, used to describe someone as foolish or annoying"
EN,cinch,any undertaking that is easy to do,an easy task.,a task or activity that can be accomplished with little effort,something super simple to pull off; a breeze
EN,clam,burrowing marine mollusk living on sand or mud; the shell closes with viselike firmness,Musician's slang for a wrong note.,A marine mollusk that digs into sand or mud and has a shell that shuts tightly like a vise.,"In musicians' informal language, a 'clam' refers to playing an incorrect note."
EN,clean,a weightlift in which the barbell is lifted to shoulder height and then jerked overhead,"nice, excellent, worthy of envy; ""cool""; ""tight""; ""awesome""; etc.",a type of weightlifting move where the barbell is first raised to the shoulders before being pushed overhead in a jerk motion,"used informally to describe something that’s impressive, stylish, or highly desirable; similar to saying 'cool' or 'awesome'"
EN,click,a short light metallic sound,one kilometer.,"a brief, faint sound with a metallic quality",an informal way to refer to a distance of one kilometer
EN,clip,a metal frame or container holding cartridges; can be inserted into an automatic gun,speed.,a metal device or holder that stores ammunition and can be loaded into a semi-automatic firearm,an informal term used to refer to how fast something is moving or happening
EN,clobber,informal terms for personal possessions,to strike a heavy blow.,informal word referring to one's personal belongings,slang for hitting someone or something with great force
EN,clock,a timepiece that shows the time of day,a scale used to measure illegal drugs.,a device used to indicate the current time,an informal term for a weighing device used to measure quantities of illegal substances
EN,clod,a compact mass,"""oaf""; ""klutz""; ""dope"".",a lump or chunk formed by tightly packed material,"an informal term for a person who is awkward, clumsy, or not very bright"
EN,clutch,the act of grasping,"great; ""awesome""; ""cool"".",the action of seizing or holding onto something tightly,used informally to describe something as really impressive or exceptionally cool
EN,cock,obscene terms for penis,"absolutely superior, better than the bestThis definition is questionable and is pending deletion.  It will be saved from deletion if legitimate citations are found.",a vulgar word used to refer to the male genitalia,an informal term meaning something is outstanding or of the highest quality
EN,coin,a flat metal piece (usually a disc) used as money,money.,"a small, typically round piece of metal that serves as a form of currency","cash or money, used in an informal or casual way"
EN,coke,carbon fuel produced by distillation of coal,Coca-Cola.,a type of carbon-based fuel made by heating coal in the absence of air,an informal term people use to refer to the soft drink Coca-Cola
EN,cold,a mild viral infection involving the nose and respiratory passages (but not the lungs),attractive.,"a minor viral illness that affects the nose and airways, but does not reach the lungs",used informally to describe someone as good-looking or appealing
EN,collar,a band that fits around the neck and is usually folded over,an arrest.,"a strip of material that wraps around the neck, often designed to be turned down",an informal term for when someone is taken into police custody
EN,college,the body of faculty and students of a college,"having to do with college, such as partying, sports, women - but not academics or work.",the group consisting of a college’s students and professors,"relating to the fun, social, or athletic side of college life—like parties or dating—without involving classes or studying"
EN,come,the thick white fluid containing spermatozoa that is ejaculated by the male genital tract,to ejaculate.,the milky fluid produced by the male reproductive system that contains sperm cells and is released during ejaculation,"to reach orgasm and release semen, used informally"
EN,con,an argument opposed to a proposal,"shortened form of ""conference.""  Usually used with a descriptor.",a point or reason presented in opposition to a suggestion or plan,"an informal abbreviation for 'conference,' typically paired with a specific descriptor"
EN,cookie,any of various small flat sweet cakes (`biscuit' is the British term),a cigarette.This definition is questionable and is pending deletion.  It will be saved from deletion if legitimate citations are found.,"a type of small, sweet, and flat cake, commonly known as a 'biscuit' in British English","in informal language, sometimes used to refer to a cigarette, though this usage is rare and under review"
EN,cool,the quality of being at a refreshingly low temperature,"very good, excellent, interesting, fun, etc.",the state of having a pleasantly low or moderate temperature,"informally used to describe something as impressive, enjoyable, or appealing"
EN,coot,slate-black slow-flying birds somewhat resembling ducks,very cute.,"dark gray, slow-moving birds that look somewhat like ducks and fly with less speed",used informally to describe someone or something as extremely adorable
EN,cooter,large river turtle of the southern United States and northern Mexico,female genitalia.,a sizable freshwater turtle found in rivers across the southern regions of the United States and northern areas of Mexico,an informal term used to refer to a woman's genitals
EN,cougar,large American feline resembling a lion,a middle-aged woman who seeks out much younger men for romance or physical intimacy.,a large wild cat native to the Americas that bears a resemblance to a lion,an informal term for a woman in her middle years who is interested in dating or having relationships with significantly younger men
EN,couth,(used facetiously) refined,good or someone that is cool.  In contrast to uncouth: bad or someone that is stupid.,(often humorously) exhibiting polished manners or sophistication,"in casual speech, describes someone or something as impressive or cool, as the opposite of 'uncouth,' which means lame or foolish"
EN,cover,a covering that serves to conceal or shelter something,"admission paid to get into a bar, dance club, etc.  Short for ""cover charge.""",an item or material used to hide or protect something from view or exposure,"the fee you pay at the door to get into a club, bar, or party—basically, the entry charge"
EN,cowgirl,a woman cowboy,"the sexual position in which a man lies down and his sexual partner rides on top, facing towards the man's head.","a woman who works as a cowboy, typically involved in ranching or cattle herding","an informal term for a sexual position where the man lies on his back and his partner straddles him, facing toward his head"
EN,crab,decapod having eyes on short stalks and a broad flattened carapace with a small abdomen folded under the thorax and pincers,To use somebody's intoxicants without the intention to contribute financially despite circumstances.,"A type of decapod crustacean characterized by a wide, flat shell, short stalked eyes, a small abdomen tucked beneath its thorax, and a pair of claws.","To take and use someone else's drugs or alcohol without any plans to pay for them, even when you could, usually in a casual or informal setting."
EN,crack,a long narrow opening,"the cleft between the cheeks of the buttocks; ""butt crack"".","a slender, elongated gap or split","the informal term for the line or groove between a person’s buttocks, often called the 'butt crack'"
EN,cracker,a thin crisp wafer made of flour and water with or without leavening and shortening; unsweetened or semisweet,"a friend, usually white.","A light, crisp biscuit typically made from flour and water, sometimes including leavening agents or fats, and generally not sweet or only mildly sweetened.","In informal speech, refers to a companion or acquaintance, often specifically someone who is white."
EN,crank,a bad-tempered person,an eccentric person.,someone who is easily annoyed or often in a bad mood,"in casual speech, a person who acts in odd or unusual ways"
EN,crash,a loud resonant repeating noise,a failure of software or an electronic device.,"a series of loud, echoing sounds that repeat","when a computer program or gadget suddenly stops working, usually out of the blue"
EN,creep,someone unpleasantly strange or eccentric,an annoying person.,a person who is oddly unsettling or behaves in a bizarre manner,"someone who gets on your nerves or is irritating, often used informally"
EN,crew,"the men and women who man a vehicle (ship, aircraft, etc.)",a clique of people.,the group of people responsible for operating a vehicle such as a ship or airplane,an informal group of friends or associates who regularly hang out together
EN,crib,baby bed with high sides made of slats,"a place of residence.  Note: ""the crib"" refers to the speaker\'s home.","a small bed designed for infants, featuring tall sides made from bars or slats for safety","an informal term for someone's home or apartment, often used to refer to the place where a person lives"
EN,crick,a painful muscle spasm especially in the neck or back (`rick' and `wrick' are British),Creek,"an uncomfortable muscle contraction, often occurring in the neck or back, that causes pain (known as 'rick' or 'wrick' in British English)","in informal speech, used as another word for a creek or small stream"
EN,crippled,deprive of strength or efficiency; make useless or worthless,extremely inebriated.,"to take away someone's or something's power or effectiveness, rendering it incapable or of no value","informally, describes someone who is extremely drunk or intoxicated"
EN,croak,a harsh hoarse utterance (as of a frog),to stop functioning.,"a rough, raspy sound typically made by a frog","to break down or quit working, said informally"
EN,crook,someone who has committed a crime or has been legally convicted of a crime,"to dance, go crazy, or get funky.",a person who has broken the law or been found guilty of a criminal offense,"to let loose and dance energetically or act wild, especially in a fun, informal way"
EN,cross,a wooden structure consisting of an upright post with a transverse piece,unhappy.,"a structure made of wood, featuring a vertical beam joined by a horizontal bar",feeling annoyed or in a bad mood; upset
EN,crown,the Crown (or the reigning monarch) as the symbol of the power and authority of a monarchy,To have an urgent need to defecate.  Adapted from the same use of the word as it applies to childbirth.,"The Crown refers to the reigning monarch, serving as a representation of the monarchy’s power and authority.","In informal speech, to 'crown' means to feel a strong and sudden urge to poop, a term borrowed from how the word is used in childbirth."
EN,cruise,an ocean trip taken for pleasure,to leave.,a voyage on the sea made for enjoyment or leisure,"to take off or head out, usually in a casual or informal way"
EN,crush,leather that has had its grain pattern accentuated,a person who one has a secret attraction on.,leather in which the natural grain has been made more pronounced,someone you secretly like or have a hidden romantic interest in
EN,cub,an awkward and inexperienced youth,"in the gay community, a younger or smaller bear.",a young person who is clumsy and lacks experience,"in gay slang, a term for a younger or smaller guy who fits into the 'bear' subculture"
EN,cum,the thick white fluid containing spermatozoa that is ejaculated by the male genital tract,semen.,"the dense, whitish liquid produced by the male reproductive system that contains sperm cells and is released during ejaculation",an informal term for male semen
EN,cupcake,small cake baked in a muffin tin,form of address for a loved one.,a petite cake individually portioned and cooked in a muffin pan,an affectionate nickname used informally to refer to someone you care about
EN,cut,a share of the profits,"annoyed, angry, upset, disappointed.",a portion of the earnings or profits received,"feeling irritated, mad, let down, or bothered (informal)"
EN,cutter,someone who cuts or carves stone,"a person who cuts themselves in a way not intended to kill, usually out of depression or other psychological pain.",a person whose job is to shape or cut stone,"someone who, often due to emotional distress or mental health struggles, intentionally injures their own skin without the aim of ending their life"
EN,dab,a light touch or stroke,"looking good; getting a little attention; ""swag"".",a gentle tap or brief contact,showing off style or attracting some cool attention; being trendy
EN,dag,10 grams,Fool or idiot.  Australian.  It's the leftover dung on a sheeps bum.,A unit of measurement equal to 10 grams.,"In Australian slang, refers to a silly or foolish person, and can also mean the bits of dried manure stuck to the rear of a sheep."
EN,damn,something of little value,exclamation used upon sight of an attractive person.,an item or matter considered to be insignificant or unimportant,an informal exclamation expressing surprise or admiration when noticing someone attractive
EN,damp,a slight wetness,"bad; ""not cool"".",a small amount of moisture present,"uncool or disappointing, used informally"
EN,dank,unpleasantly cool and humid,"very good, excellent; ""cool"".",uncomfortably chilly and damp in the air,used informally to describe something as impressive or really awesome
EN,dead,people who are no longer living,drunk.  Possibly from dead drunk.,individuals who have passed away and are not alive anymore,"informally used to describe someone who is extremely intoxicated, likely derived from the phrase 'dead drunk'"
EN,deck,any of various platforms built into a vessel,to hit.,a platform or floor that is constructed as part of a ship or boat,"to punch or strike someone, usually in a casual or informal context"
EN,deep,the central and most intense or profound part,something that's good,the innermost section that is the most powerful or meaningful,used informally to describe something impressive or cool
EN,dense,permitting little if any light to pass through because of denseness of matter,"stupid, unintelligent.",blocking most or all light due to being tightly packed with material,informally used to describe someone as slow-witted or not very smart
EN,deuce,a tie in tennis or table tennis that requires winning two successive points to win the game,"said when departing from someone; ""goodbye"".","In tennis or table tennis, a situation where both players have the same score and one must win two points in a row to claim the game.",An informal way to say 'see you later' or 'goodbye' when leaving someone.
EN,diesel,German engineer (born in France) who invented the diesel engine (1858-1913),muscular.,"A German inventor, originally from France, who created the diesel engine and lived from 1858 to 1913.","In casual speech, describes someone who is very strong or has a well-built, muscular physique."
EN,dig,the site of an archeological exploration,to support an action.,a location where archaeological research or excavation is carried out,to show approval for something or be into what someone is doing (informal)
EN,dime,a United States coin worth one tenth of a dollar,"a very attractive person; ""a perfect ten"".  Frequently, attractiveness is rated on ""a scale of 1 to 10.""  In the United States, a dime is worth 10 cents.  Hence, a ""dime"" is one whose attractiveness rates 10 on the scale.  Also dime piece.","a coin from the United States that has a value of ten cents, or one tenth of a dollar","an informal term for someone who is extremely good-looking, rated as a '10 out of 10' in attractiveness—drawing from the fact that a dime equals 10 cents; also called a 'dime piece'"
EN,ding,a ringing sound,to penalize.,a sound that resembles the tone of a bell,"to give someone a penalty or mark them down, especially in an informal or casual way"
EN,dink,a couple who both have careers and no children (an acronym for dual income no kids),stupid; useless; dip shit.,"a pair of partners who are both employed and do not have children (short for dual income, no kids)","an informal insult for someone considered foolish, incompetent, or annoying"
EN,dinky,a small locomotive,underpowered.,a locomotive that is notably small in size,informally used to describe something that lacks power or strength
EN,dip,a depression in an otherwise level surface,a pinch of chewing tobacco.,an area that is lower than the surrounding flat surface,"a small amount of chewing tobacco, typically taken for use in the mouth (informal)"
EN,dipstick,a graduated rod dipped into a container to indicate the fluid level,a disliked person.,a marked stick inserted into a vessel to measure how much liquid is inside,an informal term for someone who is annoying or not well-liked
EN,dirt,the part of the earth's surface consisting of humus and disintegrated rock,"extremely bad, re. a person.",the layer on the ground made up of decayed organic material and broken-down rocks,used informally to describe someone who is really awful or unpleasant
EN,dirty,"make soiled, filthy, or dirty",sexually adventurous.,to cause something to become unclean or covered in dirt,"informally, describes someone who is open to or engages in bold sexual behavior"
EN,discombobulated,cause to be confused emotionally,a state of confusion.,to make someone feel mentally unsettled or bewildered,"being all mixed up or thrown off, like you can’t think straight"
EN,dish,a piece of dishware normally used as a container for holding or serving food,"an attractive female.  (Possibly related to the phrase, ""She looks good enough to eat."")",a type of tableware typically used to serve or contain food during meals,"an informal term for a woman considered physically attractive, often used in casual conversation"
EN,ditch,a long narrow excavation in the earth,to leave behind.,"a long, narrow trench dug into the ground","to casually abandon someone or something, often in an informal or abrupt way"
EN,diva,a distinguished female operatic singer; a female operatic star,"one who behaves as a goddess or queen.  A diva is a celebrated female singer, similar to a ""prima donna""  (literally ""first lady."")  Both the terms ""diva"" and ""prima donna"" are now used disparagingly for someone who acts overly entitled.",a renowned female singer in opera; a woman who is a leading figure in operatic performances,"someone, usually a woman, who acts with the attitude of a queen or superstar. In casual use, 'diva' refers to a famous female singer or, sometimes negatively, to a person who is seen as demanding or self-important, much like the term 'prima donna.'"
EN,dive,a cheap disreputable nightclub or dance hall,"a decrepit food and/or drink serving establishment, such as a bar, coffee shop, or restaurant.",an inexpensive and often disreputable bar or dance venue,"an informal term for a rundown place that serves food or drinks, like a bar, diner, or café"
EN,do,an uproarious party,an event or party.,a lively and boisterous social gathering,"a casual get-together or party, often used informally"
EN,doctor,a licensed medical practitioner,"form of address used in praise.  To recognize that the person has attained the highest level of expertise in a particular endeavor.  The origin comes for amateur sports.  Examples: softball, bowling, golf, darts, pool, etc.",an individual who is officially certified to practice medicine,"an informal title given as a compliment to someone who has mastered a particular activity, often used in casual sports settings like bowling, golf, or pool"
EN,dog,a member of the genus Canis (probably descended from the common wolf) that has been domesticated by man since prehistoric times; occurs in many breeds,a friend.  Also dawg.,"A domesticated animal belonging to the Canis genus, likely originating from the common wolf, that has lived alongside humans since ancient times and exists in a wide variety of breeds.","In informal speech, a term used to refer to a close companion or buddy; also spelled as 'dawg.'"
EN,dome,a concave shape whose distinguishing characteristic is that the concavity faces downward,a head.,"a curved surface that is hollow on the inside, with the hollow side oriented downward",an informal term used to refer to someone’s head
EN,done,engage in,tired or worn out.,to take part in or carry out an activity,feeling completely exhausted or out of energy (informal)
EN,dong,the basic unit of money in Vietnam,"the sound made by clock chimes, as in ""dong, dong, dong.""",the primary currency unit used in Vietnam,"an informal term for the ringing sound a clock makes, like 'dong, dong, dong'"
EN,donkey,the symbol of the Democratic Party; introduced in cartoons by Thomas Nast in 1874,"a women with a larger than average butt, but still firm and fit.  Not fat and all over the place.","the animal figure that represents the Democratic Party, first popularized in political cartoons by Thomas Nast in 1874","a casual term for a woman whose backside is noticeably large, yet toned and shapely—not overweight or saggy"
EN,dose,a measured portion of medicine taken at any one time,a unit of LSD.,an exact amount of medication administered or consumed at one time,an informal term for a single hit or tab of LSD
EN,dough,a flour mixture stiff enough to knead or roll,money.,a thick blend of flour and other ingredients that can be shaped or kneaded by hand,an informal term used to refer to cash or money
EN,down,soft fine feathers,in agreement with a plan to do something.  Also down for and down with.,"the delicate, fluffy feathers found beneath the tougher exterior feathers of birds","informally, being willing to join in on an activity or agreeing to participate in something; often used as 'down for' or 'down with'"
EN,downstairs,on or of lower floors of a building,the genital area.,located on the lower levels or floors within a building,used informally to refer to someone's private parts or genital region
EN,drag,the phenomenon of resistance to motion through a fluid,"a person's story: what they would have you believe.  Usually a lie or fabrication, but not always.  See also run drag .",the effect that slows down movement when an object passes through a liquid or gas,"someone's tale or version of events, often made up or exaggerated, but not always untrue; typically used in casual conversation"
EN,dragon,a creature of Teutonic mythology; usually represented as breathing fire and having a reptilian body and sometimes wings,an unpleasant female.,"a legendary figure from Teutonic folklore, typically depicted as a fire-breathing reptile, often with wings",an informal term for a difficult or disagreeable woman
EN,draw,a gully that is shallower than a ravine,"a dry stream bed, canyon, or similar.",a small valley or channel that is less deep than a ravine,"an informal term for a dry creek bed, ditch, or canyon"
EN,drip,flowing in drops; the formation and falling of drops of liquid,"Recently evolved meaning:  Drip - Being very smooth, cool, pleasant or another way of saying awesome.The lead singer is drip.The atmosphere in that club was totally drip.",Moving or falling in small drops; the process where liquid forms and drops down in droplets.,"In informal language, 'drip' describes someone or something that is extremely stylish, impressive, or cool. For example, calling someone 'drip' means they have a great sense of style or presence."
EN,drop,a shape that is spherical and small,a secret delivery.,"a small, round object resembling a ball",an undercover handoff or delivery done on the down-low
EN,drum,a musical percussion instrument; usually consists of a hollow cylinder with a membrane stretched across each end,"a person\'s place of abode; ""pad"".  A house, apartment, room, etc.","A drum is a percussion instrument made up of a hollow, cylindrical body with a skin or membrane tightly stretched over both ends.","In informal speech, 'drum' refers to someone's home, such as a house, flat, or room—similar to calling it a 'pad.'"
EN,dub,the new sounds added by dubbing,20,the audio tracks or effects that are incorporated during the dubbing process,a casual way to refer to the number twenty
EN,duck,small wild or domesticated web-footed broad-billed swimming bird usually having a depressed body and short legs,blowjob.,"a small aquatic bird, either wild or domesticated, with webbed feet, a broad bill, a flattened body, and short legs","in informal language, a term used to refer to oral sex performed on a man"
EN,dumb,slow to learn or understand; lacking intellectual acuity; ; ; - Thackeray,"very, extremely.",having difficulty grasping concepts or showing a lack of mental sharpness,"used informally to mean 'really' or 'super,' as in something being to a great degree"
EN,dump,a coarse term for defecation,an unappealing location due to dirtiness or dilapidation.,an informal and crude word for the act of passing stool,a casual term for a place that looks dirty or run-down and is generally unpleasant
EN,dupe,a person who is tricked or swindled,to duplicate.,an individual who has been deceived or cheated by someone else,"to make a copy of something, usually in a casual or informal way"
EN,dust,fine powdery material such as dry earth or pollen that can be blown about in the air,to leave.  UK slang.,"tiny, dry particles like soil or pollen that can be carried through the air",to take off or make a quick exit; informal UK expression
EN,early,at or near the beginning of a period of time or course of events or before the usual or expected time,quickly or soon.,"occurring at the start of a time frame or event, or happening before what is typical or anticipated",happening fast or in a short while; real soon
EN,easy,posing no difficulty; requiring little effort,"""cool"", or ""that\'s pretty cool"", or ""I get it.""",not hard to do; something that can be accomplished with minimal effort,"used informally to mean something is impressive or understood, like saying 'that's awesome' or 'I get what you mean'"
EN,eat,take in solid food,to perform cunnilingus on.,to consume solid food by mouth,to orally pleasure a woman; to go down on someone (informal)
EN,ex,a man who was formerly a certain woman's husband,"a person with whom one is no longer in a relationship.  From ex-boyfriend, ex-girlfriend, ex-husband, ex-wife, etc.",a man who used to be married to a particular woman,"an informal term for someone you used to date or be in a relationship with, like an ex-boyfriend, ex-girlfriend, ex-husband, or ex-wife"
EN,f,a degree on the Fahrenheit scale of temperature,"""fuck all"".This definition is questionable and is pending deletion.  It will be saved from deletion if legitimate citations are found.",a unit of measurement used on the Fahrenheit temperature scale,"an informal way to say 'nothing at all' or 'absolutely nothing', often used in casual speech"
EN,face,the front of the human head from the forehead to the chin and ear to ear,oral sex.,the part of a person’s head that includes the area from one ear to the other and extends from the forehead down to the chin,a casual term used to refer to performing oral sex
EN,facial,cranial nerve that supplies facial muscles,the sex act of ejaculating on a person's face.,a nerve in the head responsible for controlling the muscles of the face,an informal term for when someone ejaculates onto another person's face during sexual activity
EN,fade,a golf shot that curves to the right for a right-handed golfer,to defeat a person in a fight.,a type of golf shot where the ball moves to the right side for someone who is right-handed,"to beat someone up in a fight, usually said in a casual or street context"
EN,fag,offensive term for an openly homosexual man,"a cigarette.  Used in the UK, Australia, New Zealand.",a derogatory word used to refer to a man who is openly gay,"an informal British, Australian, or New Zealand term for a cigarette"
EN,faggot,offensive term for an openly homosexual man,general derogatory term for a person.  A homophobic term.,a disparaging word used to refer to a gay man in an offensive manner,"an informal and insulting slang term, often used in a homophobic way to demean someone"
EN,fail,fail to do something; leave something undone,failing or simply generally bad.,to neglect to carry out a task or not complete something that was expected,used informally to describe something or someone as unsuccessful or just plain lousy
EN,fake,something that is a counterfeit; not what it seems to be,displeasing.,an imitation or forgery; something that is not genuine or as it appears,used informally to describe something that is uncool or not enjoyable
EN,family,a social unit living together,Belonging to a minority e.g. homosexual.,a group of people who share a home and live together as a unit,"used informally to describe someone who is part of a minority group, such as being gay"
EN,fat,a soft greasy substance occurring in organic tissue and consisting of a mixture of lipids (mostly triglycerides),doing well in life.,"a pliable, oily material found in living tissues, made up mainly of lipids such as triglycerides",informally used to describe someone who is thriving or experiencing success
EN,fatty,a rotund individual,large.,a person who is noticeably overweight or plump,informally used to describe someone or something as big or hefty
EN,feel,an intuitive awareness;  or,"auxiliary verb.  Half-way between ""want to"" and ""about to"".  From African-American Vernacular English.  Notes: \'to\' often reduced further to \'a\' as in ""I\'m feelin\' \'a go"".",a sense or instinctive understanding of something without the need for conscious reasoning,"informal helping verb, used to express being on the verge of doing something or having the urge to do it; commonly found in African-American Vernacular English, often shortened as in 'I’m feelin’ a go.'"
EN,fen,100 fen equal 1 yuan in China,"joking pluralization of ""fan"".  As in the plural form of ""man"" being ""men"".","In China, one yuan is made up of 100 fen.","Informally, 'fen' is sometimes used as a playful way to make 'fan' plural, similar to how 'men' is the plural of 'man.'"
EN,fence,a barrier that serves to enclose an area,a person who purchases known-stolen goods to re-sell them.,a structure put up to mark off or protect a specific space,"someone who buys stolen items, knowing they're hot, and sells them on the sly"
EN,fetch,the action of fetching,"great; ""awesome""; ""cool"".  Popularized by the film Mean Girls.",the process of going to get something and bringing it back,"used informally to describe something as impressive, stylish, or really cool; made popular by the movie Mean Girls"
EN,fiend,a cruel wicked and inhuman person,an addict.,"a person who is extremely cruel, evil, and lacking in humanity","someone who is hooked on or obsessed with a particular substance or activity, especially in a casual or informal sense"
EN,filly,a young female horse under the age of four,a female.,a young mare that is less than four years old,an informal term used to refer to a woman or girl
EN,fin,the cardinal number that is the sum of four and one,"a five dollar bill.  From Yiddish ""finf"" meaning five; Old High German ""funf"" meaning five.",the number that results when four and one are added together,"an informal term for a five-dollar bill, originating from the Yiddish word 'finf' and Old High German 'funf,' both meaning five"
EN,fine,money extracted as a penalty,"extremely attractive; ""hot"".",a sum of money imposed as punishment for breaking a law or rule,used informally to describe someone who looks very appealing or attractive
EN,finger,any of the terminal members of the hand (sometimes excepting the thumb),"the middle finger, in the expression, ""give (one) the finger.""","one of the end parts of the hand, typically not including the thumb","an informal term for the middle finger, especially when used in the phrase 'give someone the finger'"
EN,fire,the event of something burning (often destructive),"very good, excellent, attractive; ""cool"", ""awesome"".","the occurrence of something catching on fire and burning, often causing damage","informal: used to describe something that is extremely impressive, appealing, or 'cool'"
EN,fish,any of various mostly cold-blooded aquatic vertebrates usually having scales and breathing through gills,"acronym for ""fit, intelligent, sexy, hot"".  The accuracy of this definition cannot be verified.  Without further evidence, this definition may be deleted.  It will be saved from deletion if legitimate citations are found.","a group of mostly cold-blooded aquatic animals with backbones, typically covered in scales and using gills to breathe","an informal acronym standing for 'fit, intelligent, sexy, hot'; this usage is unverified and may be excluded unless credible sources are provided"
EN,fit,a display of bad temper,"attractive; ""hot"".",an outburst of anger or irritability,informally used to describe someone as very good-looking or sexy
EN,fix,informal terms for a difficult situation,to arrange the winner of a competition in advance.,an informal way to describe being in a tricky or troublesome predicament,"to secretly decide the outcome of a contest or game beforehand, often used in casual speech"
EN,fixed,restore by replacing a part or putting together what is torn or broken,"to have had one's tubes tied, had a vasectomy or to be castrated, implying that one who cannot have children.",to mend something by substituting a part or reassembling pieces that are damaged or separated,"in casual speech, refers to someone who has undergone a procedure like getting their tubes tied, a vasectomy, or being castrated, meaning they’re no longer able to have kids"
EN,flake,a crystal of snow,"A ditz, blonde.",an individual piece of snow in its crystalline form,"a person, often a woman, who is seen as scatterbrained or airheaded in a casual, informal sense"
EN,flaky,made of or resembling flakes,"in the manner of a flake, i.e. unreliable.","composed of or similar to thin, small pieces or layers","describes someone who is often unreliable or inconsistent, especially in an informal or casual sense"
EN,flame,the process of combustion of inflammable materials producing heat and light and (often) smoke,"an instance of ""flaming"" as described in the noun sense.","the act of burning flammable substances, which generates light, heat, and often smoke","a case of someone harshly criticizing or insulting another person online, as is commonly meant by 'flaming'"
EN,flange,a projection used for strength or for attaching to another object,Noun meaning woman or vagina.  I've just heard that this is what my boyfriend calls me.  Possibly British slang.,An extension or rim that provides extra support or serves as a means to connect something to another part.,"An informal British term, used as a noun, referring to a woman or the vagina."
EN,flash,a sudden intense burst of radiant energy,"meaning fancy, stunning or anything that looks extraordinarily good.  New Zealand slang.",a quick and powerful emission of light or energy,"used informally in New Zealand to describe something that looks impressive, stylish, or exceptionally attractive"
EN,flat,a level tract of land,"multiple definitions: dead, no action, lousy, quiet.",an area of land that is even and without noticeable elevation changes,"informally used to mean dull, lacking excitement, boring, or uneventful"
EN,flick,a light sharp contact (usually with something flexible),a movie.,"a quick, light touch or strike, often made with something bendable",an informal term used to refer to a film or motion picture
EN,flip,an acrobatic feat in which the feet roll over the head (either forward or backward) and return,"to ride, to drive.","A gymnastic movement where a person rotates their feet over their head, either forwards or backwards, and lands back on their feet.","In casual speech, to 'flip' means to cruise around in a car or to go for a drive."
EN,flipper,a shoe for swimming; the paddle-like front is an aid in swimming (especially underwater),"a promiscuous female; ""ho"".","A type of footwear designed for swimming, featuring a broad, fin-like front to help move more efficiently through water, particularly when submerged.",An informal term used to describe a woman who is sexually active with many partners; similar in meaning to 'ho'.
EN,floater,spots before the eyes caused by opaque cell fragments in the vitreous humor and lens,an undesirable person who hangs out in a particular area despite being discouraged not to.,"small, shadowy shapes seen in one's vision, caused by tiny bits of material within the eye's vitreous fluid or lens","a person, often seen as unwelcome, who lingers around a place even when people try to get them to leave (informal)"
EN,floor,"the inside lower horizontal surface (as of a room, hallway, tent, or other structure)",to astound a person.,"the flat, bottom surface found inside a space such as a room, corridor, tent, or similar enclosure",to shock or amaze someone in a surprising or impressive way (informal)
EN,flossy,like down or as soft as down,looking one's best; dressed up.,"having the texture or softness of fine, fluffy down",showing off an impressive appearance; dressed stylishly or in flashy clothes
EN,flower,a plant cultivated for its blooms or blossoms,vagina.,a type of plant grown specifically for its attractive flowers or blossoms,an informal term used to refer to the female genitalia
EN,fly,two-winged insects characterized by active flight,"very good, excellent; ""cool""; ""awesome"".",insects with two wings that are known for their energetic flying abilities,"informal term used to describe something or someone as impressive, stylish, or really cool"
EN,food,any substance that can be metabolized by an animal to give energy and build tissue,"drugs, particularly crack cocaine.",any material that an animal can process to produce energy and support the growth or repair of its body,"a casual term used to refer to drugs, especially crack cocaine, in informal settings"
EN,fool,a person who lacks good judgment,an unintelligent person.  Not slang.,an individual who shows poor judgment or makes unwise decisions,"someone considered dumb or clueless, used in a casual or informal way"
EN,forty,the cardinal number that is the product of ten and four,a 40 ounce bottle of an alcoholic beverage.,the whole number you get when you multiply four by ten,an informal term for a large bottle containing 40 ounces of alcohol
EN,fox,alert carnivorous mammal with pointed muzzle and ears and a bushy tail; most are predators that do not hunt in packs,"to confuse, baffle, or outwit.","a sharp-witted meat-eating animal known for its narrow snout, upright ears, and thick, bushy tail; typically solitary hunters rather than pack animals","to throw someone off, trick, or leave them puzzled, especially in a clever or sneaky way (informal)"
EN,foxy,marked by skill in deception,attractive.  Usually used only to describe females.,characterized by cleverness in tricking or misleading others,informally used to describe a woman who is very good-looking or sexy
EN,freak,a person or animal that is markedly unusual or deformed,very; really; extremely.,an individual or animal that is noticeably different or physically abnormal,"used informally to mean 'very,' 'super,' or 'incredibly'"
EN,freeware,software that is provided without charge,software that can be redistributed for free and (usually) without restriction.,software that is made available to users at no cost,"software you can share around for free, usually with little to no limits"
EN,french,the Romance language spoken in France and in countries colonized by France,foul language.,a Romance language used in France as well as in various regions that were once French colonies,informal term for using offensive or vulgar language
EN,fresh,"recently made, produced, or harvested","extremely nice, of superior quality; ""cool"".","recently created, gathered, or obtained; not old or stale",very impressive or high-quality; used informally to mean 'awesome' or 'stylish'
EN,fried,be excessively hot,"under the influence of drugs, often LSD (""acid"").",to feel extremely warm or overheated,"to be high on drugs, especially LSD, in a casual or informal sense"
EN,frisky,playful like a lively kitten,physically affectionate due to desire of sexual activity.,"full of playful energy, similar to a spirited young cat","acting touchy or flirtatious because of wanting to get intimate, in a casual or cheeky way"
EN,front,the side that is forward or prominent,"a cover-up, disguise, deception.",the part that faces forward or stands out the most,an act or appearance meant to hide the real situation or to mislead others
EN,frosted,decorate with frosting,"angry; ""pissed off"".",to cover or embellish something with icing,irritated or upset; used informally to mean 'mad'
EN,frosty,devoid of warmth and cordiality; expressive of unfriendliness or disdain,"calm, cool.  Used by soldiers in tense situations.",lacking warmth and friendliness; showing a sense of coldness or disapproval toward others,relaxed and unshaken under pressure; informally used by soldiers to describe staying cool in stressful moments
EN,fudge,soft creamy candy,"feces; ""poop"".","a sweet, smooth confection made with sugar, butter, and milk",an informal term used to refer to excrement or 'poop'
EN,full,the time when the Moon is fully illuminated,good.This definition is questionable and is pending deletion.  It will be saved from deletion if legitimate citations are found.,the phase when the Moon appears completely lit up,informally used to mean excellent or cool; this usage is under review and may be removed unless credible examples are provided
EN,funk,a state of nervous depression,unattractive.,a condition marked by anxious sadness or low spirits,used informally to describe something or someone as not good-looking
EN,g,a metric unit of weight equal to one thousandth of a kilogram,"short for ""gangster"" or ""gangsta.""  Used in greeting to a friend or associate.  See also the slang word ""b"".",a unit of mass in the metric system that is equal to one one-thousandth of a kilogram,"an informal abbreviation for 'gangster' or 'gangsta,' commonly used as a casual greeting among friends or peers"
EN,gaff,a sharp metal spike or spur that is fastened to the leg of a gamecock,"a place of residence.  British slang common in London and points east, with an underworld flavor.",a pointed metal device attached to a fighting rooster's leg,"an informal British term, especially in London and surrounding areas, for someone's home or living place, often with a streetwise or underground connotation"
EN,gag,a humorous anecdote or remark intended to provoke laughter,to nearly vomit.,a funny story or comment made to make people laugh,"to almost throw up, usually said in a casual or informal way"
EN,gam,a herd of whales,"acronym for ""God awful mess"".",a group of whales swimming together,"an informal abbreviation for 'God awful mess,' used to describe something extremely chaotic or disorganized"
EN,game,a contest with rules to determine a winner,"in agreement with a plan; ""down"".",a competition governed by specific rules where participants strive to emerge as the victor,"informally, being willing to participate in something or agreeing to go along with a plan"
EN,gangster,a criminal who is a member of gang,tight or fun.,an individual involved in criminal activities as part of an organized group,used informally to describe something cool or exciting
EN,ganja,a strong-smelling plant from whose dried leaves a number of euphoriant and hallucinogenic drugs are prepared,marijuana.,a pungent plant whose dried foliage is used to make various drugs that produce euphoric and hallucinatory effects,"a casual term for weed or pot, referring to marijuana in everyday conversation"
EN,gash,a wound made by cutting,bad or ill.,an injury caused by a sharp cut,informally used to describe something unpleasant or of poor quality
EN,gawk,an awkward stupid person,to stare.,a person who is clumsy and lacking in intelligence,"to look at something or someone in a rude or obvious way, often used informally"
EN,gay,someone who practices homosexuality; having a sexual attraction to persons of the same sex,displeasing.  Considered by many to be homophobic.,a person who is attracted romantically or sexually to individuals of the same gender,an informal and often offensive term used to describe something as unpleasant or uncool; widely regarded as homophobic
EN,gear,a toothed wheel that engages another toothed mechanism in order to change the speed or direction of transmitted motion,"male genitalia, especially the testicles.",a wheel with teeth that meshes with another similar part to alter the speed or direction of movement being transferred,"an informal term referring to a man's private parts, particularly his testicles"
EN,get,a return on a shot that seemed impossible to reach and would normally have resulted in a point for the opponent,to leave.,a successful return of a shot that appeared unreachable and would typically have given the opponent a point,"to take off or go away, usually said in a casual or informal way"
EN,ghetto,formerly the restricted quarter of many European cities in which Jews were required to live,"of superior quality, excellent; ""cool"".This definition is questionable and is pending deletion.  It will be saved from deletion if legitimate citations are found.","in the past, a designated area within various European cities where Jewish people were compelled to reside","in informal speech, used to describe something as outstanding or impressive; synonymous with 'cool'"
EN,ghost,a mental representation of some haunting experience,leaving.,an image or memory in the mind that lingers from a troubling or unforgettable experience,"to suddenly disappear or cut off contact with someone, usually without any warning (informal)"
EN,gig,long and light rowing boat; especially for racing,any job.  Derived from the musical industry sense.,"a slender, lightweight boat designed for rowing, often used in races","an informal term for any kind of work or job, originally coming from its use in the music world"
EN,girl,a young woman,form of address for a female friend.,a female who is in her youth,an informal way to refer to a female companion or buddy
EN,girlfriend,any female friend,form of address used between females and between gay men.,a female companion with whom one shares a friendship,an informal term used playfully between women or among gay men to address each other
EN,go,a time for working (after which you will be relieved by someone else),to say.,"a period during which you are on duty, after which another person will take over your responsibilities","to speak or make a statement, especially in a casual or informal way"
EN,golden,having the deep slightly brownish color of gold,of good quality. Also used to describe something that one is proud of.,"displaying a rich, gold-like hue with a hint of brown",informally used to mean something is really good or that someone feels pleased about it
EN,gone,"change location; move, travel, or proceed, also metaphorically","""gonna"".","to relocate, move from one place to another, or advance in some way, whether literally or in a figurative sense",an informal way to say 'going to'; used in casual speech as a contraction for 'going to'
EN,gorge,a deep ravine (usually with a river running through it),"""gorgeous"".","a steep, narrow valley, often carved by a flowing river",an informal way to say someone or something is very attractive or stunning
EN,gouda,mild cream-colored Dutch cheese shaped in balls,cheesy.,"a smooth, pale Dutch cheese traditionally formed into round shapes",used informally to describe something as corny or overly sentimental
EN,governor,the head of a state government,one's superior.,the chief official in charge of a state’s government,someone who’s your boss or the person you answer to (informal)
EN,grab,a mechanical device for gripping an object,to look at; inspect.,a machine tool designed to hold or seize an item securely,to casually check out or take a look at something (informal)
EN,graft,(surgery) tissue or organ transplanted from a donor to a recipient; in some cases the patient can be both donor and recipient,Hard work,"In medicine, a graft refers to tissue or an organ that is transferred from one individual to another, or sometimes from one part of a person's body to another part of the same person's body.","In informal language, 'graft' means putting in a lot of effort or doing tough, demanding work."
EN,grand,the cardinal number that is the product of 10 and 100,a thousand.,the number obtained by multiplying 10 by 100,"an informal way to refer to one thousand, especially in terms of money"
EN,granola,cereal made of especially rolled oats with dried fruits and nuts and honey or brown sugar,"hippie-esque; ""all-natural"".  As goes the stereotype, hippies eat granola frequently.","A type of breakfast cereal typically consisting of rolled oats mixed with nuts, dried fruit, and sweetened with honey or brown sugar.","Used informally to describe someone or something as very 'natural' or 'hippie-like', based on the stereotype that people with alternative, eco-friendly lifestyles often eat granola."
EN,grass,narrow-leaved green herbage: grown as lawns; used as pasture for grazing animals; cut and dried as hay,"to report someone to the authority involved (police, school teacher).","A type of green plant with slender leaves, often cultivated for lawns, fed to grazing animals, or harvested and dried to make hay.","In informal language, to 'grass' means to tell the authorities, like the police or a teacher, about someone else's wrongdoing."
EN,gravy,"a sauce made by adding stock, flour, or other ingredients to the juice and fat that drips from cooking meats",profit or unexpected reward.  Used for a long time in the business world.,a sauce prepared by mixing the juices and fat released from cooked meat with ingredients like stock and flour,"an informal term for extra profit or an unexpected benefit, often used in business conversations"
EN,graze,a superficial abrasion,"to eat.  Usually used to refer to food laid out ""buffet"" style, as at a party.  Thus a partier, instead of eating what is directly in front of them, will move around eating from different places, much like a cow.  (It\'s usually bad form to ""graze"" at a restaurant buffet: one is supposed to fill a dish and then eat at one\'s table.)",a minor scrape or shallow wound on the skin,"to snack on various foods, especially at a casual event with a spread, moving from one dish to another rather than having a single meal—much like how cows nibble as they wander; often used informally to describe picking at food at parties or gatherings"
EN,grease,a thick fatty oil (especially one used to lubricate machinery),to have sex withThis definition is questionable and is pending deletion.  It will be saved from deletion if legitimate citations are found.,"a dense, oily substance, often derived from fat, commonly applied to lubricate mechanical parts","in informal language, to engage in sexual activity"
EN,green,green color or pigment; resembling the color of growing grass,"in agreement.A proper response to all three could be ""Green.""",A shade or dye that looks like the color of fresh grass or foliage.,A casual way to say you agree or are on board with something.
EN,grenade,a small explosive bomb thrown by hand or fired from a missile,the unattractive friend of a hot girl.,a compact explosive device designed to be thrown by hand or launched from a weapon,"in informal speech, refers to the less attractive member in a group of women, especially when compared to her more attractive friend"
EN,grid,a pattern of regularly spaced horizontal and vertical lines,BicycleThis definition is questionable and is pending deletion.  It will be saved from deletion if legitimate citations are found.,an arrangement of evenly spaced horizontal and vertical lines that form a regular pattern,"In informal speech, sometimes used to refer to a bicycle, though this usage is rare and not widely recognized."
EN,grief,intense sorrow caused by loss of a loved one (especially by death),criticism.,"deep sadness experienced after the loss of someone close, particularly through death",informal: harsh remarks or negative feedback
EN,grill,a restaurant where food is cooked on a grill,teeth.,an eatery where meals are prepared using a grilling method,a casual term used to refer to someone’s teeth
EN,grind,an insignificant student who is ridiculed as being affected or boringly studious,"to eat, consume food... used mostly when one is very hungry and will eat a lot.",a student considered unremarkable who is mocked for being overly serious or dull in their studies,"to chow down or devour food, especially when you're really hungry and plan to eat a lot; used informally"
EN,grinder,a large sandwich made of a long crusty roll split lengthwise and filled with meats and cheese (and tomato and onion and lettuce and condiments); different names are used in different sections of the United States,"a sandwich, also called ""hoagie"" or ""sub.""","A grinder is a substantial sandwich consisting of a long, crusty bread roll that is sliced open and packed with various meats, cheeses, and often includes toppings like lettuce, tomato, onion, and condiments; it is known by different names depending on the region in the United States.","In informal speech, 'grinder' refers to a type of sandwich, commonly called a 'hoagie' or 'sub,' especially in casual settings."
EN,grip,the act of grasping,a long time.,the action of holding onto something firmly,an informal way to refer to a lengthy period of time
EN,grit,a hard coarse-grained siliceous sandstone,"unattractive (describing a person); ""nasty""; ""gross"".","a tough, coarse sandstone composed mainly of silica grains","in informal speech, used to describe someone as unattractive or unpleasant-looking; also means 'gross' or 'nasty'"
EN,grommet,fastener consisting of a metal ring for lining a small hole to permit the attachment of cords or lines,a young - typically pre-pubescent - surfer.  1960s slang.,"A grommet is a metal ring used to reinforce a small opening, allowing ropes or cords to be attached securely.","In informal language, especially from the 1960s, 'grommet' refers to a young kid, usually before their teenage years, who surfs."
EN,gross,twelve dozen,"""cool"".  From the late 1960s - 1970s.","a quantity equal to 144 items, or twelve sets of twelve",an informal term from the late 1960s and 1970s used to describe something as impressive or awesome
EN,grouse,flesh of any of various grouse of the family Tetraonidae; usually roasted; flesh too dry to broil,"excellent; ""awesome"".  Australian slang.","meat from any member of the Tetraonidae family of birds, typically cooked by roasting since it tends to be too dry for grilling",used informally in Australia to describe something as really great or impressive; similar to saying 'awesome'
EN,growler,a speaker whose voice sounds like a growl,growler-An extremly ugly woman,a person who speaks with a voice that resembles a growling sound,"growler—A very unattractive woman, used as a casual or informal term"
EN,grub,informal terms for a meal,good tasting.,an informal word used to refer to food or a meal,slang for something that tastes really good
EN,guff,unacceptable behavior (especially ludicrously false statements),Free stuff.,"improper conduct, particularly when it involves blatantly untrue remarks",informal: complimentary items or giveaways received at no cost
EN,hack,one who works hard at boring tasks,an untalented professional.,a person who diligently performs monotonous or uninteresting work,"someone in a job who lacks real skill or talent, often used informally"
EN,hairy,having or covered with hair,"of a problem, complicated.",possessing or being covered in hair,"describing a situation or issue that’s tricky or tough to deal with, used informally"
EN,hard,not easy; requiring great physical or mental effort to accomplish or comprehend or endure,"""cool"", ""neat"", ""awesome"".","difficult to do, understand, or withstand; demanding significant physical or mental effort","used informally to describe something as impressive, stylish, or really great"
EN,hat,headdress that protects the head from bad weather; has shaped crown and usually a brim,hair or hair style.,"A head covering designed to shield the head from harsh weather, typically featuring a formed top and often a brim.","In casual speech, refers to someone's hair or the way their hair is styled."
EN,hawk,diurnal bird of prey typically having short rounded wings and a long tail,"to look at, watch, stare, or eye.  From the bird, hawk.","A daytime hunting bird known for its relatively short, rounded wings and an elongated tail.","In casual speech, to 'hawk' means to closely watch, gaze at, or check someone out, inspired by the sharp eyesight of the bird."
EN,hayseed,a person who is not very intelligent or interested in culture,"a person from a rural area; ""bumpkin"".",an individual who lacks sophistication or intellectual curiosity,an informal term for someone from the countryside; a 'country bumpkin'
EN,head,the upper part of the human body or the front part of the body in animals; contains the face and brains,a person.,"The top section of a person’s body, or the front end in animals, which houses the brain and facial features.","In informal language, 'head' can simply refer to an individual or someone."
EN,heart,the locus of feelings and intuitions,To have courage.,the center where emotions and instincts reside,To show guts or bravery.
EN,heat,a form of energy that is transferred by a difference in temperature,obvious.,energy that moves from one place to another because of a temperature difference,"easy to notice or plainly seen, especially in a casual or informal context"
EN,heater,device that heats water or supplies warmth to a room,a gun.,an appliance used to warm up a space or to heat water,an informal term for a firearm
EN,heavy,an actor who plays villainous roles,good.,a performer who typically takes on the roles of antagonists or villains,used informally to describe something as impressive or excellent
EN,heifer,young cow,"an overweight female.  From the non-slang definition of ""heifer"": a female cow.",a juvenile female bovine,"in informal speech, a term used to describe a woman who is considered to be overweight"
EN,heinous,"extremely wicked, deeply criminal",disgusting.,shockingly evil or morally reprehensible,"really gross or nasty, in a way that’s totally off-putting"
EN,hell,any place of pain and turmoil,"general exclamation, usually (but not always) conveying displeasure.",a location or situation marked by suffering and chaos,"an informal outburst, often (but not exclusively) used to express annoyance or frustration"
EN,helmet,armor plate that protects the head,a haircut or hair style.  Usually used derogatorily.,a protective covering made of metal or other materials worn on the head for safety,"an informal term for a hairstyle or haircut, often used in a mocking or negative way"
EN,herb,a plant lacking a permanent woody stem; many are flowering garden plants or potherbs; some having medicinal properties; some are pests,"a nerd, wimp, wuss.  Origin: the name Herb is generally thought to be slightly ""nerdy.""","A herb is a plant that does not have a lasting woody stem; many types are grown in gardens for their flowers or culinary use, while some are valued for their medicinal qualities and others are considered weeds.","In informal speech, 'herb' refers to someone seen as uncool, timid, or socially awkward—often used to describe a person who comes across as nerdy or lacking confidence."
EN,high,a lofty level or position or degree,intoxicated from drugs.,"an elevated status, rank, or amount",feeling the effects of drug use; under the influence in a casual or informal sense
EN,hit,(baseball) a successful stroke in an athletic contest (especially in baseball),"messy, trashy, or dilapidated.","In baseball, a hit refers to a player successfully striking the ball and reaching at least first base.","In informal speech, 'hit' describes something that looks rundown, shabby, or in poor condition."
EN,hoe,a tool with a flat blade attached at right angles to a long handle,"a general insult, usually applied to females.",a gardening implement featuring a long handle with a flat blade set at a right angle to it,"an informal and derogatory term, most often used as an insult toward women"
EN,hog,a person regarded as greedy and pig-like,a police officer.  See also pig.This definition is questionable and is pending deletion.  It will be saved from deletion if legitimate citations are found.,"an individual who is seen as excessively selfish or gluttonous, similar to a pig","in informal language, a term sometimes used to refer to a police officer; also called 'pig'"
EN,hold,the act of grasping,to have drugs.,the action of physically gripping or seizing something,"to be in possession of illegal substances, especially drugs (informal)"
EN,hole,an opening into or through something,a very unpleasant place.,a gap or passage that goes into or all the way through an object,"an extremely disagreeable or miserable place, often used informally"
EN,homey,having a feeling of home; cozy and comfortable,homework.,"giving off a warm, inviting atmosphere that makes one feel at home; snug and pleasant",an informal term used to refer to school assignments or homework
EN,honey,a sweet yellow liquid produced by bees,an attractive person.,"a sugary, golden fluid made by bees",a casual term for someone who is good-looking
EN,honk,the cry of a goose (or any sound resembling this),to vomit.,"the characteristic call made by a goose, or any noise that mimics this sound","in informal speech, to throw up or regurgitate"
EN,hood,an aggressive and violent young criminal,"shortened form of ""neighborhood.""  Often implies a ghetto or urban community.",a young person known for engaging in violent or criminal behavior,"an informal way to say 'neighborhood,' commonly referring to an urban or inner-city area, especially in casual speech"
EN,hook,a catch for locking a door,to kiss someone,a device used to secure a door by fastening it shut,to make out with someone; to engage in kissing in an informal context
EN,hooked,fasten with a hook,addicted.,attach or secure something using a hook,"informally, describes someone who can't stop doing or using something because they're obsessed or dependent"
EN,hooray,a victory cheer,exclamation of excitement or delight.,an exclamation used to celebrate a triumph or achievement,a casual shout expressing joy or enthusiasm
EN,hoot,a loud raucous cry (as of an owl),something (or someone) extremely funny.,"a harsh, loud call typically made by an owl",someone or something that’s really hilarious or makes people laugh a lot (informal)
EN,hooter,informal terms for the nose,a breast.  Usually used in the plural.,an informal word referring to the nose,"a casual slang term for a woman's breast, most often mentioned in the plural form"
EN,hoots,a loud raucous cry (as of an owl),breasts that are large.,"a harsh, loud call or shout, such as the sound made by an owl",an informal term for noticeably large breasts
EN,hoover,United States industrialist who manufactured vacuum cleaners (1849-1932),fellatio.,"An American businessman known for producing vacuum cleaners, who lived from 1849 to 1932.","In informal language, refers to the act of performing oral sex."
EN,horse,solid-hoofed herbivorous quadruped domesticated since prehistoric times,heroin.,A four-legged plant-eating animal with solid hooves that has been tamed by humans since ancient times.,An informal term used to refer to the drug heroin.
EN,hose,socks and stockings and tights collectively (the British include underwear),penis.,"A general term for socks, stockings, and tights considered together; in British usage, this can also refer to undergarments.","In informal language, a word used to refer to the male genitalia."
EN,hot,used of physical heat; having a high or higher than desirable temperature or giving off heat or feeling or causing a sensation of heat or burning,stolen.,"describes something with a temperature that is high or warmer than what is comfortable, or that emits heat or creates a feeling of warmth or burning",informally refers to something that has been taken unlawfully; stolen
EN,hummer,a singer who produces a tune without opening the lips or forming words,"a session of fellatio; ""blowjob"".","a person who creates a melody by humming, keeping their lips closed and not articulating any words","an informal term for oral sex performed on a man, commonly referred to as a 'blowjob'"
EN,hump,something that bulges out or is protuberant or projects from its surroundings,a lazy or worthless person.This definition is questionable and is pending deletion.  It will be saved from deletion if legitimate citations are found.,an area that sticks out or rises above the surface of what surrounds it,"an informal term for someone seen as unmotivated or not contributing much, though this usage is under review"
EN,hun,a member of a nomadic people who invaded Europe in the 4th century,a term of endearment for a loved one.,an individual belonging to a wandering group who entered and attacked parts of Europe during the 4th century,"an informal, affectionate word used to refer to someone you care about, like a partner or close friend"
EN,hurl,a violent throw,to vomit.,an act of forcefully tossing something,"to throw up; to puke, used informally"
EN,hurt,any physical damage to the body caused by violence or accident or fracture etc.,very drunk or high.,"an injury or harm to the body resulting from an accident, violence, or a break such as a fracture","extremely intoxicated or under the influence, either from alcohol or drugs, in a very informal sense"
EN,hussy,a woman adulterer,general derogatory term for a female.,a woman who is unfaithful to her spouse,"an informal, insulting word used to refer to a woman"
EN,hustle,a swindle in which you cheat at gambling or persuade a person to buy worthless property,to work hard and get some money.,a deceptive scheme where someone tricks others in gambling or convinces them to purchase something of little value,"to put in a lot of effort and hustle to make money, often used informally to describe working hard to earn cash"
EN,ice,water frozen in the solid state,diamond-containing jewelry.,water that has been cooled and turned into a solid form,a casual term for flashy jewelry that features diamonds
EN,immense,unusually great in size or amount or degree or especially extent or scope; ; ; ; ; ; ; ; ; - W.R.Inge,a word used when something was exciting or good,"exceptionally large in size, quantity, degree, or overall range",an informal term used to describe something that was really impressive or enjoyable
EN,indie,a pop group not affiliated with a major record company,"""independent.""",a musical group that operates without the backing of a major record label,"used informally to mean 'independent,' especially in a casual or everyday context"
EN,inhale,draw deep into the lungs in by breathing,to consume quickly.,to take air deeply into the lungs by breathing in,"to eat or use something very rapidly, often in a casual or informal way"
EN,ink,a liquid used for printing or writing or drawing,one or more tattoos.,"a fluid substance applied for writing, drawing, or producing printed text or images","an informal term for tattoos, referring to body art created with ink"
EN,invite,a colloquial expression for invitation,an invitation,an informal term used to refer to an invitation,a casual or slangy way of saying 'invitation'
EN,it,the branch of engineering that deals with the use of computers and telecommunications to retrieve and store and transmit information,sex.,"the field of engineering focused on using computers and telecommunications to collect, store, and share information",a casual way to refer to having sex
EN,item,a distinct part that can be specified separately in a group of things that could be enumerated on a list,a news-worthy couple.,"an individual component that can be identified separately within a collection of things, often listed one by one","an informal way to refer to two people who are dating or seen as a couple, especially when their relationship is of public interest"
EN,j,a unit of electrical energy equal to the work done when a current of one ampere passes through a resistance of one ohm for one second,"shortened form of ""joint"", i.e. a hand-rolled marijuana cigarette.",A measure of electrical energy defined as the amount produced when one ampere of current flows through a one-ohm resistor for one second.,"An informal term for a 'joint,' meaning a rolled cigarette containing marijuana."
EN,jack,a small worthless amount,"as in 'jack up' - to lift someone up, and, sometimes, to press that person against a supporting structure.  Can occur in altercations.",an amount that is insignificant or of no real value,"in informal speech, to 'jack up' means to physically lift someone, often by pushing them against something, especially during a confrontation"
EN,jackass,a man who is a stupid incompetent fool,"a person being unpleasant, argumentative, disrespectful, ungrateful, oppositional, cantankerous, self-important, etc.",a man who acts foolishly or lacks competence,"someone who behaves in an obnoxious, rude, or difficult way, often coming across as arrogant or disagreeable"
EN,jacket,a short coat,a police officer. ,a garment that is worn over the upper body and typically ends at the waist or hips,an informal term used to refer to a cop
EN,jam,preserve of crushed fruit,a song.,a sweet spread made from fruit that has been crushed and cooked with sugar,"an informal term for a song, especially one that's popular or enjoyed"
EN,jaunt,a journey taken for pleasure,anything,a trip made for enjoyment or leisure,a casual term used to refer to any thing or object in an informal way
EN,jay,United States diplomat and jurist who negotiated peace treaties with Britain and served as the first chief justice of the United States Supreme Court (1745-1829),a joint (i.e. marijuana cigarette.)  Also spelled j.,An American statesman and judge who played a key role in negotiating treaties with Britain and became the first Chief Justice of the U.S. Supreme Court (1745–1829).,"In informal speech, a 'jay' refers to a marijuana cigarette, also commonly spelled as 'j.'"
EN,jelly,an edible jelly (sweet or pungent) made with gelatin and used as a dessert or salad base or a coating for foods,"""jealous"".","A sweet or savory food product made with gelatin, commonly served as a dessert, salad ingredient, or as a glaze for various dishes.",A casual way to say someone is feeling jealous.
EN,jerk,a dull stupid fatuous person,to date.,an unintelligent or foolish individual,to go out with someone in a casual or romantic way (informal)
EN,jet,an airplane powered by one or more jet engines,to leave.,an aircraft that is driven by one or more jet propulsion engines,"to take off or head out quickly, typically used in casual conversation"
EN,jigger,a small glass adequate to hold a single swallow of whiskey,"""thing.""",a small drinking vessel designed to contain a single serving of whiskey,an informal term used to refer to any object or item
EN,jobber,someone who buys large quantities of goods and resells to merchants rather than to the ultimate customers,"a ""professional wrestler"" who loses matches so as to build up a featured wrestler\'s win/loss record and crowd appeal.  Derogatory.",an individual who purchases goods in bulk and sells them to retailers instead of directly to end consumers,"in wrestling slang, a performer who regularly loses matches to help make other wrestlers look stronger and more popular; often used in a dismissive way"
EN,joint,(anatomy) the point of connection between two bones or elements of a skeleton (especially if it allows motion),song.,"In anatomy, a joint is where two bones or skeletal parts meet, particularly if this spot permits movement.","In informal language, 'joint' can refer to a song or track."
EN,joker,a person who enjoys telling or playing jokes,"n. a man, guy.",someone who likes to make others laugh by telling jokes or playing pranks,an informal term used to refer to a guy or dude
EN,jug,a large bottle with a narrow mouth,breast.  Usually used in the plural.,a sizable container featuring a small opening at the top,"an informal term for a woman's breast, most often used in reference to both"
EN,juggler,a performer who juggles objects and performs tricks of manual dexterity,"a piece of crack cocaine weighing approximately 0.2 grams, usually selling for $USD 10 - $USD 20.","an entertainer skilled at tossing and catching multiple items, showcasing impressive hand coordination and tricks","in street slang, a small rock of crack cocaine, about 0.2 grams in weight, typically sold for ten to twenty dollars"
EN,juice,the liquid part that can be extracted from plant or animal tissue by squeezing or cooking,"gossip, secret information.",the fluid obtained from plant or animal material by pressing or heating,informal talk for rumors or inside scoop about someone or something
EN,juicer,a person who drinks alcoholic beverages (especially to excess),alcoholic.  from The Getaway (c.1967) by Sam Peckinpah with Steve McQueen.,"an individual who consumes alcoholic drinks, often in large quantities","a casual term for someone who is a heavy drinker or an alcoholic, used informally"
EN,juju,the power associated with a juju,medicine.,the supernatural force linked to a juju object or practice,a casual term for a remedy or drug
EN,jump,a sudden and decisive increase,a slut who's fast paced from one dick to another. ,a rapid and significant rise or escalation,an informal term for a woman who quickly moves from one sexual partner to another
EN,jumper,a person who jumps,a female who greatly enjoys oral sex.,an individual who engages in jumping,an informal term for a woman who is very enthusiastic about giving oral sex
EN,junk,the remains of something that has been destroyed or broken up,"an exclamation of disappointment; ""crap""; ""shit"".",what is left over after something has been damaged or taken apart,"an informal word used to express frustration or annoyance, similar to saying 'crap' or 'damn'"
EN,k,the basic unit of thermodynamic temperature adopted under the Systeme International d'Unites,"abbreviated form of ""okay"".",the standard unit for measuring thermodynamic temperature as defined by the International System of Units,"a casual, shortened way of saying 'okay' in informal conversation"
EN,keeper,someone in charge of other people,"from football, but referring to an object that you like.",a person responsible for supervising or managing others,"informally, used to describe something you really like and want to keep, originally from football"
EN,key,metal device shaped in such a way that when it is inserted into the appropriate lock the lock's mechanism can be rotated,great.,a metal tool designed to fit into a specific lock and turn its mechanism to open or close it,awesome or really cool; used informally to describe something impressive
EN,keyed,"identify as in botany or biology, for example","really wasted, drunk, high etc.  Originates in NorCal in the Bay Area.","to determine or classify a species, such as in the fields of botany or biology","to be extremely intoxicated or under the influence, often used informally in Northern California's Bay Area"
EN,kick,the act of delivering a blow with the foot,a strong flavor.,striking something or someone using the foot,"an intense or bold taste, often described informally"
EN,kid,a young person of either sex,a friend; HOMIE.,"a child or adolescent, regardless of gender",an informal term for a close companion or buddy
EN,kill,the act of terminating a life,high-grade marijuana.,the action of bringing an end to a living being's existence,a casual term for top-quality weed
EN,killer,someone who causes the death of a person or animal,"very good, excellent, impressive; ""cool""; ""awesome"".",a person or animal responsible for taking the life of another person or creature,"used informally to describe something that is extremely impressive, outstanding, or 'cool'"
EN,kinky,(used of sexual behavior) showing or appealing to bizarre or deviant tastes,cool.,Describes sexual activities or interests that are unusual or outside of typical norms.,Used informally to mean awesome or impressive.
EN,kitty,the combined stakes of the betters,cat.,the total amount of money pooled together by participants in a bet,"an informal term for a cat, used in casual conversation"
EN,knob,a circular rounded projection or protuberance,the tip (glans) of the penis.,"a rounded, raised feature or bump that is typically circular in shape",an informal term for the head (glans) of the penis
EN,kosher,food that fulfills the requirements of Jewish dietary law,"fine; ""okay"".",food that meets the standards set by Jewish dietary regulations,informally used to mean acceptable or all right
EN,kudos,an expression of approval and commendation,congratulations or praise.,a statement or gesture that shows admiration and approval,a casual way to give someone props or say 'nice job'
EN,lamp,an artificial source of visible illumination,"to relax; ""chill""; ""take it easy"".",a man-made device that produces light you can see,"to hang out and unwind in a laid-back, informal way"
EN,large,a garment size for a large person,one thousand dollars.,a clothing size intended for individuals with a bigger build,an informal term for a sum of one thousand bucks
EN,lass,a girl or young woman who is unmarried,a female.,an unmarried female who is either a girl or a young woman,an informal term used to refer to a woman or girl
EN,late,being or occurring at an advanced period of time or after a usual or expected time,"being late for menstruation, hence possibly pregnant.","happening or appearing later than the usual or expected time, or at a more advanced stage","used informally to mean missing a period, which could suggest a possible pregnancy"
EN,launder,"cleanse with a cleaning agent, such as soap, and water",to make money obtained illegally seem legitimate.,to wash something using soap or another cleanser along with water,to disguise illegally earned money so that it appears to be from a legal source
EN,lay,a narrative song with a recurrent refrain,relaxed and comfortable.,a song that tells a story and features a repeating chorus,informal term for feeling easygoing and at ease
EN,leak,an accidental hole that allows something (fluid or light etc.) to enter or escape,to urinate.,an unintended opening through which substances like liquids or light can pass in or out,to go pee; used informally to mean urinate
EN,legless,not having legs,Intoxicated to the point of being immobile.,lacking legs,"so drunk that you can't stand or move around, used informally"
EN,lemming,any of various short-tailed furry-footed rodents of circumpolar distribution,a person who blindly follows others.,"a type of small rodent with a short tail and furry feet, found in regions around the Arctic","someone who unthinkingly goes along with what others do, often used informally to describe people who follow the crowd"
EN,lemon,yellow oval fruit with juicy acidic flesh,"sexual fanfic, i.e. sexual fan fiction, i.e. sexual stories written by fans of a particular work of fiction.","an oval-shaped, yellow fruit known for its tart, juicy interior",an informal term for fan-created stories that focus on explicit sexual content involving characters from a particular work
EN,lettuce,informal terms for money,money.,a casual expression used to refer to cash,a slang term people use to mean money
EN,lick,a salt deposit that animals regularly lick,a small amount.,a natural area containing salt that animals frequently visit to lick,an informal term for a tiny bit or a small portion of something
EN,lid,either of two folds of skin that can be moved to cover or open the eye,one's head of hair.,one of the two movable layers of skin that cover and uncover the eye,a casual term for a person’s hair or hairstyle
EN,life,a characteristic state or mode of living,life in prison.,a particular way or condition of existing or being alive,a casual term for spending one's entire life in jail
EN,lift,the act of giving temporary assistance,to steal.,providing short-term help or support to someone,"to casually swipe or snatch something, especially in a playful or informal way"
EN,like,"a similar kind; ,",introduction to dramatic or emotionally-charged event.,something of the same type or category;,used informally to set up a moment that is intense or full of emotion.
EN,lit,the humanistic study of a body of literature,"under the influence of marijuana; ""high"".",the academic examination of a collection of literary works,"informally, describes someone who is feeling the effects of marijuana; 'stoned'"
EN,live,inhabit or live in; be an inhabitant of,"""cool"".  From Southern California.",to reside in or occupy a place as a resident,"used informally, especially in Southern California, to mean something is impressive or awesome"
EN,loaded,fill or place a load on,large breasted.,to put or add a load onto something,"informally used to describe someone, usually a woman, who has a noticeably large chest"
EN,loaf,a shaped mass of baked bread that is usually sliced before eating,"Taking your time, procrastinating or being lazy.",A loaf is a block or oval-shaped portion of bread that has been baked and is typically cut into slices for serving.,"In informal speech, to loaf means to waste time by being idle, lazy, or putting off tasks."
EN,lock,a fastener fitted to a door or drawer to keep it firmly closed,to be arrested and put in a jail cell.This definition is questionable and is pending deletion.  It will be saved from deletion if legitimate citations are found.,a device installed on a door or drawer that secures it in a closed position,"in informal speech, to be taken into police custody and placed in a jail cell"
EN,log,a segment of the trunk of a tree when stripped of branches,"acronym for ""lack of gelt"", i.e. lack of money.  A legal term in Chicago used when a criminal defendant has not yet paid his or her lawyer.",a piece cut from the main stem of a tree after its branches have been removed,"a casual term, short for 'lack of gelt,' used in Chicago legal circles to describe when someone hasn’t paid their attorney yet due to not having enough money"
EN,loner,a person who avoids the company or assistance of others,a person who likes to be alone.,an individual who tends to keep away from others and prefers not to seek their help or companionship,someone who just digs hanging out by themselves
EN,looker,a close observer; someone who looks at something (such as an exhibition of some kind),an attractive person.,"a person who pays careful attention while viewing something, such as a display or event",someone considered very good-looking; used informally to describe an attractive individual
EN,loon,a worthless lazy fellow,a crazy person.,an idle and insignificant person who lacks motivation,an informal term for someone who acts in a wild or irrational way
EN,looper,small hairless caterpillar having legs on only its front and rear segments; mostly larvae of moths of the family Geometridae,a dangerous crazy person.  Someone who is extremely reckless or violent.  Dublin slang.,"A small, smooth caterpillar with legs only at the front and back ends; typically the larval stage of moths belonging to the Geometridae family.","An informal Dublin term for someone who acts dangerously wild or out of control, often displaying reckless or violent behavior."
EN,loopy,consisting of or covered with or having loops,"strange, as if sedated or otherwise on drugs.","having loops on it, or made up of loops","acting odd or out of it, like someone under the influence of drugs"
EN,loose,grant freedom to; free from confinement,drunk.,to release someone or something from restraint or captivity; to set at liberty,"informally, to be heavily intoxicated with alcohol"
EN,loot,goods or money obtained illegally,money.,items or cash acquired through unlawful means,"cash, especially when referred to in a casual or informal way"
EN,loser,a contestant who loses the contest,a worthless person.,an individual who does not win in a competition,"someone considered to be insignificant or a failure, often used informally"
EN,loud,characterized by or producing sound of great volume or intensity,with conflicting colors or patterns.,marked by or emitting a sound that is very strong or intense,"informally, used to describe clothing or designs that have clashing or overly bold colors and patterns"
EN,love,a strong positive emotion of regard and affection,affectionate form of address.,an intense and favorable feeling of fondness and care for someone or something,"a casual, friendly term used to address someone with warmth or endearment"
EN,lovely,a very pretty girl who works as a photographer's model,"bad, unfortunate, inconvenient, etc.  Sarcasm.",an attractive young woman who models for photographers,"used sarcastically to describe something unpleasant, unlucky, or bothersome in a casual way"
EN,lush,a person who drinks alcohol to excess habitually,great; amazing.  Shortened form of luscious.,an individual who regularly consumes excessive amounts of alcohol,used informally to describe something as really cool or impressive; comes from the word 'luscious'
EN,lux,a unit of illumination equal to 1 lumen per square meter; 0.0929 foot candle,"luxury; luxurious.The accuracy of this definition cannot be verified.  Without further evidence, this definition may be deleted.  It will be saved from deletion if legitimate citations are found.","A lux is a measurement of light intensity, defined as one lumen distributed over one square meter; this is equivalent to approximately 0.0929 foot-candles.","In informal language, 'lux' can be used to refer to something that is luxurious or represents luxury. This usage is casual and may not be widely recognized."
EN,ma,informal terms for a mother,used after a question.  Singapore slang.,a casual way to refer to one's mother,a colloquial Singaporean expression added at the end of a question
EN,mad,roused to anger; - Mark Twain,"good, in reference to talent.",stirred up to become angry or irritated,"awesome or impressive, especially when describing someone's skills or abilities (informal)"
EN,madcap,a reckless impetuous irresponsible person,crazy.,an individual who acts with wild disregard for caution or responsibility,"informally, someone or something that's totally nuts or out of their mind"
EN,maggot,the larva of the housefly and blowfly commonly found in decaying organic matter,drunk,"the immature form of houseflies and blowflies, typically seen in rotting organic material",a casual term used to describe someone who is heavily intoxicated
EN,man,an adult person who is male (as opposed to a woman),"a general exclamation not used to address anyone in particular, and can even be used when alone.","a grown male individual, as distinguished from a female adult","an informal expression used to convey emotion or reaction, not directed at anyone specifically and often said even when alone"
EN,manhood,the state of being a man; manly qualities,a penis.,the condition of being male; traits typically associated with men,an informal term for the male genital organ
EN,massive,imposing in size or bulk or solidity,"""Awesome.""","having great size, weight, or strength that makes something appear substantial or sturdy","Really cool or impressive, used informally to express excitement"
EN,mate,the officer below the master on a commercial ship,friend.,the crew member who ranks directly below the captain on a merchant vessel,an informal term for a buddy or pal
EN,math,a science (or group of related sciences) dealing with the logic of quantity and shape and arrangement,Phone number.,"a field of study, or collection of related fields, focused on the principles governing numbers, shapes, and their organization",an informal term used to refer to someone’s phone number
EN,meat,the flesh of animals (including fishes and birds and snails) used as food,body mass.,"the edible tissue of animals, such as fish, birds, or snails, that is consumed as food",a casual term for someone's physical bulk or body size
EN,mellow,"soften, make mellow",one's relaxed mood.,to make something gentler or less harsh,"a chill or easygoing state of mind, often used informally"
EN,melon,any of numerous fruits of the gourd family having a hard rind and sweet juicy flesh,a head.,"a type of fruit from the gourd family, recognized by its tough outer skin and sweet, juicy interior",an informal term used to refer to someone’s head
EN,mental,involving the mind or an intellectual process,aggravated.,related to thinking or mental activities of the mind,informally used to describe someone who is upset or irritated
EN,mess,a state of confusion and disorderliness,"a person who isn't good at life.  For example, a person who is unstable emotionally, or whose life is constantly more chaotic than the norm.",a condition where things are disorganized and chaotic,"someone whose life is unusually turbulent or who struggles to keep things together, often in an obvious or dramatic way"
EN,messy,dirty and disorderly,with a tendency to become extremely inebriated and/or to get sick from over imbibing drugs or alcohol.,untidy and unclean in appearance or arrangement,"informally, describes someone who often gets very drunk or sick from taking too much alcohol or drugs"
EN,midge,minute two-winged mosquito-like fly lacking biting mouthparts; appear in dancing swarms especially near water,"a short person.  From ""midget"".","A tiny, two-winged insect resembling a mosquito but without biting mouthparts; often seen swarming in groups, particularly around bodies of water.","An informal term for a person of short stature, derived from the word 'midget.'"
EN,milk,a white nutritious liquid secreted by mammals and used as food by human beings,"It means something that looks too good for words. Refers to clothing, automobiles, etc... Could be a synonym for the slang word fly, but more intense. Originated on the streets of New York City.","A white, nourishing fluid produced by mammals, commonly consumed by people as a source of food.","Used informally to describe something that looks incredibly impressive or stylish—like clothes or cars—that goes beyond just being 'cool.' This term, which started in New York City, is even stronger than calling something 'fly.'"
EN,mint,(often followed by `of') a large number or amount or extent,"attractive, usually applying to a male.","a great quantity, amount, or degree, often used with 'of'","informally used to describe someone, typically a guy, as good-looking or appealing"
EN,minute,a unit of time equal to 60 seconds or 1/60th of an hour,a long period of time.  Used as a humorous understatement.  See also days.,"a measurement of time that consists of 60 seconds, or one sixtieth of an hour","an informal way to describe a lengthy stretch of time, often used jokingly to downplay how long something actually took"
EN,mob,a disorderly crowd of people,"acronym for ""money over bitches"", i.e. money is more important than women.  Used primarily in rap / hip hop culture.",a group of people gathered together in a chaotic or unruly manner,"an informal term, especially in rap and hip hop, standing for 'money over bitches,' meaning that making money takes priority over relationships with women"
EN,mod,a British teenager or young adult in the 1960s; noted for their clothes consciousness and opposition to the rockers,"short for ""modification,"" used to describe a product used for ""modding.""",a young person from Britain in the 1960s who was recognized for their stylish fashion sense and their rivalry with the rockers,"an informal term for 'modification,' often referring to an item used when customizing or altering something"
EN,moist,slightly wet,excited.  Origin: female sexual excitement.,having a small amount of moisture; a bit damp,"informally used to mean turned on or aroused, especially referring to female sexual arousal"
EN,mojo,a magic power or magic spell,style.,a supernatural force or charm believed to bring magical effects,an informal term for someone's coolness or unique flair
EN,money,the most common medium of exchange; functions as legal tender,"suave; ""hip"", ""cool"".",the primary form used for buying and selling goods; recognized as official payment,stylish or impressive; used informally to mean something is trendy or cool
EN,monkey,any of various long-tailed primates (excluding the prosimians),completely devoid of being hip - backwards or country-fied.,"any of several primate species with long tails, not including prosimians",totally lacking in coolness; old-fashioned or rural in a distinctly uncool way
EN,monster,an imaginary creature usually having various human and animal parts,large.,a fictional being often depicted with a combination of human and animal features,"really big or massive, used informally to describe something with impressive size"
EN,mooch,someone who mooches or cadges (tries to get something free),a person who requests and then takes things without ever returning the favor.,an individual who habitually seeks to obtain things for free or without paying,"someone who always asks for and takes stuff from others but never gives anything back, especially in a casual or laid-back way"
EN,moonlight,the light of the Moon,to have a second job.,the illumination provided by the Moon,"to work an extra job in addition to your main one, often in an informal or casual way"
EN,moose,large northern deer with enormous flattened antlers in the male; called `elk' in Europe and `moose' in North America,Extremely annoying person; idiot.,"A large species of deer found in northern regions, with males having broad, flat antlers; known as 'elk' in Europe and referred to as 'moose' in North America.",A slang term for someone who is really irritating or acts foolishly.
EN,moped,a motorbike that can be pedaled or driven by a low-powered gasoline engine,"an overweight female.  From the joke ""She\'s like riding a moped: a lot of fun but you wouldn\'t want you friends to see you ride one.""",a lightweight motorcycle that can be powered either by pedals or a small gasoline engine,"an informal term for a plus-sized woman, based on a joke suggesting she's enjoyable to be with but someone might not want their friends to know"
EN,mother,a woman who has given birth to a child (also used as a term of address to your mother),good.,a female parent who has brought a child into the world; also used when speaking directly to one's own mother,excellent or impressive; used informally to describe something really good
EN,motor,machine that converts other forms of energy into mechanical energy and so imparts motion,to go.,a device that transforms various types of energy into mechanical energy to produce movement,"to head out or travel somewhere, used in a casual or informal way"
EN,move,the act of deciding to do something,to sell.,the process of making a choice to take action,"to casually refer to the act of selling something, often in an informal context"
EN,muffin,a sweet quick bread baked in a cup-shaped pan,an attractive person.,"a sweet, quick-baking bread made in a mold shaped like a cup",a casual term for someone who is considered good-looking
EN,mug,the quantity that can be held in a mug,face.,the amount of liquid a mug is able to contain,an informal term for someone's face
EN,mum,of China,quiet.,originating from or related to China,"staying silent or not speaking, especially in a casual or informal context"
EN,murk,an atmosphere in which visibility is reduced because of a cloud of some substance,going to leave.,a situation where sight is limited due to the presence of a thick mist or similar substance in the air,"getting ready to bounce or head out, used informally to say you're about to leave"
EN,muscle,one of the contractile organs of the body,to force.,a bodily organ capable of contracting to produce movement,to use force or intimidation to get your way (informal)
EN,mush,any soft or soggy mass,friend.,"a mass that is soft and moist, often lacking firmness",an informal term used to refer to a buddy or pal
EN,nail,horny plate covering and protecting part of the dorsal surface of the digits,to have sex with.,"a hard, protective layer that covers and shields part of the upper side of the fingers or toes",to engage in sexual activity with someone (informal)
EN,nappy,garment consisting of a folded cloth drawn up between the legs and fastened at the waist; worn by infants to catch excrement,"gross, disgusting.","A piece of cloth or similar material worn by babies, wrapped between the legs and secured at the waist, used to absorb bodily waste.","In informal speech, describes something that is dirty or unpleasant."
EN,nard,an aromatic ointment used in antiquity,testicle.,a fragrant salve or perfume that was used in ancient times,an informal term for a testicle
EN,nasty,offensive or even (of persons) malicious; ; ; ; ; ; - Ezra Pound,"really bad, disgusting.","unpleasant, offensive, or, when referring to people, spiteful or mean-spirited","extremely unpleasant, gross, or revolting in an informal way"
EN,needle,the leaf of a conifer,"something hard to find.  From ""like finding a needle in a haystack.""","a slender, pointed leaf that is characteristic of coniferous trees","something that's extremely difficult to locate, as in the saying 'like finding a needle in a haystack'"
EN,nick,an impression in a surface (as made by a blow),condition.  Usually in reference to physical condition.,"a small mark or indentation on a surface, typically caused by a strike or impact","the state someone or something is in, especially when talking informally about how someone feels physically"
EN,nickel,a hard malleable ductile silvery metallic element that is resistant to corrosion; used in alloys; occurs in pentlandite and smaltite and garnierite and millerite,five hundred dollars.,"a strong, flexible, and silvery-white metal that resists rust and corrosion; commonly found in minerals like pentlandite, smaltite, garnierite, and millerite, and often used in making metal mixtures",an informal term used to refer to five hundred dollars
EN,nine,the cardinal number that is the sum of eight and one,a nine millimeter pistol.,the number that comes after eight and before ten,an informal term for a 9mm handgun
EN,ninja,a member of the ninja who were trained in martial arts and hired for espionage or sabotage or assassinations; a person skilled in ninjutsu,"displaying stealth, prowess in combat, etc.","an individual belonging to a group trained in martial arts, often employed for spying, sabotage, or assassination; someone proficient in the art of ninjutsu","someone who shows impressive skill, sneakiness, or fighting ability, often in a cool or secretive way"
EN,nip,a small drink of liquor,nipple.,"a small amount of alcoholic beverage, typically served as a single shot",an informal term used to refer to a nipple
EN,nonce,the present occasion,a male who is attracted to much younger women.,the current moment or specific situation at hand,an informal term for a man who is interested in women who are significantly younger than himself
EN,nugget,a solid lump of a precious metal (especially gold) as found in the earth,"a strange or silly person, or one who has done just done something silly.","a naturally occurring chunk of valuable metal, such as gold, that is found in the ground","an informal term for someone who acts in an odd or goofy way, or who has just done something foolish"
EN,number,the property possessed by a sum or total or indefinite quantity of units or individuals,an article of clothing.  Usually limited to describing one that shows off the wearer's body.,"the characteristic of having a certain amount, total, or unspecified count of items or people","a piece of clothing, often used informally to refer to an outfit that accentuates someone's figure"
EN,nurse,one skilled in caring for young children or the sick (usually under the supervision of a physician),to drink slowly.,"a person trained to look after infants or those who are ill, typically working under a doctor's direction","to sip a drink gradually, often taking your time in a casual or informal way"
EN,nut,usually large hard-shelled seed,semen.,a typically large seed encased in a tough outer shell,an informal term for male ejaculate
EN,nutty,having the flavor of nuts,crazy.,possessing a taste that resembles that of nuts,informally used to describe someone as acting wild or eccentric
EN,o,a nonmetallic bivalent element that is normally a colorless odorless tasteless nonflammable diatomic gas; constitutes 21 percent of the atmosphere by volume; the most abundant element in the earth's crust,"""ounce"".  Used especially in reference to drugs.","A nonmetal element with two chemical bonds, typically found as a clear, odorless, tasteless, and nonflammable gas made up of two atoms. It makes up about 21% of the air by volume and is the most plentiful element in the earth’s crust.","""Ounce""—a casual term, often used informally to refer to a specific quantity of drugs."
EN,off,kill intentionally and with premeditation,leaving.,to deliberately take someone's life with prior planning,"to head out or depart, usually said in a casual or informal way"
EN,on,in operation or operational,performing well.,functioning or currently active,"doing great or really excelling, especially in an informal sense"
EN,one,the smallest whole number or a numeral representing this number,goodbye.,the lowest integer or a symbol that stands for this number,an informal way to say farewell or see you later
EN,onion,the bulb of an onion plant,an ounce of marijuana.,the edible underground part of the onion plant,a casual term used to refer to one ounce of cannabis
EN,open,a clear or unobstructed space or expanse of land or water,"interested in someone romantically.  Derived from the phrase ""nose open"", implying that one is literally smelling the object of their affection, similar to the way dogs sniff other dogs buttocks.",an area of land or water that is free from barriers or obstructions,"slang for being romantically attracted to someone; comes from the expression 'nose open,' suggesting someone is strongly drawn to another, much like how dogs sniff each other"
EN,orgasm,the moment of most intense pleasure in sexual intercourse,To suggest pleasure with the quality of an object/person.,the peak moment of sexual pleasure during intercourse,To describe something or someone as extremely enjoyable or satisfying in a casual way
EN,out,(baseball) a failure by a batter or runner to reach a base safely in baseball,excluded from something.,"In baseball, an 'out' happens when a batter or runner does not successfully make it to a base without being put out.","In casual speech, 'out' means being left out of a group or activity."
EN,outfit,any cohesive unit such as a military company,an organization.,"a unified group, such as a military unit, that functions together as a single entity","a casual term for a group or crew, often referring to an organization or team"
EN,own,have ownership or possession of,to be extremely good.,to possess something or hold legal rights to it,to perform exceptionally well or dominate in a cool or impressive way
EN,pack,a large indefinite number,verb.  To eat.,a considerable or unspecified quantity of things or people,verb. To chow down on food; to eat (used informally)
EN,pad,a number of sheets of paper fastened together along one edge,home.,a stack of paper sheets held together on one side,an informal term for someone's place of residence
EN,pansy,large-flowered garden plant derived chiefly from the wild pansy of Europe and having velvety petals of various colors,"a wuss, weak, 'gay', a word used to insult a person.  Also panzi.","A garden flower, mainly bred from the European wild pansy, known for its large, velvety petals that come in a variety of colors.","In informal speech, a term used to mock someone as being timid, weak, or effeminate; sometimes also used as an insult implying someone is 'soft' or not tough."
EN,panther,a large spotted feline of tropical America similar to the leopard; in some classifications considered a member of the genus Felis,"a black man of Negroid-Australoid descent.  Especially a black alpha male.  Based on the American, Australian and Dalit Black Panther Movements (cf. the 1995 film Panther directed by Mario Van Peebles), as well as the Black Panther character of Marvel comics (T'Challa).  Compare to panthress.This definition is questionable and is pending deletion.  It will be saved from deletion if legitimate citations are found.","A large, spotted wild cat native to tropical regions of the Americas, closely related to the leopard and sometimes classified under the genus Felis.","In informal usage, refers to a Black man of Negroid-Australoid heritage, often highlighting a dominant or 'alpha' personality. The term draws inspiration from movements like the Black Panther organizations in America, Australia, and among Dalits, as well as the Marvel superhero Black Panther. This meaning is under review and may be removed unless credible sources are provided."
EN,pants,underpants worn by women,"to pull down an individual's bottom-wear, exposing their underwear.  A form of public humiliation.",a type of underwear designed for women,"in informal use, to yank down someone's trousers in public, revealing their underwear as a prank or to embarrass them"
EN,paper,a material made of cellulose pulp derived mainly from wood or rags or certain grasses,a rolling paper.  Usually used in the plural.,"a substance produced from cellulose fibers, typically sourced from wood, rags, or certain types of grasses","an informal term for a sheet used to roll cigarettes, most often referred to in the plural as 'papers'"
EN,parlay,a series of wagers in which the winnings from one wager are used as a stake for the subsequent wagers,To chill out; sit around and shoot the shit.,A sequence of bets where the profits from each bet are reinvested as the wager for the next round.,"To hang out and relax with friends, casually chatting and passing the time in an informal way."
EN,party,an organization to gain political power,a rave.,a group formed with the purpose of achieving political authority,"an informal term for a wild dance event or large, energetic gathering"
EN,patch,a small contrasting part of something,"a small, thin strip of male chest hair that is exclusively between a man's pectoral muscles.",a small area that stands out in appearance from its surroundings,an informal term for a narrow line of chest hair found only between a guy's pecs
EN,peace,the state prevailing during the absence of war,interjection to announce one's departure.,a condition that exists when there is no conflict or warfare,an informal way to say you're leaving or signing off
EN,peach,cultivated in temperate regions,a sweet or nice person.,grown in regions with mild climates,an informal term for someone who is especially kind or pleasant
EN,peep,the short weak cry of a young bird,a person.  Usually used in the plural.,"a faint, soft sound made by a baby bird","an informal term for a person, most often used to refer to people in groups"
EN,peeper,a viewer who enjoys seeing the sex acts or sex organs of others,penis.  A childish term.,a person who takes pleasure in watching others engage in sexual activities or observing their private parts,a playful or childish slang word for the penis
EN,peg,a wooden pin pushed or driven into a surface,to hit with a thrown object.,a piece of wood used as a pin that is inserted or hammered into a surface,"to chuck something at someone or something and make contact, usually in a casual or playful way"
EN,pickled,preserve in a pickling liquid,drunk.,"to store or treat food in a solution, such as vinegar or brine, for preservation",informally used to describe someone who is intoxicated with alcohol
EN,piece,a separate part of a whole,"a graffiti mural.  (Also any single artistic expression, e.g. a composition.)",an individual segment that makes up a larger entity,"in informal terms, a 'piece' refers to a large graffiti artwork or, more broadly, any single creative work like a musical or artistic composition"
EN,pig,domestic swine,a police officer.,a domesticated animal of the swine family,an informal term used to refer to a police officer
EN,pigskin,leather from the skin of swine,an American/Canadian football.,a type of leather made from the hide of a pig,a casual term used to refer to a football in American or Canadian sports
EN,pimp,someone who procures customers for whores (in England they call a pimp a ponce),"very good, excellent; ""cool""; ""awesome"".  Also pimping.",a person who finds clients for prostitutes (referred to as a ponce in England),"informally used to describe something that is impressive, outstanding, or 'cool'; also appears as 'pimping'"
EN,pinch,a painful or straitened circumstance,to arrest.,a situation marked by hardship or difficulty,to catch and take someone into police custody (informal)
EN,pineapple,a tropical American plant bearing a large fleshy edible fruit with a terminal tuft of stiff leaves; widely cultivated in the tropics,genitalia.,"A tropical plant native to the Americas that produces a large, juicy fruit topped with a cluster of stiff leaves; commonly grown in tropical regions.","In informal language, a playful term used to refer to someone's private parts."
EN,ping,a river in western Thailand; a major tributary of the Chao Phraya,"a message (sent literally) to enquire whether someone is present via instant messaging or internet chat.  ACK is the affirmative response.  (NAK is a humorous negative response, meaning ""No, I\'m not here."")",a river located in western Thailand that serves as a significant branch of the Chao Phraya River,"an informal term for sending a quick message online or in a chat to check if someone is available; if they're there, they might reply with 'ACK,' and jokingly with 'NAK' if they're not"
EN,pink,a light shade of red,"the ""pink slip"" of a vehicle.",a pale or light version of the color red,"an informal term for a car’s official ownership document, often called a 'pink slip'"
EN,pip,a disease of poultry,"a real character; sometimes a pain in the ass.  For example, when a woman is monopolizing the conversation: ",an illness that affects chickens and other poultry,"a person who stands out for being quirky or sometimes annoying, like someone who dominates the conversation; used informally"
EN,pipe,a tube with a small bowl at one end; used for smoking tobacco,to have sexual intercourse.,"a hollow tube featuring a small chamber at one end, designed for the purpose of smoking tobacco","in informal language, to engage in sexual activity with someone"
EN,plank,a stout length of sawn timber; made in a wide variety of sizes and used for many purposes,a stupid or absent-minded person.,"A thick piece of cut wood, available in many different sizes, commonly used for various construction or practical applications.","In informal language, refers to someone who is foolish or not paying attention."
EN,plant,buildings for carrying on industrial labor,to bury a body.,facilities or structures used for industrial work or manufacturing,"to secretly dispose of a corpse by burying it, often used informally"
EN,plastered,apply a heavy coat to,extremely drunk.,to cover something with a thick layer of a substance,very intoxicated from alcohol; totally wasted
EN,plastic,generic name for certain synthetic or semisynthetic materials that can be molded or extruded into objects or films or filaments or used for making e.g. coatings and adhesives,"derogatory. General term for a fake, or in reference to a shallow person.","A broad term for various man-made or partially man-made substances that can be shaped or formed into items like films, threads, or used in products such as coatings and glues.","Informal and often negative: used to describe someone who is insincere or superficial, or to label something as fake."
EN,play,a dramatic work intended for performance by actors on a stage,sexual activity.,a theatrical piece written to be acted out by performers on a stage,a casual term for engaging in sexual relations
EN,player,a person who participates in or is skilled at some game,"a person who dates more than one person at a time, usually just for sex or other perks.  Will typically do anything to have sex with someone.  Carries a heavy negative connotation.  Usually used to describe males, but could be used to describe females who act in this manner.  Often pronounced ""playa"".",an individual who takes part in or has expertise in a particular game or sport,"someone, often a man but sometimes a woman, who casually dates multiple people mainly for sexual benefits or personal gain; usually used in a negative sense and commonly said as 'playa' in informal speech"
EN,plow,a farm tool having one or more heavy blades to break the soil and cut a furrow prior to sowing,to leave.,an agricultural implement equipped with one or more sturdy blades used to turn over soil and create furrows before planting seeds,"to take off or depart from a place, often used informally"
EN,plug,blockage consisting of an object designed to fill a hole tightly,to engage in sexual intercourse.  ,"an item specifically made to fit snugly into an opening, preventing anything from passing through","to have sex with someone, used informally in casual conversation"
EN,plumber,a craftsman who installs and repairs pipes and fixtures and appliances,The male role during the act of sexual intercourse.,"a skilled worker responsible for fitting, maintaining, and fixing pipes, fixtures, and related equipment","In informal language, refers to the man taking the active role during sex"
EN,point,a geometric element that has position but no extension,"a hypodermic needle, or anything similar.",a geometric figure that occupies a specific location but lacks any size or dimension,"an informal term for a syringe used for injections, or anything that closely resembles one"
EN,poke,tall coarse perennial American herb having small white flowers followed by blackish-red berries on long drooping racemes; young fleshy stems are edible; berries and root are poisonous,a session of sex.,"A tall, robust perennial plant native to America, recognized by its small white blossoms and clusters of dark red-black berries that hang on long, drooping stems; while the young, thick stalks can be eaten, both the berries and roots are toxic.","In informal language, refers to having sex with someone."
EN,police,the force of policemen and officers,"added to a standard English word or phrase, to form a phrase meaning people who are rigidly pedantic on the subject in question, and tend to correct others, e.g. ""grammar police""; ""poetry police"".",the organization made up of police officers and law enforcement personnel,"informally used after a topic to describe people who strictly enforce or nitpick rules about it, often correcting others, like in 'spelling police' or 'fashion police'"
EN,poop,obscene terms for feces,exclamation of disappointment.,a vulgar word used to refer to human waste,an informal expression used to show frustration or letdown
EN,pop,an informal term for a father; probably derived from baby talk,term of address for an older male.,"A casual word for one’s father, likely originating from the way young children speak.","A familiar or informal way to refer to an older man, often used in everyday conversation."
EN,pork,meat from a domestic hog or pig,police.,the flesh of a domesticated pig used as food,an informal term used to refer to police officers
EN,porker,a pig fattened to provide meat,"n  1. one who eats large quantities of food, usually junk food, very quickly.",a pig that is raised and fattened specifically for its meat,"an informal term for someone who quickly consumes a lot of food, especially unhealthy snacks"
EN,poser,a person who habitually pretends to be something he is not,"a person who pretends to be a member of a group that they are not actually a member of; ""wannabe"".  For example, by adopting the mode of dress, mannerisms, speech patterns, etc. of the group.",an individual who regularly acts as though they are someone they truly are not,"someone who fakes being part of a certain crowd or scene—like copying their style or lingo—even though they don’t actually belong; basically, a wannabe"
EN,posse,a temporary police force,a group of people.,a group of people temporarily assembled to assist law enforcement,an informal crew or bunch of friends who hang out together
EN,pot,metal or earthenware cooking vessel that is usually round and deep; often has a handle and lid,toilet.,"a deep, typically circular container made of metal or ceramic, commonly used for cooking and often equipped with a lid and a handle",an informal term used to refer to a bathroom toilet
EN,potato,an edible tuber native to South America; a staple food of Ireland,"A word women use around boys or children for use of the word ""period""","A nutritious tuber originally from South America, commonly eaten and known as a dietary staple in Ireland.",An informal term some women use when talking to boys or kids instead of directly saying 'period.'
EN,potty,a plumbing fixture for defecation and urination,a restroom.,a bathroom fixture designed for people to relieve themselves by urinating or defecating,an informal term for a bathroom or toilet
EN,pound,16 ounces avoirdupois,"of a car stereo system, to be loud.",A unit of weight equal to 16 ounces in the avoirdupois system.,"In informal speech, used to describe a car stereo that plays music at a very high volume."
EN,pressed,exert pressure or force to or upon,very upset with something or someone.,to apply pressure or force onto something or someone,feeling really annoyed or bothered about a person or situation
EN,prick,insulting terms of address for people who are stupid or irritating or ridiculous,"derisive term for a mean or unkind person; ""jerk"".  Usually used to refer to males.","an offensive way to refer to someone who is foolish, annoying, or absurd","an informal, mocking label for a cruel or unpleasant man; similar to calling someone a 'jerk'"
EN,primo,the principal part of a duet (especially a piano duet),"attractive, great, flawless; ""awesome"".  Also spelled premo.","the leading role in a duet performance, particularly in piano duets","used informally to describe something or someone as extremely cool, impressive, or perfect; also written as 'premo'"
EN,princess,a female member of a royal family other than the queen (especially the daughter of a sovereign),"a spoiled, overindulged female.","a woman belonging to a royal family who is not the queen, typically the daughter of a king or queen",an informal term for a girl or woman who acts pampered or entitled
EN,proper,marked by suitability or rightness or appropriateness,very.,"characterized by being appropriate, suitable, or correct for a particular situation","extremely or really, used informally to add emphasis"
EN,puff,a short light gust of air,a homosexual male.,"a brief, gentle burst of wind or air",an informal term used to refer to a gay man
EN,pull,the act of pulling; applying force to move something toward or with you,"To buy liquor, porn, or cigarettes for somebody under the age of 18.  Used in Saskatchewan, unknown in Alberta.",the action of exerting force to draw something closer to yourself or in your direction,"In Saskatchewan slang, to purchase alcohol, adult magazines, or cigarettes for someone who is under 18 years old"
EN,punch,(boxing) a blow with the fist,strength.,"In boxing, a strike delivered using a closed hand.","In informal speech, it means having power or impact."
EN,punk,an aggressive and violent young criminal,"a disrespectful, rude, or otherwise unpleasant person.",a young person who engages in violent or criminal behavior,"someone who acts in a rude, disrespectful, or generally annoying way, often used informally"
EN,punt,formerly the basic unit of money in Ireland; equal to 100 pence,to violently kick someone a far distance or across a large space. Somewhat like kicking an American football or rugby ball.,"Previously, the main currency of Ireland, with a value equivalent to 100 pence.","In informal speech, to forcefully kick someone so they travel a long way, similar to punting a football or rugby ball."
EN,pusher,one who intrudes or pushes himself forward,one who sells illegal drugs,a person who forces their way into situations or asserts themselves aggressively,"someone who deals illegal drugs, often referred to informally"
EN,puss,obscene terms for female genitals,face.,a vulgar word used to refer to the female genitalia,an informal or slang term for someone's face
EN,quack,an untrained person who pretends to be a physician and who dispenses medical advice,to brag about one's self.,a person without proper medical training who falsely claims to be a doctor and gives out medical advice,"to talk yourself up or boast about your achievements in a casual, informal way"
EN,quality,an essential and distinguishing attribute of something or someone; --Shakespeare,"good; excellent; ""awesome""; ""cool"".",a fundamental characteristic or feature that sets something or someone apart from others,"used informally to describe something as really great, impressive, or super cool"
EN,quarter,one of four equal parts,a quarter once (1/4 ounce) of illegal drugs.,a single section that represents one out of four identical divisions of a whole,an informal term for a quarter of an ounce (1/4 oz) of illegal substances
EN,queen,the only fertile female in a colony of social insects such as bees and ants and termites; its function is to lay eggs,"used among gay males for someone who is controlling, uncompromising","the sole reproductive female in groups of social insects like ants, bees, or termites, whose main role is to produce eggs",an informal term in gay male communities for someone who tends to be bossy or unwilling to compromise
EN,quid,the basic unit of money in Great Britain and Northern Ireland; equal to 100 pence,1 pound sterling.,"the standard monetary unit used in the United Kingdom and Northern Ireland, consisting of 100 pence",an informal term for one British pound
EN,rack,framework for holding objects,breasts.,a structure designed to support or organize items,an informal term used to refer to a woman's chest or breasts
EN,racket,a loud and disturbing noise,noise.,an extremely noisy and disruptive sound,"a lot of loud commotion or noise, said informally"
EN,rad,a unit of absorbed ionizing radiation equal to 100 ergs per gram of irradiated material,"great; ""awesome""; ""cool"".  Somewhat antiquated - more commonly used in the 1980s.  From ""radical"".","a measurement of absorbed ionizing radiation, defined as 100 ergs of energy deposited per gram of the material exposed","an informal term meaning 'excellent', 'impressive', or 'cool', especially popular in the 1980s and derived from the word 'radical'"
EN,rag,a small piece of cloth or paper,A nasty or mean female,a small fragment of fabric or a scrap of paper,an informal and derogatory term for an unpleasant or spiteful woman
EN,rage,a feeling of intense anger,a fun activity or occasion.,an extremely strong feeling of anger,"an enjoyable event or party, often used informally"
EN,rail,a barrier consisting of a horizontal bar and supports,"a line of a snortable drug, such as cocaine.","a structure made up of a horizontal bar supported by posts, used as a barrier or guard","an informal term for a row of powdered drugs, like cocaine, arranged for inhaling through the nose"
EN,raincoat,a water-resistant coat,a condom.,a coat designed to repel water and keep the wearer dry,an informal term for a condom
EN,raisin,dried grape,"an elderly person, wrinkled like a raisin.",a grape that has been dehydrated to become a dried fruit,"a casual term for an old person whose skin appears wrinkled, similar to a raisin"
EN,ram,the most common computer memory which can be used by programs to perform necessary tasks while the computer is on; an integrated circuit memory chip allows information to be stored or accessed in any order and all storage locations are equally accessible,a derogatory term for an unattractive member of the opposite sex.,"The primary type of memory in computers that programs use to carry out tasks while the system is powered on; this memory chip, known as an integrated circuit, lets data be stored or retrieved in any sequence, with every location being equally reachable.","A casual, often negative term used to describe someone of the opposite sex who is considered unattractive."
EN,random,lacking any definite plan or order or purpose; governed by or depending on chance,unexpected and surprising.,"having no specific plan, order, or intention; determined by chance rather than design",totally out of the blue or surprisingly weird in an informal way
EN,rank,a row or line of people (especially soldiers or police) standing abreast of one another,awful-smelling.,"a formation where individuals, such as soldiers or police officers, stand side by side in a straight line",used informally to describe something that has a really strong and unpleasant odor
EN,rap,a reproach for some lapse or misdeed,one's game,a criticism or accusation directed at someone for a mistake or wrongdoing,"the way someone talks or presents themselves to impress or persuade others, especially in a casual or streetwise manner"
EN,rat,any of various long-tailed rodents similar to but larger than a mouse,B.action done by a person to ruin another person life by telling on them to authorities.   C.Person that is responsible of some people incarated because they feel low themselves and want people to believe criminals are it.  D.A person that spreads diseases by attack or sexually. E.Person who betrays friendship in any way not considered a missdeed.  F.a person who tells on you to people who didn't need to know G.A adult person that dates and/or considers being friends with underage people.,"a type of rodent with a long tail, resembling a mouse but generally larger in size","B. an act where someone damages another person's life by reporting them to the authorities; C. someone who causes others to be jailed out of their own insecurity, trying to make others look worse; D. a person who spreads illnesses through attacks or sexual contact; E. someone who betrays a friend in ways that aren't necessarily illegal; F. a person who reveals your secrets to people who didn't need to know; G. an adult who seeks relationships or friendships with minors."
EN,ratchet,mechanical device consisting of a toothed wheel or rack engaged with a pawl that permits it to move in only one direction,"nasty, ghetto, or trifling.","A mechanical tool made up of a wheel or bar with teeth, paired with a catch that allows movement in just one direction.","In informal speech, used to describe someone or something as crude, low-class, or behaving in a disrespectful way."
EN,raw,informal terms for nakedness,"very good, excellent; ""cool"".",used informally to refer to being unclothed or without any clothes,"in casual speech, describes something as awesome, impressive, or really 'cool'"
EN,razor,edge tool used in shaving,"""cool""; ""awesome""; ""neat"".",a cutting instrument designed for removing hair during shaving,"an informal term used to describe something as impressive, stylish, or really cool"
EN,real,any rational or irrational number,acting true to one's self.,any number that can be expressed as either a rational or an irrational value,being genuine and staying true to who you really are
EN,rebound,a movement back from an impact,"the period of time immediately after the end of a relationship, during which time the members of the relationship are incapable of entering into a new relationship in a healthy way.",a return motion that occurs after something hits or collides with a surface,the time right after a breakup when people typically aren’t ready for a serious new relationship and might not be thinking clearly about dating
EN,recognize,accept (someone) to be what is claimed or accept his power and authority,"to understand, comprehend.",to acknowledge someone as who they claim to be or to accept their authority or status,"to get what someone means or to catch on, especially in a casual or streetwise way"
EN,red,red color or pigment; the chromatic color resembling the hue of blood,mean; spiteful; cruel.,a shade or pigment that matches the color of blood; a vivid chromatic hue known as red,"used informally to describe someone who is nasty, malicious, or acts with cruelty"
EN,reefer,marijuana leaves rolled into a cigarette for smoking,"a marijuana cigarette; ""joint"".",a cigarette made by rolling marijuana leaves to be smoked,"an informal term for a 'joint,' meaning a cigarette containing marijuana"
EN,reject,the person or thing that is rejected or set aside as inferior in quality,a disliked person.,an individual or object that has been dismissed or excluded because it is considered to be of lower quality,"someone who isn’t liked or is socially avoided, often used informally to describe an unpopular person"
EN,rep,informal abbreviation of `representative',"""reputation"".",A casual shortened form of the word ‘representative’.,"In informal speech, refers to someone’s ‘reputation’ or how they are viewed by others."
EN,retard,a person of subnormal intelligence,an unintelligent person.,an individual whose intellectual abilities are below the average standard,a term used informally to describe someone who is perceived as lacking intelligence
EN,rib,support resembling the rib of an animal,to make fun of.,a structure that acts as a support and is similar to an animal's rib,"to tease or joke around with someone in a playful, informal way"
EN,rice,grains used as food either unpolished or more often polished,"a modified, imported Japanese car.","edible cereal grains, typically polished but sometimes left unpolished, that are consumed as food","informally, a customized Japanese car that has been imported and modified"
EN,ricer,a kitchen utensil used for ricing soft foods by extruding them through small holes,"A distastefully modified vehicle, commonly of Asian origin.  Usually recognized by gratuitous display of the color yellow, performance parts stickers, large non-functional rear spoiler, extreme negative camber, 'fart tip', and lack of, or faux engine modifications.","A kitchen tool designed to press soft foods through tiny holes, turning them into small, rice-like pieces.","In informal terms, a 'ricer' refers to a car—often an Asian make—that has been excessively and tastelessly customized, typically featuring flashy paint, unnecessary decals, oversized spoilers, extreme wheel angles, loud exhausts, and fake or minimal engine upgrades."
EN,rig,gear (including necessary machinery) for a particular enterprise,a needle used to inject drugs.,equipment and machinery required for a specific task or operation,an informal term for a syringe used to inject drugs
EN,right,an abstract idea of that which is due to a person or governmental body by law or tradition or nature; ; - Eleanor Roosevelt,total.,"a general concept referring to what a person or government is entitled to receive or claim, based on law, custom, or natural principles",completely or absolutely; used informally to mean the whole thing
EN,righteous,characterized by or proceeding from accepted standards of morality or justice; - James 5:16,"perfection, the ultimate in it's category",guided by or originating from widely recognized principles of fairness or morality,"totally awesome or the best of its kind, used informally to show high praise"
EN,rim,the shape of a raised edge of a more or less circular object,"can also be used as an insult similar to ""Blow me!""",the outline or border that is slightly elevated around a circular item,"in informal speech, this term can be used as a rude remark, much like saying 'Blow me!'"
EN,ring,a characteristic sound,a telephone call.,a distinctive noise or tone,an informal term for making or receiving a phone call
EN,ringer,a person who rings church bells (as for summoning the congregation),any athlete who benefits from dishonestly conferred advantages,"an individual responsible for ringing church bells, typically to call people to gather for a service",someone in sports who unfairly gains an edge by being given advantages through dishonest means
EN,riot,a public act of violence by an unruly mob,something or someone extremely funny.,a violent disturbance in public caused by a disorderly crowd,someone or something that is hilariously entertaining or makes people laugh a lot
EN,rip,a dissolute man in fashionable society,"acronym for ""Reduction In Pay"".",a man known for leading an immoral lifestyle within elite social circles,"in casual language, an abbreviation for 'Reduction In Pay'"
EN,ripped,tear or be torn violently,muscular with extremely low body fat.,to pull apart or be split forcefully,"informally, describes someone who is very muscular and has little visible body fat"
EN,river,a large natural stream of water (larger than a creek),the last card in Texas Hold'em.,"a wide, naturally occurring flow of water, typically larger than a brook or creek","in poker, especially Texas Hold'em, the term for the final community card dealt in the game"
EN,roast,a piece of meat roasted or for roasting and of a size for slicing into more than one portion,used in response to a person making fun of another.,a cut of meat that is cooked by roasting and is large enough to be sliced into several servings,an informal reply used when someone teases or mocks another person
EN,rock,a lump or mass of hard consolidated mineral matter,"of the ""rock and roll"" genre of music.","a solid piece or chunk of naturally formed, compacted mineral material",referring to music that belongs to the energetic and informal 'rock and roll' style
EN,rook,(chess) the piece that can move any number of unoccupied squares in a direction parallel to the sides of the chessboard,"abbreviated form of ""rookie"".","In chess, a rook is a game piece that can travel any number of empty spaces in straight lines along the board's rows or columns.","Used informally, 'rook' is a shortened way of saying 'rookie,' referring to someone who is new or inexperienced."
EN,rooster,adult male chicken,"a person who wakes up early in the morning; ""early riser"".",a fully grown male chicken,someone who gets up very early in the morning; an early bird (informal)
EN,root,(botany) the usually underground organ that lacks buds or leaves or nodes; absorbs water and mineral salts; usually it anchors the plant to the ground,a session of sex.,"In botany, a root is typically the part of a plant found below the surface, without leaves, buds, or nodes, that draws in water and nutrients from the soil and generally secures the plant in place.","In informal language, 'root' refers to having sex or an instance of sexual activity."
EN,rubber,an elastic material obtained from the latex sap of trees (especially trees of the genera Hevea and Ficus) that can be vulcanized and finished into a variety of products,a condom.,"a stretchy substance derived from the latex of certain trees, such as those in the Hevea and Ficus groups, which can be processed and hardened for use in many different products",an informal term for a condom
EN,rude,socially incorrect in behavior,very cool.,displaying manners or actions that are considered improper in social settings,used informally to describe something or someone as extremely impressive or awesome
EN,rule,a principle or condition that customarily governs behavior,to be excellent.,a standard or guideline that typically directs how people act,to be really awesome or impressive (informal)
EN,rumble,a loud low dull continuous noise,a brawl.,"a deep, steady, and muffled sound that continues for a while","an informal term for a fight or physical altercation, especially among groups"
EN,rump,the part of an animal that corresponds to the human buttocks,buttocks.,the area on an animal’s body that is similar to the buttocks in humans,a casual term for someone’s rear end or backside
EN,run,a score in baseball made by a runner touching all four bases safely,a trip to acquire something.  Used with a noun.,a point in baseball earned when a player successfully rounds all the bases and returns to home plate without being put out,"an informal outing or quick trip to pick something up, usually mentioned with the item being collected"
EN,runner,someone who imports or exports without paying duties,"a promiscuous female; ""slut"".",a person who brings goods into or out of a country without paying the required customs fees,an informal term for a woman who is considered to have many sexual partners; often used as a derogatory label
EN,sack,a bag made of paper or plastic for holding customer's purchases,testicles.  Sentence implies to be masculine and not feminine.,a paper or plastic container used for carrying items bought by customers,"a casual term for a man's testicles, often used informally to refer to male attributes"
EN,safe,strongbox where valuables can be safely kept,attractive.,a secure container designed for storing valuable items safely,used informally to describe someone who looks good or is good-looking
EN,salty,engagingly stimulating or provocative,mean or disrespectful.,captivating in a way that excites or provokes interest,"acting rude or showing a disrespectful attitude, especially in a casual or informal context"
EN,sappy,"ludicrous, foolish",dramatic and emotional; cliche; often related to plots in movies and songs -- planned sadness followed by resolve; ex. most movies from the 1980s.,ridiculous or silly in a way that lacks seriousness,"overly sentimental or cheesy, especially in an exaggerated way that’s common in movies or songs—think of those predictable emotional moments, like in many 1980s films"
EN,sauce,flavorful relish or dressing or topping served as an accompaniment to food,"sexual activity up to the point of, but not including, sexual intercourse.","a tasty condiment, dressing, or topping that is added to food to enhance its flavor","an informal term for intimate physical actions that go as far as, but do not include, having sex"
EN,sausage,highly seasoned minced meat stuffed in casings,a derogatory term for a male; especially one of low intelligence level and large muscles.,"finely ground, well-seasoned meat that is packed into a casing","an informal, often insulting term for a man, typically referring to someone muscular but not very bright"
EN,savage,a member of an uncivilized people,"cool, very nice, in good quality.",an individual belonging to a society considered not to be civilized,"informally used to describe something that is impressive, awesome, or of high quality"
EN,sawbuck,a framework for holding wood that is being sawed,a ten dollar bill.,a structure designed to support logs or wood while they are being cut with a saw,an informal term used to refer to a ten-dollar bill
EN,scab,someone who works (or provides workers) during a strike,"someone who borrows things and doesn\'t expect to pay them back.  (Origin: temporary replacements for workers on strike - ""scab labor"").",a person who takes a job or supplies workers while regular employees are on strike,an informal term for someone who borrows things without intending to return or repay them
EN,scam,a fraudulent business scheme,"a fraudulent business scheme; ""swindle"".",an illegitimate enterprise designed to deceive people for financial gain,an informal term for a rip-off or trick used to cheat someone out of money
EN,scarf,a garment worn around the head or neck or shoulders for warmth or decoration,"To eat hastily, usually implies a general satisfaction with the quality of the food.","An article of clothing wrapped around the neck, shoulders, or head, typically used for warmth or as an accessory.","To quickly devour food in an informal way, often suggesting the meal is enjoyable."
EN,scat,singing jazz; the singer substitutes nonsense syllables for the words of the song and tries to sound like a musical instrument,"feces; ""poop"".","a style of jazz singing where the vocalist uses made-up syllables instead of lyrics, aiming to imitate the sounds of musical instruments",an informal term for excrement; commonly used to mean 'poop'
EN,scene,the place where some action occurs,the sphere of activity of a group of people with some shared characteristic.,the location where an event or activity takes place,a social circle or community where people with similar interests hang out or get involved
EN,schizophrenic,someone who is afflicted with schizophrenia,prone to rapidly changing one's mind.,a person who has been diagnosed with schizophrenia,someone who tends to switch their opinions or decisions very quickly and unpredictably
EN,school,an educational institution,"to strongly defeat during a competitive activity. Etymology: someone that was ""schooled"" has been ""taken to school.""  That is, taught how to do something.  And then they are badly beaten in the process.",a place where people go to receive formal education,"to completely outplay or dominate someone in a game or contest, showing them up in a way that teaches them a lesson; often used informally to describe being thoroughly beaten"
EN,scoop,the quantity a scoop will hold,a ride in a motor vehicle.,the amount that can be contained in one scoop,an informal term for getting a lift or being picked up in a car
EN,scope,an area in which something acts or operates or has power or control:,"to see, look at.","a range or domain within which something functions, influences, or holds authority",to casually check out or glance at something or someone
EN,score,a number or letter indicating quality (especially of a student's performance),"exclamation of happiness; ""yay!"".","a symbol, such as a number or letter, used to represent how well someone, like a student, has performed","an informal shout expressing excitement or satisfaction, similar to saying 'awesome!'"
EN,scrap,a small fragment of something broken off from the whole,a dirty person who looks like crap.,a tiny piece that has been separated from a larger object,an informal term for someone who appears messy or unkempt
EN,scratch,an abraded area where the skin is torn or worn off,money.  Usually a small amount.,a patch of skin that has been scraped or had its surface layer removed,"cash, typically referring to a small amount, used informally"
EN,scream,sharp piercing cry,to be strongly in agreement.,"a loud, high-pitched shout or cry",to totally agree with something in a casual or enthusiastic way
EN,screw,someone who guards prisoners,"an expression of anger.  Roughly, ""let (one) be screwed"".",a person responsible for overseeing and supervising inmates in a prison,"a casual way to show frustration or annoyance, similar to saying 'let someone get messed over'"
EN,screwed,have sexual intercourse with,in trouble or in a bad situation.,to engage in sexual activity with someone,"to be in a difficult or problematic situation, especially in an informal or casual context"
EN,scrub,dense vegetation consisting of stunted trees or bushes,"a man with no class.  For example: possessing little money, lacking in transportation, without a place to live, etc.  Popularized by the song ""No Scrubs"" on TLC\'s 1999 album FanMail.","thick growth made up of small, underdeveloped trees or shrubs","an informal term for a guy who lacks sophistication or status, often having little money, no car, or no stable home—made widely known by TLC's 1999 hit 'No Scrubs'"
EN,scud,the act of moving along swiftly (as before a gale),"an unattractive female.  ""Good from far, but far from good.""","the action of moving quickly, especially driven by strong winds","a casual term for a woman considered unattractive, often used to describe someone who looks appealing from a distance but not up close"
EN,second,1/60 of a minute; the basic unit of time adopted under the Systeme International d'Unites,a brief period of time more than a second.,"A second is the fundamental unit of time in the International System of Units, equal to one sixtieth of a minute.","In casual speech, a 'second' can just mean a short moment, often a little longer than an actual second."
EN,seed,a small hard fruit,semen.,"a small, tough-shelled fruit",an informal term for male ejaculate
EN,seedy,full of seeds,"unusual, strange, weird.",containing a large number of seeds,"informally used to describe something that feels odd, offbeat, or peculiar"
EN,serve,(sports) a stroke that puts the ball in play,To look good.,"In sports, a hit or action that starts the game by sending the ball into play.",To show off a great appearance or style; to look impressive or fashionable.
EN,session,a meeting for execution of a group's functions,a period of time during which one engages sexually with another person.,an assembly where a group comes together to carry out its activities or duties,an informal term for a stretch of time spent having sex with someone
EN,sexy,marked by or tending to arouse sexual desire or interest,impressive.,characterized by the ability to evoke sexual attraction or interest,used informally to describe something as particularly cool or impressive
EN,shack,small crude shelter used as a dwelling,to spend the night with someone.,"a simple, roughly built structure that serves as a place to live","to casually stay overnight with someone, often in an informal or intimate way"
EN,shag,a strong coarse tobacco that has been shredded,a session of sex.,"a type of robust, rough-cut tobacco that has been finely sliced",an informal term for engaging in sexual activity
EN,shake,building material used as siding or roofing,"noun: a poor-quality of marijuana, usually referring to the ""shaken-off"" weed found at the bottom of the bag, the pot dust sold at lower prices because of the high content of seeds and stems.",a type of material commonly used for covering roofs or the sides of buildings,"noun: low-grade marijuana, often made up of the small bits and crumbs that collect at the bottom of a bag, typically containing more stems and seeds and sold for less"
EN,shank,a cut of meat (beef or veal or mutton or lamb) from the upper part of the leg,a knife.,"a portion of meat, such as beef, veal, mutton, or lamb, taken from the upper leg area","an informal term for a knife, often used in casual or street language"
EN,sharp,a musical notation indicating one half step higher than the note named,"""cool"", ""phat"".",a symbol in music that raises the pitch of a note by a semitone,used informally to describe something or someone as stylish or impressive
EN,shine,the quality of being bright and sending out rays of light,To not show up to an event.,the characteristic of emitting brightness or radiating light,"To skip out on attending a gathering or event, especially in a casual or informal way"
EN,shoot,a new branch,to ejaculate.,a newly growing stem or offshoot of a plant,"to release semen during orgasm, used informally"
EN,short,the location on a baseball field where the shortstop is stationed,"out of luck; ""in the doghouse"".",the area on a baseball diamond where the shortstop player typically plays,having bad luck or being in trouble; used informally like saying someone is 'out of luck'
EN,shot,the act of firing a projectile,broken.,the action of launching or discharging a projectile,informally used to describe something that is damaged or no longer working
EN,shotgun,firearm that is a double-barreled smoothbore shoulder weapon for firing shot at short ranges,"the passenger seat in a vehicle.  Origin: the American west (i.e. during the 1800s.) The ""shotgun"" was the person that sat next to the driver of a wagon with a shotgun, watching for trouble.  When three or more people are to ride in a car, one of the non-drivers will often ""call""  shotgun, meaning that they get the privilege of riding in the passenger seat.To travel as an armed guard next to a vehicle\'s driver. Latterly, chiefly in America is to travel in a car\'s front passenger seat.  ","A shotgun is a shoulder-fired firearm with two barrels and a smooth bore, designed to shoot multiple pellets over short distances.","In informal speech, 'shotgun' refers to the front passenger seat of a car. The term comes from the Old West, where a person armed with a shotgun would ride next to the driver for protection. Today, people often shout 'shotgun' to claim this seat when riding with a group."
EN,shout,a loud utterance; often in protest or opposition,To treat someone to something.  (from New Zealand).,"a raised or forceful vocal expression, frequently used to show disagreement or objection","In informal New Zealand usage, to pay for something on someone else's behalf, like buying a round of drinks"
EN,shrapnel,shell containing lead pellets that explodes in flight,coins.,an artillery shell filled with small metal balls that bursts while airborne,an informal term for small change or coins
EN,shred,a tiny or scarcely detectable amount,"to perform an athletic sport such as surfing, skiing, or skateboarding well.",an extremely small or barely noticeable quantity,"to skillfully and impressively pull off moves in sports like surfing, snowboarding, or skateboarding (informal)"
EN,shrimping,fish for shrimp,the sexual practice of toe sucking.,"to catch or gather shrimp, typically as a form of fishing",an informal term for the act of sucking on someone’s toes during sexual activity
EN,sick,people who are sick,"great; amazing; ""cool""; ""awesome"".",individuals who are unwell or suffering from an illness,"used informally to describe something as extremely impressive, awesome, or really cool"
EN,simmer,temperature just below the boiling point,to calm down. Note: usually used to warn someone that they need to calm down.,a heat level slightly under boiling temperature,"to tell someone to relax or cool off, usually said informally when someone is getting worked up"
EN,sing,deliver by singing,"to tell the authorities details of a crime; ""rat out"".",to perform a song using one's voice,to inform the police or authorities about someone's involvement in a crime; to snitch
EN,single,a base hit on which the batter stops safely at first base,"When a married couple's children are out of town visiting Grandma for a couple of weeks, allowing parents to go out and party.",a type of hit in baseball where the batter reaches first base safely and does not advance further,when parents get to enjoy some free time and social outings because their kids are away staying with Grandma for a while
EN,sister,a female person who has the same parents as another person,form of address for a female used by a close friend.,a woman who shares both parents with another individual,"an informal way to refer to a woman, typically used by a good friend"
EN,skank,any substance considered disgustingly foul or unpleasant,"messy, run down, dilapidated.",a material or substance regarded as extremely dirty or offensive,"informally, describes something that looks shabby, untidy, or in poor condition"
EN,skate,sports equipment that is worn on the feet to enable the wearer to glide along and to be propelled by the alternate actions of the legs,to leave.,footwear designed for sports that allows a person to move smoothly over a surface by pushing off with their legs in turn,"to take off or make a quick exit, usually in a casual or informal way"
EN,skater,someone who skates,"one eighth of an ounce of marijuana.  From ""eight"" + ""skater"".  Also sk8r or sk8er.",a person who participates in skating activities,"an informal term for one-eighth of an ounce of marijuana, blending the words 'eight' and 'skater'; also spelled as sk8r or sk8er"
EN,skeet,the sport of shooting at clay pigeons that are hurled upward in such a way as to simulate the flight of a bird,"generally displeasing.  Primarily a St. Louis, MO, USA term.",A shooting sport where participants aim at clay targets launched into the air to mimic the movement of birds in flight.,"A casual term, mostly used in St. Louis, MO, to describe something or someone as unpleasant or undesirable."
EN,sketch,preliminary drawing for later elaboration,"to act excessively nervous, especially while on marijuana.",an initial drawing created as a foundation for further development,"to behave overly anxious or jittery, especially when under the influence of marijuana"
EN,sketchy,giving only major points; lacking completeness,"of questionable character, strange.",providing only the main ideas and missing details; not fully developed or thorough,informal: suspicious or odd in a way that makes you uneasy; not entirely trustworthy
EN,ski,narrow wood or metal or plastic runners used in pairs for gliding over snow,to perform a handjob on two men at the same time.,"long, slender pieces made of wood, metal, or plastic, typically used in pairs to slide across snow","in informal terms, to use your hands to sexually stimulate two men at once"
EN,skin,a natural protective body covering and site of the sense of touch,a cigarette rolling paper.,the body's natural outer layer that shields it and allows for the sensation of touch,an informal term for a paper used to roll a cigarette
EN,skirt,cloth covering that forms the part of a garment below the waist,a female.  Origin: Used mostly in the 30's and 40's. Revival of this term came during the resurgence of the swing and retro lifestyle in the late  1990's.,a piece of fabric that makes up the section of clothing worn below the waist,"an informal term for a woman, popular mainly in the 1930s and 1940s, and brought back into use during the swing and retro trend of the late 1990s"
EN,skull,the bony skeleton of the head of vertebrates,fellatio.,the bone structure that forms the head in animals with backbones,an informal term used to refer to oral sex performed on a man
EN,slab,block consisting of a thick piece of something,"street, from ""slab (large piece) of concrete.""",a solid mass made up of a thick section of material,"an informal term for the street, coming from the idea of a big chunk of pavement or concrete"
EN,slack,dust consisting of a mixture of small coal fragments and coal dust and dirt that sifts out when coal is passed over a sieve,tolerance.,"a fine mixture of coal dust, dirt, and tiny coal pieces that collects when coal is sifted through a screen","room to bend the rules or be lenient; leeway, especially in casual conversation"
EN,slam,winning all or all but one of the tricks in bridge,poetry recital.,"in bridge, the achievement of taking all or all except one of the possible tricks during a hand","an informal event where people perform spoken word poetry, often in a competitive or lively setting"
EN,slang,informal language consisting of words and expressions that are not considered appropriate for formal occasions; often vituperative or vulgar,to deal drugs.,"casual speech made up of words and phrases that are generally unsuitable for formal settings, and often include coarse or offensive language","in informal terms, to sell illegal drugs"
EN,slant,a biased way of looking at or presenting something,a person of East/Southeast Asian descent; a person with slanted eyes. ,an unfair or partial perspective in interpreting or reporting something,"an informal and offensive term used to refer to someone of East or Southeast Asian background, often based on the appearance of their eyes"
EN,slap,a blow from a flat object (as an open hand),loud music.,"a strike delivered with a flat surface, such as the palm of the hand","music that sounds especially powerful or energetic, often described in casual conversation"
EN,slash,a wound made by cutting,local slash; term for local lager or beer when in a foreign country.This definition is questionable and is pending deletion.  It will be saved from deletion if legitimate citations are found.,an injury caused by a sharp cut,"an informal term used to refer to the local beer or lager, especially when traveling abroad"
EN,sledge,a vehicle mounted on runners and pulled by horses or dogs; for transportation over snow,"to separate oneself from a female quickly due to obvious psychological problems and move on quickly for better dating prospects.  From popular comedian Tommy Sledge who say\'s ""I moved on, it\'s my job it\'s what I do.This definition is questionable and is pending deletion.  It will be saved from deletion if legitimate citations are found.","A type of transport equipped with runners, typically drawn by animals such as horses or dogs, used for traveling across snow-covered terrain.","In informal use, to quickly distance oneself from a woman due to clear mental or emotional issues, and to promptly seek better romantic opportunities—a term popularized by comedian Tommy Sledge, though its legitimacy is still under review."
EN,slick,a slippery smoothness,you out-did someone in something.,a surface that is very smooth and causes things to slide easily,"when you impressively outperform someone at something, often in a cool or skillful way"
EN,slide,a small flat rectangular piece of glass on which specimens can be mounted for microscopic study,to leave.,"a thin, rectangular glass plate used to hold samples for examination under a microscope","to take off or dip out of a place, typically in a casual or informal way"
EN,sling,a highball with liquor and water with sugar and lemon or lime juice,to sell.,"a mixed drink made with spirits, water, sweetener, and lemon or lime juice","to casually or informally sell something, often used in everyday speech"
EN,slit,a long narrow opening,female genitals,"an extended, thin gap or cut",an informal term referring to a woman's private parts
EN,slope,an elevated geological formation,an Asian person.  Derogatory.,a raised landform found in nature,an informal and offensive term used to refer to someone of Asian descent
EN,slug,a projectile that is fired from a gun,"a commuter who ""hitchhikes"" a ride with an unknown driver at a designated pickup point.  Often used to take advantage of High Occupancy Vehicle (HOV) lanes during commute hours.",a bullet or similar object shot from a firearm,"someone who informally catches a ride with a stranger at a specific spot, usually to use carpool lanes during rush hour"
EN,slut,a dirty untidy woman,a promiscuous person.,a woman who is messy and lacks cleanliness,an informal term for someone who has many sexual partners
EN,smack,a blow from a flat object (as an open hand),excellent.,"a hit delivered with a flat surface, such as the palm of a hand",informally used to describe something as really great or impressive
EN,smash,a vigorous blow,"a successful thing, especially a movie.",a forceful strike or hit,"something that’s a big hit or a major success, especially in entertainment, like a film"
EN,smoke,a cloud of fine particles suspended in a gas,a cigarette.,"a visible mass of tiny particles floating in the air, usually produced by burning something",an informal term for a cigarette
EN,snack,a light informal meal,"attractive female or male.  Quality of being a ""snack"" - snackiness.  Potential of being a ""snack"" - snackability.  Adjective forms - snacky, snackilicious.  v.  snack (as in, Man, I\'d love to snack on him for a bit!)  Variation:  n. snackycakes (pet name).","a small, casual meal typically eaten between main meals","in informal speech, a term for someone who is physically attractive; related expressions include 'snackiness' for the quality of being appealing, 'snackability' for the potential to be seen as attractive, and adjectives like 'snacky' or 'snackilicious.' The verb 'to snack' can mean to desire someone, as in 'I'd like to snack on him,' and playful variations include nicknames like 'snackycakes.'"
EN,snag,a sharp protuberance,A powwow hook up.,an object or point that sticks out sharply,an informal term for hooking up with someone at a powwow
EN,snake,limbless scaly elongate reptile; some are venomous,to steal.,"A long, slender reptile covered in scales and lacking limbs; some species possess venom.","In informal speech, to take something that doesn’t belong to you; to swipe or pilfer."
EN,snap,the act of catching an object with the hands,"an exclamation of surprise or disappointment; ""damn""; ""darn""; ""shit"".",the action of grabbing or seizing something with one's hands,"a casual exclamation used to express shock or frustration, similar to saying 'damn' or 'shoot'"
EN,snatch,a small fragment,female genitalia.,a tiny piece or portion,an informal term for a woman's private parts
EN,sneak,a person who is regarded as underhanded and furtive and contemptible,to acquire discretely.,"an individual considered to be secretive, deceitful, and deserving of disapproval",to get something on the down-low without drawing attention
EN,snipe,Old or New World straight-billed game bird of the sandpiper family; of marshy areas; similar to the woodcocks,partially smoke cigarette,"A straight-billed wading bird from either the Old or New World, belonging to the sandpiper family and typically found in wetlands; closely related to woodcocks.","In informal speech, refers to a cigarette that has already been partly smoked."
EN,snow,precipitation falling from clouds in the form of ice crystals,cocaine.,frozen water crystals that descend from the atmosphere as a type of precipitation,an informal term used to refer to the drug cocaine
EN,snowball,plant having heads of fragrant white trumpet-shaped flowers; grows in sandy arid regions,"a sexual practice where a person performs fellatio on a male until the male ejaculates, then spits the semen into the male's mouth.","A plant found in dry, sandy areas, known for its clusters of white, trumpet-shaped, and pleasantly scented flowers.","In informal terms, it refers to a sexual act where someone performs oral sex on a man until he ejaculates, then transfers the semen back into his mouth by spitting it."
EN,snowflake,a crystal of snow,A person who thinks they are perfect and unique when in fact they are not and are like everyone else.,an individual ice crystal that forms snow,"someone who believes they are exceptionally special or different, but in reality, they're just like everyone else—often used in a casual or mocking way"
EN,snuff,the charred portion of a candlewick,to punch.,the burnt end of a candle's wick,"in informal speech, to hit someone with a punch"
EN,sod,surface layer of ground containing a mat of grass and grass roots,"bastard.  From ""Sodomite"".",the uppermost layer of soil that is held together by a network of grass and its roots,"an informal, often insulting term for a person, originally derived from the word 'sodomite'"
EN,soft,yielding readily to pressure or weight,Effeminate.  Easy-going.  Repressed.  Womanly.,easily compressed or deformed when force or weight is applied,"used informally to describe someone as gentle, not tough, or showing traits considered feminine or subdued"
EN,solid,matter that is solid at room temperature and pressure,difficult.,a substance that remains in a firm state under normal room conditions of temperature and pressure,used informally to describe something that’s tough or hard to deal with
EN,son,a male human offspring,"friend; ""dude"".",a boy or man who is the child of a parent,"an informal way to refer to a buddy or guy, similar to calling someone 'dude'"
EN,sound,the particular auditory effect produced by a given cause,"good, great, fantastic, etc.",the specific noise or auditory sensation created by a certain source or action,"used informally to describe something as excellent, impressive, or really cool"
EN,sow,an adult female hog,"an overweight female.  From the non-slang definition of ""sow"": a female pig.  See also heifer.",a mature female pig,"in informal speech, a derogatory term for a woman who is considered overweight, drawing from the word's original meaning of a female pig"
EN,spade,a playing card in the major suit that has one or more black figures on it,to flirt with a person.,"a card from the main suit in a deck, marked with one or more black symbols",to casually hit on or try to attract someone in a playful way
EN,spam,a canned meat made largely from pork,off-topic messages posted to an internet forum.,a type of canned meat product that is primarily made from pork,informal term for irrelevant or unsolicited posts shared on online forums
EN,spank,a slap with the flat of the hand,really sharp and clean looking,a hit delivered with the open palm of the hand,"extremely stylish and fresh in appearance, used informally"
EN,spec,a detailed description of design criteria for a piece of work,"""specification"".",a comprehensive outline of the requirements and standards for a particular project or product,an informal way to refer to a 'specification'
EN,special,a special offering (usually temporary and at a reduced price) that is featured in advertising,"retarded, or simply unintelligent.","a limited-time deal or promotion, often advertised and sold at a lower price than usual",an informal term used to describe someone as dumb or lacking intelligence
EN,spike,a transient variation in voltage or current,to secretly put alcohol in a non-alcoholic beverage.,a brief and sudden change in electrical voltage or current,"to surreptitiously add alcohol to a drink that isn’t alcoholic, usually without others knowing"
EN,spinner,someone who spins (who twists fibers into threads),a petite female.  Origin: a woman small enough that she can be spun around while on top of a man during sex.,a person who creates thread by twisting fibers together,"an informal term for a small woman, typically referring to someone light enough to be spun around during intimate activity"
EN,spit,a narrow strip of land that juts out into the sea,"to say.  Has somewhat of a negative context, so one usually uses this term to refer to people saying things one doesn't agree with.",a thin piece of land extending out into the ocean,"to speak or express something, often used informally when someone says things you disagree with or find objectionable"
EN,spoon,a piece of cutlery with a shallow bowl-shaped container and a handle; used to stir or serve or take up food,I'm from England and Spooning is when a person male or female get down on a partners genitals front or rear and with their tongue lick them out pleasurably to ecstasy.,"An eating utensil featuring a handle attached to a shallow, rounded bowl; commonly used for scooping, serving, or mixing food.","In British slang, 'spooning' refers to the act of pleasuring a partner by using one's tongue to lick their genitals, either at the front or back, aiming to bring them intense enjoyment."
EN,spot,a point located with respect to surface features of some region,a place to hang out or party.,a specific location identified in relation to the features of a given area,an informal term for a popular hangout or party location
EN,spud,an edible tuber native to South America; a staple food of Ireland,"noun, means acting like a vegetable, dense, not too alert.","A type of edible root vegetable originally from South America, commonly recognized as a basic food source in Ireland.","Informally used to describe someone who seems slow-witted or unresponsive, as if they're spaced out like a vegetable."
EN,spyware,computer software that obtains information from a user's computer without the user's knowledge or consent,"software that lets third parties monitor a user\'s activities and personal data.  From ""spy"" + ""software"".",A type of computer program that secretly collects data from a user's device without their awareness or approval.,"A sneaky app or program that lets outsiders keep tabs on what you do and grab your private info—basically, 'spy' plus 'software.'"
EN,square,(geometry) a plane rectangle with four equal sides and four right angles; a four-sided regular polygon,"with debts settled; ""even"".","In geometry, a square is a flat shape with four sides of equal length and four right angles; it is a type of regular quadrilateral.","In informal speech, 'square' means that all accounts are balanced or that things are settled up between people."
EN,squat,exercising by repeatedly assuming a crouching position with the knees bent; strengthens the leg muscles,"anything, used in the negative to mean nothing.","a physical exercise where you repeatedly lower your body by bending your knees into a crouched stance, which helps build strength in your legs","in informal speech, refers to anything at all, but is often used in negative statements to mean absolutely nothing"
EN,squeeze,the act of gripping and pressing firmly,the primary focus of one's romantic life.,the action of holding and compressing something tightly,someone who is the main person you’re dating or romantically interested in
EN,squid,(Italian cuisine) squid prepared as food,"sucker, mark, bitch.","In Italian cooking, squid that has been prepared and served as a dish.","In informal language, a term used to describe someone who is easily taken advantage of or looked down upon."
EN,stack,an orderly pile,thousand dollars.,a neatly arranged group of items placed on top of each other,a casual term for a sum of one thousand dollars
EN,stacked,load or cover with stacks,large breasted.,to pile or arrange items in stacks or layers,"informally describes someone, usually a woman, as having a noticeably large chest"
EN,stallion,uncastrated adult male horse,"an extremely handsome, well built man - usually a stripper - whose body is in great shape. A perfect ""10"".Meaning that his body makes a woman want to fantasize about riding him sexually like a horse. body literally looks like a race horse.The word ""thoroughbred"" refers to a woman in this same way.",an adult male horse that has not been castrated,"a very attractive and muscular man—often a stripper—whose physique is so impressive that women are drawn to him sexually, similar to how a racehorse looks strong and powerful; the term 'thoroughbred' is used for women in a similar way"
EN,steal,an advantageous purchase,to hit someone (usually in the face).,a deal where something is bought at a remarkably good price,"to punch someone, typically in the face, in a casual or streetwise way"
EN,steamer,a clam that is usually steamed in the shell,"feces; ""turd"".",a type of clam that is typically cooked by steaming it while still in its shell,an informal term used to refer to a piece of excrement or a 'poop'
EN,steaming,travel by means of steam power,very drunk.,to move or travel using a vehicle powered by steam,extremely intoxicated from alcohol; very wasted (informal)
EN,stem,(linguistics) the form of a word after all affixes are removed,"acronym for ""science, technology, engineering, and mathematics"".","In linguistics, it refers to the base part of a word that remains once all prefixes and suffixes have been taken away.","Used informally, 'STEM' stands for the fields of science, technology, engineering, and math."
EN,step,any maneuver made as part of progress toward a goal,"to ""step up"" to a fight.",an action taken as part of making progress toward achieving something,"to confront someone or get ready to fight, usually in a bold or challenging way"
EN,stewed,be in a huff; be silent or sullen,drunk.,"to remain quiet or withdrawn, often due to annoyance or displeasure","informally, to be heavily intoxicated with alcohol"
EN,stick,an implement consisting of a length of wood,a person who lives in a rural area.,a tool or object made from a piece of wood that is long and narrow,an informal term for someone who comes from the countryside
EN,stink,a distinctive odor that is offensively unpleasant,a commotion.,a strong smell that is notably unpleasant or offensive,an informal term for a noisy fuss or uproar
EN,stole,a wide scarf worn about their shoulders by women,"to punch or attack, typically with no prior warning. Also stole on.","a broad piece of fabric draped over the shoulders, commonly worn by women as a scarf","to hit or physically confront someone suddenly, often without any warning; also used as 'stole on' in casual speech"
EN,stone,a lump or mass of hard consolidated mineral matter,complete or completely; wholly; perfect or perfectly.,a solid piece or chunk of naturally occurring mineral material that has hardened,"used informally to mean totally, absolutely, or in a flawless manner"
EN,stoner,an attacker who pelts the victim with stones (especially with intent to kill),a person who frequently smokes marijuana.,"a person who attacks someone by throwing stones at them, often with the intention to cause serious harm or death","someone who often uses marijuana, especially in casual or laid-back settings"
EN,straight,a heterosexual person; someone having a sexual orientation to persons of the opposite sex,fine; okay.,an individual who is attracted to people of the opposite gender; a person whose sexual orientation is heterosexual,used informally to mean all right or satisfactory
EN,strap,an elongated leather strip (or a strip of similar material) for binding things together or holding something in position,to carry a firearm.,"a long, narrow piece made of leather or a similar material, used to fasten items together or secure something in place","to have a gun on you; to be carrying a firearm, often used informally"
EN,strawberry,sweet fleshy red fruit,"a prostitute, or one who sells or barters sexual services.","a juicy, red fruit known for its sweetness and soft texture",an informal term for someone who exchanges sexual favors for money or goods
EN,stretch,a large and unbroken expanse or distance,a period of time.,"an extensive, continuous area or length without interruption",an informal way to refer to a span or stretch of time
EN,stroll,a leisurely walk (usually in some public place),"an area, such as a particular street, where prostitutes solicit customers.","a relaxed walk, often taken in a public area","a spot, like a certain street, where sex workers hang out to find clients (informal)"
EN,strop,a leather strap used to sharpen razors,a temper tantrum.,a strip of leather used for honing the edge of a razor blade,"an outburst of anger or a fit, usually expressed in an informal or exaggerated way"
EN,stuff,the tangible substance that goes into the makeup of a physical object,The male or female genitalia.,the physical material that forms or composes an object,an informal term used to refer to a person's private parts
EN,stump,the base part of a tree that remains standing after the tree has been felled,to leave a person without an answer.,the lower portion of a tree that is left behind after the main trunk has been cut down,to put someone on the spot so they can’t come up with a response
EN,stunt,a difficult or unusual or dangerous feat; usually done to gain attention,to show off.  Even if a chain you have on isn't real you can still stunt or be a stunna.,"An impressive, risky, or unusual action performed mainly to attract notice.","To flaunt or display something in a flashy way, often to impress others, regardless of whether it's genuine; commonly used informally."
EN,sucker,a person who is gullible and easy to take advantage of,an imbecile.,an individual who is easily deceived or manipulated by others,"a fool or dummy, used informally to describe someone acting stupid"
EN,sugar,a white crystalline carbohydrate used as a sweetener and preservative,name for an attractive friend,"a sweet, white, crystalline substance made from carbohydrates, commonly used to flavor foods and preserve them",an informal term for a good-looking or charming friend
EN,sup,a small amount of liquid food,"a greeting, similar to ""What\'s going on?""  A shortened version of ""What\'s up?""",a small portion of liquid food or drink,"an informal way to say hello or ask 'What's up?', commonly used as a casual greeting"
EN,super,a caretaker for an apartment house; represents the owner as janitor and rent collector,"a landlord.  From ""superintendent"".","An individual responsible for managing an apartment building, handling maintenance duties and collecting rent on behalf of the property owner.","In casual speech, refers to a landlord, short for 'superintendent.'"
EN,superman,a person with great powers and abilities,a talented man.,an individual who possesses extraordinary strength or abilities,an impressive guy who’s really skilled at what he does
EN,swag,valuable goods,"an approximation or educated guess.  Acronym of ""scientific wild-assed guess.""  Contrast with the less-precise ""wag"" (wild-assed guess).",items or property of significant worth,"a casual or informal term for a reasoned estimate, often used as shorthand for 'scientific wild-assed guess' and considered more precise than a simple 'wag' (wild-assed guess)"
EN,swagger,an itinerant Australian laborer who carries his personal belongings in a bundle as he travels around in search of work,"a person's style, attitude, general demeanor.","An Australian worker who moves from place to place, carrying his belongings in a bundle while seeking employment.","The cool or confident way someone carries themselves, including their look, vibe, or attitude."
EN,swallow,a small amount of liquid food,to swallow a man's ejaculate during oral sex.,a small portion of liquid or food that is taken in at one time,"in informal terms, to ingest a man's semen during oral sex"
EN,sway,controlling influence,To hit with great force; knock out,the power to direct or affect the actions or decisions of others,"to strike someone really hard, often knocking them out"
EN,sweat,salty fluid secreted by sweat glands,to worry. Also sweat it.,a salty liquid produced by the body's sweat glands,to feel anxious or stressed out; also used informally as 'sweat it'
EN,sweet,English phonetician; one of the founders of modern phonetics (1845-1912),"good, excellent, fun; ""cool"".","An English linguist and phonetician who played a key role in establishing modern phonetics, lived from 1845 to 1912.","Used informally to describe something as really cool, enjoyable, or impressive."
EN,swell,the undulating movement of the surface of the open sea,"good, cool.",the rolling motion found on the surface of the open ocean,used informally to describe something as impressive or awesome
EN,swish,a brushing or rustling sound,to walk effeminately.,a soft noise resembling the sound of something being brushed or moved gently,"to move or strut in a noticeably feminine way, often used informally"
EN,switch,control consisting of a mechanical or electrical or electronic device for making or breaking or changing the connections in a circuit,when a person normally speaks in a certain manner but then switches to the colloquial style with whom he or she is currently conversing.,"A device, either mechanical, electrical, or electronic, used to open, close, or alter the flow of connections within a circuit.",When someone usually talks in a particular way but changes to a more informal or casual style to match the way the people around them are speaking.
EN,ta,a hard grey lustrous metallic element that is highly resistant to corrosion; occurs in niobite and fergusonite and tantalite,"""thank you.""  Used predominantly in the UK and Australia.","A shiny, hard, gray metal element known for its strong resistance to corrosion; it is typically found in minerals such as niobite, fergusonite, and tantalite.","""Thank you."" An informal expression mainly used in everyday conversation in the UK and Australia."
EN,tab,the bill in a restaurant,A fat girl. Tilt ass bitch. The ones that lower your car when they get in.,the total amount owed for food and drinks at a dining establishment,"A casual, derogatory term used to describe an overweight woman, often implying she is so heavy that she affects the height of a car when getting in."
EN,taco,(ethnic slur) offensive term for a person of Mexican descent,a vulva.,a derogatory expression used to refer to someone of Mexican heritage,an informal slang term used to describe the female genitalia
EN,tag,"a label written or printed on paper, cardboard, or plastic that is attached to something to indicate its owner, nature, price, etc.",Wow!,"a piece of paper, cardboard, or plastic attached to an item to show information such as its owner, description, or price",An informal exclamation used to express surprise or amazement
EN,tail,the posterior part of the body of a vertebrate especially when elongated and extending beyond the trunk or main part of the body,attractive females.,"the hind section of a vertebrate’s body, particularly when it is lengthened and projects past the main torso","in informal language, a term used to refer to women considered physically attractive"
EN,taint,the state of being contaminated,perineum.,a condition in which something has been polluted or spoiled,an informal term for the area between the genitals and the anus
EN,talent,natural abilities or qualities,attractive women and/or men.,innate skills or characteristics that a person possesses,a casual term for good-looking guys or girls
EN,tank,an enclosed armored military vehicle; has a cannon and moves on caterpillar treads,"to overcome, to conquer.If used reflexively, may take on opposite meaning, as in:",A heavily protected military vehicle equipped with a large gun and traveling on continuous tracks.,"In informal speech, to 'tank' means to beat or dominate something; when used about oneself, it can sometimes mean the opposite, like failing badly."
EN,tap,the sound made by a gentle blow,to have sex with.,a noise produced by a light or soft strike,to hook up with someone sexually (informal)
EN,tart,a woman who engages in sexual intercourse for money,"A person, usually female, that is a show-off or just a stupid bimbo.",a woman who has sex in exchange for payment,"In informal language, someone—typically a woman—who acts in a flashy way or is seen as foolish and superficial."
EN,tasty,pleasing to the sense of taste,"really good, attractive, or just cool.",delightful or enjoyable to the taste buds,"awesome, appealing, or impressively cool in a casual way"
EN,tax,charge against a citizen's person or property or activity for the support of government,to make a person pay.,"a required payment imposed on an individual’s income, property, or activities to help fund government operations","to make someone cough up money, especially in an informal or streetwise context"
EN,teach,an English pirate who operated in the Caribbean and off the Atlantic coast of North America (died in 1718),form of address for a teacher.,"an English pirate, active in the Caribbean Sea and along the Atlantic shores of North America, who died in 1718","a casual way to refer to a teacher, used informally as a nickname"
EN,tender,something that can be used as an official medium of payment,Very cool.,an item that is officially accepted as a means of paying for goods or services,"extremely awesome or impressive, used informally"
EN,thick,the location of something surrounded by other things,having a nice body.  Usually used towards females.,the position of an object being enclosed or surrounded by other objects,"describing someone, often a woman, as having an attractive and curvy figure; commonly used informally"
EN,thing,a special situation,a penis.,an unusual or noteworthy circumstance,a casual term used to refer to the male genitalia
EN,thirsty,needing moisture,desperate.,lacking water and requiring hydration,"eager or overly keen in a way that shows strong desire, often used informally"
EN,thump,a heavy dull sound (as made by impact of heavy objects),"to strike with great force, as in a punch.","a deep, muffled noise produced when something heavy hits another object","to hit someone or something very hard, especially with your fist, in an informal or forceful way"
EN,tight,closely constrained or constricted or constricting,"very good, excellent; ""cool""; ""awesome"".","held or pressed together firmly, leaving little or no space in between","informally used to describe something as impressive, outstanding, or really cool"
EN,tilt,a combat between two mounted knights tilting against each other with blunted lances,"house, apartment, home, place you live.",a contest where two knights on horseback face off using blunted lances,"a casual term for where someone lives, like their house or apartment"
EN,tin,a silvery malleable metallic element that resists corrosion; used in many alloys and to coat other metals to prevent corrosion; obtained chiefly from cassiterite where it occurs as tin oxide,badge carried by law enforcement officials.,"A shiny, flexible metal element known for its resistance to rust; commonly used in various metal mixtures and for coating other metals to protect them from corrosion. It is mainly sourced from the mineral cassiterite, where it is found as tin oxide.",An informal term for a police officer's badge.
EN,ting,a light clear metallic sound as of a small bell,"""thing"".","a sharp, bright, metallic ringing noise similar to that made by a small bell","an informal way of saying 'thing', often used in casual conversation"
EN,tip,the extreme end of something; especially something pointed,"the glans (""head"") of the penis.","the farthest point or very end of an object, often one that is narrow or comes to a point","in informal language, refers to the head or rounded end of the penis"
EN,tipsy,slightly intoxicated,drunk.,experiencing a mild level of drunkenness,"wasted or heavily buzzed from drinking, in a casual or informal sense"
EN,tit,either of two soft fleshy milk-secreting glandular organs on the chest of a woman,"breast.  Likely from the word ""teat.""","one of the pair of soft, glandular organs located on a woman's chest that produce milk","an informal term for a woman's breast, probably derived from the word 'teat'"
EN,toaster,someone who proposes a toast; someone who drinks to the health of success of someone or some venture,an underpowered computer.,"a person who raises a glass and offers a toast, celebrating or wishing well for someone or something",a casual term for a computer that lacks power or is very slow
EN,tongue,a mobile mass of muscular tissue covered with mucous membrane and located in the oral cavity,to French kiss.,"a flexible bundle of muscle tissue, lined with a mucous membrane, found inside the mouth","to engage in French kissing; to kiss someone deeply with tongues, in an informal or playful way"
EN,toolbox,a box or chest or cabinet for holding hand tools,"a group of ""tools.""","A container, such as a box, chest, or cabinet, designed for storing hand tools.",An informal term referring to a collection of people considered 'tools.'
EN,toot,a blast of a horn,"to flatulate; ""fart"".  Childish.","a short, sharp sound produced by blowing a horn",to let out a fart; used as a playful or childish term
EN,top,the upper part of anything,"great; excellent; ""awesome"".",the highest section or surface of an object,informally used to describe something as really impressive or outstanding
EN,torch,a light usually carried in the hand; consists of some flammable substance,to over-apply flame to,A handheld source of light made from a material that burns easily.,"To use too much fire on something, often said in a casual or informal way."
EN,tosser,terms of abuse for a masturbator,"a general insult; ""jerk"", ""asshole"".  Literally: one who masturbates.  See toss.",an insulting term used to describe someone who engages in masturbation,a casual and informal insult meaning 'idiot' or 'jerk'; originally refers to a person who masturbates
EN,total,the whole amount,to wreck a vehicle such that repairs would cost more than the value of the (unwrecked) vehicle.,the complete sum or entirety of something,to smash up a car so badly that fixing it would cost more than what the car is worth
EN,track,a line or route along which something travels or moves,a place where prostitutes gather to find clients.,a path or course that something follows or moves along,an informal term for an area where sex workers typically gather to look for customers
EN,trap,a device in which something (usually an animal) can be caught and penned,a place where illegal drug transactions take place.  Generally considered to be the ghetto or a specific place in the ghetto like a certain corner or parking lot of a store.  Most often linked but not limited to the sale of crack/cocaine.,"a mechanism designed to capture and confine something, most often an animal","an informal term for a spot, typically in a low-income neighborhood, where illegal drugs are bought and sold, such as a specific street corner or store parking lot, often associated with the sale of crack or cocaine"
EN,trash,worthless material that is to be disposed of,a low-class person.,materials or items considered useless and meant to be thrown away,"an insulting, informal term for someone viewed as having low social status or poor character"
EN,treat,something considered choice to eat,to get talked about or put down badly,a food item regarded as especially delicious or desirable,to be the subject of harsh criticism or negative gossip in a casual or informal way
EN,tree,a tall perennial woody plant having a main trunk and branches forming a distinct elevated crown; includes both gymnosperms and angiosperms,a large penis.,"A tree is a perennial plant with a woody stem that grows upright, featuring a single main trunk and branches that create a raised, noticeable crown; this term applies to both gymnosperms and angiosperms.","In informal language, 'tree' is used to refer to a very large penis."
EN,trick,a cunning or deceitful action or device,cool.,a clever or dishonest method or tool used to deceive someone,used informally to describe something impressive or awesome
EN,trill,a note that alternates rapidly with another note a semitone above it,"extremely cool; awesome to see; very enjoyable; ""eye candy"".",a musical tone that quickly switches back and forth with another note that is one semitone higher,"super impressive or really fun to look at; something that's totally cool or visually appealing in a casual, informal way"
EN,trip,a journey for some purpose (usually including the return),the period of time during which a person is under the influence of LSD.,"a journey taken for a specific reason, typically involving traveling to a destination and then returning",the time someone spends experiencing the effects of LSD or a similar hallucinogenic drug
EN,troll,(Scandanavian folklore) a supernatural creature (either a dwarf or a giant) that is supposed to live in caves or in the mountains,an unattractive female or one with a bad reputation.,"In Scandinavian legends, a troll is a mystical being—sometimes depicted as a giant or a dwarf—that is believed to dwell in mountains or caves.","In informal language, 'troll' can refer to a woman considered unattractive or who has a negative reputation."
EN,trooper,a soldier in a motorized army unit,one who handles adversity well,a member of a military unit that operates vehicles as part of an armed force,"someone who gets through tough situations with a positive attitude, as people often say informally"
EN,trump,a playing card in the suit that has been declared trumps,"to flatulate; ""break wind"".",a card belonging to the suit chosen as the trump suit in a card game,to pass gas; used informally to mean 'fart'
EN,tug,a sudden abrupt pull,a session of masturbation.,a quick and forceful yank or pull,an informal term for the act of masturbating
EN,tunnel,"a passageway through or under something, usually underground (especially one for trains or cars)",to defraud with large gains.  Also tunnel out.,"an underground or covered route that passes through or beneath something, often built for vehicles like trains or cars",to cheat someone out of a significant amount of money; also used as 'tunnel out' in informal speech
EN,turf,surface layer of ground containing a mat of grass and grass roots,"the area claimed by a person, group, gang, etc.",the upper layer of soil that includes grass and its roots bound together,an informal term for the territory or space that someone or a group considers their own
EN,turkey,large gallinaceous bird with fan-shaped tail; widely domesticated for food,an African American who is confused about their ethnic heritage.  Derogatory.  From the animal turkey having both dark and light meat.  Eventually incorporated into general slang as a clueless person.,"A large bird known for its broad, fanned tail, commonly raised and farmed for its meat.","In informal speech, originally a derogatory term for an African American uncertain about their cultural roots—drawing on the turkey’s mix of dark and light meat—later used more broadly to describe someone seen as foolish or clueless."
EN,tweak,a squeeze with the fingers,crystal methamphetamine.,a pinch or gentle press made using the fingers,an informal term for the drug crystal meth
EN,tweed,thick woolen fabric used for clothing; originated in Scotland,"marijuana.  From ""weed"".","a sturdy, wool-based textile commonly used for garments, originally developed in Scotland","an informal term for cannabis, derived from the word 'weed'"
EN,twisted,"to move in a twisting or contorted motion, (especially when struggling)","sadistic; ""messed up"".","to move with a writhing or spiraling motion, often while resisting or struggling",cruel or seriously disturbed; really messed up (informal)
EN,twitter,a series of chirps,"the perineum.  From, ""The skin between your twat and your shitter.""","a sequence of short, high-pitched bird sounds","informally, refers to the area of skin between the genitals and the anus, often described using crude language"
EN,use,the act of using,to habitually take a drug or drink alcohol.,the process of employing something for a particular purpose,"to regularly consume drugs or alcohol, especially as part of a habitual routine"
EN,vanilla,any of numerous climbing plants of the genus Vanilla having fleshy leaves and clusters of large waxy highly fragrant white or green or topaz flowers,"bland, boring, normal.","any of various climbing plants belonging to the genus Vanilla, characterized by thick leaves and clusters of large, waxy flowers that are white, green, or topaz in color and emit a strong fragrance","informally used to describe something as plain, unexciting, or just typical"
EN,vexed,"cause annoyance in; disturb, especially by minor irritations",very angry.,"to irritate someone or bother them, often through small or repeated annoyances",extremely mad or pissed off
EN,vicious,(of persons or their actions) able or disposed to inflict pain or suffering,"Awesome, cool, wicked sweet.",Describes people or their behaviors that are likely to cause harm or suffering to others.,"Used informally to describe something that is extremely impressive, cool, or awesome."
EN,viper,venomous Old World snakes characterized by hollow venom-conducting fangs in the upper jaw,archaic term for a marijuana smoker.  Originated among black jazz musicians of the 1930s.,"poisonous snakes native to the Old World, notable for having upper jaws equipped with hollow fangs that deliver venom","an old-fashioned slang term, once used by black jazz musicians in the 1930s, to refer to someone who smokes marijuana"
EN,virgin,a person who has never had sex,inexperienced or having never experienced something.,an individual who has not engaged in sexual activity,someone who hasn’t tried or done something before; used informally to mean lacking experience in a particular area
EN,wad,a small mass of soft material,"A large amount of paper money, usually in a wallet or pants pocket.  Sometimes referred to as ""a wad of dough.""",a compact lump made from a soft substance,"an informal term for a thick stack of cash, often carried in a wallet or pocket"
EN,wasted,spend thoughtlessly; throw away,extremely drunk.,to use resources or time carelessly or without consideration,very informal: to be heavily intoxicated by alcohol
EN,way,how something is done or how it happens,very.,the manner in which an action is performed or an event takes place,used informally to mean 'extremely' or 'really'
EN,weak,wanting in physical strength,inadequate or displeasing.,lacking physical power or muscular strength,"not good enough or kind of lame, especially in a casual way"
EN,well,a deep hole or shaft dug or drilled to obtain water or oil or gas or brine,"""very"".","an excavated or bored vertical cavity used to access resources such as water, oil, gas, or brine from underground",an informal way to say 'very' or 'extremely' in casual conversation
EN,wet,wetness caused by water,"very good, excellent; ""cool"".",the state of being moistened or saturated with water,"used informally to describe something as impressive, awesome, or really 'cool'"
EN,whatever,one or some or every or all without specification,"Used for almost anything anymore.  (1) ""I don\'t care,""  (2) ""Yeah right! (sarcasm)""  (3) Tacked at the end of a listing of things, like etc.","Refers to any, some, each, or all items or people, without identifying specifics.","A casual term used in informal speech for various purposes, such as expressing indifference (like saying 'I don't mind'), showing sarcasm ('sure, whatever you say'), or adding at the end of a list to mean 'and so on.'"
EN,whiff,a short light gust of air,"while playing a sport, to miss the ball / puck.","a brief, gentle movement of air","in sports, to swing at and completely miss the ball or puck"
EN,whip,an instrument with a handle and a flexible lash that is used for whipping,a car.,"A tool consisting of a grip and a long, flexible cord or strip, designed for striking or lashing.","In informal language, 'whip' is used to refer to a car."
EN,whipped,beat severely with a whip or rod,extremely obedient to one's significant other.  Also pussy-whipped.,to strike someone harshly using a whip or stick,"informally, describes someone who is overly submissive or controlled by their romantic partner"
EN,white,a member of the Caucasoid race,cocaine.,an individual belonging to the Caucasian racial group,an informal term used to refer to the drug cocaine
EN,whore,a woman who engages in sexual intercourse for money,"a greeting, usually between males.",a female who has sex in exchange for payment,an informal way for guys to say hello to each other
EN,wicked,morally bad in principle or practice,"very good, excellent; ""cool""; ""awesome"".",having principles or actions that are morally wrong or evil,"used informally to describe something as extremely impressive, cool, or outstanding"
EN,wig,hairpiece covering the head and made of real or synthetic hair,Head.,"An artificial covering for the scalp, made from either natural or synthetic hair.",A casual term used to refer to someone's head.
EN,win,a victory (as in a race or other competition),some amount of a good thing.  Contrast with fail.,an achievement of first place or success in a contest or competition,"something positive or desirable; used informally to describe a good outcome, as opposed to a failure"
EN,wired,provide with electrical circuits,"under the influence of stimulants, e.g. caffeine or methamphetamines.",to equip something with electrical wiring or connections,feeling extremely energetic or hyper because of taking stimulants like caffeine or drugs
EN,wizard,someone who is dazzlingly skilled in any field,interjection used to indicate that something is cool.  Originated in Britain.  Popularized in modern slang by the movie Juno.,a person who demonstrates exceptional talent or expertise in a particular area,"an informal exclamation used to express that something is impressive or awesome, especially in British slang and made more widely known by the film Juno"
EN,wood,the hard fibrous lignified substance under the bark of trees,an erection.,"the tough, fibrous material found beneath a tree's bark",a casual term for when a man has a penile erection
EN,woody,made of or containing or resembling wood,An Erection.,"consisting of, containing, or similar in appearance to wood",a casual term for when a man has an erection
EN,word,a unit of language that native speakers can identify,seriously.,a recognizable segment of language that speakers of a language can distinguish,used informally to express agreement or confirm that something is true
EN,work,activity directed toward making or doing something,"to be put down, insulted",an action or effort aimed at producing or accomplishing something,to be mocked or disrespected in a casual or joking way
EN,wow,a joke that seems extremely funny,"an exclamation of delight, surprise or amazement.",a humorous remark that is found to be very amusing,"an informal shout or expression used when someone is really impressed, surprised, or excited"
EN,wrecked,smash or break forcefully,severely under the influence of drugs.,to destroy or damage something with great force,"extremely intoxicated by drugs, in a very informal sense"
EN,y,a silvery metallic element that is common in rare-earth minerals; used in magnesium and aluminum alloys,"""yes"".  Used in text-based communication such as instant messaging.","a shiny, metallic element frequently found in rare-earth ores, often added to magnesium and aluminum to create alloys","""y"" is an informal way to say ""yes"" in online chats or text messages."
EN,yahoo,a person who is not very intelligent or interested in culture,a weird person.,someone who lacks intelligence or appreciation for culture,"an odd or quirky person, used in a casual or informal way"
EN,yale,a university in Connecticut,Cocaine. Because students at Yale University are presumably rich and can afford to buy cocaine.,an institution of higher learning located in the state of Connecticut,"an informal term for cocaine, based on the stereotype that Yale University students are wealthy enough to purchase it"
EN,yam,edible tuber of any of several yams,slam dunking in the sport of basketball; to jam; throw down.,a starchy root vegetable produced by various species of yam plants that is suitable for eating,"an informal term in basketball meaning to forcefully dunk the ball, often referred to as jamming or throwing it down"
EN,yap,informal terms for the mouth,mouth.,an informal way to refer to the mouth,a casual or slang term for someone’s mouth
EN,yard,a unit of length equal to 3 feet; defined as 91.44 centimeters; originally taken to be the average length of a stride,one hundred dollars.,"A yard is a measurement of distance equal to three feet, or 91.44 centimeters, and was originally based on the typical length of a single step.","In informal language, 'yard' is used to refer to an amount of one hundred dollars."
EN,yawn,an involuntary intake of breath through a wide open mouth; usually triggered by fatigue or boredom,spoken to indicate something is boring.,"a spontaneous deep breath taken with the mouth stretched open, often occurring when someone feels tired or uninterested",a casual way to say that something is dull or unexciting
EN,yea,an affirmative,"spelling variant of ""yeah"".",a word used to express agreement or approval,an informal way of spelling 'yeah' in casual conversation
EN,yellow,yellow color or pigment; the chromatic color resembling the hue of sunflowers or ripe lemons,any of a number of drugs whose capsules / pills are yellow in color.,a shade or pigment that matches the bright color seen in sunflowers or ripe lemons,"an informal term for pills or capsules that are yellow in appearance, often referring to certain types of drugs"
EN,young,any immature animal,Small or tight fitting clothes,a creature that has not yet reached maturity,informal term for clothing that is especially snug or very small
EN,z,the ending of a series or sequence; --Revelation,"In the example sentence, a ""z-bag"" is a bag containing an ounce of something - marijuana in this case.",the final part or conclusion of a sequence or list; the last stage,"In casual speech, a 'z-bag' refers to a bag that holds an ounce of something, typically marijuana."
EN,zen,school of Mahayana Buddhism asserting that enlightenment can come through meditation and intuition rather than faith; China and Japan,"to be at peace... back to wholeness, so to speak.","A branch of Mahayana Buddhism, found in China and Japan, that teaches spiritual awakening is achieved through meditation and personal insight rather than through religious belief.","Feeling totally calm and centered, like you've got your balance back and everything's chill again."
EN,zip,a quantity of no importance,anything.,something that holds no significance or value,"a casual term for any object or thing, used informally"
EN,zoned,regulate housing in; of certain areas of towns,"very intoxicated; spacey.  Also zoned out.  A ""zone trooper"" is someone apt to be in this state.",to designate specific areas within a city or town for particular types of housing through official regulations,"extremely drunk or high; feeling out of it or disconnected, often described as 'zoned out.' Someone who often feels this way might be called a 'zone trooper.'"
RU,абзац,Paragraph,Total disaster; a complete mess; something has gone terribly wrong.,A section of writing that starts on a new line and usually deals with a single idea or topic.,A slang term for a situation that's gone completely wrong or turned into chaos.
RU,абрек,A mountain outlaw or bandit from the Caucasus region.,"Person from the Caucasus region, often used to refer to someone from the North Caucasus, sometimes with connotations of being a bandit or outlaw.",A bandit or outlaw originating from the mountainous areas of the Caucasus.,"A casual term for someone from the Caucasus, especially the North Caucasus, often implying they're a troublemaker or criminal."
RU,автозак,Automobile for transporting prisoners.,Prisoner transport van,A vehicle designed specifically for carrying detainees or individuals in custody.,A cop van used to haul people who've been arrested.
RU,автоксива,Driver’s license,Driver’s license,An official permit that allows a person to legally operate a motor vehicle.,"A casual term for a driver’s license, often used informally among friends."
RU,ага,A type of tick (parasitic arachnid).,"Yeah, right. Sign of agreement or confirmation.",A small arachnid parasite commonly known as a tick.,An informal way to say 'yes' or to show agreement in casual conversation.
RU,адназначна,Unambiguously,Absolutely; definitely; for sure.,In a way that leaves no room for doubt or misinterpretation.,Totally; no question about it; 100% for real.
RU,адстой,Sediment,"crap, garbage, bullshit",The solid particles that settle at the bottom of a liquid.,"A casual way to refer to something as worthless, terrible, or complete nonsense."
RU,акробат,Acrobat.,Passive homosexual.,A performer skilled in acrobatic feats or gymnastic stunts.,"In informal language, refers to a man who takes the passive role in a homosexual relationship."
RU,албанский,"Albanian (relating to Albania or its people, language, or culture)","A deliberately distorted or humorous form of Russian internet slang, often used to mock language mistakes or playful misspellings online.","Albanian, describing something that pertains to Albania, its citizens, language, or cultural traditions.","A playful and informal style of Russian internet slang that intentionally distorts words, often to poke fun at language errors or to create humorous misspellings online."
RU,алик,A diminutive form of the male given name Alexander.,Alcoholic.,"A shortened, affectionate version of the male first name Alexander.","In informal speech, refers to someone who habitually drinks alcohol; an alcoholic."
RU,алкаш,Alcoholic,Drunkard.,A person who suffers from alcohol addiction.,A casual term for someone who often gets drunk or drinks heavily.
RU,аллора,"Then, so, well (used as a filler word in Italian conversation).","Spic, wog, Italian (used derogatorily for Italians or Mediterranean foreigners, especially those trading illegally).","A conversational filler in Italian, similar to 'then', 'so', or 'well', often used to pause or transition during speech.","An informal and offensive term used to refer to Italians or people from the Mediterranean, especially those involved in shady business or illegal trade."
RU,амара,Amara is a female given name.,"Whore, prostitute",Amara is a name commonly used for girls.,"In informal speech, 'амара' can refer to a woman who sells sex or is called a whore."
RU,америкосы,"Americans, citizens of the United States of America.","Yankees, citizens of the United States of America.",People from the United States of America; individuals who hold U.S. citizenship.,"A casual or informal term for people from the United States, often referred to as 'Yankees.'"
RU,амортизатор,Shock absorber,Tits,A device designed to cushion and reduce the impact from shocks or vibrations.,A casual or informal term used to refer to a woman's breasts.
RU,анашист,An adherent of anarchism; anarchist.,Pothead; marijuana user,A person who supports or follows the principles of anarchism; an anarchist.,A casual term for someone who smokes or uses marijuana; a pot smoker.
RU,АПВС?,Why are you asking?,Why are you asking?,What is the reason for your question?,"So, what makes you wanna know?"
RU,арбуз,Watermelon,Billion,"A large, juicy fruit with a green rind and sweet red flesh, commonly known as watermelon.","In informal speech, this term is used to refer to a billion units of currency."
RU,армянская королева,Armenian queen,"Passive homosexual (derogatory; literally “Armenian queen,” based on a stereotype about Armenians).",A female monarch from Armenia.,"An informal, derogatory term referring to a submissive gay man, based on a stereotype about Armenians and literally meaning 'Armenian queen.'"
RU,аська,Diminutive form of the female given name Asya.,The instant messaging program ICQ (computer slang).,A familiar or affectionate version of the female name Asya.,"In informal speech, refers to the ICQ instant messaging service or application."
RU,атасный,"Alarm, danger, alert.","Awesome, cool, fantastic, dope.","A signal indicating warning, threat, or the need for caution.","In casual speech, describes something as really impressive, exciting, or super cool."
RU,афтар,Author,"Author (especially the writer of an internet post or comment; playful or mocking misspelling of ""author"").",A person who creates a written work or composition.,"A playful or jokingly altered version of 'author,' typically used online to refer to someone who posted a message or comment."
RU,аффтар жжот,author sets on fire,The author rocks.,the writer ignites something,the creator is awesome
RU,ахуеть,To be astonished or amazed.,"To be shocked or amazed; to be blown away (often used to express strong surprise, disbelief, or astonishment, sometimes with a vulgar or emphatic tone).",To experience great surprise or wonder.,"To be totally stunned or floored by something; commonly used in informal speech to strongly express disbelief or intense surprise, often with a crude or emphatic flavor."
RU,аццкий,Hellish,"Hellish; extremely intense, can mean either very good or very bad.",Relating to or resembling hell; infernal.,"In informal speech, describes something extremely intense or overwhelming, whether in a positive or negative way."
RU,б/п,Without deception; truthfully.,No bullshit.,In an honest manner; without any lies or deceit.,"Seriously, no nonsense or fake stuff."
RU,баба,Old woman; peasant woman; grandmother.,"Woman, usually older woman, slightly derogatory.","An elderly woman, a rural female, or a grandmother.","A casual, somewhat disrespectful term for a woman, typically one who is older."
RU,бабай,bogeyman,Boogeyman,an imaginary monster used to frighten children,a scary figure or creature people talk about in a casual or joking way
RU,бабки,Old women; grannies.,"Money, cash, dough.",Elderly women; grandmothers.,Informal term for money or cash.
RU,бабник,A man who is fond of the company of women.,Womanizer,A man who enjoys spending time with women.,A guy who chases after lots of women; a player.
RU,бабосики,Money,"Cash, dough, money.",A general term for currency or financial resources.,"An informal way to refer to cash, bucks, or spending money."
RU,бавовна,Cotton,"Explosion (used ironically, especially for military or accidental blasts).","A soft, fluffy fiber that comes from the cotton plant and is commonly used to make fabric.","A playful or ironic term for an explosion, especially when referring to blasts in a military or accidental context."
RU,базар,Market,"Chatter, banter.","A place where goods are bought and sold, typically an open area with various vendors.",Casual or playful conversation; informal talk or joking around.
RU,базарить,To trade in a marketplace.,"To talk, to chat, to shoot the breeze.",To conduct buying and selling activities at a market.,"To chat or have a casual conversation in an informal, laid-back way."
RU,байстрюк,Illegitimate child,Bastard (an illegitimate child; used as an insult).,A child born to parents who are not legally married to each other.,"A rude or informal term for someone born out of wedlock, often used as an insult."
RU,бакинские,from Baku; relating to Baku (the capital city of Azerbaijan),"Greenback, American dollar.","originating from or associated with Baku, the capital of Azerbaijan","an informal term for the US dollar, commonly called a greenback"
RU,бакс,tank,"Buck, US dollar.","A large container designed to hold liquids, such as a reservoir or cistern.",An informal term used to refer to a US dollar bill.
RU,балда,"Blockhead, fool, simpleton","Dick, penis.",A person who is not very bright or acts in a foolish way; a simple-minded individual.,"In casual speech, a crude term used to refer to the male genitalia."
RU,балдеть,To be stupefied or to be in a daze.,To get a kick out of something; to really enjoy or vibe with something.,To be in a state of mental numbness or confusion.,"To really dig something or have a blast; to totally enjoy or vibe with something in a chill, informal way."
RU,бандер,Banner,"Pimp, male manager of a brothel.","A flag or large piece of cloth used for displaying a symbol, slogan, or message.","In informal speech, refers to a man who oversees or controls a brothel, often called a pimp."
RU,"бандеровцы, бандерлоги","Supporters or followers of Stepan Bandera, a Ukrainian nationalist leader and head of the Organization of Ukrainian Nationalists (OUN) and the Ukrainian Insurgent Army (UPA) during the mid-20th century.","A derogatory term used by Russians to refer to Ukrainian nationalists, especially those from Western Ukraine, implying they are fascists or extremists hostile to Russia.","Individuals who back or are associated with Stepan Bandera, a prominent Ukrainian nationalist figure who led the Organization of Ukrainian Nationalists (OUN) and the Ukrainian Insurgent Army (UPA) in the mid-1900s.","An informal and disparaging label used by Russians for Ukrainian nationalists, particularly those from Western Ukraine, suggesting they are radical or anti-Russian extremists."
RU,бандерша,Madam of a brothel; female brothel keeper.,"Unattractive, ugly woman.",A woman who manages or owns a brothel.,"In informal speech, refers to a woman considered unattractive or plain-looking."
RU,бараться,To battle,To have sex.,To engage in a fight or struggle,To hook up or have sex (used informally)
RU,бардак,Brothel,"Mess, chaos, disorder",An establishment where sexual services are provided in exchange for payment.,"A casual term for a situation that is extremely untidy, chaotic, or disorganized."
RU,бардачный,Relating to a glove compartment (of a car).,"Chaotic, messy, disorganized.","Pertaining to the compartment in a car used for storing small items, often called the glove box.","Informally describing something as untidy, disorderly, or in a state of mess."
RU,бардачок,A small mess; disorder; clutter.,A mess; a chaotic or disorganized place.,A minor state of untidiness or disarray; a collection of things in slight disorder.,An informal term for a place that's totally messy or in complete chaos.
RU,барсук,Badger.,Experienced homosexual.,"A burrowing mammal known for its distinctive markings, commonly referred to as a badger.","In informal speech, this term refers to a seasoned gay man."
RU,барыга,Dealer,"Fence, dealer in stolen goods, drug dealer.","A person who buys and sells goods, typically as a merchant or trader.","In informal speech, someone who deals in stolen items or illegal substances, like a drug pusher or black market trader."
RU,батончик,"Small loaf of bread; snack bar (e.g., chocolate bar).",Young prostitute,"A small bread roll or a type of snack bar, such as a chocolate bar.","In informal speech, refers to a young woman working as a prostitute."
RU,башка,Head,Head (slang for head or brain),"The upper part of the body where the brain, eyes, ears, nose, and mouth are located.",An informal term used to refer to someone's head or mind.
RU,без пизды,Without a vagina,"No bullshit, honestly, for real.",Lacking a female genital organ,"Seriously, no lies or exaggeration—speaking truthfully"
RU,белокурва,Blond-haired woman,Blonde bimbo.,A woman who has light or fair-colored hair.,A casual term for a blonde woman who is perceived as unintelligent or superficial.
RU,беспонтовый,Having no value or merit; worthless.,"Lame, worthless, unimpressive, or not cool.",Lacking any significance or worth; considered to be of no real value.,"Used informally to describe something as dull, not impressive, or generally uncool."
RU,бздеть,To be afraid; to be scared.,To fart silently.,To feel fear or experience anxiety.,"In informal speech, to let out a quiet fart."
RU,бзднуть,To be afraid.,To fart.,To experience fear or become frightened.,"In informal speech, to let out a fart."
RU,бздун,Coward,Coward,A person who lacks courage or is easily frightened.,Someone who chickens out or gets scared easily; used informally to mock a scaredy-cat.
RU,бздун,Farter,"Chicken, easily scared person.",A person who passes gas.,"In informal speech, someone who is quick to get frightened or acts cowardly."
RU,бич,Whip,"Bum, homeless person.","A lash or instrument used for striking, typically made of a flexible material.","In informal speech, refers to a vagrant or someone living on the streets."
RU,блат,Influence or connections used to obtain favors or advantages.,"Connections, pull, or influence (especially to get special treatment or favors, often through unofficial or corrupt means).",The use of personal relationships or influence to gain benefits or preferential treatment.,"Having the right contacts or inside connections to score favors or special perks, usually through unofficial or shady channels."
RU,блат (по ~у),"Protection, patronage, influence.","Through connections, using pull or influence.","Support, backing, or the use of influential contacts.","Getting things done thanks to who you know, relying on personal connections or favors."
RU,блеать,Whore,"A vulgar exclamation used to express frustration, anger, or surprise; similar to ""fuck"" or ""shit"" in English.",Prostitute,"A crude, informal outburst used to show annoyance, anger, or shock; comparable to English swear words like 'fuck' or 'shit.'"
RU,блевать,To vomit.,"To puke, to barf, to vomit.",To expel the contents of the stomach through the mouth.,To hurl or toss your cookies; to throw up in a casual or informal way.
RU,блевотина,Vomit,Puke,The substance expelled from the stomach through the mouth during vomiting.,Barf; an informal term for throwing up.
RU,блин,Pancake,Damn; crap; shoot (used as a mild expletive or to express frustration),"A thin, round cake made from batter and cooked on a griddle or frying pan.","An informal word used to show annoyance or disappointment, similar to saying 'darn' or 'shoot'."
RU,блохастик,A small animal infested with fleas.,Fleabag (dog),A small creature covered with fleas.,"A scruffy, flea-ridden dog (used informally)."
RU,бля,Whore,Fuck!,A woman who engages in sexual activity for payment; prostitute.,"An expletive used informally to express anger, surprise, or frustration, similar to 'damn' or 'shit.'"
RU,блядовство,Prostitution.,Sluttiness,The act of engaging in sexual activities in exchange for payment.,"Behaving in a promiscuous or overly sexual way, as described in casual speech."
RU,блядофон,Mobile phone,"A mobile phone used to secretly contact lovers or sex workers, usually to avoid a spouse's suspicion.",A device used for making calls and sending messages while on the go.,"An extra phone someone keeps hidden to secretly communicate with lovers or escorts, usually to keep it a secret from their partner."
RU,блядский,Of or relating to a prostitute.,"Fucking (used to emphasize something, often with annoyance or anger)",Pertaining to or characteristic of a prostitute.,"Used informally to strongly express irritation or emphasis, similar to the word 'fucking.'"
RU,блядство,Whoredom; prostitution.,Promiscuous or immoral behavior; a lifestyle characterized by sexual looseness or depravity.,The act or practice of engaging in prostitution; involvement in commercial sex work.,"Casual or reckless sexual behavior; living in a way that’s marked by frequent, unrestrained sexual activity, often viewed as immoral or shameless in everyday language."
RU,блядство,Whoredom; fornication.,A total mess; a complete shitshow.,Engaging in promiscuous sexual activity or adultery.,A chaotic situation; something completely messed up or out of control.
RU,блядствовать,To commit adultery.,To sleep around; to engage in promiscuous sexual activity.,To be unfaithful to one’s spouse by having sexual relations outside of marriage.,"To hook up with multiple partners or have casual sex, often in a loose or informal way."
RU,блядь,"Lie, heresy, mistake","Whore, slut, bitch, promiscuous woman.","Falsehood, misconception, or an error.","A vulgar, informal term for a woman considered sexually loose or used as an insult like 'slut' or 'bitch.'"
RU,"блядь (не ~, а честная давалка)",whore,"A person who swears too much, especially using the word ""blyad,"" not literally a prostitute but someone who uses the expletive excessively.",a prostitute; a woman who engages in sexual activity for payment,"an individual who frequently uses strong language, especially the term 'blyad,' not actually a sex worker but someone known for their habitual use of this curse word in casual speech"
RU,бляндинка,Blonde woman,Slutty blonde,A woman with blonde hair.,"In informal speech, refers to a promiscuous blonde woman."
RU,блять,Whore,"Fuck, shit, damn (used as an expletive or interjection to express strong emotion, frustration, or surprise).",A prostitute; a woman who engages in sexual activity for payment.,"A vulgar exclamation used informally to show strong feelings like anger, annoyance, or surprise."
RU,бляха-муха,Steel plate,Damn! / Bloody hell! / For fuck’s sake!,"A metal sheet or plate, typically made of steel.","An informal exclamation used to express annoyance or frustration, similar to saying 'damn' or 'for heaven’s sake.'"
RU,бодун,"A large, strong man; a brawny fellow.",Hangover,A person who is physically large and muscular; a robust or burly man.,"In informal speech, refers to the unpleasant aftereffects of drinking too much alcohol; a hangover."
RU,болван,"A blank, dummy, or mannequin (such as a model of a head or figure used for hats or wigs).","Idiot, fool.","An object shaped like a head or body, often used as a stand-in for displaying hats or wigs.",A casual term for someone considered to be stupid or lacking sense.
RU,болт,Bolt (a metal fastener or rod),Penis,A bolt is a metal rod or fastener used to hold objects together.,"In informal speech, 'болт' is a slang term for the male genital organ."
RU,болт (забить ~),"Bolt, metal rod, or pin.","To not give a fuck, to ignore something.",A bolt is a metal fastener in the form of a rod or pin.,"In informal speech, it means to completely disregard or not care about something."
RU,бомбануть,To bomb; to explode.,"To suddenly lose one’s temper or freak out, often reacting with anger or aggression.",To detonate or cause an explosion.,"To suddenly blow up emotionally or go off the handle, typically reacting with strong anger or outburst in an informal context."
RU,бомбила,Bomber (a person who drops bombs or uses explosives),Illegal cab driver (gypsy cab driver).,A person who carries out attacks by deploying bombs or explosive devices.,"In informal speech, refers to someone who drives people for money without a taxi license, essentially an unlicensed or underground cab driver."
RU,бомбить,To bomb; to drop bombs on.,To work as an unlicensed taxi driver using a private car.,To attack a target by releasing bombs from aircraft.,"In informal speech, to drive people for money in your own car without an official taxi license."
RU,бомж,A person without a fixed place of residence.,"Hobo, homeless person.",An individual who does not have a permanent place to live.,A casual term for someone living on the streets or without a home.
RU,бомж-пакет,A package for a homeless person.,"Instant noodles, usually of Asian origin.",A parcel intended for a person without a permanent residence.,"In informal speech, refers to quick-cook noodles, typically of Asian style."
RU,Бонжурия,"Bonjour (a French greeting meaning ""hello"")","France (humorously referred to as ""the land of bonjour"")",A French salutation used to say 'hello'.,"A playful nickname for France, jokingly called 'the country of bonjour'."
RU,ботаник (ботан),Botanist,A nerd or geek; someone who is very studious or academically focused.,A scientist who specializes in the study of plants.,"In informal language, refers to a person who is highly dedicated to their studies or academics, often called a nerd or geek."
RU,ботать по фене,To speak,To speak in criminal slang; to use thieves' cant.,To communicate verbally; to use spoken language.,To talk using criminal jargon or underworld slang in an informal way.
RU,боянист,Accordion player,A user who keeps reposting old jokes or memes as if they’re new.,A person who plays the accordion as a musician.,"Someone on the internet who repeatedly shares old jokes or memes, pretending they’re fresh or original."
RU,"братан (братуха, брачо)",Brother,"Bro, dude, mate, buddy.",A male sibling; a person who shares the same parents as you.,"A casual term for a friend or acquaintance, similar to 'pal', 'buddy', or 'dude', used informally in conversation."
RU,брехня,Falsehood,Bullshit.,A statement or claim that is untrue.,"A load of crap; something said that is obviously not true, used informally."
RU,брушить,To collapse; to bring down.,To hustle.,To cause something to fall down or to make it collapse.,"To work hard and push yourself, especially in a fast-paced or streetwise way."
RU,брюлики,Diamonds,"Bling, flashy jewelry",Precious stones known as diamonds.,"A casual term for eye-catching, extravagant jewelry or accessories."
RU,бубен,Tambourine,"Face, especially one that looks like it’s asking to be punched.",A percussion instrument known as a tambourine.,"A slang term for someone's face, especially when it looks like it deserves to be hit."
RU,бубенцы,Small bells; jingle bells.,Testicles,Tiny metallic bells that produce a jingling sound.,A casual or humorous term for a man's testicles.
RU,бугор,"hill, mound","Abroad, especially Western countries.","a small raised area of land, such as a knoll or a natural elevation","an informal term for foreign countries, particularly those in the West"
RU,будка,Booth or kiosk.,Face,"A small structure used as a stall or stand, such as for selling goods or providing services.","In informal speech, refers to a person's face."
RU,булкотряс,"Bun-shaker (literally, something or someone that shakes buns).",Nightclub (a place for dancing and partying).,A person or thing that causes buns to move or jiggle.,Casual term for a club where people go to dance and have fun.
RU,бумер,Boomerang (a type of throwing weapon/toy),"BMW, beamer, car from the Bayerische Motoren Werke AG","A boomerang, which is a curved object designed to be thrown and return to the thrower, often used as a weapon or toy.","In casual speech, refers to a BMW car, also known as a 'beamer,' made by Bayerische Motoren Werke AG."
RU,бундес,Bundes (short for Bundesrepublik) – Federal Republic (as in Federal Republic of Germany),"West German (person), especially in the context of shady dealers interacting with foreign tourists in the late Soviet Union.","Bundes (an abbreviation of Bundesrepublik) refers to the Federal Republic, typically meaning the Federal Republic of Germany.","In informal speech, 'бундес' was used to describe a West German individual, particularly those involved in questionable dealings with foreign tourists during the late Soviet era."
RU,бункерный дед,An old man in a bunker.,"A nickname for Vladimir Putin, referring to him as the “grandpa in the bunker” who isolated himself from the public since the COVID-19 outbreak in March 2020.",An elderly man who is staying inside a bunker.,"A casual term for Vladimir Putin, used to describe him as the 'old guy in the bunker' who has kept himself cut off from the public since the start of the COVID-19 pandemic in March 2020."
RU,бухарь,A heavy drinker; drunkard.,"Ironical name for January; because of the many holidays early in the month, there are lots of chances to drink.",A person who frequently consumes large amounts of alcohol; someone habitually intoxicated.,"A playful or joking term for January, used because the abundance of early-month holidays gives people plenty of reasons to drink."
RU,бухать,"To bang, to thump, to make a loud noise.",To booze; to get wasted; to drink heavily (alcohol).,"To hit or strike something so that it produces a loud, booming sound.",To drink a lot of alcohol in a casual or rowdy way; to get drunk.
RU,бухой,Intoxicated.,Drunk,Under the influence of alcohol.,"Wasted or hammered from drinking, in an informal sense."
RU,бычара,Bull (large male bovine animal),"A thug or brute; a rough, aggressive man.","A bull, specifically a large adult male of the cattle species.","In informal speech, refers to a tough or intimidating man who acts in a rough or aggressive manner."
RU,бычить,To act like a bull.,"To act aggressively, pick a fight, or behave confrontationally.",To behave in a manner reminiscent of a bull.,"To act tough or hostile, often trying to start an argument or provoke someone (informal)."
RU,валить,To fell (a tree); to knock down; to bring down.,To bail.,To cut down a tree; to force something or someone to the ground; to cause something to collapse.,To leave quickly or make a fast exit (informal).
RU,варик,"Variant, option, alternative.","Option; a possible way or variant (short for ""variant""), used informally by youths.","A different possibility, choice, or alternative.",A casual term used by young people to mean an option or possible way to do something; an informal abbreviation of 'variant.'
RU,ватник,A padded cotton jacket.,"A blindly patriotic Russian nationalist, often a staunch supporter of Putin, who aggressively glorifies Russia and dismisses criticism, typically in an unthinking or propagandistic way.",A jacket made of cotton and filled with padding for warmth.,"A term used informally to describe a fiercely loyal Russian nationalist, especially someone who uncritically praises Russia and Putin, often echoing state propaganda and rejecting any negative views about the country."
RU,вату катать,To roll cotton wool.,"To slack off, to loaf around, to waste time.",To twist or shape cotton wool into a roll.,"In informal speech, to idle away time or avoid doing any real work."
RU,вафлёрка,Waffle (a type of pastry),Blowjob girl,A sweet baked treat known as a waffle.,"In informal speech, a girl who gives oral sex."
RU,вафли ловить,To catch waffles.,To space out or zone out; to stare blankly with your mouth open.,To grab or seize waffles.,"To absentmindedly gaze off into space with your mouth open, as if daydreaming or not paying attention."
RU,вафлю ловить,To catch a waffle.,To search for a Wi-Fi signal.,To grab or seize a waffle.,"To look around for a Wi-Fi connection, usually in a casual or informal way."
RU,вдувать,"To blow in, to inject (air or gas)",To have sex with (someone); to fuck.,To force air or gas into something by blowing.,"In informal speech, to have sexual intercourse with someone; to screw."
RU,вездеход,All-terrain vehicle,"A highly official ID that grants almost universal access, like the ID of a parliament member’s assistant.",A vehicle designed to travel over a variety of rough or difficult terrains.,"An ultra-powerful pass or badge, like one held by a parliament assistant, that lets you get into almost any place—used informally to describe something with near-unlimited access."
RU,вентиль,Valve,"Prick, penis",A device used to control the flow of liquids or gases within a system.,A casual or crude term for the male genital organ.
RU,вжарить,"To fry, to roast.","To fuck, screw.",To cook food by frying or roasting it.,"In informal speech, to have sex or hook up with someone."
RU,вздрючить,"To jerk, to twitch.","To beat up, to rough up, to give someone a hard time.","To make a sudden, quick movement or spasm.","In informal speech, to physically assault someone or treat them harshly."
RU,видик,video recorder,VCR,a device used for recording and playing back video content,"an informal term for a VCR, a machine that plays videotapes"
RU,вискарь,Whisky.,Whisky.,A distilled alcoholic beverage known as whisky.,"A casual or informal term for whisky, often used in everyday conversation."
RU,вкуривать,"To inhale (smoke), to smoke.","To get, to catch on, to figure out.","To breathe in smoke, especially while smoking.","To understand or grasp something, usually in a casual or informal way."
RU,вляпаться в говно,To step into feces.,To get into deep shit.,To accidentally tread on excrement.,To land yourself in serious trouble or a messy situation.
RU,вмазаться,To crash into; to bump into.,To shoot up (inject drugs).,To collide with something or someone; to run into.,"To inject drugs, especially using a needle (informal, slang)."
RU,вмандячить,To insert tightly.,To whack.,To fit something in very snugly.,"To hit or smack, especially in a rough or casual way."
RU,волосянка,A hair (especially a long or thin one); bristle.,Pubic hair.,"A strand of hair, particularly one that is fine or elongated; also refers to a bristle.","In informal speech, refers to hair found in the pubic region."
RU,воронок,"Little crow (diminutive of ""crow"")","Police van, paddy wagon, vehicle for transporting detainees or prisoners.",A small crow; the diminutive form of the word 'crow'.,"In informal speech, refers to a police vehicle used to transport arrested individuals or prisoners."
RU,впендюрить,To insert forcefully.,"To shove, stick, or ram (something) in forcefully.",To place or put something in with considerable force.,"To jam or thrust something in roughly, often in a casual or informal way."
RU,впиздячить,To insert forcefully.,To whack.,To put something in with considerable force.,"To hit or strike someone or something, usually in a rough or casual way."
RU,впиздячиться,To crash into.,To crash into something hard.,To collide with something.,"To slam into something really hard, usually in a rough or intense way."
RU,врезать,"To insert, to cut in, to embed.","To punch, to smack.",To fit something into a surface by cutting or embedding it.,"To hit or strike someone, usually in a forceful or informal way."
RU,врубаться,To cut in; to switch on (a device).,"To get it, to catch on, to figure out.",To activate or turn on a device; to make a connection by cutting into something.,"To understand something, to catch the meaning, or to get what's going on (informal)."
RU,всратый,Shat upon.,Shitty,Covered in excrement.,"Awful or crappy, in a very informal sense."
RU,всраться,To soil oneself; to defecate in one's pants.,"To desperately need or want something (usually used sarcastically or with a negative, as in ""I so don't need it"").",To accidentally relieve oneself in one's clothing; to have a bowel movement in one's pants.,"To urgently crave or really want something, often used informally and with sarcasm, especially to stress a lack of genuine desire."
RU,втюриться,To get stuck or jammed in.,To have a crush on someone.,To become lodged or unable to move due to being wedged in.,"To fall for someone or develop a crush, usually in a casual or informal way."
RU,вхуячивать,To insert forcefully.,To bust your ass.,To push or place something in with a lot of force.,To work extremely hard or put in a ton of effort (informal).
RU,вшивый,Infested with lice.,"Lousy, worthless, rotten.",Covered with or affected by lice.,"In informal speech, describes someone or something as being of very poor quality or having little value."
RU,въебать,"To insert, to drive in (forcefully).",To beat the shit out of someone.,To push or force something in with significant strength.,To seriously beat someone up; to give someone a harsh physical thrashing (informal).
RU,въебаться,"To enter, to fit into, to get involved in something.","To crash (a vehicle), to smash into something.","To go into, become part of, or engage with something.",To accidentally slam a vehicle into something or have a crash (informal).
RU,въехать,To drive in; to enter (by vehicle).,To get it; to catch on; to wrap your head around something.,To enter a place while riding in a vehicle; to go inside by driving.,"To suddenly understand something; to catch on or grasp an idea, especially in a casual or informal way."
RU,выблядок,A person born out of wedlock (illegitimate child).,Bastard (an extremely offensive insult for a despicable or contemptible person),An individual whose parents were not married at the time of their birth.,A highly offensive slang term used to insult someone regarded as vile or detestable.
RU,выебать,To copulate (vulgar).,"To fuck (someone), to have sex with (someone) aggressively or disrespectfully.",To engage in sexual intercourse (crude usage).,"To screw or bang someone, usually in a rough or disrespectful way (informal and vulgar)."
RU,выёбываться,To have sexual intercourse (vulgar).,To act cocky or show off; to act like a smartass.,To engage in sexual activity (crude usage).,To behave arrogantly or flaunt oneself; to act like a know-it-all (informal).
RU,выпендрёж,Showing off; ostentation.,"Showing off, flexing, acting flashy.",Displaying oneself in an attention-seeking or boastful manner; excessive display.,"Acting showy or trying to impress others in a flashy, over-the-top way."
RU,выпердыш,A person or animal born as a result of a difficult or abnormal birth (often used for offspring expelled prematurely or with deformities).,A person who farts; an insult for someone who passes gas.,"An individual, whether human or animal, who is delivered through a complicated or irregular birth, often referring to those born prematurely or with physical abnormalities.",A casual or mocking term for someone who lets out gas; a humorous or derogatory label for a person who farts.
RU,выпиздить,To expel.,To kick someone out,To remove someone or something from a place.,To throw someone out in a rough or informal way.
RU,вякнуть,To say something briefly; to utter.,To speak out (rudely or out of turn); to mouth off.,"To make a brief remark or to speak in a short, simple way.",To blurt something out in a disrespectful or inappropriate manner; to talk back or make a snide comment.
RU,галоша,Rubber overshoe,Condom.,"A waterproof shoe covering made of rubber, worn over regular footwear.","In informal speech, a term used to refer to a condom."
RU,гандон,Condom,Asshole; jerk; bastard,A protective sheath used during sexual intercourse to prevent pregnancy and sexually transmitted infections.,"A rude, informal term for a contemptible or unpleasant person, such as a jerk or a bastard."
RU,гандон,Condom,"Condom (used as an insult meaning jerk, asshole, or idiot)","A protective sheath, typically made of latex, used during sexual activity to prevent pregnancy or the spread of infections.","A vulgar slang term used informally to insult someone, implying they are foolish, unpleasant, or contemptible."
RU,гасить,To extinguish.,To kill.,To put out a flame or stop something from burning.,"In informal speech, to take someone's life or eliminate someone."
RU,гаситься,"To be extinguished, to go out (as in a light or fire).","To ghost, go into hiding, disappear and avoid contact.","To cease burning or shining, as when a flame or light is put out.","To suddenly cut off communication or vanish from view, often to avoid being found or contacted (informal)."
RU,гейропа,Europe,"Europe, used insultingly to mock or criticize Europe as gay-friendly, decadent, or controlled by gays.",A term referring to the continent of Europe.,"A derogatory slang word for Europe, used informally to ridicule or criticize it as being overly accepting of LGBTQ+ people, morally lax, or dominated by gay culture."
RU,геморрой,Hemorrhoids.,"A hassle, a pain, a big problem.",A medical condition involving swollen veins in the rectal or anal area.,"In everyday speech, refers to something extremely bothersome or a major nuisance."
RU,гёрла,Girl,"Lass, broad, chick (a young woman, often used informally or playfully)",A female child or young woman.,"An informal term for a young woman, like 'babe' or 'chick', often used in casual or playful conversation."
RU,глюки,"Malfunctions or glitches (in machinery, electronics, or software).","Hallucinations, trippy visions, or glitches (especially in perception or reality).","Technical faults or unexpected errors occurring in devices, electronics, or computer programs.","Informally refers to seeing things that aren't real, experiencing bizarre sensations, or noticing odd distortions in how things seem."
RU,гнать,To drive; to chase; to expel; to distill.,To talk nonsense; to babble; to bullshit.,To force to move forward; to pursue; to remove someone or something; to produce alcohol through distillation.,To speak foolishly or make things up; to ramble or talk nonsense in an informal way.
RU,гнать,"to drive, to chase, to herd",to bullshit,"to move, urge forward, or direct people or animals, such as by pushing, leading, or guiding them",to talk nonsense or make things up in a casual or joking way
RU,гнида,Nit (the egg or young form of a louse),"A contemptible, vile person; a scumbag.",The egg or immature stage of a louse.,"In informal speech, a despicable or thoroughly unpleasant person; a jerk."
RU,говённый,Related to manure or excrement.,"Shitty, lousy",Pertaining to dung or fecal matter.,Awful or terrible; used informally to describe something of very poor quality.
RU,говнецо,Excrement,A little piece of crap; something worthless or of very poor quality.,Fecal matter; bodily waste expelled from the digestive system.,"A tiny bit of junk; something considered useless or extremely low in quality, said in a casual or informal way."
RU,говнище,Excrement,Major crap; something extremely bad or shitty.,Fecal matter; bodily waste expelled from the digestive tract.,"In informal speech, refers to something that is really awful or of terrible quality; total garbage."
RU,говно,Feces,Shit; something worthless or of very poor quality.,Solid bodily waste excreted from the digestive tract.,A crude informal term for something that is useless or extremely low in quality.
RU,говно вопрос,Feces question,No problem; it’s a no-brainer.,A question about excrement.,"It's no trouble at all; an easy thing to do, said informally."
RU,говняный,Made of feces; relating to feces.,Shitty,Composed of or associated with excrement.,Used informally to describe something as very bad or of poor quality.
RU,голожопый,Naked,"Poor, broke, down-and-out (“dirt poor”, “flat broke”).",Without any clothes; unclothed.,Used informally to describe someone who has no money at all; completely broke.
RU,голубой,Light blue (color),"Male homosexual, queer, fag",A pale shade of the color blue.,An informal term used to refer to a gay man.
RU,гомосек,Male homosexual.,Male homosexual; also used as a general insult.,A man who is attracted to other men.,"An informal term for a gay man, sometimes used as a general insult."
RU,гондон,Condom.,A despicable or contemptible person; jerk; asshole.,A protective sheath used during sexual intercourse to prevent pregnancy and sexually transmitted infections.,"In informal speech, refers to an unpleasant or detestable person; someone considered a jerk or an asshole."
RU,гонять,"To drive, to chase, to make go repeatedly.","To talk nonsense, to ramble, to babble.","To cause someone or something to move or travel repeatedly, or to pursue and force movement.","In informal speech, to speak aimlessly or spout off nonsense without making much sense."
RU,гребанный,Raked,Fucking,Tilted or angled in a way that resembles being raked.,"A strongly informal term used to intensify emotion, similar to 'damn' or 'friggin'' in English."
RU,грёбаный,Damned,Fucking,Cursed; used to express annoyance or frustration.,"A very informal intensifier, similar to 'fucking,' often used to strongly emphasize emotion or irritation."
RU,гребать,To row (as with oars in a boat).,To fuck.,To propel a boat forward by using oars.,"In informal speech, to have sex."
RU,грохнуть,To knock down; to make a loud noise; to crash.,To whack (someone).,To bring something down forcefully; to produce a booming sound; to cause a heavy crash.,"In informal speech, to take someone out or kill them."
RU,груз 200,Cargo 200,"Military slang for the body of a dead soldier being transported, or a fallen soldier.",Cargo 200 is a term used to refer to a specific type of shipment or freight.,"In military slang, 'груз 200' means the remains of a soldier who has died, usually when being transported back from the battlefield."
RU,грузить,"To load, to freight, to ship.",To bore someone with tedious talk or overwhelm with nonsense.,To place goods or cargo onto a vehicle or vessel for transportation.,"To talk someone's ear off with dull chatter or to flood them with pointless information, usually in an informal way."
RU,гузно,Buttocks,Arse,"The fleshy part of the body located at the back, forming the seat.",A casual or crude term for someone's rear end.
RU,гундосить,To speak with a nasal voice (due to a cold or nasal congestion).,"To speak in a nasal, whining, or grumbling manner.","To talk with a nasal tone, often because your nose is blocked or you have a cold.","To speak in a stuffy, drawn-out way that sounds whiny or like you're complaining, usually in a casual or informal context."
RU,гусарский насморк,Hussar’s cold (runny nose),Gonorrhoea,"A hussar’s cold, referring to a runny nose or nasal congestion.","In informal speech, this term is used as a nickname for gonorrhea."
RU,"да разъебись ты блядским трипиздопроебом, остохуетелое пиздострашилише, залупоглазая ящерица!","An extremely offensive and emotionally charged phrase used to rudely tell someone to go away, consisting mostly of vulgar insults and nonsensical abusive language.","Fuck off, you fucking freak, you ugly bastard!","A highly insulting and emotionally intense expression used to harshly dismiss someone, filled with crude language and a string of offensive, nonsensical terms.","Get lost, you disgusting weirdo, you ugly freak!"
RU,давалка,A female who gives something.,Slut; easy girl; promiscuous woman.,A woman who offers or hands something over.,"In informal speech, refers to a woman known for being sexually available or engaging in frequent casual relationships."
RU,давать,To give,To have sex with someone; to put out; to sleep with someone (usually used about women consenting to sex).,To hand something over to someone or provide something to another person.,"In informal speech, refers to a woman agreeing to have sex with someone; to hook up or sleep with someone."
RU,двустволка,Double-barreled shotgun,A woman with large breasts,"A shotgun featuring two barrels, typically aligned side by side or one above the other.","In informal speech, refers to a woman who has noticeably large breasts."
RU,двустволка,Double-barreled shotgun,A woman having sex with two men at the same time; a bisexual man.,"A shotgun equipped with two barrels, allowing it to fire twice before needing to be reloaded.","In casual speech, refers to a woman involved with two men at once or to a man who is attracted to both men and women."
RU,делать ноги,To make legs.,To make a run for it.,To create or form legs.,"To quickly escape or run away, as said in informal speech."
RU,дерево,Tree,"Moron, idiot.","A tall plant with a woody trunk and branches, commonly known as a tree.","In informal speech, a term used to call someone a fool or a simpleton."
RU,деревянные,Wooden,Roubles (“wooden ones”),Made from wood or consisting of wood as the primary material.,"A casual term used to refer to Russian rubles, often called 'wooden' in everyday speech."
RU,дерьмо,Manure,"Shit, crap, something of very poor quality or a bad situation.",Animal waste used as fertilizer for soil.,"A vulgar term for feces or, informally, for something worthless or an unpleasant situation."
RU,дерьмовщик,A person who cleans excrement or latrines.,"A worthless person; someone who deals with crap or does dirty, degrading work (used as an insult).",An individual whose job is to remove waste or clean toilets.,"A contemptible person; someone who handles unpleasant tasks or is involved in degrading, messy work (used informally as an insult)."
RU,дерьмовый,Made of excrement.,"Shitty, crappy, lousy.",Composed of feces.,"Used informally to describe something as terrible, awful, or of very poor quality."
RU,дерьмократ,Democrat,"Rotten politician; a mix of ""democrat"" and ""shit.""",A person who supports or is a member of the Democratic party.,"A derogatory slang term for a corrupt or worthless politician, blending the words 'democrat' and a crude insult."
RU,дикан,A student of a village school.,Ten roubles or kopecks.,A pupil attending a rural school.,"In informal speech, refers to a ten-rouble or ten-kopeck coin."
RU,динамить,To generate electricity; to operate or power with a dynamo.,"To lead someone on or string someone along, especially by making promises or giving hope of romantic or sexual interest without any intention of following through.",To produce electrical energy or supply power using a dynamo device.,"In informal speech, to give someone false hope or keep them interested—especially in a romantic or flirtatious way—without any real intention of taking things further."
RU,днивниг,Diary,"Diary or blog, a playful or distorted form of ""diary.""",A personal journal where daily experiences and thoughts are recorded.,"A casual or playful way to refer to a diary or blog, often used informally as a twist on the word 'diary.'"
RU,догонять,To catch up.,"To catch on, to get it, to understand.",To reach the same position or level as someone or something ahead.,"To suddenly get what’s going on or realize something, in a casual or informal way."
RU,доебать,"To pester, to harass, to bother persistently.",To pester or hassle someone until you get what you want; to nag or push relentlessly to achieve a result.,"To repeatedly annoy, disturb, or trouble someone in a persistent manner.","To keep bugging or pressuring someone nonstop, usually in a pushy or informal way, until you get what you want."
RU,дойки,Milking.,Boobs,"The act of extracting milk from an animal, typically by hand or with a machine.",A casual or informal term used to refer to a woman's breasts.
RU,долбать,"To pound, to hammer, to peck.","To fuck, have sex, screw.","To strike repeatedly, to hit with force, or to tap persistently.","In informal speech, to have sexual intercourse or to hook up with someone."
RU,долбёжка,"Hammering, drilling.","Fuck, sex",The act of striking or boring into something repeatedly.,A casual or vulgar term for engaging in sexual intercourse.
RU,долбить,To hammer; to pound; to chisel.,To bug,"To strike repeatedly with force, such as by hammering or chiseling.",To annoy or pester someone persistently (informal).
RU,долбить,"To hammer, to pound, to peck, to chisel.","To cram (for an exam), to study intensely.","To strike repeatedly, such as by hitting, pecking, or carving with a tool.","To hit the books hard or study non-stop, especially in a casual or informal context like preparing for a test."
RU,дон,"Don (title of respect, e.g., for a nobleman or leader; also a river name in Russia)","So to say; like (used as a filler word in speech, similar to ""you know"" or ""like"" in English).","Don is a formal title used to show respect to a person of high status, such as a noble or leader; it is also the name of a major river in Russia.","In casual speech, 'дон' can act as a filler word, similar to 'like' or 'you know' in English, used to smooth out conversation or emphasize what’s being said."
RU,доставать,To reach for and take out; to get something out.,"To bug, to hassle, to get on someone's nerves.",To extend your hand to retrieve and remove something; to take something out from a place.,To annoy or bother someone persistently; to get on someone's nerves in an informal way.
RU,драпать,To scrape or to peel.,To leg it.,To remove a surface layer by rubbing or scraping.,To run away quickly; to make a fast getaway (informal).
RU,драть,"To tear, to rip, to scratch.","To fuck, to screw","To pull apart, rip open, or scratch the surface of something.","In informal speech, to have sex or to hook up with someone."
RU,дрочить,"To rub, to scrub, to polish (something repeatedly).",To masturbate.,To vigorously rub or clean an object by moving back and forth repeatedly.,"In informal speech, to pleasure oneself by stimulating the genitals."
RU,дрыхнуть,To sleep.,To crash (to sleep heavily or nap).,To be in a state of rest or slumber.,"To zonk out or take a deep, heavy nap (informal)."
RU,дрыщ,A spasm or twitch.,A scrawny or skinny weakling (often used insultingly).,An involuntary muscle jerk or sudden movement.,"In casual speech, refers to a very thin and frail person, often used as a mocking term."
RU,дрючиться,"To beat, to thrash, to flog.","To fuck, to have sex.","To strike or hit someone repeatedly, to administer a beating.","In informal speech, to have sexual intercourse or to hook up."
RU,дрючка,A stick or rod.,"Slut, whore.","A thin piece of wood, such as a rod or stick.","In informal speech, a derogatory term for a promiscuous woman."
RU,дубак,Oak (a type of tree),"Freezing cold, unpleasantly low temperature (so cold it makes you stiff).",A kind of tree known as an oak.,"In informal speech, refers to extremely cold weather that feels harsh or makes you feel stiff from the cold."
RU,дуло,Barrel (of a gun),"Prick, penis.","The long, tubular part of a firearm through which the bullet is discharged.","A casual or vulgar term used to refer to the male genitalia, specifically the penis."
RU,дупло,Hollow (in a tree),"Ass, butt.",A cavity or opening found inside a tree trunk or branch.,An informal term for someone's rear end or backside.
RU,дурак,Fool,"Idiot, fool.",A person who acts unwisely or lacks good judgment.,"In casual speech, someone considered dumb or a complete fool."
RU,дурь,Foolishness; stupidity; nonsense.,"Hashish, marijuana, sometimes drugs in general.",Lack of good sense; acting in a silly or senseless way; absurdity.,"In informal speech, refers to hash, weed, or sometimes drugs in general."
RU,дуть,To blow,To smoke marijuana.,To produce a current of air by expelling it from the mouth or another source.,To casually refer to the act of smoking cannabis in informal conversation.
RU,душман,Enemy,Afghan enemy fighter (used by Soviet soldiers during the Afghan War),A person who is considered an adversary or opponent.,A casual term Soviet troops used for Afghan combatants during the Afghan conflict.
RU,душный,Stuffy,Annoyingly boring or tedious (someone who kills the vibe).,Lacking fresh air and feeling oppressive or airless,Used informally to describe someone who makes things dull or ruins the mood by being tedious
RU,дымоход,Chimney,"Anus, chocolate chute (“stove pipe”).","A vertical structure or passage designed to vent smoke and gases from a fireplace, stove, or furnace to the outside.","In informal speech, a crude term for the anus, sometimes humorously called the 'stove pipe' or 'chocolate chute.'"
RU,дырка,"Hole, opening, or perforation.","Hole or slit, euphemism for female genitalia.","An opening, gap, or puncture in a surface or material.","In informal speech, a crude term referring to the female genital area."
RU,дырка глупая,A small hole.,Stupid young girl (“stupid hole”).,A tiny opening or perforation.,"An informal, somewhat derogatory term for a naive or foolish young woman."
RU,ёб вас,I fucked you.,Go fuck yourselves.,I had sex with you.,Get lost and screw yourselves.
RU,ёб твою мать,I had sexual intercourse with your mother.,Fuck! / Fucking hell! / Goddammit!,I engaged in sexual relations with your mother.,"An expletive used to express strong annoyance, anger, or surprise, similar to saying 'damn it' or 'fuck' in informal speech."
RU,ебалом щёлкать,To click with one's face.,To waste time by not paying attention or missing an opportunity.,To make a clicking sound using one's face.,"To slack off or lose out by not paying attention, often missing a chance; used informally."
RU,ёбанной матери (до ~),To (one's) mother,A shitload; a fuckton,Toward (one’s) mother,A huge amount; loads of something (very informal)
RU,ёбанной матери (до ~),to (one's) fucking mother,to the fucking extreme; as much as fucking possible,toward (one's) fucking mother,to an absolutely fucking insane degree; as far as fucking possible (very informal)
RU,ёбанный,Fucked,"Fucking (used as an intensifier to express strong emotion, usually negative)","Ruined or severely damaged, often as a result of something negative.","Used informally to strongly intensify a statement, typically to convey anger, frustration, or other strong negative feelings."
RU,ёбанный в рот (жопу),Fucked in the mouth (ass).,Fucking asshole.,Penetrated sexually in the mouth (or anus).,A crude way to call someone a total jerk or idiot.
RU,ебанутость,"Insanity, madness.","Batshit craziness, utter stupidity.",A state of mental instability or derangement.,"Total craziness or extreme foolishness, used in a very informal way."
RU,ебануть,To strike (vulgar),To smack,To hit forcefully (vulgar),To give someone a hard slap (informal)
RU,ебануться,To go crazy,To go crazy; to lose one's mind; to freak out.,To become mentally unstable or lose sanity.,"To totally lose it, go nuts, or flip out (in a very informal way)."
RU,ебануться,To go insane; to lose one's mind.,To be shocked or blown away; to freak out in disbelief.,To become mentally unstable or lose touch with reality.,"To be completely stunned or overwhelmed, reacting with disbelief in a casual or informal way."
RU,ёбаный,Fucked.,Fucking,Damned or ruined.,"Used informally to intensify or emphasize, like 'friggin'' or 'damn.'"
RU,ебать,To have sex (vulgar).,To fuck,To engage in sexual intercourse (crude).,"To screw or bang someone (informal, vulgar slang)."
RU,ебать его в рот,To have anal sex with him.,To hell with him.,To engage in anal intercourse with him.,Forget about him; he can go to hell. (used informally and dismissively)
RU,ебать мозги,To have sexual intercourse with the brain.,To mess with someone's head,To engage in sexual activity involving the mind.,"To play with someone's mind or confuse them, usually in an informal or teasing way."
RU,ебать му-му,To have sexual intercourse with Mu-Mu (a character from a Russian story).,"To mess around doing nothing, to annoy, to bullshit.","To engage in sexual activity with Mu-Mu, a figure from a Russian literary work.","In informal speech, to waste time, irritate others, or talk nonsense without purpose."
RU,ебать-копать!,To dig.,Holy shit!,To perform the act of digging.,"Wow, that's unbelievable! (used as an exclamation in informal speech)"
RU,ебаться-сраться,To have sex and to defecate.,Holy shit!,To engage in sexual intercourse and to relieve oneself by defecating.,"Wow, that's crazy! (used as an exclamation to express surprise or shock in an informal way)"
RU,ебать-тарахтеть!,To have sexual intercourse; to make a rattling or clattering noise.,"An expletive expressing strong annoyance or surprise; similar to ""damn it!"" or ""what the hell!""","To engage in sexual activity; to produce a loud, rattling or banging sound.","A casual expletive used to show strong irritation or shock, much like saying 'damn!' or 'what the heck!' in informal speech."
RU,ебическая сила,Enormous strength,Fucking hell!,Tremendous power or force,Holy shit!
RU,ебланить,To act foolishly or behave like an idiot.,To awkwardly check out girls while timidly trying to flirt with them.,"To behave in a silly or senseless manner, resembling the actions of a fool.","To nervously scope out girls and make clumsy attempts at flirting, usually in an awkward or shy way."
RU,ебливая,Related to sexual intercourse; copulative.,Fuckable,Pertaining to or involving sexual activity; relating to copulation.,Informally describes someone considered sexually attractive or desirable.
RU,еблом щелкать,To click with one's face.,To waste time; to miss an opportunity by being inattentive or distracted.,To make a clicking motion or sound using one's face.,"To space out or not pay attention, causing you to lose a chance or let something pass you by."
RU,ёбнутый,"Struck, hit.","Crazy, nuts, or out of their mind.",Hit or struck by something.,"Informally used to describe someone as insane, unhinged, or acting totally irrational."
RU,ёбнуть,To strike or to hit.,To smack or whack someone or something.,To deliver a blow or physically hit someone or something.,"In informal speech, to give someone or something a hard smack or bash."
RU,ёбнуться,To go crazy; to lose one's mind.,To go crazy; to lose one's mind.,To become mentally unstable or lose one's sanity.,"To totally flip out or go nuts, said in a very informal way."
RU,ебошить,"To strike, to hit.",To beat the shit out of; to smash; to go hard at something,To deliver a blow or physically hit.,"To brutally beat someone up, completely wreck something, or put intense effort into an activity (informal)."
RU,ебошить,To beat violently; to hit hard.,To work your ass off.,To strike someone or something with great force; to deliver a powerful blow.,"To hustle intensely or put in a ton of effort, especially in a tough or exhausting way."
RU,ебун,Fucker; someone who has sex (vulgar).,A man who fucks a lot; a fucker.,A vulgar term for a person who engages in sexual activity.,"In informal speech, refers to a guy who frequently has sex; a player or a womanizer."
RU,ебучий,Fornicating,Fucking,Engaging in sexual intercourse,"Used informally to intensify or express strong emotion, similar to 'damn' or 'fucking' in English"
RU,еврик,Euro (currency),"Euro (currency); sometimes used as a pun referencing ""Jew.""","The euro, which is the official currency used in many European countries.",An informal term for the euro; sometimes playfully used as a pun alluding to the word 'Jew.'
RU,едрить,To strike forcefully.,To fuck.,To hit with considerable force.,"In informal speech, to have sex."
RU,ежу понятно,It is clear; it is obvious.,It's obvious; it's clear to anyone.,It is evident; there is no doubt about it.,It's so plain that literally anyone would get it.
RU,жаба,Toad,Unattractive girl.,"A small, warty amphibian similar to a frog.","In informal speech, refers to a girl considered unattractive."
RU,жарить,To fry.,To have sex.,"To cook food in hot oil or fat, typically in a pan.","In informal speech, to engage in sexual activity."
RU,жахнуть,To hit or strike forcefully.,To knock back a shot of vodka,To deliver a powerful blow or hit with force.,To quickly down a shot of vodka in an informal or casual setting.
RU,жахнуть,to bang,To have sex.,to strike or hit something forcefully,"In casual speech, to engage in sexual activity"
RU,жёлтый домик,Yellow house,"Loony bin, psychiatric hospital",A house that is painted yellow in color.,An informal term for a mental institution or psychiatric ward.
RU,жеребила,"(feminine form of) foal, young horse","Butch, active lesbian.","the female term for a young horse, specifically a foal",a casual term for a dominant or masculine-presenting lesbian
RU,жертва аборта,A person who is the result of a failed abortion.,"Despicable individual, useless idiot",An individual who survived an attempted abortion and was born as a result.,"A contemptible person or a complete fool, used as an insult in casual speech."
RU,жесть,Sheet metal,"Crazy, intense, hardcore, or shocking.","A thin, flat piece of metal that is typically used in construction or manufacturing.","In informal speech, refers to something wild, extreme, or surprisingly intense."
RU,жжот,"burns, sets on fire",Is awesome; totally rocks; kicks ass.,ignites or causes something to catch fire,is really impressive or cool; totally rules (informal)
RU,жид,Jew,"Kike, Yid. Insulting name for Jews.",A term used to refer to a person of Jewish heritage.,A derogatory and informal word used as an offensive slur against Jewish people.
RU,жидовия,Jewry,"Israel, derogatory term.",The collective community of Jewish people.,A derogatory slang term used informally to refer to Israel.
RU,жмур,One who squints; squinter.,"Stiff, corpse.",A person who narrows their eyes when looking at something; someone who squints.,"In informal speech, refers to a dead body or a 'stiff.'"
RU,жмурик,A person who is squinting or closing their eyes tightly.,"Stiff, dead body, corpse.",An individual who has their eyes shut tightly or is squinting.,"In informal speech, refers to a dead person or a corpse."
RU,жопа,Buttocks,"Ass, butt.",The fleshy part of the body located at the back of the hips.,A casual or crude term for someone's rear end or backside.
RU,жопа,Buttocks,A really bad situation; a total mess.,The fleshy part of the body that forms the rear end.,An informal term for a terrible predicament or a situation that's completely chaotic.
RU,"жопа с ручкой, жопа на колёсиках","Butt with a handle, butt on wheels.","Useless idiot, total dumbass.",A backside equipped with a handle or mounted on wheels.,A completely clueless person; someone regarded as a total fool in a very informal way.
RU,жопища,Buttocks,Huge ass; massive butt.,The part of the body known as the buttocks.,A slang term for an extremely large or oversized rear end.
RU,жопушка,Buttocks,Little butt; cute or playful way to refer to someone's small ass.,The fleshy part of the body that forms the rear end.,"A playful or affectionate term for a small or cute butt, used informally."
RU,жратва,Food,"Grub, chow (derogatory)",Edible substances or nourishment,"A casual or crude term for food, like 'grub' or 'chow'"
RU,жрачка,Food,Grub,Edible substances that people consume for nourishment.,"Casual term for something to eat, often used informally to mean chow or munchies."
RU,жучить,To bug; to wiretap; to install a listening device.,To have sex.,To secretly place a surveillance device for eavesdropping on conversations.,"In informal speech, to engage in sexual intercourse."
RU,забугорный,Located beyond a hill or mountain; situated abroad.,"Foreign, imported.",Positioned on the other side of a hill or mountain; found in another country.,Used informally to mean something that comes from abroad or is foreign-made.
RU,завинтить,To screw in; to tighten (with a screw or bolt).,"To arrest, to bust (someone).",To fasten by turning a screw or bolt; to make secure by tightening with such a device.,"In informal speech, to catch and take someone into police custody; to nab or pick someone up."
RU,зависать,To hang; to suspend.,To hang (regarding computers);,To be suspended or left hanging in the air.,"To freeze or stop responding, especially when talking about computers, in informal speech."
RU,загнать,"To drive in, to force in, to chase.","To sell (something, often quickly or under the table).","To push or herd something inside, or to compel entry, often by urging or pursuing.","In informal speech, to quickly offload or get rid of something by selling it, often in a discreet or unofficial way."
RU,загнуть,To bend,To bullshit; to make up a story; to exaggerate.,To curve or flex something out of its straight shape.,"To spin a tale or stretch the truth in a casual, informal way."
RU,загнуть,To bend or to curve.,To exaggerate.,To shape something by making it bend or form an arc.,"In informal speech, to stretch the truth or make something sound more impressive than it really is."
RU,загреметь,To make a loud noise; to clang; to rattle.,To get thrown in jail.,"To produce a resonant, loud sound such as a clatter or a bang.",To end up behind bars; to get sent to prison (informal).
RU,заделать,"to make, to fix, to seal, to patch up",To knock up (get someone pregnant),"to create, repair, close up, or mend something","Informally, to get a woman pregnant"
RU,задница,Buttocks,Ass (butt),The fleshy part of the body located at the back below the waist.,A casual or crude term for someone's rear end.
RU,задолбать,"To tire out, to exhaust.","To piss off, to annoy the hell out of someone.",To make someone feel worn out or completely drained.,To really get on someone's nerves or seriously tick them off in an informal way.
RU,задолбаться,To become very tired.,To be totally sick and tired of something.,To reach a state of great exhaustion.,To be completely fed up with something; to have had more than enough of it (informal).
RU,задрать,To lift up; to raise.,To piss off.,To move something upward; to elevate.,To really annoy or irritate someone (informal).
RU,задубеть,To become stiff or hard (as a result of cold or drying).,"To freeze (from cold), to be freezing.","To turn rigid or hard, typically due to exposure to cold temperatures or from drying out.","To get really cold or chilled, as people say when they're freezing."
RU,заебать,"To tire out, to exhaust.","To piss off, to annoy the hell out of someone, to be a pain in the ass.",To wear someone out or make them very fatigued.,"In informal speech, to seriously irritate or get on someone's nerves, to be extremely bothersome."
RU,заебаться,To get extremely exhausted (vulgar).,To get fucking exhausted.,To become thoroughly worn out or fatigued (vulgar).,"To get totally fucking drained; to be wiped out (very informal, slang)."
RU,зажать,"To squeeze, to press, to clamp.","To keep for oneself, to pocket, to hold back (something meant to be shared).","To grip tightly, compress, or secure something by applying pressure.","To hang on to something for yourself, not sharing it with others, often in an informal or sneaky way."
RU,зажигалка,Lighter,"Temptress, cock-teaser.",A small device used to produce a flame for lighting cigarettes or other items.,"In informal speech, a woman who intentionally provokes attraction or desire without intending to follow through."
RU,заказать,To order (something),To put out a hit on someone,"To request that something be provided or delivered, typically by placing an order.","To arrange for someone to be targeted or killed, usually as part of criminal activity."
RU,заклеить,To glue; to seal.,To hit on.,To fasten or close something by using adhesive.,"To flirt with someone or try to pick them up, in an informal way."
RU,залететь,"To fly in, to burst in, to rush in.","Get knocked up, become pregnant (usually unintentionally).","To enter quickly by flying, or to come rushing or barging into a place.","In informal speech, to accidentally get pregnant or end up expecting a baby without planning to."
RU,заложить,To pawn; to mortgage; to lay (something down); to put (something in place); to lay the foundation.,To snitch.,To give something as security for a loan; to use property as collateral; to set something down or position it; to establish a base or starting point.,"In casual speech, to inform on someone or report them to the authorities."
RU,залупа,The tip or glans of the penis.,Dickhead; asshole; a very rude or obnoxious person.,"The rounded end part of the penis, also known as the glans.",An insulting slang term for someone who is extremely rude or unpleasant; used informally to call someone a jerk or idiot.
RU,заморочка,A preoccupation or obsession.,A hassle or a headache.,An intense focus or fixation on something.,"An annoying problem or a pain to deal with, said informally."
RU,замутить,To make cloudy or to stir up (a liquid).,To hook up with someone; to start a fling or relationship.,To cause a liquid to become murky or disturbed by mixing it.,"In casual speech, to get involved with someone romantically or to start a casual relationship or fling."
RU,замутить,"to make murky; to cloud (e.g., water)",to hook up,"to make something less clear or to disturb its clarity, such as by stirring up water","in informal speech, to start a romantic or sexual relationship with someone"
RU,зануда,A tedious or boring person.,"Bore, killjoy, buzzkill.",A person who is dull or uninteresting to be around.,Someone who ruins the mood or makes things less fun; a drag.
RU,западло,Something forbidden by custom or rules; a taboo.,Beneath one's dignity; uncool or not acceptable to do.,An action or behavior that is prohibited by social norms or established rules; something considered off-limits.,"In informal speech, refers to something that feels embarrassing, shameful, or just not cool to do; it's seen as lowering oneself."
RU,запарить,"To steam, to brew (e.g., tea or herbs)","To bug, to hassle, to get on someone's nerves.","To prepare something by exposing it to steam or by infusing it in hot water, such as making tea or herbal drinks.","In informal speech, to annoy or bother someone persistently, or to get on their nerves."
RU,запариться,To steam (something); to cook by steaming.,To get stressed out.,To prepare food by using steam as the cooking method.,"To become overwhelmed or frazzled, especially in a casual or informal context."
RU,запарка,Steaming (the process of heating something with steam),A hectic rush or stressful overload of work.,The act of subjecting something to steam or heating it using steam.,An informal term for being overwhelmed with tasks or caught up in a frantic rush at work.
RU,запендюрить,"To attach, to fix, to put (something somewhere)","To do something quickly or carelessly; to throw, stick, or shove something somewhere; to knock together or cobble up something hastily.","To fasten, secure, or place something in a particular spot.","To quickly or carelessly toss, jam, or slap something somewhere, or to throw together something in a rushed, informal way."
RU,засаживать,"To plant, to insert, to put in.","To have sex (with someone), to screw, to fuck.","To place, embed, or set something into the ground or another surface.","In informal speech, to have sexual intercourse with someone; to hook up or get it on."
RU,засранец,A person who has soiled themselves with feces.,A cheeky or annoying person; a little shit.,An individual who has gotten feces on themselves.,A mischievous or irritating person; used informally to describe someone as a brat or nuisance.
RU,зассать,To urinate.,To chicken out; to get scared and back down.,To relieve oneself by passing urine.,To get scared and bail out; to lose your nerve and not go through with something (informal).
RU,застукать,To knock.,To catch someone in the act.,"To rap or tap on a surface, such as a door, to make a knocking sound.","To unexpectedly walk in on someone while they're doing something, often catching them red-handed."
RU,захуярить,To kill; to beat severely.,To bang out (do something quickly or forcefully); to whip up; to knock out.,To inflict fatal harm on someone; to administer a severe beating.,"To quickly crank something out or do it with a lot of force; to throw together or finish off in a rough, energetic way."
RU,захуярить,To kill.,To beat the shit out of.,To take someone's life.,To seriously rough someone up or give them a severe beating (informal).
RU,зачот,"credit (as in ""pass"" or ""pass/fail"" mark for an exam)",Cool! Awesome! (Used to express approval or praise),"a passing grade given for an exam or assessment, indicating successful completion without specifying a score","An informal exclamation used to show admiration or approval, similar to saying 'That’s great!' or 'Nice!'"
RU,зачотный,Related to a credit or pass (as in an academic record).,"Awesome, cool, impressive.",Pertaining to a grade or mark indicating a successful completion or pass in an academic setting.,"Used informally to describe something or someone as really cool, outstanding, or impressive."
RU,зашибись,To hit very hard; to kill by hitting.,"Awesome, freaking great",To strike with great force; to cause death by delivering a powerful blow.,"In informal speech, it means something is really cool or absolutely fantastic."
RU,зашквар,A burn mark or branding.,"Something embarrassing, disgraceful, or super cringe.",A mark left by burning or a symbol made by branding.,"In casual speech, refers to something extremely awkward, shameful, or totally uncool."
RU,звездёж,Starring; the act of being a star.,"Bullshit, lies.",The act of taking on a leading role or being featured as a star.,Casual term for making things up or telling blatant lies.
RU,звякнуть,To jingle; to clang; to ring (make a ringing sound).,To call (someone) on the phone.,"To produce a tinkling, clanging, or ringing noise.",To give someone a call on the phone (used informally).
RU,здоровский,Healthy,"Cool, awesome, great.",In good health; possessing physical well-being.,"Used informally to describe something as really cool, impressive, or fantastic."
RU,зек,Prisoner,"Inmate, prisoner.",A person who is held in a correctional facility as a result of a legal sentence.,A casual term for someone serving time behind bars; a jailbird.
RU,зелень,"Greens, foliage, greenery, herbs.","Money, greenbacks, bucks","Leafy plants, fresh leaves, or edible herbs used in cooking or as decoration.","A casual term for cash, especially paper money, often referred to as 'green' or 'bucks' in everyday speech."
RU,злоебучая,"malicious, fucking annoying","""Fucking hot""",intensely irritating or spiteful,super sexy or insanely attractive (very informal)
RU,зомбоящик,Television set,Idiot box,A device used for watching television programs.,"A casual term for a TV, implying it dulls the mind."
RU,зудить,To itch; to cause itching,To have sex,To experience an irritating sensation on the skin that prompts scratching.,"In informal speech, to engage in sexual activity."
RU,зудить,To itch.,To annoy or pester someone.,To cause a sensation on the skin that makes you want to scratch.,To bother or hassle someone in an informal or irritating way.
RU,зырить,To look,"To check out, to eyeball, to stare.",To observe with one's eyes,"To casually scope out or fix your gaze on something, often in an informal or streetwise way"
RU,идиот,A person with very low intelligence or someone who acts foolishly.,Moron.,An individual who has very limited intellectual abilities or behaves in a senseless manner.,"An idiot; a dumb or clueless person, used informally."
RU,измудохать,To exhaust or wear out completely.,To beat the crap out of someone — implies causing significant harm.,To drain someone of all energy or leave them thoroughly fatigued.,To rough someone up badly — a casual way to say you seriously hurt or beat someone.
RU,изя,Izya is a diminutive form of the male given name Israel.,"Ikey, Yid, Jew (used derogatorily)",Izya is a familiar or shortened version of the male first name Israel.,"In informal speech, 'Izya' can be used as a derogatory slang term referring to a Jewish person."
RU,имхо,In my humble opinion.,"IMHO (“in my humble opinion”), sometimes used to mean “I have an opinion you can’t argue with.”",This phrase stands for 'in my modest opinion.',"IMHO is a casual way of saying 'here’s my take, and you can’t really challenge it.'"
RU,инет,Internet,Internet,A global computer network that connects millions of devices and allows users to share information and communicate worldwide.,"A casual or informal way to refer to the Internet, often used in everyday speech or online chats."
RU,интердевочка,International girl,Prostitute who sleeps with foreigners for hard currency (obsolete).,A woman associated with international connections or activities.,"In informal speech, refers to a sex worker who caters to foreign clients in exchange for foreign currency (now outdated)."
RU,интим,Intimacy,"Sex or anything related to it (like sex shops, sexual services, etc.).",A close and personal emotional connection between people.,"Casually used to refer to sex or anything sexual, like adult stores or sexual activities."
RU,ипацца,To have sexual intercourse.,To have sex; to screw; to engage in tedious or bothersome activity.,To engage in sexual relations.,"To have sex or mess around; also, to deal with something annoying or troublesome."
RU,исхуячить,To damage severely; to destroy.,To mess someone up badly,To cause extensive harm or ruin to something.,To seriously beat someone up or rough them up badly (informal).
RU,ихтамнет,They aren’t there.,"A Russian soldier or operative secretly involved in a conflict, especially where Russia denies their presence.",They are not present.,"A term for a Russian soldier or agent secretly taking part in a conflict, especially when Russia claims they’re not involved."
RU,йа,I,"I, phonetic spelling of ""ya"".",The pronoun used to refer to oneself.,"An informal or playful way to write 'I', mimicking how 'ya' sounds when spoken."
RU,йад,Poison,"A sarcastic way to tell someone to ""go kill yourself"" or ""get lost"" when you strongly disagree with them.",A substance that is harmful or deadly when introduced to a living organism.,"An informal, cutting remark used to mockingly tell someone to 'go away' or 'do something drastic' when you strongly oppose their opinion."
RU,йух,South,Dick,A direction on the compass pointing toward the southern part of a region or area.,"In informal speech, a crude term used to refer to the male genitalia."
RU,кадрёж,Framing,Hitting on someone.,The act of composing or arranging the visual boundaries of a scene or image.,Casually trying to flirt with or attract someone in an informal way.
RU,кадрить,To frame; to take a shot (in photography or film).,"To hit on, to flirt with.",To compose an image or capture a scene using a camera in photography or filmmaking.,To casually try to attract someone's romantic interest or flirt with them in an informal way.
RU,каждый дрочит как он хочет,Each does things their own way.,Everyone does things their own way.,Everyone handles things in their own unique manner.,People just do their own thing however they want.
RU,кайф,Pleasure,"A feeling of intense pleasure, bliss, or a drug-induced high.",A sense of enjoyment or delight.,"An informal term for experiencing extreme happiness, euphoria, or the rush from using drugs."
RU,кайф (ловить ~),"Pleasure, delight, enjoyment","To get a buzz, to get high, to enjoy, to vibe.","A sense of happiness, satisfaction, or pleasure.","To experience a rush, get a thrill, or really enjoy something in a laid-back or cool way."
RU,кайфануть,To experience pleasure or delight.,To get a kick out of something.,To feel enjoyment or take pleasure in something.,"To really get a buzz or have a blast from something, in a casual or informal way."
RU,кайфовать,To enjoy oneself; to have a good time.,"To get high, to have a blast, to enjoy oneself intensely.",To take pleasure in oneself; to spend time in an enjoyable way.,"To get a buzz, have an awesome time, or really get into something in a fun and intense way."
RU,кайфово,Pleasurable,"Awesome, dope, really cool.",Enjoyable or giving a sense of pleasure.,Super cool or amazing; used informally to describe something that’s really great.
RU,камент,Comment,"Comment, message posted on a blog or forum as a reply to the main post.",A statement or observation expressing an opinion or response.,"An informal note or reply left under a blog post or forum thread, usually as a reaction to the main content."
RU,канарейка,Canary (a small yellow songbird),Police car (“canary”),"A small, yellow bird known for its melodious singing.","In informal speech, refers to a police vehicle, commonly called a 'canary.'"
RU,капец,"End, finish.","Screwed, messed up, total disaster.",A conclusion or termination of something.,"In casual speech, used to express that a situation is a complete mess or that someone is in big trouble."
RU,капуста,Cabbage,"Money, cash",A leafy vegetable commonly known as cabbage.,"In informal speech, this word is used to refer to money or cash."
RU,катя,"Katya (a diminutive form of the female given name Ekaterina, equivalent to Catherine in English)",A hundred roubles (referring to a 100-rouble note).,"Katya is a familiar or affectionate version of the female name Ekaterina, which corresponds to Catherine in English.","In informal speech, 'katya' is used to mean a 100-rouble bill."
RU,квасить,To ferment.,"To get wasted, to booze.",To cause a substance to undergo fermentation.,To drink heavily or get drunk (informal).
RU,кекс,Cake,Sex.,"A sweet baked dessert, typically soft and often served as a treat.","In informal speech, a playful term used to refer to sexual activity."
RU,кинуть,To throw.,To scam.,To propel something through the air by releasing it from your hand.,"In informal speech, to cheat or deceive someone, especially by not fulfilling a promise or agreement."
RU,кинуть по мылу,To throw by soap,To send by email.,To toss something using soap,To casually send something through email (informal usage)
RU,киска,Kitten,Attractive young lady,"A young domestic cat, typically referred to as a kitten.","In informal speech, this term can also mean a pretty or appealing young woman."
RU,киска,"Kitten, kitty, pussycat",Pussy,"A small cat, especially a young one; a pet cat or kitten.",An informal or colloquial term for the female genitalia.
RU,кит,whale,"Chinese person (derogatory, from ""китаец"")","A large marine mammal known for living in the ocean, commonly referred to as a whale.","An informal and derogatory term sometimes used to refer to a Chinese person, based on the word 'китаец'."
RU,китаёза,Chinese person,Chink; Chinese person (derogatory),An individual of Chinese nationality or descent.,"A rude, slang term for a Chinese person; often used as an insult."
RU,классно,Class-related; pertaining to a class (in school or society).,"Cool, awesome.","Relating to a class, such as a group in a school or a social category.",Informally used to describe something as really great or impressive.
RU,клёво,"Biting (about fish), nibbling.","Awesome, cool, great.",When fish are actively taking the bait or showing interest in biting.,"In casual speech, used to describe something as really fun, impressive, or excellent."
RU,клеить,To glue.,"To hit on, to flirt with.",To attach things together using adhesive.,To try to pick someone up or flirt with them in an informal way.
RU,клюшка,Hockey stick,Unattractive woman.,A stick used for playing hockey.,"In informal speech, refers to a woman considered physically unattractive."
RU,кляп,Gag (a device used to prevent someone from speaking or making noise by obstructing the mouth),Penis,"A gag is an object placed in the mouth to block speech or prevent noise, making it impossible for someone to talk.","In informal language, this term is sometimes used as a slang word for the penis."
RU,книжка,Book,"Joint, spliff.","A printed or written work consisting of pages bound together, typically containing text or illustrations.","In informal speech, refers to a hand-rolled cigarette filled with marijuana, also known as a joint or spliff."
RU,кобёл,A male dog.,"Butch, active lesbian.",A dog that is male in gender.,"In informal speech, refers to a lesbian who takes on a dominant or masculine role."
RU,кожаной флейте (играть на ~),leather flute,To give a blowjob.,a flute made from leather,"In informal speech, this refers to performing oral sex on a man."
RU,козёл,Goat,Jerk; asshole,"A domesticated animal with horns and a beard, commonly known as a goat.","In informal speech, a term used to describe an unpleasant or obnoxious person."
RU,кокос,Coconut,"Yank, citizen of the USA (American).","A large, brown, fibrous fruit from the coconut palm tree.","A casual or informal term referring to someone from the United States, often used to mean an American or a Yank."
RU,кокос,Coconut.,Cocaine.,"A large, hard-shelled fruit from the coconut palm, known for its edible white flesh and liquid inside.",An informal term used to refer to the drug cocaine.
RU,кокушки,Droppings (of birds or small animals),"Balls, nuts, testicles.",Excrement left by birds or small creatures.,"A casual term for a man's testicles, used informally."
RU,колбасина,Large sausage,Penis — “the sausage”.,A sizable variety of sausage product.,"In informal speech, a playful term for the male genitalia, likened to a sausage."
RU,колбасники,Sausage makers,Ethnic slur for Germans.,People who produce or prepare sausages.,A casual and derogatory term used to refer to Germans.
RU,колеса,wheels,"pills (drugs), ecstasy",circular components that rotate to allow vehicles or machines to move,"an informal term for tablets or recreational drugs, especially referring to ecstasy"
RU,колокольчики,Little bells,Testicles (“the bells”),Small bell-shaped objects or instruments that produce a ringing sound,"An informal term used to refer to male genitals, specifically the testicles"
RU,колорад,Colorado potato beetle,"A pro-Russian activist, especially one wearing a black-and-orange Saint George ribbon, likened to a Colorado potato beetle.","A beetle species known for feeding on potato plants, commonly referred to as the Colorado potato beetle.","A casual term for a pro-Russian supporter, especially someone sporting a black-and-orange Saint George ribbon, drawing a comparison to the Colorado potato beetle."
RU,колорадская лента,Colorado ribbon (a ribbon resembling the coloration of the Colorado potato beetle),"A Saint-George ribbon used as a symbol by pro-Russian forces in the Ukraine conflict, with its black and orange stripes likened to the Colorado potato beetle.",A ribbon whose appearance mimics the striped pattern found on the Colorado potato beetle.,"An informal term for the Saint George's ribbon, especially when worn by pro-Russian groups during the Ukraine conflict, named after its black and orange stripes that look like those of the Colorado potato beetle."
RU,командир,commander,Driver,"a person who leads or directs a group, especially in a military context","in casual speech, someone who is behind the wheel; a person driving a vehicle"
RU,конец,End,Penis,The final part or conclusion of something.,A casual or informal term used to refer to the male genital organ.
RU,кончать,"To finish, to end, to complete.",To orgasm; to ejaculate.,"To bring something to a close, to stop, or to carry out an activity until it is done.","In informal speech, to reach sexual climax or to come."
RU,коньки отбросить,To throw skates,To kick the bucket.,To toss away a pair of skates.,"To pass away, said in a casual or joking manner."
RU,копыта откинуть,hooves,To kick the bucket,"the hard feet of certain animals, such as horses or cows","to die, said in a casual or humorous way"
RU,корабль,Ship,"Unit for measuring marijuana, representing the amount that fits in a matchbox, enough for four to five spliffs. Derived from ""korobka"" (box).",A large vessel designed for travel or transport on water.,"In informal speech, refers to a quantity of marijuana roughly equal to what fills a matchbox, typically enough for four or five joints; the term comes from the word for 'box.'"
RU,корма,Stern (of a ship),Ass.,The rear part of a vessel or boat.,"In casual speech, refers to a person's buttocks."
RU,коровка,Little cow; ladybug (a small beetle).,Passive lesbian.,"A young cow; also refers to a ladybug, which is a small type of beetle.","In casual speech, this term is used to describe a lesbian who prefers a more passive role."
RU,корыто,"Trough, washing tub","Vagina, female genitalia.",A basin or container used for washing or feeding animals.,"In informal speech, a crude term referring to the female sexual organs."
RU,косарь,Scythe,"A grand (one thousand units of currency, usually rubles).",A long-handled tool with a curved blade used for cutting grass or grain by hand.,"In informal speech, refers to a thousand units of money, most often rubles."
RU,косая,Slanting; oblique; skewed; cross-eyed (feminine form).,Thousand (rubles),"Angled, slanted, or not straight; also refers to a woman with crossed eyes.","In informal speech, refers to a thousand rubles."
RU,косить,"To mow (grass, crops, etc.)","To shirk or dodge (responsibility, duty, or military service).","To cut down grass, plants, or crops using a scythe or similar tool.","To avoid or get out of doing something you’re supposed to do, like skipping out on duties or military service (informal)."
RU,космонавт,Cosmonaut; an astronaut from Russia or the former Soviet Union.,Ironical name for police forces in full anti-riot gear (“cosmonaut”).,A cosmonaut is a space traveler originating from Russia or the former Soviet Union.,"In informal speech, 'cosmonaut' is a tongue-in-cheek term for police officers dressed in full riot gear."
RU,косой,Cross-eyed; squint-eyed.,"Wasted, drunk.",Having eyes that do not look in the same direction; affected by a squint.,Informally used to describe someone who is heavily intoxicated or under the influence of alcohol.
RU,косяк,A shoal of fish; a flaw or defect.,"Joint, spliff.",A group or school of fish swimming together; an imperfection or mistake.,"In informal speech, a 'joint' or 'spliff'—a hand-rolled cigarette containing marijuana."
RU,котэ,Cat,"Cat, trendy misspelling of one of the Internet’s most popular animals.",A domesticated feline animal known as a cat.,"A playful, informal spelling for a cat, commonly used online to refer to this beloved internet animal."
RU,красава,"Beauty (feminine), beautiful woman.","Attaboy, attagirl; a form of praise or approval, often with a hint of irony.",A woman who is attractive; a term used to describe feminine beauty.,"An informal way to express approval or congratulate someone, similar to saying 'well done' or 'nice job,' sometimes used playfully or with a touch of irony."
RU,краски,Paints,Menstruation.,Colored substances used for creating images or coating surfaces.,A casual term referring to a woman's period.
RU,красная,Red (feminine form),Five thousand roubles (referring to the color of the 5000 rouble banknote).,A word in the feminine form that describes something as being red in color.,"An informal term used to refer to a five-thousand-rouble note, named after its reddish appearance."
RU,кретин,"A person suffering from cretinism, a medical condition caused by thyroid deficiency, leading to physical and mental developmental delays.","Idiot, retard","An individual affected by cretinism, a disorder resulting from insufficient thyroid hormone, which causes delays in both physical and mental development.","In informal speech, a term used to call someone an idiot or a fool."
RU,криатифф,Creativity; creative work.,"A post or message that is considered (supposedly or actually) creative, such as poetry or literature.",The ability to produce original ideas or works; engaging in imaginative or inventive activities.,"An informal term for a post or message that people find (or claim to find) creative, like a poem or a piece of writing shared online."
RU,криповый,Creepy,Creepy,Causing a sense of unease or fear; unsettling in a way that makes someone feel uncomfortable.,"Super weird or freaky, giving off a seriously spooky or disturbing vibe."
RU,кросавчег,handsome man,"A cool guy or dude; used ironically to praise someone, often for doing something impressive or bold.",an attractive or good-looking man,"an informal term for a guy who is considered cool or impressive, often used humorously or sarcastically to compliment someone after they do something notable"
RU,круто,Steep,"Cool, awesome, great",Having a sharply rising or falling slope; inclined at a significant angle.,"Used informally to describe something as impressive, trendy, or really good."
RU,крыша,Roof,"Protection racket; criminal protection for a business or individual, usually for a fee.",The covering on top of a building that shields it from weather and elements.,"In informal speech, this refers to the illegal service where criminals offer businesses or people paid protection from threats or harm."
RU,крышевать,To roof; to cover with a roof.,"To provide illegal protection for a business, often by organized crime, in exchange for money.",To place a roof over something; to construct or install a roof on a building.,"In informal speech, to illegally shield a business—usually by criminal groups—in return for payment."
RU,крякнуться,To quack (like a duck).,To croak.,To make a sound similar to that of a duck’s quack.,"To die or pass away, used informally."
RU,ксива,Document,"ID, passport",An official paper or certificate used to verify information or identity.,"A casual term for an ID card or passport, often used in informal conversations."
RU,ктонть,"someone, anybody","Someone, anybody (slang contraction of ""кто-нибудь"").","a person, anyone at all","an informal or casual way to say 'someone' or 'anybody', shortened from 'кто-нибудь'"
RU,Кузьмич,"A patronymic derived from the male given name Kuzma, often used as a surname or as a respectful form of address for an older man named Kuzma.","A nickname for a simple, rural Russian man conscripted into the Russian army invading Ukraine; similar to ""Tommy"" for British soldiers, originally used by football ultras to mock passive supporters.","A patronymic that comes from the male first name Kuzma, commonly used either as a last name or as a polite way to refer to an older man with that name.","An informal nickname for a typical, rural Russian man drafted into the Russian army during the invasion of Ukraine; comparable to calling British soldiers 'Tommy,' and originally used by football fans to poke fun at less enthusiastic supporters."
RU,курите мою трубку,Smoke my pipe.,"Invitation (figurative, but could be direct) to perform a fellatio — literally “smoke my pipe”.",To smoke from my pipe.,"A casual or humorous way of asking someone to give oral sex, using the phrase as a figurative expression."
RU,кусок,Piece; chunk; bit.,Thousand (money).,"A portion, segment, or small part of something.","In informal speech, refers to a thousand units of currency."
RU,кутить,To live lavishly; to indulge in extravagance.,To party.,To lead an opulent lifestyle or spend excessively for pleasure.,"To have a wild time or go out partying, especially in a fun and informal way."
RU,лабать,"To make, to manufacture, to do (something) quickly or carelessly.","To jam or play music (often guitar), usually in an informal or energetic way.","To create, produce, or carry out something in a rushed or sloppy manner.","To casually jam or play music, especially guitar, in a lively and informal setting."
RU,лайба,Yacht,Ride (car),"A sailing or motor vessel designed for leisure and recreation, commonly known as a yacht.","In informal speech, refers to a car, often highlighting it as someone's set of wheels or ride."
RU,лайкнуть,To bark,"To give a ""like"" (e.g., on social media).","To make a barking sound, like a dog.","To hit the 'like' button on a social network or online post, in a casual or informal way."
RU,лапать,To touch or handle with one's paw or hand.,"To grope, to fondle, to feel up.",To use one's hand or paw to touch or handle something.,"To casually or inappropriately touch or feel someone, often in a sexual or playful way."
RU,лахудра,A slovenly or untidy woman.,"A scruffy, unattractive, or slovenly woman; an old hag.",A woman who appears messy or lacks neatness in her appearance.,"In informal speech, refers to a woman who looks shabby, unkempt, or is considered unattractive; sometimes used to describe an old, rundown woman."
RU,лахудра,"A slovenly, untidy, or poorly dressed woman.","Slut, skank, tramp.","A woman who appears messy, disheveled, or is carelessly dressed.","In informal speech, a derogatory term for a woman considered promiscuous or lacking morals."
RU,левак,A left-handed person.,Side hustle income.,An individual who primarily uses their left hand for tasks.,"In casual speech, refers to extra money earned from unofficial or side jobs."
RU,легавый,Pointer dog (a breed of hunting dog),Policeman (cop),A type of hunting dog breed known for its ability to locate and indicate game.,An informal term used to refer to a police officer.
RU,лепить,To sculpt; to mold; to shape (from clay or similar materials).,To talk nonsense.,To form or create objects by shaping materials like clay or similar substances.,To speak in a silly or nonsensical way; used informally to describe talking rubbish.
RU,либераст,Liberal,"A derogatory term for a liberal, implying depravity or association with perversion.",A person who holds liberal political views.,"An informal insult used to describe a liberal, often suggesting moral corruption or deviant behavior."
RU,лизаться,To lick oneself.,To make out.,To use one’s tongue to clean or touch one’s own body.,"To kiss and engage in intimate physical affection, often used informally to mean making out."
RU,лизун,"Slime toy; a sticky, stretchy toy made of a gelatinous substance.","Carpet-muncher, man performing oral sex on a woman.","A toy made from a jelly-like material that is both sticky and flexible, often used for play.","A casual, informal term for a man who performs oral sex on a woman."
RU,лимон,Lemon (the fruit),Million (monetary unit),A lemon is a type of citrus fruit known for its sour taste and yellow color.,"In informal speech, 'лимон' is used as slang to refer to a million units of currency."
RU,литруха,Liter bottle,"A one-liter bottle of alcohol, usually vodka.",A bottle that holds one liter of liquid.,"An informal term for a one-liter bottle of booze, most often referring to vodka."
RU,лоботряс,Loafer; idler; lazybones.,"Idler, loafer, slacker",A person who avoids work and prefers to be lazy or inactive.,Someone who just lazes around and doesn’t do anything useful; a total slacker.
RU,ломануться,To break (something) forcefully.,To rush off suddenly.,To forcibly break or snap something apart.,"To take off or dash away all of a sudden, in a casual or informal way."
RU,лох,Salmon (a type of fish).,A gullible fool or sucker; someone easily deceived or taken advantage of.,A species of fish known as salmon.,"In informal speech, refers to a naive person who is easily tricked or exploited."
RU,лохануть,To wash in a tub.,To screw someone over.,To clean something by immersing it in a basin or tub.,"In informal speech, to trick or take advantage of someone."
RU,лохануться,To make a mistake.,To screw up or mess up badly.,To commit an error or make a blunder.,"To really mess things up or totally blow it, in a casual or informal way."
RU,лохматка,A small furry or shaggy object; a tuft of hair.,"Hairy pussy, female genitalia.",A small item covered in fur or appearing shaggy; a clump or bunch of hair.,"A casual term for a woman's hairy genitals, used informally to refer to the female pubic area."
RU,лохматый сейф,Hairy safe,"Pussy, cunt, female genitalia",A safe that is covered with hair or appears to be hairy.,A casual or vulgar term used to refer to a woman's genitals.
RU,луноход,Lunar rover,Police car,A vehicle designed to travel across the surface of the Moon.,A casual term used to refer to a police vehicle.
RU,лытдыбр,Diary,A personal diary entry or blog post about one’s daily life and experiences.,A journal used for recording personal thoughts and events.,An informal blog post or online entry where someone casually shares details about their everyday life and experiences.
RU,лягушатник,A frog pond,"Frog, Frenchman.",A small body of water where frogs live.,"An informal term for a French person, often used in a playful or joking way."
RU,ляхи,Lachians (an ethnographic group of Poles),"Poles, Pollacks (old-fashioned, sometimes derogatory term for Polish people)",Lachians are a specific ethnographic subgroup within the Polish population.,An old-fashioned and sometimes offensive slang term used informally to refer to Polish people.
RU,макаронник,macaroni maker,"Italian (person), wop (derogatory term)",a person who produces or prepares macaroni,a casual or sometimes offensive term for someone of Italian descent
RU,малыш,Baby; little child.,Small penis.,An infant or a young child.,"In informal speech, refers to a penis of small size."
RU,мандячить,To sew.,To beat the crap out of someone.,To join pieces of fabric together by stitching.,To give someone a serious beating (informal).
RU,мацать,"To touch, to feel (by hand), to grope.","To grope, to feel up, to fondle.","To handle or examine something with one's hands, often by touching or feeling it.","In informal speech, to inappropriately touch or grope someone, especially in a sexual manner."
RU,медвед,Bear,"Popular misspelling of ""bear"" (medved), often used humorously online.",A large mammal known as a bear.,An intentionally incorrect spelling of 'bear' (medved) that is commonly used in a playful or joking way online.
RU,мензурка,Graduated measuring vessel (usually made of glass) used in laboratories.,Shot glass.,"A laboratory container, typically glass and marked with measurement lines, used for accurately measuring liquids.","In casual speech, refers to a small glass used for serving alcoholic shots."
RU,ментовка,Police station,Police station,A building or office where police officers work and handle official matters.,A casual or street term for the local cop shop or police headquarters.
RU,ментовка,Police station,police station,A building or office where police officers carry out their official duties.,An informal term for the local cop shop or police headquarters.
RU,месить,To knead.,To beat up.,"To work or mix a substance, such as dough or clay, by pressing and folding it with the hands.","In informal speech, to physically attack or rough someone up."
RU,метёлка,"Whisk, brush, broom",Girl,"A cleaning tool such as a broom, brush, or whisk used for sweeping or dusting surfaces.","In informal speech, a casual term used to refer to a young woman or girl."
RU,мобик,Mobilized person,Mobilized conscript; a soldier drafted against their will.,An individual who has been called up for military service.,"A draftee who’s been forced into the army, often used informally to refer to someone conscripted against their wishes."
RU,моргалы,Morgues.,Peeepers.,Facilities where deceased individuals are kept for identification or examination.,"A casual term for eyes, often used informally in conversation."
RU,морда,Muzzle,Mug,"The projecting part of an animal’s face, including the nose and mouth.",A casual or informal term for a person’s face.
RU,морковка,Carrot,"A woman, usually involved in sex tourism (in places like Southeast Asia, Cuba, or sometimes just abroad).",A root vegetable known as a carrot.,"In informal speech, refers to a woman, often one who participates in sex tourism, particularly in regions such as Southeast Asia, Cuba, or sometimes other countries."
RU,москаль,A native or inhabitant of Moscow; a Muscovite.,"Derogatory term for a Russian person, especially used by Ukrainians, Poles, and Belarusians.",A person who comes from Moscow or resides there; someone from Moscow.,"An informal and often offensive word used, particularly by Ukrainians, Poles, and Belarusians, to refer to a Russian individual."
RU,мотовка,A small spinning wheel or a device for winding yarn.,Money waster.,A compact tool or apparatus used for winding thread or spinning yarn.,"In informal speech, refers to someone who carelessly spends or squanders money."
RU,мохнатка,A furry or hairy thing (often referring to something covered with fur or hair).,Pussy,An object or item that is covered in fur or thick hair.,A casual or informal term for the female genitalia.
RU,мочить,"To wet, to moisten.",To kill or eliminate someone physically.,To make something damp or cover it with liquid.,"In informal speech, to physically take someone out or get rid of them, often meaning to kill."
RU,мразь,Dross.,"A despicable, vile person; lowlife.",Impurities or waste matter separated from a substance.,An extremely unpleasant or contemptible person; someone regarded as scum in everyday speech.
RU,мудак,Male donkey,Asshole,A male member of the donkey species.,A rude or obnoxious person; used informally as an insult.
RU,мудацкий,Pertaining to a jerk or an unpleasant person.,"Asshole-like, jerkish.",Relating to someone who is rude or disagreeable.,Informally describing behavior or attitude as obnoxious or like that of an asshole.
RU,мудохать,"To handle, to fumble, to tinker.",To beat the crap out of someone.,"To work with something in a clumsy or awkward way, or to fiddle with it.",To rough someone up badly or give someone a serious beating (informal).
RU,мульт,Cartoon,Million (money),"An animated film or television show, typically created for children.","In informal speech, refers to a million units of currency, especially money."
RU,мульт,"Animated cartoon (short for ""мультфильм"")","Animated cartoon, short for animated film.","A shortened term for 'мультфильм', referring to an animated cartoon.",Casual way to say animated cartoon or animated movie.
RU,мурло,Muzzle,Mug.,"The projecting part of an animal’s face, including the nose and mouth.",A casual or informal term for someone’s face.
RU,мусор,Garbage,Policeman (used derogatorily).,Waste materials or unwanted items that are thrown away.,"A disrespectful slang term for a police officer, commonly used in informal speech."
RU,мусоровоз,Garbage truck,Police car (“fuzz-mobile”),A vehicle designed for collecting and transporting waste or refuse.,"In informal speech, a term used to refer to a police vehicle, similar to calling it a 'cop car' or 'paddy wagon.'"
RU,мутить,To make cloudy; to stir up; to muddle.,To hook up (with someone); to scheme; to pull off (something shady or secretive).,To cause something to become murky or unclear; to mix up or disturb so that it loses its clarity.,"In informal speech, to start a romantic or physical relationship with someone, or to plot and carry out something sneaky or underhanded."
RU,мутить,to make cloudy; to stir up,To hook up (romantically or sexually),to cause something to become murky or less clear; to disturb a liquid so it loses its transparency,"In informal speech, to get involved with someone in a romantic or sexual way"
RU,мухлёж,Falsification,"Rigging, scamming, or shady trickery.",Deliberate alteration or distortion of information or documents.,"Pulling off sneaky tricks, cheating, or setting things up unfairly, usually in a dodgy or underhanded way."
RU,мухой,Fly (the insect),"Quickly, asap.",A small winged insect commonly known as a fly.,"In informal speech, used to mean doing something very fast or right away."
RU,мухой (под),Fly (the insect),"Drunk, wasted.",A small flying insect commonly known as a fly.,"In informal speech, describes someone who is heavily intoxicated or very drunk."
RU,мять,"To wrinkle, to crumple, to knead, to crush.","To have sex (literally “to wrinkle, to crush”).","To press, squeeze, or handle something so that it becomes wrinkled, creased, or deformed.","In informal speech, to have sexual intercourse (used figuratively as 'to squeeze or rumple')."
RU,набить морду,To fill a muzzle.,To beat the crap out of someone.,To stuff or pack something into a face or snout.,"To give someone a serious beating, usually in an informal or street context."
RU,навар,Broth; decoction.,"Profit, easy money, or a cut (often from shady or unofficial dealings).","A liquid made by boiling meat, bones, or vegetables; a type of soup stock.","In informal speech, refers to money gained easily, especially as profit or a share from questionable or unofficial activities."
RU,нагонять волну,To generate a wave.,To stir up drama.,To cause a wave to form.,"To create a fuss or hype, especially in an informal or exaggerated way."
RU,надраться,"To tear, to scratch up.",To get hammered.,To rip or scratch the surface of something.,To become very drunk (informal).
RU,надуть барабан,To inflate a drum.,To get someone pregnant,To blow air into a drum to make it expand.,To knock someone up; to cause a woman to become pregnant (informal).
RU,наебалово,Deception.,Rip-off.,The act of misleading someone or causing them to believe something untrue.,"A scam or trick where someone gets cheated, usually said in a casual or streetwise way."
RU,наебать,To deceive,"To rip off, to scam, to screw someone over.",To mislead someone or cause them to believe something untrue.,"To cheat, trick, or take advantage of someone in an underhanded or dishonest way."
RU,наёбка,"Deceit, fraud, scam.","Rip-off, scam, trick.",An act of dishonest behavior intended to mislead or cheat someone.,"A shady move or trick where someone gets ripped off or scammed, usually in a casual or streetwise context."
RU,наебнуть,To deceive; to cheat.,To get wasted (to drink alcohol quickly or heavily),To trick someone or commit fraud against them.,To quickly or heavily drink alcohol and get drunk (informal).
RU,наебнуться,"To collapse, to fall down.","To take a nasty spill, to wipe out, to crash hard (unexpectedly and heavily).","To lose balance and go down, to topple over.","To suddenly take a hard fall or tumble, to go down badly (in a rough or unexpected way)."
RU,наебошиться,To hit or strike repeatedly.,To get hammered.,To deliver multiple blows or strikes in succession.,To get really drunk; to become heavily intoxicated (informal).
RU,наёбывать,To deceive.,"To screw over, to rip off, to bullshit.",To mislead someone or cause them to believe something untrue.,"To mess someone around, cheat them, or feed them lies in a casual or streetwise way."
RU,наезд,"Run-up, approach, or acceleration (as in sports or vehicles).","Raid, shakedown, intimidation.","A movement involving gaining speed or drawing closer, typically used in reference to sports or vehicles.","In informal speech, it refers to a forceful confrontation, such as a shake-up, aggressive demand, or an act of intimidation."
RU,нажираться,To eat or drink to excess.,To get wasted.,To consume food or beverages in overly large amounts.,To get really drunk or intoxicated (informal).
RU,накачивать,"To pump, to inflate, to fill (with liquid or gas).","To fuck, have sex, screw.","To force liquid or gas into something, such as by using a pump, in order to fill or inflate it.","In informal speech, to have sexual intercourse or hook up with someone."
RU,наколоть,To prick; to inject.,To scam.,To pierce the skin or administer a substance by means of a needle.,"In informal speech, to trick or cheat someone."
RU,накуриться,To smoke (something) to satiety.,To get stoned.,To smoke something until one feels fully satisfied.,"To get high from smoking, in an informal or casual sense."
RU,нализаться,To lap up (liquid),To get wasted.,To drink a liquid by licking it up.,To get really drunk or intoxicated (informal).
RU,напиздить,To lie profusely.,To steal.,To tell a large number of lies.,"In informal speech, to swipe or take something that doesn't belong to you."
RU,насрать (мне ~),to defecate,I don't give a shit.,to empty one's bowels,"I couldn't care less (said in a very informal, blunt way)"
RU,насрать в компот,To defecate in the fruit juice.,To mess things up on purpose to annoy someone.,To relieve oneself by defecating into a bowl or container of fruit punch.,"To deliberately cause trouble or ruin a situation just to irritate someone, used informally."
RU,"нассать (в рот ~, чтоб морем пахло?)",to urinate,A rude way of asking if someone understood something.,to discharge urine,"A vulgar, informal way to ask if someone has grasped or comprehended something"
RU,натурал,Natural person; someone or something natural (not artificial).,"Straight man, heterosexual (term used by homosexuals and bisexuals).","A real person or something that exists in its original, unaltered state, as opposed to being man-made or synthetic.","An informal term, often used within LGBTQ+ circles, referring to a man who is heterosexual."
RU,натуралка,Natural product; something natural (not artificial).,Straight woman (heterosexual woman),"A product or item that is genuine and unprocessed, as opposed to being synthetic or man-made.","In informal speech, refers to a woman who is attracted to men; a heterosexual woman."
RU,натянуть глаз на жопу (кому),To stretch an eye over someone's butt.,To beat the crap out of someone.,To pull an eye across a person's backside.,To give someone a serious beating (informal).
RU,нафиг,To nowhere; for nothing; in vain,To hell; screw it; get lost,To no specific place; for no purpose; without achieving anything,Go away; forget it; buzz off (used informally and with a dismissive tone)
RU,нахрюкаться,To grunt (like a pig).,To get wasted.,To make pig-like grunting sounds.,To become very drunk or heavily intoxicated (informal).
RU,нахуй,To the penis,"Fuck off, get lost. Insulting negative reply.",Toward the male genital organ.,"A rude, informal way to tell someone to go away or leave you alone."
RU,нахуя,For what purpose?,What the fuck for,For what reason or with what intention?,Why the hell would you do that?
RU,нахуяриться,To get very drunk.,To get very drunk; to get wasted.,To consume a large amount of alcohol and become heavily intoxicated.,"To get totally smashed or plastered from drinking, in a very informal or casual way."
RU,не ебёт,Does not have sexual intercourse (with).,I don't give a fuck.,Does not engage in sexual activity with someone.,I couldn't care less; it doesn't matter to me at all.
RU,недоёбанный,Not fully fucked; not sufficiently had sex.,"An idiot; someone acting stupid or irrational, supposedly because they haven't had enough sex.",Not having had enough sexual intercourse; lacking sufficient sexual experience.,"A fool or someone behaving irrationally, typically used informally to suggest their odd behavior is due to not getting enough sex."
RU,немчура,Germans,"Krauts, an insulting term for Germans.",People of German nationality or origin.,"A derogatory slang word used informally to refer to Germans, similar to 'Krauts.'"
RU,"ни людей, ни блядей!","No people, no prostitutes.",It’s totally dead here; there’s nobody around and nothing going on.,There aren’t any people or prostitutes present.,This place is completely empty; there’s absolutely nothing happening and no one around.
RU,ниасилил,"could not manage (to do something), was unable to cope",I couldn't get through it (too long/boring to finish reading).,was not able to handle or accomplish something,I just couldn't make it through (it was way too dull or lengthy to finish)
RU,ниасилил патамушто вайна и мир,I could not manage (to do something) because of “War and Peace.”,I couldn’t handle it because it’s way too long or difficult (like “War and Peace”).,I was unable to accomplish something due to 'War and Peace.',"I just couldn’t get through it because it’s insanely long or tough, like ‘War and Peace.’"
RU,ниибаццо,To fuck (oneself),Fucking awesome; insanely; extremely; unbelievably.,To engage in sexual intercourse with oneself.,"Used informally to describe something as absolutely incredible, crazy, or unbelievably intense."
RU,нипадеццки,Very seriously; not childishly; to a great extent.,Really cool; seriously impressive; badass.,To a significant degree; with utmost seriousness; far from being trivial.,Super awesome; totally impressive; really badass in a casual way.
RU,нихуя,Nothing,Nothing at all; absolutely nothing.,The absence of anything; no thing.,"Not a single thing; absolutely zero, in a blunt or informal way."
RU,ништяк,"A small thing, a trifle.","Awesome, great, cool.",An insignificant item or a minor detail.,"In informal speech, it means something really cool or impressive."
RU,ночная бабочка,Night butterfly,Prostitute,A butterfly species that is active during the nighttime hours.,An informal term used to refer to a woman who engages in prostitution.
RU,обабить,To make someone look or behave like a woman.,To deflower; to take a girl's virginity.,To cause a person to appear or act in a feminine manner.,"In informal speech, to be someone's first sexual partner, specifically by taking a girl's virginity."
RU,обабить,to make someone more feminine,to knock up,to cause a person to become more feminine in appearance or behavior,to get someone pregnant (informal)
RU,обалденный,"Stunned, stupefied, amazed.","Awesome, amazing, fantastic.",Overwhelmed or left speechless by surprise or astonishment.,Super cool or really impressive; used informally to describe something outstanding.
RU,обалдеть,To become numb or stupefied.,"To be blown away, to be amazed.",To experience a state of shock or mental dullness.,"To be totally astonished or super impressed, in a casual or informal way."
RU,обдирать,To peel; to strip; to skin.,To rip off.,"To remove the outer layer or covering from something, such as by peeling or taking off the skin.","To cheat someone out of money or overcharge them, especially in an informal or everyday context."
RU,обезьянник,Monkey cage,Holding cell or police van for detainees (“monkey cage”).,An enclosure designed to keep monkeys confined.,A casual term for a temporary holding area or police vehicle used to detain people.
RU,обидеть,To offend or hurt someone's feelings.,To rape and humiliate a fellow inmate.,To cause someone emotional pain or insult them.,"In prison slang, to sexually assault and degrade another inmate."
RU,облом,"Breakage, fracture.","Bummer, letdown, or major disappointment.",The act of something being broken or split apart.,"In informal speech, a situation that turns out to be a big letdown or a real disappointment."
RU,обломиться,To break off (about a piece or part of something).,"To miss out on something, to get nothing, to be left with nothing.",To detach or snap off a fragment or section from something.,"In informal speech, to end up empty-handed or to fail to get what you wanted."
RU,обнулёныш,A person or thing that has been nullified or reset to zero.,"Putin, the “nullified one”, referring to his reset of presidential term limits after the 2020 constitutional change allowing him to stay in power until 2036.",An individual or object that has been reduced to a starting point or rendered insignificant.,"A nickname for Putin, used informally to highlight how he reset his presidential terms after the 2020 constitutional amendment, letting him potentially remain president until 2036."
RU,обнулить,To reset to zero; to nullify.,"To kill, destroy.",To bring something back to zero or wipe it out completely.,"In informal speech, to eliminate or wipe someone out."
RU,обоссать (как два пальца ~),to urinate on,"To do something easily, without any problem (like it's no big deal) — often used to boast or accept a challenge.",to discharge urine onto something or someone,"To handle a task with ease, as if it requires no effort at all — commonly used in a casual or bragging way to show how simple something is."
RU,обоссать(ся),To urinate on (oneself or something).,"To totally own, humiliate, or dominate someone.",To discharge urine onto oneself or another object.,"In informal speech, to completely defeat, embarrass, or overpower someone."
RU,обоссаться можно,To urinate on oneself.,It’s hilarious; it’s so funny you could wet yourself.,To accidentally urinate on oneself.,It’s so funny that you might pee your pants from laughing; used informally to describe something extremely amusing.
RU,объебать,To cover or to surround with something.,"To rip off, to screw over, to scam.",To enclose or wrap something around an object.,"In informal speech, to cheat someone or take advantage of them unfairly."
RU,овца,"Sheep (female sheep, ewe)",A stupid or foolish woman.,"A domesticated animal, specifically a female of the sheep species, also known as an ewe.","In informal speech, this term can refer to a woman considered to be naive or lacking intelligence."
RU,овцемобиль,Sheep transporter vehicle,Car driven by a woman (sheepmobile).,A vehicle designed for transporting sheep from one place to another.,"An informal term for a car that is being driven by a woman, often used humorously or mockingly."
RU,огонь,Fire,"Hot, cool, awesome.","A process of combustion that produces heat and light, commonly referred to as flames.","In informal speech, used to describe something extremely impressive, trendy, or exciting."
RU,околевать,"To die, to perish (usually from cold or exhaustion).",To freeze one’s ass off; to be extremely cold.,"To pass away or succumb, typically as a result of severe cold or extreme fatigue.",To be freezing or unbearably cold; used informally to describe feeling chilled to the bone.
RU,олбанский,Albanian (relating to Albania or its people/language),Internet slang featuring deliberately distorted or humorous Russian spelling.,"Connected to Albania, its citizens, or the Albanian language.","A playful internet term for intentionally misspelled or comically altered Russian words, often used in informal online conversations."
RU,орк,"Orc (a mythical humanoid creature, typically depicted as brutish and aggressive, originating from fantasy literature such as J.R.R. Tolkien's works).","A derogatory term for a Russian soldier, likening them to orcs from Tolkien’s ""Lord of the Rings"" to emphasize brutality and dehumanization.","An orc is a legendary humanoid being, usually shown as fierce and violent, that comes from fantasy stories like those written by J.R.R. Tolkien.","In informal speech, 'orc' is used as an insult for a Russian soldier, comparing them to the savage orcs in Tolkien’s 'Lord of the Rings' to highlight perceived cruelty and to strip them of humanity."
RU,остохуеть,To be extremely astonished or shocked.,"To be fed up, to be sick and tired of something.",To experience an intense level of surprise or disbelief.,To be totally worn out or exasperated with something; to have had enough (in a very informal way).
RU,отбарабанить,"To drum, to rattle off (to do something quickly or mechanically, often referring to reciting or performing).","To fuck, to bang.","To rapidly or mechanically perform or recite something, often in a way that suggests little thought or emotion, similar to drumming.","In informal speech, to have sex with someone; to hook up."
RU,отбарать,"To take away, to seize.","To fuck, to rape.",To forcibly remove something from someone or to take possession by force.,"In informal speech, to have sex with someone against their will; to sexually assault."
RU,отвали,Fall off.,"Get lost, piss off.",Detach or come off from something.,"Go away, leave me alone. (informal)"
RU,отдрючивать,"To beat, to thrash, to scold severely",To fuck; to screw; to have sex with (vulgar),"To hit, punish, or reprimand someone harshly",To have sex with someone; to screw (used in a crude or informal way)
RU,отдрючивать,"To have sexual intercourse with (vulgar, offensive).",To screw over harshly; to put someone through the wringer.,"To engage in sexual activity with someone (crude, offensive).","To treat someone very unfairly or give them a really hard time (informal, slang)."
RU,отдрючить,To beat or thrash severely.,"To fuck (someone), to screw (someone)",To deliver a harsh beating or physically punish someone severely.,"To have sex with someone, used informally or crudely to mean 'to screw' or 'to bang' someone."
RU,отдубасить,To thrash; to beat.,To beat the crap out of someone.,To strike or hit someone repeatedly.,To give someone a serious beating; to rough someone up badly.
RU,откидываться,To lean back; to recline; to throw back.,To kick the bucket.,"To tilt backward, rest in a reclined position, or move something backward.",To pass away; used informally to mean dying.
RU,отлить,"to pour off, to decant",To take a piss.,to separate a liquid by carefully pouring it out,to go take a leak (informal for urinating)
RU,отмазать,"To clean off, to scrape off (something sticky or dirty).","To get someone off the hook, to cover for someone, to bail someone out.",To remove or wipe away something sticky or dirty from a surface.,"To help someone avoid trouble or punishment, often by making excuses or intervening on their behalf (informal)."
RU,отморозок,A person who has suffered frostbite; someone who has been frostbitten.,"Psycho, thug, or lowlife.",An individual who has experienced frostbite; someone whose body has been affected by freezing temperatures.,"In informal language, refers to a crazy or violent person, or someone considered a criminal or a degenerate."
RU,отмочить,To soak.,To pull off something outrageous or wild.,To immerse something in liquid for a period of time.,"To do something bold or outrageous, especially in a playful or shocking way (informal)."
RU,отодрать,"To tear off, to rip off.",To have sex with (someone) roughly or aggressively.,To forcibly remove or pull something away.,"In informal speech, to have forceful or rough sex with someone."
RU,отсасывать,To suck out.,To give a blowjob.,To remove something by drawing it out through suction.,"In informal speech, to perform oral sex on a man."
RU,отсос,Suction,Blowjob,The process of drawing out a substance by means of suction.,An informal term referring to oral sex performed on a man.
RU,отсосать,To suck out.,To give a blowjob.,To remove something by sucking it out.,"In informal speech, to perform oral sex on a man."
RU,оттрахать (обтрахать),"To thrash, to beat, to shake off (as in to shake something off a tree).","To have sex with (someone), to fuck.","To strike, hit, or vigorously shake something, such as shaking fruit from a tree.","In informal speech, to have sexual intercourse with someone; to screw or bang."
RU,отхерачить (охерачить),"To chop off, to cut off.",To beat the crap out of someone.,To sever or remove by cutting.,To harshly beat someone up; used informally to describe giving someone a serious thrashing.
RU,отхуесосить,To scold harshly; to berate.,To harshly insult or verbally abuse someone.,To reprimand someone severely or criticize them strongly.,To rip into someone with crude or harsh language; to seriously trash-talk or verbally slam a person in a very informal way.
RU,отхуячить,"To cut off, to chop off, to sever.",To fuck someone hard; to screw; to bang.,"To remove something by cutting, slicing, or detaching it completely.","In informal speech, to have vigorous or intense sex with someone; to go at it hard."
RU,отхуячить,"To cut off, to chop off.",To beat the crap out of someone.,To sever or remove something by cutting.,To give someone a serious beating; to rough someone up badly (informal).
RU,отшить,"To sew off, to detach by sewing.","To blow off, shut down, or reject someone (especially romantically).","To remove something by stitching, separating it through the use of a needle and thread.","To turn someone down or dismiss them, especially in a romantic context, in a casual or informal way."
RU,отъебать,"To beat off, to drive away.",To fuck someone,To forcefully push away or repel someone or something.,"In informal speech, to have sex with someone."
RU,отъебать,to fuck (someone),"to chew out, to give a dressing-down",to have sexual intercourse with someone,"to harshly scold or berate someone in a blunt, informal way"
RU,отъебаться,To stop having sexual intercourse.,"To fuck off, to leave someone alone.",To cease engaging in sexual activity.,To go away and stop bothering someone; used informally to tell someone to leave you alone.
RU,офигеть,To be amazed or astonished.,"To be blown away, amazed, or shocked.",To experience a strong sense of surprise or wonder.,"To be totally stunned or floored, often in a casual or informal way."
RU,офисный планктон,Office worker,"A low-level office worker who does routine, unimportant tasks; an unremarkable “cog in the machine” in a corporate environment.",An employee who works in an office setting.,"A slang term for a junior office employee who handles repetitive, insignificant duties and is seen as just another faceless worker in a large company."
RU,оффтоп,Off topic,Off topic,Not related to the main subject being discussed.,When someone brings up something unrelated in a casual conversation or online chat.
RU,охренеть,To lose one's sense or reason; to become stupefied.,"To be blown away, totally shocked, or amazed.",To become bewildered or lose clarity of thought; to be rendered senseless.,To be totally stunned or floored by something; to react with extreme surprise or disbelief in an informal way.
RU,охуенный,"Derived from the verb meaning ""to be stunned (by something),"" often with a strong or obscene connotation.",Fucking awesome,"Originates from a verb that means 'to be shocked or amazed by something,' typically carrying a strong or vulgar nuance.","Used informally to describe something as incredibly cool or impressive, often with explicit language."
RU,охуенный,Awesome; amazing; fantastic; excellent.,Fucking awesome; amazing; badass.,Remarkable; extremely impressive; outstanding; very good.,Totally fucking incredible; super cool; seriously badass (very informal).
RU,охуеть,To be amazed or astonished.,To be totally shocked or blown away; to be freaking out.,To experience a strong sense of surprise or wonder.,"To be completely stunned or overwhelmed, often in an informal or intense way."
RU,охуеть,To lose the ability to reason or act due to extreme surprise or shock.,To be fucking amazed; to be blown away.,To become unable to think clearly or respond appropriately because of intense astonishment or shock.,"To be totally freaking stunned; to be absolutely floored by something, in a very informal way."
RU,очко,Point (in games); the number one; the number zero (in some contexts).,Asshole,"A unit of score in various games; can also refer to the digit one or, in certain situations, the digit zero.","In informal speech, a crude term for the anus."
RU,очко (щупать ~),"Eye (specifically, the small eye or pupil); also, a point (in games), or the number zero.",To have anal sex.,"Refers to the eye, particularly the pupil, and can also mean a point earned in a game or the digit zero.","In informal speech, this term is used to describe engaging in anal intercourse."
RU,очковать,To count points.,To chicken out.,To calculate or tally up points.,To back out of something out of fear or nervousness (informal).
RU,"падла, падло","Carrion, carcass, dead body of an animal.","Bastard, scumbag, traitor",The remains of a dead animal; a corpse or decaying animal body.,"In informal speech, a contemptuous term for a despicable or treacherous person."
RU,палить,To burn,To snitch; to give away; to expose someone.,To set something on fire or cause it to burn.,"In informal speech, to reveal someone’s secret or inform on them to others."
RU,палить,To burn; to fire (a weapon).,To stare or watch closely,To set something on fire; to discharge a firearm.,"To fixate on someone or something by staring intently, often in a casual or informal way."
RU,палку (вставить ~),stick,To have sex (to fuck).,a rod or branch used as a stick,"In informal speech, refers to engaging in sexual intercourse"
RU,палку кинуть,To throw a stick.,To have sex.,To toss a stick through the air.,"In informal speech, to engage in sexual activity."
RU,панель,Panel,A place where street prostitutes wait for clients.,"A flat or sectioned surface, often used as part of a structure or device.",An informal term for a spot where prostitutes gather to find customers on the street.
RU,папик,Daddy (a child's affectionate term for father),"A wealthy older man who financially supports a younger woman, often in exchange for companionship or a romantic relationship; a sugar daddy.",A term of endearment used by children to refer to their father.,"In informal speech, refers to a rich, older man who provides financial support to a younger woman, typically expecting companionship or a romantic connection in return; commonly known as a sugar daddy."
RU,парашют,Parachute,Condom,A device made of fabric that slows a person's or object's fall by creating air resistance when deployed from a height.,"In informal speech, a term used to refer to a condom."
RU,парить,To steam.,"To sweet-talk, to persuade, to hustle.",To treat something with steam or expose it to steam.,"In informal speech, to talk someone into something or convince them, often by using flattery or clever persuasion."
RU,париться,To take a steam bath.,To stress out.,To relax or cleanse oneself by spending time in a steam room or sauna.,To worry or get worked up about something; used informally to describe feeling anxious or upset.
RU,паршивый,Mangy.,"Lousy, crappy.","Covered with mange or showing signs of a skin disease, often resulting in a shabby or unhealthy appearance.",Awful or really bad in quality; used informally to describe something as terrible or disappointing.
RU,пасть захлопни,Shut your mouth.,Shut your trap.,Close your mouth.,Zip your gob.
RU,пати,Party,Party (a social gathering or event),A gathering of people for celebration or entertainment.,"An informal get-together or hangout, usually for fun and socializing."
RU,пахать,To plow (land).,To hustle.,To turn over soil in a field using a plow.,"To work really hard or grind, especially in an informal or everyday context."
RU,паяльник,Soldering iron,"Prick, penis",A tool used to melt solder for joining metal parts together.,"A casual, informal term used to refer to the male genitalia or to insult someone as a 'dick.'"
RU,пелотка,Side cap (a type of military cap),"Pussy; by extension, women in general.","A side cap, which is a style of military headgear.","In informal speech, a crude term for the female genitalia, and sometimes used to refer to women in general."
RU,пелотка не бритайа,A female military cap (side cap).,"Bad, uninteresting",A type of side cap traditionally worn by women in the military.,"In informal speech, refers to something dull or not appealing."
RU,"первак, первач",first batch,Moonshine from the first distillation.,the initial portion produced in a series of batches,"homemade alcohol made from the very first run of distillation, commonly referred to in casual speech"
RU,первый нах,First.,"A typical first comment on a post to brag about being the first, like saying “First!” or “First, bitches!”",The one that comes before all others; the earliest in order or sequence.,"A casual online remark made to boast about being the very first to comment on a post, often expressed with phrases like 'First!' or similar playful exclamations."
RU,пердеть,To emit gas from the bowels.,To fart.,To release intestinal gas through the rectum.,To let out a fart; to break wind in an informal or joking way.
RU,пердун,A person who farts.,"Old fart; an insulting term for an old man, often implying someone who is grumpy or out of touch.",An individual who passes gas.,"A casual, often mocking term for an elderly man, especially one seen as irritable or out of touch."
RU,перепихнуться,To push through; to shove through.,To have a quickie.,To force something or someone to move through a space by pushing.,"To have a brief, casual sexual encounter (informal)."
RU,переть,"To carry, to haul, to lug.","To really like, enjoy, or get a kick out of something.","To move or transport something by carrying or dragging it, often with effort.",To really get a buzz from something or find it super enjoyable; used informally to show strong enthusiasm.
RU,переться,To be carried; to move (oneself or something) with effort.,To drag yourself somewhere; to trudge or slog through a trip.,To be transported; to move oneself or an object with significant effort.,To haul yourself somewhere with difficulty; to make your way through a journey in a slow or tiresome manner.
RU,перехуярить,To redo or to do over again excessively.,To beat the shit out of someone; to fuck someone up; to kill someone.,To repeat a task or action more than necessary; to overdo something by doing it again.,"To seriously mess someone up in a fight; to badly hurt or even kill someone, used in a very informal or rough way."
RU,пеструшка,Speckled hen; a bird (usually a chicken) with variegated or mottled plumage.,"Fag, queer (derogatory term).","A hen, typically a chicken, characterized by feathers that are spotted or have a mix of different colors.",An informal and offensive term used to refer to a gay man.
RU,петрушить,To chop parsley.,"To have sex, to fuck.",To cut parsley into small pieces.,"In informal speech, to have sexual intercourse."
RU,пивас,Beer,"Beer. Derived from ""pivo"" (beer), often used informally or affectionately.","A type of alcoholic beverage made from fermented grains, commonly known as beer.","A casual or playful term for beer, coming from the word 'pivo,' and typically used in informal conversations."
RU,пизда,Vulva; vagina,Cunt; pussy; (offensive) woman; girl,The external female genitalia or the vaginal area.,"A crude or vulgar term for the female genitals, or used as an offensive slang word for a woman or girl."
RU,пизда с ушами,Vulva with ears,A stupid or ridiculous woman,A vulva depicted or imagined with ears attached,"A casual, derogatory term for a woman considered foolish or absurd"
RU,пиздануться,"To fall down, to hit something.",To take a nasty spill; to wipe out; to crash hard.,To lose balance and fall or collide with something.,"To seriously wipe out or take a bad tumble; to crash in a rough, informal way."
RU,пизде (в ~),female genitalia,In deep shit.,the external female reproductive organs,in a really bad or troublesome situation (informal)
RU,пиздёж,Lies,Bullshit,False statements or untruths,"Totally made-up nonsense or crap, said in a very informal way"
RU,пиздеть,To lie; to talk nonsense; to bullshit.,To bullshit; to shoot the breeze; to talk nonsense; to chat idly,To tell untruths; to speak falsely or make things up; to say things that aren't true.,"To talk crap; to chat aimlessly or just ramble on; to shoot the breeze in a casual, informal way."
RU,пиздеть,To talk (to speak),to bullshit,To have a conversation or engage in speaking,"To talk nonsense or make things up in a casual, informal way"
RU,пиздить,To lie,To beat the crap out of someone,To tell falsehoods or be untruthful.,To hit someone hard or give them a serious beating (informal).
RU,пиздовать,To go or to walk.,To haul ass; to go or move quickly (often on foot or by vehicle).,To proceed on foot or travel from one place to another.,"To rush off or speed along, usually in a casual or informal way, whether walking or driving."
RU,пиздой накрыться,To be covered with a vagina.,To go tits up.,To be enveloped or covered by a vagina.,"To completely fail or collapse, used in an informal or humorous way."
RU,пиздошить,"To walk, to move.",to hoof it,To travel on foot or proceed from one place to another.,"to leg it; to get going by walking, usually in a casual or informal way"
RU,пизду (во ~),vagina,To hell (with it); screw it,female genital organ,an informal way to say 'forget it' or 'the heck with it'
RU,пиздуй,"Go (imperative form, vulgar)",Get the fuck moving!,"Leave or proceed (command form, crude language)",Hurry up and get going already! (very informal and explicit)
RU,пизды (дать ~),Female genitals,To kick someone's ass.,The female reproductive organ.,"In informal speech, to beat someone up or give them a harsh physical punishment."
RU,пизды (с ~ сорваться),Female genitals (vulgar),"To go off the rails, snap, or suddenly become aggressive (often leading to violence or chaos).",A crude term for the female sexual organs.,"In informal speech, refers to losing self-control or suddenly acting out in an aggressive or chaotic way."
RU,пилить,To saw; to cut with a saw.,To nag or pester someone persistently.,To use a saw to divide or cut through something.,"In informal speech, to repeatedly bother or criticize someone in an annoying way."
RU,пирожок,"Pie, small pastry.","Pussy, cunt.","A small baked or fried pastry, often filled with sweet or savory ingredients.","In informal speech, a vulgar term used to refer to the female genitalia."
RU,пистолет,Pistol,Penis,"A firearm designed to be held and operated with one hand, commonly known as a handgun.","In informal speech, a playful or crude term used to refer to the male genitalia."
RU,писюн,Penis,"Dick, willie.","The male reproductive organ, also known as the penis.","A casual or playful term for the penis, like 'dick' or 'willie.'"
RU,пихать (пихаться),"To push, to shove.","To fuck, have sex, screw.","To move something or someone by applying force, typically by pressing or jostling.","In informal speech, to have sex or engage in sexual activity."
RU,плакалъ,cried,I laughed so hard I cried.,shed tears,I found it so hilarious that I ended up in tears from laughing
RU,план,plan,"Pot, weed.",A detailed outline or scheme created in advance to guide actions or achieve a specific goal.,"A casual term for marijuana, commonly used in informal conversations."
RU,плюшка,Sweet bun or pastry,Unpleasing event.,A type of sweet bread roll or baked treat.,"In informal speech, refers to an unpleasant situation or mishap."
RU,пнх,Go to hell.,Fuck off.,Be gone to a terrible place.,Get the hell out of here. (highly informal)
RU,подрочить,To polish a little; to tweak or adjust something slightly.,"To jerk off, masturbate.",To make minor improvements or small adjustments to something; to fine-tune or slightly modify.,"In informal speech, to masturbate or stimulate oneself sexually."
RU,подстава,A setup; an act of substitution or placing something under or in place of something else.,A setup or frame-up where someone is deliberately put in a compromising or incriminating situation.,An arrangement in which one thing is replaced by or put in the position of another; an act of substitution.,"In informal speech, it means tricking someone by setting them up to look guilty or get into trouble on purpose."
RU,подъёбщик,One who lifts or raises something.,Someone who mocks or teases others with sarcastic or provocative jokes.,A person who moves or elevates objects.,"An individual who playfully mocks or provokes others with witty or sarcastic remarks, often in a joking, informal way."
RU,поебать,To copulate,To not give a fuck; to not care.,To engage in sexual intercourse.,"To not care at all; to be completely indifferent (informal, vulgar)."
RU,поебать,To have sexual intercourse.,To not care at all; to not give a fuck.,To engage in sexual activity.,To not care whatsoever; to be completely indifferent (informal).
RU,поебаться,To quarrel; to mess around.,To fuck.,To argue or engage in pointless activity.,To have sex (used informally and in slang contexts).
RU,пожар,Fire (as in a destructive blaze),"Awesome, amazing.",A large and destructive outbreak of flames causing damage.,Used informally to describe something extremely cool or impressive.
RU,поймать на кончик,To catch something on the tip (of an object).,To catch an STD.,To seize or hold something using the tip of an item.,"To pick up a sexually transmitted infection (STD), said in a casual or informal way."
RU,поллитра,Half a litre.,A half-liter bottle of vodka.,A quantity equal to 500 milliliters.,"In everyday speech, refers to a bottle of vodka containing half a liter."
RU,полтинник,A fifty-unit coin or banknote.,Fifty (money). Can mean either fifty rubles or fifty kopecks depending on context.,A coin or paper bill with a value of fifty units of currency.,"An informal term for fifty in cash, which could refer to either fifty rubles or fifty kopecks, depending on the situation."
RU,полтос,A fifty-kopeck coin (used in pre-revolutionary Russia and the Soviet Union).,"50 roubles, or fifty units of anything.","A coin valued at fifty kopecks, which was circulated in Russia before the revolution and during the Soviet era.","In casual speech, refers to fifty rubles or any set of fifty items."
RU,Поляндия,Poland,Poland (used ironically or humorously),A term referring to the country of Poland.,"A playful or joking way to talk about Poland, often used in casual conversation."
RU,попа,Buttocks,"Butt, backside (childish language)","The fleshy part of the body located at the lower back, forming the seat.","A playful or informal term for the rear end, often used by children."
RU,попиздеть,"To talk, to have a conversation.","To have a chat, to shoot the breeze, to gossip.",To engage in a conversation or speak with someone.,"To casually chat, joke around, or gossip in an informal setting."
RU,порнуха,Pornography,Porn.,"Material that depicts sexual acts or content intended to arouse, commonly referred to as pornography.",A casual term for pornographic content; used informally to mean 'porn.'
RU,посрать (сводить ~),To defecate,To mess up or ruin something,To relieve oneself by passing stool.,To screw something up or cause a situation to go wrong (informal).
RU,пофиг,Indifferent,Don’t give a shit.,Unconcerned or showing a lack of interest.,"Couldn't care less; totally not bothered, in a casual or blunt way."
RU,пофигист,A person who is indifferent or unconcerned.,A person who doesn’t care about anything; someone with a “whatever” attitude.,An individual who shows a lack of interest or concern.,"Someone who couldn’t care less about anything and just goes with the flow, not bothered by what’s happening around them."
RU,похабщина,Obscenity; indecency; vulgarity.,"Dirty talk, vulgar language, obscene jokes.","The quality of being offensive, improper, or crude in a manner that violates accepted standards of decency.","Casual use of rude words, off-color jokes, or lewd banter in everyday conversation."
RU,похуй,Vulva,Don’t give a fuck.,"A term referring to the female genitalia, specifically the vulva.",A casual way of saying that someone doesn't care at all.
RU,пошмариться,To experience a nightmare.,To have sex. Also used figuratively.,To go through a bad dream while sleeping.,"In informal speech, to hook up or have sex; can also be used in a figurative sense."
RU,превед,Hi,"A playful, intentionally misspelled way of saying ""hi"" or ""hello"" online, often used humorously among Russian internet users.",Hello,"A humorous, deliberately incorrect spelling of 'hi' or 'hello' commonly used in a lighthearted, informal way by Russian internet communities."
RU,прибор,"Instrument, device, apparatus",Penis and testicles (male genitals),"A tool, machine, or piece of equipment used for specific tasks or measurements.","In informal speech, a term referring to the male reproductive organs, specifically the penis and testicles."
RU,придурок,A person with a mental disorder.,"Idiot, moron, dumbass.",An individual who is affected by a psychological disorder.,A slang term for someone considered foolish or very stupid.
RU,прикид,"Estimate, calculation.","Outfit, getup",An approximation or assessment of a value or amount.,A casual term for someone's clothes or the way they are dressed.
RU,прикол,A fastening or pinning.,"Joke, something funny or amusingly odd.",An act of attaching or securing something with a pin or similar device.,"In informal speech, a prank, joke, or something that’s entertainingly strange or humorous."
RU,приколхозить,To attach or affix something.,To jerry-rig or slap something together quickly and cheaply rather than doing it properly.,To fasten or secure one item to another.,"To quickly and crudely throw something together in an improvised or makeshift way, usually without proper care or quality."
RU,припиздить,"To hit someone (usually with force), to strike.","To show up, to turn up.","To deliver a blow to someone, typically with significant force.",To casually drop by or make an appearance somewhere (informal).
RU,приссать,To urinate on something.,To get scared; to chicken out.,To relieve oneself by urinating onto an object or surface.,"To get so frightened that you back out or lose your nerve, used informally."
RU,пристибаться,To fasten (a seatbelt).,"To hassle, to bug someone, to get on someone's nerves.",To secure oneself by putting on a seatbelt.,"To bother or annoy someone, especially in an informal or teasing way."
RU,прихуярить,"To attach, to secure to something.",To slap something on; to stick or fasten something roughly or forcefully.,To fasten or fix something onto another object.,"To quickly or roughly stick something on, often in a forceful or careless way."
RU,проёб,Loss,"Fuck-up, screw-up.",The state or instance of something being lost or missing.,"A major blunder or mess-up, used informally to describe a significant mistake."
RU,проебать,To fornicate,"To fuck up, to screw up, to blow (as in to miss an opportunity), to lose (something important), to waste (time, money, etc.).",To engage in sexual intercourse.,"In informal speech, to mess something up badly, miss out on a chance, lose something valuable, or squander resources like time or money."
RU,проебаться,To lose something by mistake.,To fuck up; to mess up badly; to get lost (in a situation).,To accidentally misplace or lose something.,To seriously screw up or get yourself into a confusing mess; to totally botch something (informal).
RU,пропиздить,To lose by negligence; to miss (something) through carelessness.,"Shoot the breeze, chatter, talk idly.",To let something slip away due to inattention or carelessness.,"To chat casually or engage in idle, informal conversation."
RU,просадить,"To lower, to reduce, to cause to sag or subside.",To blow money.,To make something decrease in level or sink down.,"To spend a lot of money quickly, often in a careless or reckless way."
RU,просрать,To defecate.,To screw up and lose something badly.,To pass waste from the bowels.,"In informal speech, to mess up and lose something in a major way."
RU,прошкандыбать,To walk.,To hobble along.,To move by walking from one place to another.,"To shuffle or limp along in a casual, somewhat awkward way."
RU,прошляпить,To lose through carelessness.,To blow it; to miss out; to screw up by being inattentive.,To let something slip away due to negligence.,To mess up or miss a chance because you weren't paying attention.
RU,пукать,To pop.,To fart.,To make a popping sound or cause something to burst with a pop.,"In informal speech, to release gas noisily from the bowels; to break wind."
RU,пургу мести,To sweep snow.,To talk nonsense or bullshit.,To clear away snow by sweeping it.,"To speak in a way that is full of nonsense or to spout off meaningless talk, often in an informal or joking manner."
RU,пушка,Cannon,Awesome; something very cool or impressive.,A large firearm or artillery piece designed to launch heavy projectiles.,"In informal speech, refers to something extremely impressive or cool."
RU,пьянка,Drinking bout,"Party, drinking session",An occasion where people gather to consume alcohol together.,A casual get-together or hangout focused on drinking with friends.
RU,пятихат,Five hundred,500 roubles,A quantity equal to five hundred.,An informal term for a 500-rouble banknote.
RU,пяточка,Little heel,"Short joint, little spliff, butt of a cigarette containing drugs.",A small or diminutive heel.,"In casual speech, refers to a tiny joint, a small spliff, or the end part of a cigarette that contains drugs."
RU,разборка,"Dismantling, disassembly.","Showdown, gang fight, settling scores.",Taking something apart or breaking it down into its individual components.,"An informal term for a confrontation or fight, often used to describe a conflict or settling of disputes between groups or individuals."
RU,разводить,"To breed, to dilute, to separate.",To scam or trick someone.,"To raise animals or plants, to make a substance less concentrated by adding liquid, or to move things apart from each other.","In informal speech, to deceive or fool someone, often with the aim of getting something from them."
RU,раздолбай,"A person who is careless, negligent, or irresponsible.","Slacker, screw-up, careless idiot","An individual who tends to be inattentive, lacks diligence, or fails to act responsibly.",A laid-back goof-off or careless person who messes things up; a term often used informally to describe someone who doesn't take things seriously.
RU,раздолбать,"To break apart, to smash, to demolish.","To mess up, wreck, or smash up.","To shatter, destroy, or break something into pieces.","To totally mess something up or trash it, usually in a casual or informal way."
RU,разъебай,To break apart; to smash up.,"Slacker, screw-up",To tear something into pieces or completely destroy it.,A casual term for someone who is lazy or consistently messes things up.
RU,разъёбанный,"Broken apart, smashed, destroyed.","Chaotic, messed up, fucked up, worn out.","Separated into pieces, shattered, or thoroughly ruined.","In informal speech, refers to something in total disarray, extremely messed up, or completely worn down."
RU,разъебать,"To break apart, to smash, to demolish.","To totally wreck, smash, or obliterate something or someone.","To tear something into pieces, shatter, or completely destroy it.","In informal speech, to utterly crush, ruin, or devastate someone or something."
RU,разъебаться,To break apart; to fall to pieces.,"To go wild, to get wasted, to lose control.",To come apart or be shattered into pieces.,"To party hard, get extremely drunk, or act out of control in a wild, informal way."
RU,разъебаться,To break apart; to fall to pieces.,To crash (a vehicle).,To come apart or be broken into pieces.,To wreck a car or vehicle (informal).
RU,раковая шейка,Crayfish neck,Police car,The neck portion of a crayfish.,"In informal speech, this term refers to a police vehicle."
RU,раком (встать ~),Cancer (the animal or the disease),To bend over in a doggy-style position (usually for sex).,Refers to either the crab (the animal) or the illness known as cancer.,"In informal speech, it means to position oneself on all fours, typically in a sexual context."
RU,раком (встать ~),to stand like a crab (on all fours),have sex doggy-style,"to position oneself on hands and knees, resembling the stance of a crab","in informal speech, to engage in sexual intercourse in the doggy-style position"
RU,раком (встать ~),cancer (the animal or disease),to bend over doggy style (usually for sex),refers to a crab (the creature) or to the illness known as cancer,"in informal speech, means to get on all fours, often in a sexual context"
RU,Раша,Russia,"Russia (often used ironically or disparagingly, mimicking the English pronunciation of ""Russia"")",A term referring to the country of Russia.,"A casual or mocking way to say 'Russia,' often used informally to imitate the English pronunciation and sometimes to express irony or criticism."
RU,рвануть,To tear or to burst.,To take off quickly.,To rip something apart or cause it to explode suddenly.,"To leave or move out in a hurry, often used informally."
RU,рвануть очко,To tear the anus.,"To get one's ass torn (usually implying being badly defeated, humiliated, or overwhelmed).",To cause a rupture or tear in the anal area.,"To suffer a crushing loss or major embarrassment, often used informally to describe being thoroughly beaten or humiliated."
RU,редиска,Radish,Bad person,"A small, edible root vegetable known for its crisp texture and peppery flavor.","In informal speech, refers to someone who behaves poorly or is considered unpleasant."
RU,редиска,Radish.,Jerk.,A type of edible root vegetable known for its crisp texture and slightly spicy flavor.,"In informal speech, a term used to describe someone who behaves rudely or acts like a mean person."
RU,ржать,To neigh.,To laugh loudly or uncontrollably.,To make the characteristic sound produced by a horse.,"To burst out laughing in a loud or wild way, often used in casual conversation."
RU,ржунимагу,I am laughing so hard I cannot stop.,LOL; I can't stop laughing,I'm laughing so much that I can't control myself.,"Haha, I can't stop cracking up!"
RU,рожа,Muzzle,"Mug (face, usually in a rude or unflattering way)",The snout or projecting part of an animal’s face.,"A person’s face, referred to in a casual or disrespectful manner."
RU,розовая,Pink (feminine form),Lesbian,"A shade of color that is light red, used here in its feminine grammatical form.","In informal language, refers to a woman who is attracted to other women."
RU,рулить,"To taxi (of an aircraft, to move slowly on the ground under its own power).",To be the best; to rule; to dominate.,"For an aircraft, to move slowly across the ground using its own engines, typically before takeoff or after landing.","In informal speech, to totally stand out or be on top; to be the coolest or most dominant."
RU,русак,European brown hare,"A Russian person (modeled after ""Pole"" or ""Polak""); an informal or colloquial term for a Russian.","A species of hare native to Europe, commonly known as the brown hare.","A casual or informal term used to refer to a Russian individual, similar to how 'Polak' is used for a Pole."
RU,руссак,A Russian person.,A Russian person (often used informally or with a slightly derogatory or mocking tone).,An individual of Russian nationality.,"A casual or sometimes slightly mocking term for a Russian person, typically used in informal conversation."
RU,рыло,Muzzle,"Mug (face, usually in a rude or derogatory way)","The projecting part of an animal’s face, including the nose and mouth.","A casual or crude term for someone’s face, often used in a dismissive or mocking way."
RU,ряха,Muzzle,Mug.,"The snout or face of an animal, particularly referring to its mouth and nose area.",A casual or informal term for a person's face.
RU,самотык,Homemade cigarette.,Dildo.,"A cigarette that has been rolled by hand, typically made at home.","In casual speech, refers to a sex toy shaped like a penis, commonly known as a dildo."
RU,сачковать,To shirk (one's duties); to evade work.,To skip class.,To avoid fulfilling responsibilities or neglect one's work duties.,"To ditch a class or skip school, usually in a casual or informal way."
RU,сваливать,"To dump, to tip over, to knock down.","To bail, to split, to take off.","To cause something to fall down, overturn, or throw down in a heap.","To leave quickly, to make a getaway, or to take off in a casual or informal way."
RU,свалить (смотаться),"To dump, to topple, to knock down.",To bail (leave quickly).,"To cause something to fall over, bring down, or forcefully push something to the ground.","To take off or get out of somewhere in a hurry, usually in an informal or casual context."
RU,сверхурочница,A woman who works overtime.,Married prostitute,A female employee who puts in extra hours beyond her regular work schedule.,"In informal speech, refers to a married woman who is involved in prostitution."
RU,свисток,Whistle,"Lips, usually referring to a woman's lips, especially when they are being put on lipstick.",A small instrument that produces a high-pitched sound when blown into.,"In informal speech, refers to someone's lips—often a woman's—especially in the context of applying lipstick."
RU,секас,Sex,"Sex (a playful or humorous misspelling of ""sex"")",Sexual intercourse or activity between individuals.,"A lighthearted or joking way to refer to sex, often used informally by spelling it differently."
RU,секретутка,Secretary,"A secretary, usually young and attractive, who is expected to provide sexual favors to her boss; a mix of ""secretary"" and ""prostitute.""",An office assistant responsible for administrative and clerical tasks.,"In informal speech, refers to a typically young, attractive secretary who is expected to engage in sexual activities with her employer; the term blends 'secretary' and 'prostitute.'"
RU,сиги,Cigarettes,"Cigarette (shortened form of ""cigarettes"")",Tobacco products rolled in paper for smoking.,"An informal, shortened way to refer to a cigarette."
RU,сикушка,A small bottle of cheap alcoholic drink.,Young girl.,A small-sized bottle containing inexpensive alcohol.,"In casual speech, refers to a young girl."
RU,синеглазка,Blue-eyed girl,Police car (“blue eyes”),A girl who has blue-colored eyes.,"A casual term for a police vehicle, nicknamed for its blue lights."
RU,синька,Blueness,Cheap booze (usually vodka),The quality or state of being blue in color.,"An informal term for inexpensive alcoholic drinks, most often referring to vodka."
RU,синюха,blueweed (a type of plant),Vodka (“blue”).,a plant species commonly known as blueweed,"an informal term for vodka, referring to it as 'the blue one'"
RU,сифак (сифон),Siphon.,Syphilis.,A tube or device used to transfer liquids from one container to another by means of atmospheric pressure.,A casual term used to refer to the sexually transmitted infection syphilis.
RU,скоблиться,To scrape oneself.,To get an abortion.,To rub or scrape the surface of one’s own body.,"In informal speech, to have an abortion."
RU,скопытиться,"To fall down dead (of livestock), to collapse (of an animal).","To croak, to kick the bucket, to buy the farm, to snuff it.","To suddenly die and fall over, typically referring to livestock or animals collapsing lifeless.","To die, often said in a casual or joking way, like saying someone has kicked the bucket or checked out."
RU,сленг,Slang.,Slang (informal language or expressions used by a particular group).,Informal vocabulary or expressions commonly referred to as slang.,Casual or nonstandard words and phrases that are typically used within a specific group or community.
RU,слить,"To drain, to pour off, to merge (liquids).","To blow off, reject, or shut down someone's romantic advances.","To remove or transfer liquid by letting it flow out, or to combine different liquids together.","In informal speech, to dismiss or ignore someone's romantic interest or advances."
RU,соблядатай,"Spy, observer, onlooker","Voyeur, peeping Tom (with a sexual connotation).","A person who secretly watches others, such as a spy or someone observing events without participating.","In informal speech, refers to someone who gets sexual pleasure from secretly watching others, like a peeping Tom."
RU,совковый,Related to a dustpan.,"Old-fashioned, backward, or typically Soviet in a negative or outdated way.",Pertaining to or associated with a dustpan.,"Used informally to describe something as outdated, stuck in the past, or reminiscent of negative Soviet-era traits."
RU,совок,Dustpan,"A narrow-minded, old-fashioned Soviet person; someone with a Soviet mentality.","A small handheld tool used for collecting dust and debris, typically paired with a broom.",An informal term for a person who is stuck in Soviet-era ways of thinking or displays attitudes typical of the Soviet period.
RU,совок,Dustpan,The USSR (often used derogatorily).,A small handheld tool used for collecting dust and debris swept from the floor.,"A casual, often mocking term for the Soviet Union (USSR)."
RU,сожрать,"To eat up, to devour.","To wolf down, to scarf (food).",To consume completely or eat something in its entirety.,"To quickly gulp down or chow food in an informal, casual way."
RU,сок,Juice,"Sperm, jizz (“juice”).","A liquid extracted from fruits or vegetables, commonly known as juice.","In informal speech, refers to semen or ejaculate, often called 'jizz' or 'juice'."
RU,сопатка,No such word.,Schnoz,This term does not exist in standard language.,"In informal speech, it refers to a nose, often used playfully or humorously."
RU,сосать,To suck,To give a blowjob.,To draw liquid or air into the mouth by creating suction.,"In informal speech, to perform oral sex on a man."
RU,соска,Baby bottle nipple,Hot girl; a girl who gives oral sex.,The rubber or silicone tip of a baby bottle that an infant sucks on to drink milk or formula.,"In informal speech, this term can refer to an attractive woman or a girl known for performing oral sex."
RU,сотона,Satan,A devilishly cool or impressively badass person.,"The figure known as Satan, often regarded as the embodiment of evil.",A slang term for someone who is extremely cool or impressively tough in a rebellious way.
RU,спалиться,To catch fire; to burn down.,"To get caught (doing something), to give oneself away.",To ignite and be consumed by flames; to be destroyed by burning.,"To be found out while doing something secret or suspicious; to accidentally reveal oneself, especially in a casual or informal context."
RU,спереть,"To carry, to lug, to drag.","To swipe, to pinch (to steal).","To move or transport something by carrying, hauling, or pulling it along.","To snatch or nick something, meaning to steal it in a casual or informal way."
RU,спиздеть,To steal.,To bullshit.,To take something without permission; to commit theft.,"To talk nonsense or make things up in a casual, informal way."
RU,спиздить,To lie.,To steal.,To make a false statement.,"In informal speech, to take something without permission; to swipe or nick something."
RU,сплавлять,"To float down, to raft, to convey (goods, timber, etc.) down a river.","To get rid of, to offload, to sell off (often something unwanted or of low quality).","To transport items such as logs or goods by floating them along a river, often using rafts.","To casually get rid of or unload something, especially if it's unwanted or of poor quality, often by selling it off."
RU,спуск,"Descent; lowering; release (of water, etc.); discharge.",Ejaculation (“discharge”),The act of moving downward; the process of lowering something; the letting out or draining (such as water); or the act of releasing a flow.,"In informal speech, refers to the moment of climax or the release of semen."
RU,срака,Buttocks,"Arse, arsehole",The part of the body that forms the rear or backside.,A crude or informal term for the butt or anus.
RU,сраный,Related to feces; fecal.,Shitty,Pertaining to excrement; of or relating to fecal matter.,Used informally to describe something as very bad or crappy.
RU,срать,To defecate.,To not care at all; to not give a damn.,To pass solid waste from the body.,To not care whatsoever; to be completely indifferent (used informally).
RU,срач,"Dirt, mess, filth.","Flame war, shitstorm, heated argument full of insults",A state of untidiness or uncleanliness; a dirty or messy condition.,An informal term for an online brawl or argument filled with insults and hostility.
RU,срубить бабок,To cut down money.,To make a quick buck.,To obtain money by cutting it down.,"To quickly earn some cash, often in an easy or opportunistic way."
RU,ссать,To urinate.,To piss,To discharge urine from the body.,To take a leak; to pee (used informally).
RU,ссать,To urinate.,To chicken out; to be scared.,To pass urine from the body.,To back down out of fear; to lose your nerve (informal).
RU,ссун,One who urinates.,Coward,A person who urinates.,"In informal speech, someone who is easily frightened or lacks courage."
RU,стащить,"To drag, to pull off, to haul away.","To swipe, to pinch (to steal something).",To move something by dragging or pulling it away from its place.,"To snatch or nick something, especially in a casual or sneaky way (informal, meaning to steal)."
RU,ствол,barrel (of a gun or tube),100 roubles,"the long, cylindrical part of a firearm or tube through which a projectile is discharged","in informal speech, a term used to refer to a sum of 100 rubles"
RU,ствол,Trunk (of a tree) or barrel (of a firearm).,Gun.,The main stem of a tree or the tube of a firearm through which bullets are fired.,An informal term used to refer to a gun.
RU,стелька,Insole,Prostitute,A removable or built-in layer placed inside footwear to provide comfort and support for the foot.,"In informal speech, a term used to refer to a woman who sells sexual services."
RU,столбняк,Tetanus,"Boner, hard on, woody.",A serious infectious disease known for causing severe muscle stiffness and spasms.,"A casual term for an erection, often referred to informally as a stiffy or hard-on."
RU,стоячка,"Standing, standstill, stoppage.",Erection (slang for an erect penis),"A state of being upright, immobile, or halted.",Informally refers to a penis that is hard or erect.
RU,стрелять (сигарету),To shoot.,To bum (a cigarette).,To discharge a firearm or other weapon.,"In informal speech, to ask someone for a cigarette, usually with the expectation of receiving one for free."
RU,стрёмно,"Strange, awkward, uncomfortable.","Sketchy, creepy, scary","Unusual, uneasy, or causing discomfort.","In casual speech, describes something that feels dodgy, gives you the creeps, or seems frightening."
RU,стрёмно,Scary,"Creepy, sketchy, scary.",Causing fear or making someone feel afraid.,"Used informally to describe something that feels weird, unsettling, or gives off a bad vibe."
RU,струкать,To knock; to tap.,To take a piss.,To strike lightly or rap on a surface.,"In informal speech, to urinate."
RU,стукач,A person who knocks or taps.,Snitch,An individual who produces a knocking or tapping sound.,"In informal speech, someone who informs on others or betrays secrets, often called a tattletale."
RU,сука,Female dog,"Bitch, bastard, jerk (used as a strong insult for both men and women).",A dog that is female in gender.,"A harsh, informal insult used to refer to someone in a very negative way, regardless of gender; similar to calling someone a 'bitch' or 'jerk' in English."
RU,сукин сын,Son of a bitch's son.,Son of a bitch.,The offspring of a woman regarded as immoral.,A rude or insulting term used to refer to someone as a 'bastard' or 'jerk.'
RU,сучка,A female dog.,"Bitch, untrustworthy woman.",A dog that is female.,A slang term used to refer to a deceitful or untrustworthy woman.
RU,сучка с сумочкой,A female dog with a handbag.,A stuck-up girl who thinks too highly of herself.,A female canine carrying a purse.,An arrogant girl who acts like she's better than everyone else.
RU,схавать,To eat.,"To get, to understand, to grasp.",To consume food.,"To catch on to something or figure it out, used informally."
RU,сцать,To urinate,To piss,To discharge urine from the body.,To take a leak; to pee (used informally).
RU,сцуко,Bitch,Bitch,A derogatory term used to refer to a contemptible or unpleasant person.,An informal insult commonly used in casual speech to call someone a jerk or an annoying individual.
RU,съебаться,"To crumble, to fall to pieces.","To get the hell out, to bail, to take off.",To break apart or disintegrate into pieces.,"To leave quickly or make a fast exit, usually in a casual or informal way."
RU,съединоросить,"To become a member of the political party ""United Russia.""","To embezzle, especially public money; to steal funds like a corrupt official.",To join the United Russia political party as a member.,"To pocket or misappropriate money, especially government funds, in the manner of a crooked official; used informally."
RU,съябывать,To leave or depart.,"To get the hell out, to scram, to take off quickly.",To go away or exit from a place.,"To bail out fast, to make a quick getaway, or to split in a hurry."
RU,сюртук,Frock-coat.,Condom,"A long, formal coat typically worn as part of traditional men's attire.","In casual speech, this term can also refer to a condom."
RU,табло,Scoreboard; display board; indicator panel.,Face,"An electronic or physical board used to show scores, information, or signals.","In informal speech, refers to a person's face."
RU,таракан,Cockroach (an insect).,"Nickname for Alexander Lukashenko, the Belarusian dictator, often referencing his moustache.","A cockroach, which is a type of insect.","A casual or humorous nickname for Alexander Lukashenko, the leader of Belarus, often alluding to his distinctive moustache."
RU,тачка,Wheelbarrow,Car,"A hand-operated cart with one wheel, typically used for moving loads in construction or gardening.","In informal speech, refers to a car or automobile."
RU,тащиться,"To drag oneself, to move with difficulty.","To be really into something, to get a kick out of it.","To move slowly and with effort, as if it is hard to keep going.","To really enjoy something or get a lot of excitement from it, used in a casual or informal way."
RU,тёлка,Heifer (a young female cow),Chick (an informal or sometimes disrespectful term for a young woman),A young female bovine that has not yet had a calf.,A casual or sometimes derogatory slang term used to refer to a young woman.
RU,тёплый брат,Warm brother,"Fag, queer, homosexual (obsolete criminal slang).",A brother who is warm or affectionate.,An outdated slang term from criminal circles referring informally to a gay man.
RU,течка,Estrus (the period of sexual receptivity in female animals),Menstruation (“period”).,The phase in female animals when they are sexually receptive and capable of mating.,A casual term for a woman's menstrual period.
RU,тик-ток войска,TikTok troops,"Chechen units of the Russian National Guard known more for making staged, showy videos on social media than for real fighting during the 2022 invasion of Ukraine.",TikTok forces,"A nickname for Chechen members of the Russian National Guard who became known during the 2022 Ukraine invasion for posting flashy, staged videos online instead of engaging in actual combat."
RU,титька,Udder,"Tit, boob.","A mammary gland of an animal, such as a cow, used for producing milk.",A casual or informal term for a woman's breast.
RU,толкать,To push,"To sell (illegally), to peddle (especially drugs or stolen goods)",To apply force in order to move something or someone away from yourself.,"To illegally distribute or deal items, especially referring to drugs or stolen property, in a casual or streetwise manner."
RU,тонна,"ton (a unit of mass equal to 1,000 kilograms)","Grand, thousand (as in money).","A standard measurement of weight that is equivalent to 1,000 kilograms.","In informal speech, refers to a thousand units of currency, like saying 'a grand.'"
RU,топтать,"To trample, to tread.",To have sex with.,To crush or press down by stepping on something repeatedly.,"In informal speech, to sleep with someone; to engage in sexual activity."
RU,тормоз,brake,A slow-witted or clueless person.,A device used to slow down or stop the movement of a vehicle.,"In informal speech, refers to someone who is slow to understand or often out of touch with what's happening."
RU,тормозить,To slow down; to brake.,To be slow-witted; to space out; to be slow on the uptake.,To reduce speed or come to a stop by applying the brakes.,"To act absent-mindedly or react slowly; to be out of it or not catch on quickly in a casual, informal sense."
RU,точить,To sharpen.,To munch.,"To make something, such as a blade or tool, more pointed or keen by grinding or honing.","To casually eat or snack on something, often used in an informal or playful context."
RU,точняк,Exactly,Exactly,In precise agreement; just right.,Totally spot on; that's it for sure (used informally).
RU,трава (травка),grass,"Pot, weed.",A type of plant with narrow green leaves that commonly covers the ground in fields and lawns.,"An informal term for marijuana, often referred to as weed in casual conversation."
RU,трах,"Bang, crash, thud.","Lay, fuck, sex.","A loud noise such as a bang, crash, or heavy thump.","In informal speech, to have sex or to hook up."
RU,траханный,"Participled form of ""to have sexual intercourse"" (past passive participle: ""having been had sex with"").","Fucked, fucking (used as an intensifier or expletive, similar to ""fucking"" in English).",A past passive participle referring to someone who has been engaged in sexual activity.,"A vulgar, informal term used as an intensifier or expletive, much like how 'fucking' is used in English."
RU,трахаться,To have sexual intercourse.,To have sex; to fuck.,To engage in sexual relations.,To hook up or screw; to have sex in a casual or crude way.
RU,трахаться,To have sex.,To have sex.,To engage in sexual intercourse.,To hook up or sleep with someone (informal).
RU,трахнуть,To have sexual intercourse.,To have sex (to fuck).,To engage in sexual relations.,"To hook up or have sex, used informally or in a crude manner."
RU,трахнуть,To strike; to hit.,To fuck.,To deliver a blow or physically hit something or someone.,"In informal speech, to have sex with someone."
RU,трёп,Ragged cloth; tatter.,"Idle talk, gossip, or meaningless chatter.",A piece of worn-out fabric or a shred of cloth.,"Casual, informal conversation or pointless chatter, often involving gossip."
RU,трёхсотый,Three hundredth,"Injured soldier (military slang, derived from the code for transport of wounded personnel).",The ordinal number indicating position 300 in a sequence.,"In military slang, refers informally to a wounded servicemember, based on the numerical code used for casualties."
RU,трещать,"To crack, to burst, to rattle.","To chatter, to gab, to yak.","To make a cracking, snapping, or rattling noise.","To talk nonstop or babble on in a chatty, informal way."
RU,три весёлых буквы,Three happy letters,"Euphemism for ""fuck off"" or ""go to hell"" (referring to the Russian swear word ""хуй"").",A trio of cheerful letters,"An informal way to tell someone to get lost or go away, used as a substitute for a strong Russian curse word"
RU,трубка,Pipe,Phone,A tube-shaped device used for transporting liquids or gases.,"An informal term for a telephone, commonly used in everyday conversation."
RU,трубочист,Chimney sweep,Active homosexual (“pipe cleaner”).,A person whose job is to clean and maintain chimneys.,"In informal speech, a term used to refer to a man who takes the active role in a homosexual relationship, likened to a 'pipe cleaner.'"
RU,трудная вода,Hard water,"Vodka, spirits.","Water that contains a high concentration of dissolved minerals, such as calcium and magnesium.",An informal term used to refer to vodka or other strong alcoholic beverages.
RU,труженица койки,A hardworking woman (female worker).,Prostitute,A woman who is diligent and dedicated in her work.,"In informal speech, refers to a woman who works as a sex worker."
RU,трухня (труханина),"Dust, crumbled matter.","Sperm, jizz; also used as a euphemism for ""bullshit"" or ""crap.""",Fine particles or fragmented material.,"In informal speech, refers to semen or ejaculate; it can also be used as a casual way to say 'nonsense' or 'rubbish.'"
RU,трындец,Nonsense; disaster; ruin.,Total disaster; complete mess; utter screwed-up situation.,"A situation marked by chaos, failure, or complete collapse.",A total trainwreck; when everything goes horribly wrong and turns into a huge mess.
RU,тряпка,"Rag, cloth.","Wimp, weakling, sissy.",A piece of fabric or material used for cleaning or wiping.,"In informal speech, refers to someone who is timid, lacking in courage, or easily pushed around."
RU,тугрик,Tugrik (the official currency of Mongolia),"Money, rouble.",The tugrik is the national currency used in Mongolia.,"In informal speech, 'tugrik' can refer to cash or the ruble."
RU,туркать,"To poke, to nudge.",To bully or gang up on someone.,To prod or gently push someone or something.,"In informal speech, to pick on or gang up against a person."
RU,тусоваться,To hang around; to spend time somewhere without a specific purpose.,"To hang out, party, or chill with friends.",To linger or remain in a place without any particular goal or activity in mind.,"To casually spend time with friends, relaxing, socializing, or having fun together."
RU,тусовка,Party; gathering; get-together,Hangout; social gathering; party.,"A social event where people come together, such as a party or informal meeting.",An informal get-together or chill spot where friends hang out and have fun.
RU,тусовка,A gathering or assembly.,"Party, hangout, social gathering.",A meeting or coming together of people.,"An informal get-together, party, or chill session with friends."
RU,тыр,To steal,"One thousand roubles (from the abbreviation т.р. for ""thousand roubles"").",To take something without permission; to commit theft.,"In informal speech, refers to a thousand roubles, coming from the abbreviation for 'thousand roubles'."
RU,тырить,To steal.,"To steal, to swipe.",To take something that belongs to someone else without permission.,"To nick or pinch something, usually in a casual or playful way."
RU,тырнет,Internet,"Internet (playfully, like ""the web"" or ""the net"")",A global computer network that connects millions of devices and allows for information exchange.,"A casual or humorous way to refer to the internet, similar to calling it 'the net' or 'the web'."
RU,тыща,Thousand,"A thousand roubles (slang for ""thousand"").",A numerical value equal to one thousand.,Informal term used to refer to a thousand rubles.
RU,убейсибяапстену,Kill yourself against a wall.,A harsh insult telling someone to go kill themselves by hitting their head against a wall.,Take your own life by forcefully colliding with a wall.,"A rude expression used to tell someone, in a very blunt way, to go end their life by smashing their head into a wall."
RU,убитые еноты,Raccoons (the animals that are native to North America).,"Dollar (used ironically to refer to USD, based on the abbreviation for ""conventional unit"" after direct foreign currency pricing was banned in Russia)","Raccoons, which are mammals originally found in North America.","A playful or ironic nickname for the US dollar, commonly used in informal speech in Russia after direct currency pricing was restricted."
RU,ублюдок,Illegitimate child.,A contemptible or despicable person.,A child born to parents who are not legally married to each other.,An informal term for someone regarded as extremely unpleasant or detestable.
RU,уборная,Restroom,Toilet.,A facility or room designed for people to use for personal hygiene needs.,A casual term for a place where you go to relieve yourself.
RU,угар,Carbon monoxide poisoning,"Hilarious, a riot, something super funny.","A condition caused by inhaling carbon monoxide, resulting in poisoning.","In casual speech, refers to something extremely funny or wildly entertaining."
RU,угол,corner,Old name for 25-rouble banknote.,"the point or area where two lines or surfaces meet, forming an angle",an informal term once used to refer to a 25-ruble bill
RU,уд,limb,Penis,"an arm, leg, or other projecting part of a body",a casual or informal term for the male genital organ
RU,уебать,To remove.,To beat the shit out of someone.,To take something away or eliminate it.,To seriously beat someone up or thrash them (informal).
RU,уебать,to hit hard; to strike,To hit hard; to beat up; to smash.,to deliver a forceful blow; to strike with significant force,"In informal speech, to hit someone hard; to rough someone up or smash something"
RU,ужос,Horror,OMG! Shocking surprise or horror.,A feeling or experience of intense fear or terror.,Wow! An expression used informally to react to something extremely surprising or frightening.
RU,узкоглазы,narrow-eyed,"Chink, slit-eyes, ethnic slur for Asians, alluding to the shape of their eyes.",having eyes that appear narrow or less wide than usual,"a derogatory and informal term aimed at Asians, referencing the perceived narrowness of their eyes"
RU,"укропы, укры",Dill (a type of herb used in cooking),A derogatory term used by pro-Russian individuals to refer to pro-Western Ukrainians or supporters of the Kiev government.,"A culinary herb known as dill, commonly used to add flavor to dishes.","An informal and disparaging nickname, mainly used by pro-Russian speakers, to describe Ukrainians who support Western policies or the government in Kiev."
RU,укурок,Cigarette butt,Pothead.,The remaining end of a smoked cigarette.,A casual term for someone who frequently uses marijuana.
RU,улёт,Flight away; departure (by flying).,Awesome,The act of leaving or taking off by means of flight.,"In informal speech, refers to something extremely cool or impressive."
RU,упаковка,Packaging,Police car,"The materials or containers used to wrap, protect, or present goods for storage or sale.","A casual term for a police vehicle, often used informally in everyday speech."
RU,упиздить,To take away; to steal.,To beat the crap out of.,To unlawfully take something; to commit theft.,To harshly beat someone up; to give someone a serious thrashing (informal).
RU,урод,A deformed or malformed person or creature.,"Freak, ugly person, jerk.",An individual or being with physical deformities or abnormal features.,"In informal speech, refers to someone considered very unattractive, odd, or an unpleasant person."
RU,урюк,Dried apricot,Ethnic slur for Central Asians.,A sun-dried apricot fruit.,A casual and offensive term used informally to refer to people from Central Asia.
RU,усраться,To defecate on oneself.,To freak out or be extremely surprised/shocked.,To soil oneself by involuntarily passing stool.,"In informal speech, to become extremely startled or overwhelmed by surprise."
RU,устаканить,To settle; to stabilize.,To settle things down.,To bring something into a steady or stable state.,To sort things out or calm a situation down (informal).
RU,ухуярить,To hit hard; to strike forcefully.,"To get the hell out, to bail, to take off quickly.",To deliver a powerful blow; to hit with significant force.,To leave in a hurry; to take off or get out fast (informal).
RU,учаснег,Participant,Participant (often used humorously or mockingly),A person who takes part in an event or activity.,"Someone involved in something, usually said in a playful or teasing way."
RU,Фашингтон,Washington (the capital city of the United States),"Washington (used insultingly to refer to the US capital, combining ""Washington"" with ""fascist"" to portray the USA as an enemy, especially by aggressive pro-Putin supporters)","Washington, the principal city and administrative center of the United States.","A mocking term for the US capital, blending 'Washington' with 'fascist' to label America as a hostile force, often used informally by staunch pro-Putin individuals."
RU,феня,Hair dryer,"Jive, prison talk, thieves’ jargon.",An electric device used to blow hot air for drying hair.,A casual term for the secret slang or coded language used by criminals and inmates.
RU,фея,Fairy,Prostitute,"A magical being from folklore, often depicted as a small, enchanting woman with supernatural powers.","In informal speech, a term used to refer to a woman who sells sexual services."
RU,фиг,Fig (the fruit of the fig tree),"A gesture of contempt (like giving the finger); a euphemism for ""dick.""",The edible fruit produced by the fig tree.,"An informal sign of disrespect, similar to making a rude hand gesture; also used as a casual substitute for 'penis.'"
RU,фиг (на ~),Fig (a type of fruit),"Why, what for.","A fig, which is a kind of fruit.",Used informally to mean 'for what reason' or 'why'.
RU,фиг (по ~),Fig (the fruit of the fig tree),Don’t give a damn.,"A fig, which is the edible fruit produced by the fig tree.",To not care at all; to be completely indifferent (used informally).
RU,фига,Fig (the fruit),"Penis; an obscene hand gesture similar to ""flipping the bird"" (the fig sign: fist with thumb between the index and middle fingers).","A fig, which is a type of sweet fruit.","In informal speech, this word can refer to male genitalia or to a rude hand gesture where the thumb is stuck between the first and second fingers, similar to giving someone the finger."
RU,фиганутый,"Struck, hit, thrown.","Crazy, nuts, out of one's mind.","Hit, struck, or tossed by force.","Informally refers to someone who is acting wild, eccentric, or out of their mind."
RU,фигня,"Nonsense, trifle, something insignificant.","Crap, nonsense, or some unimportant stuff.","Something of little importance, trivial matter, or meaningless talk.","Some random junk, pointless stuff, or useless nonsense people say."
RU,фиговина,Fig (the fruit of the fig tree).,"Thingamajig, whatchamacallit, some random thing.","A fig, which is the edible fruit produced by the fig tree.",A casual term for an unspecified object or gadget when its actual name is unknown or unimportant.
RU,фиговый,Fig (relating to the fig tree or fig fruit),"Rotten, worthless, useless.",Pertaining to the fig plant or its fruit.,"In informal speech, describes something as bad, of no value, or completely useless."
RU,финики,Dates (fruit),Nickname for Finns based on similar pronunciation.,A type of sweet fruit known as dates.,"An informal term used to refer to Finnish people, based on how the word sounds."
RU,финтифлюшка,A small decorative object or trinket.,"Bling, trinket, knick-knack, or a flashy but cheap accessory.",A small item used mainly for decoration or as an ornament.,"A flashy, inexpensive piece of jewelry or accessory, often referred to as bling or a showy trinket in casual speech."
RU,финтифлюшка,A trinket or a knick-knack.,A ditzy or superficial girl; airhead.,A small decorative object or ornament.,A light-minded or shallow girl; a scatterbrained person (used informally).
RU,фиолетово,Violet (the color).,Don't care.,A shade of color resembling purple.,A casual way to say that something doesn't matter or isn't important to you.
RU,форточки,Ventilation window panes (small windows for airing a room),Russian slang for Windows operating system.,Small window panels designed to provide ventilation in a room.,A casual Russian term used informally to refer to the Windows operating system.
RU,фотожоп(а),Photoshop (a software for editing images),"A photoshopped or heavily edited image, often manipulated in a humorous or obvious way.","Photoshop, a computer program used for modifying and enhancing pictures.","A casually edited or obviously altered photo, usually changed in a funny or exaggerated way."
RU,фраер,A naive or inexperienced man; a simpleton.,A person who is not part of the criminal underworld; an outsider or uninitiated individual.,A man who lacks experience or is easily fooled; someone considered gullible.,"In informal speech, someone who doesn't belong to the criminal world; an outsider or someone not in the know."
RU,фтему,Relevant; appropriate; on topic.,On point; spot on; relevant and cool.,Pertinent; suitable; directly related to the subject.,Really nails it; totally fits and is also stylish or impressive.
RU,фуфло толкать,To push something (literally).,To bullshit,To physically move or shove an object forward.,"To speak nonsense or make things up in a casual, informal way."
RU,хавать,To eat.,"To chow down, to scarf (food).",To consume food.,To quickly and casually gobble up something to eat (informal).
RU,халява,"Profit, gain obtained without effort or by chance.",Freebie; something gotten for free or with no effort.,A benefit or advantage received without putting in any effort or as a result of luck.,"Something you get for nothing, like a free handout or a perk you didn’t have to work for."
RU,халява,freebie; something obtained for free,Freebie; something obtained without effort or for free.,an item or benefit received at no cost,"something you get for nothing, usually without putting in any work or effort (informal)"
RU,халяву (на ~),Freebie; something obtained without payment or effort.,"For free, without effort.",A benefit or item received at no cost and without needing to put in any work.,"Getting something for nothing, totally free and without lifting a finger."
RU,халявщик,A person who receives something without payment or effort.,Freeloader,An individual who obtains benefits or goods without paying or making any effort.,Someone who mooches off others or always tries to get things for free.
RU,хана,Khan (a title for a ruler or leader among certain Asian peoples),"Screwed, done for, doomed.","Khan, a designation used for a chief or sovereign among various Asian groups.","In informal speech, it means being totally finished or in serious trouble."
RU,харево,Food,"Sex, intercourse.",A meal or something to eat.,Informally refers to having sex or engaging in sexual activity.
RU,харить,To fry.,"To fuck, have sex, screw.",To cook something by exposing it to direct heat.,"In informal speech, to have sexual intercourse or hook up with someone."
RU,харч,Provisions; food supplies.,"Grub, food.",Supplies of food intended for consumption.,Casual term for something to eat; chow.
RU,харчеваться,To eat at an inn or tavern; to dine at a cheap eatery.,"To grab a bite, to chow down.",To have meals at a roadside inn or a modest restaurant; to eat in a simple dining establishment.,To quickly grab something to eat; to have a casual bite.
RU,харя,Muzzle,Mug.,"The part of an animal's head that includes the jaws and nose, commonly called the snout.","A casual or informal way to refer to someone's face, often used in a joking or slightly rude manner."
RU,хата,A peasant's hut or cottage.,"Pad, crib, place (meaning: house or home)","A small rural dwelling, such as a hut or cottage, typically inhabited by peasants.","An informal term for someone's home or place to live, like 'pad' or 'crib.'"
RU,хачик,"Khachik is an Armenian male given name meaning ""small cross,"" and is the diminutive form of Khachatur.",An insulting term for people from the Caucasus region.,"Khachik is a male first name of Armenian origin that translates to 'little cross,' and serves as a shortened version of the name Khachatur.","In informal speech, this word is used as a derogatory label for individuals from the Caucasus area."
RU,хер с ним (ней),Penis,The hell with him (her).,A term referring to the male genital organ.,A casual way to say you don't care about him (her); similar to 'forget about him (her)'.
RU,херово,Of or relating to the male genital organ.,Shitty.,Pertaining to the male reproductive organ.,Very bad or unpleasant; used informally to describe something in a negative way.
RU,ХЗ,I don't know.,No fucking idea.,I have no information about this.,I haven't got a damn clue.
RU,хитрая жопа,Clever buttocks,Smart ass.,Resourceful backside,A person who acts slyly or cheekily; a wise guy
RU,хитрожопый,Cunning.,Clever bastard.,Skilled at using trickery or cleverness to achieve goals.,A sly smartass who always finds a crafty way out.
RU,хитрую жопу (на каждую ~ есть хуй винтом),A cunning or sly person.,A cunning smart-ass,A person who is clever and adept at using trickery or deceit.,A crafty wiseass who always tries to outsmart others.
RU,хлебало,Loaf of bread,Mug; face (rude/slang),A whole piece of bread that has been baked as a single unit.,A crude or informal term for someone's face or mug.
RU,хобот,Trunk (of an elephant or similar animal),"Prick, penis","The elongated, flexible nose of an elephant or a similar creature.",A casual or vulgar term for the male genital organ.
RU,холодрыга,Cold.,Freezing cold.,A state of low temperature; chilly weather.,Really bitter cold; it's freezing out—said informally.
RU,хомячить,To hoard (like a hamster).,"To chow down, to scarf (food).",To gather and store items in the manner of a hamster.,"To eat quickly and eagerly, in a casual or informal way."
RU,хоть бы хуй,At least a penis.,Don’t give a fuck.,"At the very least, a male genital organ.",Couldn't care less; absolutely indifferent (informal).
RU,хохлятский,Ukrainian (adjective),"Ukrainian (derogatory or mocking, relating to Ukraine or Ukrainians)",Relating to Ukraine or its people; Ukrainian (used as an adjective).,"A casual or mocking term used informally to refer to something or someone from Ukraine, often with a negative or disparaging tone."
RU,хохол,Tuft of hair,A derogatory term for a Ukrainian person.,A small bunch or crest of hair that stands up from the rest.,An informal and offensive nickname used to refer to someone from Ukraine.
RU,хрен,Horseradish,Dick,"A pungent root vegetable commonly used as a spice or condiment, known as horseradish.","In informal speech, a crude term used to refer to the male genitalia."
RU,хреначить,To chop finely,To beat the crap out of someone,To cut something into very small pieces,To roughly and aggressively beat someone up (informal)
RU,хреново,Horseradish (a type of plant/root).,Shitty.,A plant root known as horseradish.,"In informal speech, it means something is really bad or awful."
RU,хреновый,Horseradish-related,Lousy,Pertaining to or associated with horseradish.,Informally used to describe something as bad or of poor quality.
RU,хренота,Nonsense; rubbish; something of little value.,Some random crap that’s not worth bothering about.,Worthless talk or things; something insignificant or lacking importance.,Some random junk that’s not even worth your attention.
RU,хренотень,Horseradish plant or product made from horseradish.,"Thingamajig, some random worthless thing.",A plant known as horseradish or a food item prepared using horseradish.,"In informal speech, refers to some random object or trivial thing of little value."
RU,хрень,Nonsense,"Unidentified thing, stuff, or crap.",Something that is meaningless or makes no sense.,"A casual term for an unknown object or random stuff, often used informally to refer to junk or whatever-it-is."
RU,хрумкать,To crunch.,"To munch, to eat (especially something crunchy).","To make a crisp, crackling sound when biting or chewing.","To casually snack on something crunchy, often used informally to mean eating in a relaxed way."
RU,хрусты,Crackers,"Money, bills (“crackling ones”)",A type of baked snack known as crackers.,"An informal term for cash or banknotes, often called 'crisp bills.'"
RU,хряпать,To hit hard; to strike.,To knock back (food or drink); to scarf down.,To deliver a forceful blow; to hit with strength.,To quickly gulp down food or drink; to chow down in an informal way.
RU,хряпать,"To gobble (down), to eat (quickly or greedily).",To knock back (a drink),"To consume food rapidly or with eagerness, often in a hurried or voracious manner.","To quickly down a drink, especially in a casual or informal setting."
RU,хуева туча,A huge number.,A shitload.,An extremely large quantity.,A ton of something; a crapload (very informal and colloquial).
RU,хуевато,Penis-like,Kinda shitty; not great.,Resembling or having qualities of a penis.,"Pretty lousy; not so good, said in a casual or informal way."
RU,хуёвничать,"To behave badly or act in a rude, disrespectful manner.",To screw around doing pointless stuff.,To act improperly or show disrespect through one's behavior.,"To mess around aimlessly or waste time doing nothing important, in a casual or informal way."
RU,хуёвый,Of poor quality; bad.,"Fucked-up, shitty, crappy, really bad.",Of low standard or quality; not good.,"Terrible, messed up, or downright awful in a very informal way."
RU,хуеглот,Cocksucker,A contemptible or worthless person; loser.,A person who performs oral sex on a man.,An insult for someone seen as pathetic or insignificant; a nobody.
RU,хуеглот,Penis swallower,"Dumbass; passive homosexual (literally ""dick sucker"").",A person who performs oral sex on a penis.,"An insult used to call someone an idiot or, in a vulgar sense, refer to a submissive gay man (literally means 'cock sucker')."
RU,хуём-буём,Penis and nonsense.,Out of the blue.,Male genitalia and meaningless talk.,"Suddenly or unexpectedly, in a casual or offhand way."
RU,хуй (в ~ не дует),Penis,Doesn’t give a fuck.,A vulgar term referring to the male genital organ.,Used informally to mean someone doesn't care at all or is completely indifferent.
RU,хуй (за ~),Penis,"Why? (see ""na khuy"", ""na khuya"")",Male genital organ.,"A casual or vulgar way of asking 'for what reason?' (refer to expressions like 'na khuy', 'na khuya')."
RU,хуй (на ~ послать),Penis,To tell someone to fuck off.,The male genital organ.,"In informal speech, used to rudely tell someone to go away or get lost."
RU,хуй (на ~ сесть),Penis,To be screwed; to be in deep shit.,A vulgar term for the male genital organ.,An informal way to say someone is in serious trouble or a very bad situation.
RU,хуй (на ~ сесть),Penis,To be out of luck; to be exhausted.,A term referring to the male genital organ.,"In informal speech, it means to have no luck at all or to be completely worn out."
RU,хуй (по ~),Penis,I don’t give a fuck.,A term referring to the male genital organ.,A vulgar way to say that you don’t care at all.
RU,хуй (сосать ~),Penis,"A blunt dismissal or insult, telling someone to ""suck dick"" as a way of rejecting or shutting them down.",A vulgar term referring to the male genital organ.,"An informal and offensive way to dismiss someone, essentially telling them to 'suck a dick' as a form of rejection or insult."
RU,хуй (через ~ кинуть),Penis,To rip off,Male genital organ,"In casual speech, to cheat or swindle someone"
RU,хуй в рот (жопу),Penis in mouth (ass),No fucking way.,A penis inserted into the mouth (or anus).,Absolutely not; no way in hell. (Very informal expression)
RU,хуй важный,Penis (vulgar),Big shot; someone who thinks they're important; the boss.,A vulgar term for the male genital organ.,An informal expression for someone acting like they're a top dog or consider themselves very important.
RU,хуй важный,Penis (vulgar),Big shot; someone who thinks too highly of themselves.,A vulgar term for the male genital organ.,"In informal speech, refers to a person who acts self-important or considers themselves superior."
RU,"хуй забить, положить",Penis,To not give a fuck; to not care; to ignore.,Male genital organ.,"In informal speech, it means to stop caring, to disregard something, or to pay no attention to it."
RU,хуй знает что,"Penis knows what; (literal: ""who the hell knows what"")",God knows what; some random shit.,"Nobody can say what it is; literally, 'penis knows what,' meaning something completely unknown.","No one has a clue what it is; just some random crap, used informally to express confusion or indifference."
RU,хуй знает что,Something unknown or unclear.,Some random shit.,A thing that is not identified or is difficult to determine.,Some totally random crap.
RU,хуй не стоит,The penis is not erect.,Not interested; doesn’t excite or turn someone on.,The penis remains flaccid and does not become hard.,Not feeling any interest or arousal; something leaves you totally unfazed or indifferent.
RU,хуй немытый,Unwashed penis,"A filthy, disgusting person.",A penis that has not been cleaned.,A crude term for someone considered dirty or revolting.
RU,хуи пинать,Penises,To slack off; to loaf around; to do nothing productive.,Male genitalia,To waste time idly or avoid doing any meaningful work; to laze around (informal)
RU,хуй с ним,Penis,The hell with him.,A vulgar term for the male genital organ.,An informal expression meaning 'forget about him' or 'it doesn't matter about him.'
RU,хуй собачий (ни за ~),Dog's penis,"For nothing, for no reason, in vain (often implying something worthless or pointless).",The penis of a dog.,"In casual speech, used to mean for no purpose, without any reason, or to describe something as useless or meaningless."
RU,хуй тебе за щеку!,Penis,Go fuck yourself!,A term referring to the male genital organ.,"A vulgar expression used to tell someone off or insult them, similar to saying 'screw you!' in English."
RU,хуй тебе на постном масле!,Penis,No fucking way!,A vulgar term referring to the male genital organ.,An emphatic and informal way to say 'Absolutely not!' or 'No chance!'
RU,хуйнёй страдать,To suffer from nonsense.,"To mess around doing nothing, to waste time on nonsense.",To be preoccupied with trivial or meaningless matters.,To fool around aimlessly or kill time with pointless activities (informal).
RU,хуйню спороть,"To rip off something sewn (e.g., to unpick stitches).",To talk bullshit.,To undo stitching by removing threads from something that was sewn.,"To speak nonsense or say things that make no sense, often in a casual or joking way."
RU,хуйня,Penis,Crap; bullshit; worthless stuff.,Male genital organ; the penis.,"Informally used to refer to nonsense, rubbish, or something of no value."
RU,хуйня,Penis,"A thingamajig, whatchamacallit; a problem or mess.",The male genital organ; the penis.,"In informal speech, refers to some unspecified object, or describes a situation that is confusing or problematic."
RU,хую (на ~ вертеть),Penis,To not give a fuck about something.,The male reproductive organ.,"In informal speech, it means to completely disregard or not care about something."
RU,хуя (всего ни ~),Penis,Jack shit,A term referring to the male genital organ.,"In informal speech, used to mean absolutely nothing or not a thing."
RU,хуя (всего ни ~),penis,nothing,the male reproductive organ,an informal way to say 'absolutely nothing' or 'not a thing'
RU,хуя (до ~),Penis,"A shitload, a fuckton, a huge amount.",Male genital organ; the penis.,"In informal speech, refers to an extremely large quantity or a massive amount of something."
RU,хуя (какого ~?),penis,What the fuck do you want?,male genital organ,What the hell do you want? (used informally and rudely)
RU,хуя (какого ~?),penis,What the fuck for?,male genital organ,Why the hell would you do that? (used informally to express annoyance or confusion)
RU,хуя (ни ~ себе),Penis,No fucking way!,A term referring to the male genital organ.,"An informal exclamation used to express strong surprise or disbelief, similar to 'Are you kidding me?'"
RU,хуя (ни ~),Penis,No way!,A vulgar term referring to the male genital organ.,"An informal exclamation used to strongly express disbelief or rejection, similar to saying 'absolutely not!'"
RU,хуя (ни ~),Penis,Nothing.,A term referring to the male genital organ.,"In informal speech, used to mean 'absolutely nothing' or 'zero.'"
RU,хуя? (на ~),penis,What the fuck for? Why the fuck?,male genital organ,Why the hell? For what damn reason? (used informally and with strong emotion)
RU,хуярить,"To hit hard, to strike, to beat.",To haul ass; to go fast; to speed.,To deliver a forceful blow or repeatedly strike something with intensity.,To rush or move at high speed; to tear off quickly (informal).
RU,хуячить,To hit hard; to strike forcefully.,To haul ass; to go somewhere fast; to rush.,To deliver a powerful blow; to strike with great force.,To move quickly or hurry somewhere; to rush off in a hurry (informal).
RU,цацки,"Trinkets, knick-knacks, toys.","Bling, flashy jewelry","Small decorative items, ornaments, or playthings.","Showy or flashy jewelry, often referred to informally as 'bling.'"
RU,целинник,Virgin land settler; a participant in the Virgin Lands campaign (someone who developed or worked on previously untilled land in the Soviet Union).,Man who sleeps with a virgin; deflowerer.,"A person who took part in the Virgin Lands initiative, working to cultivate and farm land that had not been previously tilled in the Soviet Union.",A guy who has sex with a virgin for the first time; someone who 'takes someone's virginity' in casual talk.
RU,целка,Hymen,Virgin (referring only to a female),"A membrane partially covering the vaginal opening, commonly known as the hymen.",A casual term used to describe a girl or woman who has not had sexual intercourse.
RU,целочник,"A person who receives full marks or perfect scores (e.g., in exams).",Prisoner convicted of rape,"An individual who achieves the highest possible score or receives all top marks, such as on tests or examinations.","In informal speech, refers to an inmate who has been sentenced for committing rape."
RU,целочник,A person who receives only top marks (straight-A student).,Male virgin.,An individual who consistently earns the highest possible grades in all subjects.,"In informal speech, refers to a guy who hasn't had any sexual experience."
RU,цыпка,Chick (young bird),Attractive young woman — “chick”.,"A baby bird, especially one that has recently hatched.","In informal speech, refers to a good-looking young woman, similar to the English term 'chick'."
RU,чалить,To serve time (in prison),To have sex.,To spend a period of time incarcerated in jail or prison.,"To hook up or engage in sexual activity, used informally."
RU,чалка,Mooring rope; hawser,"Slut, easy lay",A rope used for securing a vessel to a dock or another object; a thick line for mooring.,"In informal speech, a derogatory term for a promiscuous woman or someone considered easy to sleep with."
RU,чалка,Mooring rope,"Whore, prostitute.",A rope used to secure a vessel to a dock or another fixed point.,"In casual speech, a derogatory term for a woman who sells sex."
RU,чвакнуться,To make a squelching or smacking sound.,To make out.,"To produce a wet, squishy, or smacking noise.","To kiss passionately or make out, used in an informal or playful context."
RU,чё,What,"What (slang, informal for ""what"", ""huh"", or ""wha?"")",An expression used to ask for information or clarification.,"A casual or informal way of saying 'what,' often used like 'huh' or 'wha?' in everyday conversation."
RU,чекушка,A small bottle or container.,A quarter-liter bottle of vodka (about 250 ml).,A small-sized bottle or vessel used for holding liquids.,"In informal speech, refers to a 250-milliliter bottle of vodka, commonly called a 'quarter liter.'"
RU,чел,"Person, human being","Dude, guy.",An individual or a member of the human species.,"A casual, informal way to refer to a guy or a dude."
RU,червонец,"A gold coin of high value, originally used in Russia and other Eastern European countries.",A ten-rouble note; a tenner.,A valuable gold coin that was first minted in Russia and neighboring Eastern European nations.,"In informal speech, refers to a ten-rouble bill; commonly called a 'tenner.'"
RU,чёрная дырка,Black hole,Arsehole (“black hole”).,"An astronomical object with a gravitational pull so strong that nothing, not even light, can escape from it.","A casual or crude way to refer to someone's buttocks, using the phrase 'black hole' informally."
RU,черножопый,Black-ass,"A highly offensive racial slur for a dark-skinned person, especially someone from the Caucasus region.",A term referring to someone with a black or very dark backside.,"An extremely derogatory and informal term used as a racial insult towards people with dark skin, particularly those from the Caucasus area."
RU,чёрный чемодан,Black suitcase,"Vagina, female genitalia",A suitcase that is colored black.,An informal term used to refer to the female sexual organs.
RU,чеснок (по ~у),Garlic,"Honestly, no bullshit.","A plant known for its strong flavor, commonly used as a seasoning in cooking.","To speak frankly, without sugarcoating or pretending—just telling it like it is."
RU,четвертной,Quarterly; relating to a quarter (one fourth) of something.,Old name for a 25-rouble banknote in Russia.,"Pertaining to a quarter, or one-fourth, of a whole; occurring every three months.",An informal term once used in Russia to refer to a 25-rouble bill.
RU,чех,Czech (a person from the Czech Republic),"Chechen, or more generally a person from the Caucasus region; used as an ethnic slur, especially in the Russian army.",An individual who originates from the Czech Republic.,"A casual or derogatory term, often used in military slang, referring to a Chechen or, more broadly, someone from the Caucasus region."
RU,член,"Member (of a group, organization, or body)",Penis,"An individual who belongs to a group, organization, or committee.",A casual or informal term for the male genital organ.
RU,чмокаться,To kiss each other.,"To make out (to kiss each other, often repeatedly or noisily)",To exchange kisses with one another.,"To hook up by kissing, often repeatedly or with noticeable sounds; used informally."
RU,чморить,To treat with contempt or disdain.,"To bully, to pick on, to humiliate.",To regard someone with scorn or show a lack of respect.,"In informal speech, to hassle, mock, or put someone down in a humiliating way."
RU,чозанах,What is this?,WTF,What does this mean?,What the heck is this?!
RU,чокнутый,Insane,"Crazy, nuts, loony.",Mentally unbalanced or suffering from a serious mental disorder.,"Totally bonkers or acting wild and out of one's mind, said in a casual, informal way."
RU,чпокнуть,To make a popping sound; to pop.,To have sex.,To create a sound similar to a pop or snap.,"In informal language, to have sexual intercourse."
RU,чувак,Man,"Dude, guy",An adult male person.,"A casual or informal term for a guy or dude, often used in everyday conversation."
RU,чукчи,"Chukchi, a member of an indigenous people native to the Chukotka region in northeastern Siberia, Russia.","Asian person, mostly from Siberia or Far East Russia (ethnic slur); sometimes used to mean “idiot” or “twit.”","Chukchi refers to a person belonging to the indigenous group originally from the Chukotka area in the northeastern part of Siberia, Russia.","In informal speech, this term can be used as a derogatory label for someone of Asian descent, particularly from Siberia or Russia’s Far East, and is sometimes used to insultingly call someone foolish or silly."
RU,чума,Plague.,"Awesome, amazing, super cool.",A serious infectious disease that spreads rapidly and can cause widespread illness and death.,"A casual term used to describe something really impressive, fantastic, or extremely cool."
RU,чурбан,Block of wood,Ethnic slur for Central Asians (“block of wood”).,A solid piece of timber or wood.,"An informal and offensive term used to refer to people from Central Asia, likening them to a block of wood."
RU,Чуркменистан,"Turkmenistan, a country in Central Asia.","Racist term for Central Asian or Muslim countries in general, and for Turkmenistan in particular.",Turkmenistan is a nation located in the region of Central Asia.,"An informal and offensive slang word used to refer to Turkmenistan specifically, or more broadly to Central Asian or Muslim countries."
RU,чухануть,To scratch (oneself),"To pull off something wild or impulsive, like suddenly taking off, beating someone up, or going somewhere out of the blue.",To relieve an itch by rubbing or scraping your skin.,"In informal speech, to do something sudden or reckless—like abruptly leaving, unexpectedly fighting someone, or heading off somewhere on a whim."
RU,чухонец,A member of a Finno-Ugric tribe historically living near St. Petersburg.,Pejorative term for a Finn (female: chukhonka); Finland can be called Chukhnya.,An individual belonging to a Finno-Ugric group that traditionally resided in the area surrounding St. Petersburg.,"An informal and derogatory word used to refer to a person from Finland (with 'chukhonka' for women); in casual speech, Finland itself may be called 'Chukhnya.'"
RU,шайба,Puck (in ice hockey),"Face, mug.","A flat, round object used as the playing piece in ice hockey.",Informal term for a person's face or countenance.
RU,"шайбу (забить ~, забить пулю)",Puck,"To skip, to ditch (an event, class, etc.).","A puck, the object used in games like hockey that players aim to shoot into the goal.","To blow off or skip out on something, such as a class or event, in a casual or informal way."
RU,шайка,"A small basin or pail, typically used for washing.","A gang or a crew, usually involved in criminal or shady activities.","A small tub or bucket, most often used for cleaning or washing purposes.","An informal term for a group or band of people, often associated with illegal or dubious actions."
RU,шалашовка,A small hut or shack.,"Slut, whore.","A simple shelter or makeshift cabin, typically small in size.","In informal speech, a derogatory term for a promiscuous woman."
RU,шапочка,"Little cap, small hat","Condom (specifically, a cap-style condom or a contraceptive cap).",A small head covering or a miniature hat.,"In informal speech, refers to a condom, especially one shaped like a cap or used as a contraceptive cap."
RU,шапочки близнецов,Caps of twins,Bra,Head coverings worn by a pair of twins,A casual term for a woman's bra
RU,шара,ball,For free; without effort; a freebie.,a round object used in games or sports; a sphere,something received at no cost or with no effort; a free handout (informal)
RU,шарахаться,"To shy away from, to dodge, to flinch, to move away suddenly (usually out of fear or caution).",To bounce around or flip-flop (in actions or opinions).,"To quickly pull back, recoil, or move aside, often because of fear or to avoid something perceived as threatening.","To act unpredictably or change one’s behavior or opinions back and forth, especially in a casual or informal way."
RU,шарить,To feel around; to grope.,"To be savvy, to know your stuff, to be in the know.","To search by touching or feeling with the hands, often without being able to see clearly.","To be clued in or knowledgeable about something; to get what's going on, especially in a casual or informal way."
RU,шахнуть,To check (in chess); to put in check.,To take a shot (of alcohol),To place an opponent's king under direct threat in a game of chess.,To quickly down a shot of alcohol; used informally in casual conversation.
RU,швабра,Mop,"Unattractive woman, bird (“mop”).",A cleaning tool with a long handle and absorbent material used for washing floors.,"In informal speech, refers to a woman considered unattractive, or sometimes used to describe a bird, using the term 'mop' as a nickname."
RU,шворка,Drawstring,Sex.,"A cord or string used to tighten or secure an opening, such as on a bag or piece of clothing.",A casual or informal term used to refer to sexual intercourse.
RU,шерсть,Wool,"Bush, twat, pussy, female genitalia, pubic hair.","A soft, curly fiber obtained from the coats of sheep and certain other animals.","In informal speech, refers to a woman's pubic hair or genitals; used as slang for the female intimate area."
RU,шершавый,"Rough, coarse.","Dick, cock, penis.",Having a surface that feels uneven or abrasive to the touch.,A casual or informal term for the male genital organ.
RU,шибануться,To go crazy,To go crazy; to lose one's mind.,To lose one's sanity or become mentally unstable.,"To totally flip out or go nuts; to freak out in an informal, everyday sense."
RU,шизанутый,Suffering from schizophrenia.,"Nuts, bonkers, or insane.",Afflicted with schizophrenia as a medical condition.,Used informally to describe someone as crazy or out of their mind.
RU,шило в жопе,An awl in the buttocks.,Unable to sit still; always restless or fidgety.,A pointed tool stuck in one's backside.,Someone who can't keep still and is always moving around; a person who's constantly fidgety or restless.
RU,школота,Schoolchildren,Schoolkids (used disparagingly for immature or naive young people),Young people who attend school,"A casual, often mocking term for kids or teenagers seen as inexperienced or childish"
RU,шкура,"Skin, hide, pelt.",Prostitute.,"The outer covering or fur of an animal, such as its skin or hide.","A casual, informal term used to refer to a woman who sells sex; a prostitute."
RU,шланг,Hose,Penis,A flexible tube used to convey liquids or gases from one place to another.,An informal term used to refer to the male genital organ.
RU,шлюха,Prostitute,"Prostitute, slut.",A woman who engages in sexual activity in exchange for payment.,A crude or informal term for a woman considered sexually promiscuous or a sex worker.
RU,шляпа,Hat,"Crap, rubbish, nonsense",A piece of headwear typically worn for protection or fashion.,"In informal speech, refers to something worthless, foolish, or of poor quality."
RU,шмалить,To shoot; to fire (a weapon).,To smoke weed.,To discharge a firearm or shoot a weapon.,"In informal speech, to smoke marijuana."
RU,шмаль,Buckshot; small lead pellets used in shotgun shells.,"Hashish, sometimes also pot or weed.",Small spherical lead shots that are loaded into shotgun cartridges.,"In informal speech, refers to hashish, and sometimes also to marijuana or cannabis."
RU,шмотки,"Things, items, belongings","Clothes, especially trendy or fashionable ones.",Objects or personal possessions that someone owns.,"An informal term for clothing, especially stylish or fashionable outfits."
RU,шнобель,Beak,A big nose,"The pointed, projecting part of a bird's face, commonly known as the beak.","In casual speech, it refers to a large or prominent nose."
RU,шоколадная дырка,Chocolate hole,Arsehole (“chocolate hole”),An opening or cavity found in chocolate.,"A casual or informal term for the anus, often used humorously or crudely."
RU,шоколадница,Chocolate seller; a woman who sells or serves chocolate.,Arse.,A woman whose job is to sell or serve chocolate to customers.,"In informal speech, this word can also mean 'buttocks.'"
RU,шпаргалка,cheat sheet,cheat sheet,"a concise summary or set of notes used to quickly recall important information, often during exams",an informal note or secret list of answers made to help someone get through a test without being caught
RU,шпаргалка,A small piece of paper with notes used for reference.,Cheat sheet,A compact slip of paper containing written information intended for quick consultation.,An informal term for a secret note used to help someone remember answers during a test.
RU,шпилить,"To play (a musical instrument), to spike, to pin.","To have sex, to fuck.","To perform on a musical instrument, or to fasten or pierce something with a sharp object.","In informal speech, to engage in sexual intercourse; to have sex."
RU,шпора,Spur,Cheat sheet,"A small metal tool attached to a rider's boot, used to encourage a horse to move or change direction.",An informal term for a secretly prepared note or paper used to help someone cheat during a test or exam.
RU,штука,"thing, item",A thousand rubles (grand).,an object or article,"in informal speech, a term used to refer to one thousand rubles"
RU,штукарь,"Thing, item.",A grand (one thousand units of currency),An object or a particular thing.,"In informal speech, refers to a thousand units of money, commonly called a grand."
RU,штукатуриться,To plaster (a surface with plaster).,To put on makeup.,To cover a surface with a layer of plaster.,"To apply makeup, often in a casual or informal sense."
RU,штуцер,"Fitting (pipe fitting), nozzle, or gun (rifle).",A thousand rubles.,"A connector used for joining pipes, a spout, or a type of rifle.","In casual speech, refers to one thousand rubles."
RU,шулята,"Kernels, nuclei.","Balls, testicles.",Seeds or central parts of fruits or grains.,"A casual term for male genitals, specifically referring to the testicles."
RU,ща,Now,"Now (colloquial, short for ""right now"" or ""in a moment"")",At the present moment,Informal term meaning 'right away' or 'just about to happen'
RU,щекотун,tickler,"Penis of modest size, “tickler”.",something or someone that causes a tickling sensation,"a casual term for a small-sized penis, often called a 'tickler' in informal speech"
RU,щёлкать,"To click, to snap (e.g., fingers, nuts, or a switch).",To snap a photo.,"To make a sharp sound by pressing or moving something quickly, such as with your fingers, cracking nuts, or flipping a switch.","In casual speech, to quickly take a picture with a camera or phone."
RU,щель,"Gap, crack, or slit.","Slit, pussy.","A narrow opening, fissure, or crevice.","Informally, a term used to refer to the vagina."
RU,щемиться,"To squeeze (oneself), to press (oneself), to crowd.",To rush or bolt.,To push oneself into a tight space or to force one's way through a crowd.,"To dash off or make a quick getaway, often used informally."
RU,щупать,"To touch, to feel, to probe.",To grope.,To examine something by handling or feeling it with your hands.,"In informal speech, to touch someone in a sexual or inappropriate way."
RU,ы,"The letter ""ы"" is a vowel in the Russian alphabet, pronounced as a close central unrounded vowel, and does not have a meaning as a standalone word.","Represents laughter, often repeated to show intensity (like ""hahaha"" or ""lol"").","The character 'ы' is a vowel found in the Russian alphabet, articulated as a close central unrounded vowel sound, and it does not function as an independent word.","In informal contexts, 'ы' is used to indicate laughter, often typed repeatedly to express stronger amusement, similar to 'haha' or 'lol'."
RU,эклер,Éclair (a type of pastry),Penis,"Éclair, a sweet pastry dessert typically filled with cream and topped with icing.","In informal speech, refers to the male genital organ."
RU,электроштуцер,Electric fitting or electric connector,Vibrator with an electric cord,An electrical connector or component used to join or secure electric circuits.,A playful term for a vibrator that plugs into an electrical outlet.
RU,энторнет,Internet,"Internet, a colloquial mispronunciation used with an ironic or mocking tone.",The global computer network commonly known as the Internet.,"A playful or mocking way to say 'Internet,' often used informally as a humorous mispronunciation."
RU,юзать,To use,"To use (something), especially technology or software; to utilize.",To make use of something.,"To mess around with or operate something, especially gadgets or software, in an informal way."
RU,юзверь,Beast; wild animal,"A computer user who behaves wildly or irresponsibly, often causing problems due to ignorance or carelessness.",A creature that is untamed or ferocious; a wild animal.,"In informal speech, refers to a computer user who acts recklessly or cluelessly, often making mistakes or causing trouble due to lack of knowledge or care."
RU,юс,Ius (the name of the letter Ѫ in the early Cyrillic alphabet),"Yankee, American (derived from ""US"")",Ius refers to the historical name for the letter Ѫ found in the early Cyrillic script.,"In informal speech, 'юс' is used to mean a Yankee or an American, coming from the abbreviation 'US'."
RU,яблофон,apple phone,iPhone,a mobile phone produced by Apple Inc.,an informal term people use to refer to an iPhone
RU,ягуарить,To act as or resemble a jaguar (the animal).,"To drink the alcoholic energy drink “Jaguar,” which is popular among young people.",To behave in a way that imitates or suggests the characteristics of a jaguar.,"To casually drink ‘Jaguar,’ a popular alcoholic energy beverage, especially among youth."
RU,ядрён батон,Strong loaf,Holy crap!,A loaf of bread that is particularly robust or hearty.,"Wow, no way! (An informal exclamation of surprise or shock.)"
RU,яжемать,Mother,"A self-entitled mom who thinks being a mother gives her special privileges and uses it to make unreasonable demands; a ""Karen"" with kids.",A woman who is a parent to one or more children.,"An entitled mom who believes motherhood entitles her to special treatment and often makes unreasonable requests; basically, a 'Karen' with children in an informal context."
RU,яйца,Eggs,"Balls, testicles.","Objects produced by birds and some other animals, typically with a shell, that contain the developing embryo.",A casual term used to refer to a man's testicles.
RU,яичница,Fried eggs,The result of a kick in the balls.,Eggs cooked by frying them in a pan.,A casual way to describe what happens when someone gets hit hard in the groin.
RU,ялдаш,Comrade; companion; friend.,A derogatory term for Uzbeks or Central Asians.,"A person who is a close associate, partner, or trusted friend.",An informal and offensive expression used to refer to people from Uzbekistan or Central Asia.
RU,яМобилко,Mobile phone,iPhone (a Russified version of the trademark by separately translating parts of the name),A portable device used for making calls and sending messages wirelessly.,"An informal term for an iPhone, created by adapting the brand name into Russian in a playful way."
RU,японский городовой,Japanese police officer,Damn it; bugger.,A law enforcement officer from Japan,"An informal exclamation used to express frustration or annoyance, similar to saying 'damn' or 'shoot'"
RU,ящерица,Lizard,"Willy, John Thomas, penis","A reptile with a long body and tail, commonly known as a lizard.","In informal speech, a playful term used to refer to the male genitalia."
RU,ящерицу потискать,To pet a lizard.,To take a leak.,To gently stroke or handle a lizard.,To casually refer to urinating in an informal or humorous way.
RU,ящик,"Box, case, crate.","Television, TV, telly","A container such as a chest, trunk, or wooden box used for storing or transporting items.","An informal term for a television set, commonly referred to as the TV."
