lang,slang,conv_def_en,conv_def,slang_definition,slang_definition_en
en,404,An error message displayed by a browser indicating that an Internet address cannot be found,An error message displayed by a browser indicating that an Internet address cannot be found,missing or misplaced,missing or misplaced
en,accident,"An unfortunate incident that happens unexpectedly and unintentionally , typically resulting in damage or injury","An unfortunate incident that happens unexpectedly and unintentionally , typically resulting in damage or injury",accidental act of urination or defecation,accidental act of urination or defecation
en,ace,"A playing card with a single spot on it , ranked as the highest card in its suit in most card games","A playing card with a single spot on it , ranked as the highest card in its suit in most card games","great, excellent","great, excellent"
en,acid,"A substance with particular chemical properties including turning litmus red , neutralizing alkalis , and dissolving some metals ; typically , a corrosive or sour - tasting liquid of this kind","A substance with particular chemical properties including turning litmus red , neutralizing alkalis , and dissolving some metals ; typically , a corrosive or sour - tasting liquid of this kind",the hallucinogenic LSD (Lysergic acid diethylamide),the hallucinogenic LSD (Lysergic acid diethylamide)
en,action,"The fact or process of doing something , typically to achieve an aim","The fact or process of doing something , typically to achieve an aim","sexual activity.  The term is ambiguous, and can mean intercourse or sexual non-intercourse contact (e.g. kissing; making out.)","sexual activity.  The term is ambiguous, and can mean intercourse or sexual non-intercourse contact (e.g. kissing; making out.)"
en,active,Engaging or ready to engage in physically energetic pursuits,Engaging or ready to engage in physically energetic pursuits,something or someone that is cool; tight,something or someone that is cool; tight
en,adult,A person who is fully grown or developed,A person who is fully grown or developed,to act like a responsible adult,to act like a responsible adult
en,adware,Software that automatically displays or downloads advertising material such as banners or pop - ups when a user is online,Software that automatically displays or downloads advertising material such as banners or pop - ups when a user is online,bad software (malware) that exists only to display unwanted advertisements,bad software (malware) that exists only to display unwanted advertisements
en,afro,"A thick hairstyle consisting of very tight curls that sticks out all round the head , like the natural hair of some black people","A thick hairstyle consisting of very tight curls that sticks out all round the head , like the natural hair of some black people",any large hair style,any large hair style
en,airhead,A base close to the area of active operations where supplies and troops can be received and evacuated by air,A base close to the area of active operations where supplies and troops can be received and evacuated by air,an unintelligent person; dimwit.  Contains strong connotations of obliviousness or forgetfulness.,an unintelligent person; dimwit.  Contains strong connotations of obliviousness or forgetfulness.
en,all,Used to refer to the whole quantity or extent of a particular group or thing,Used to refer to the whole quantity or extent of a particular group or thing,"to say.  Note: can only be used in the present, past, and future simple tenses and the past conditional tense","to say.  Note: can only be used in the present, past, and future simple tenses and the past conditional tense"
en,already,Before or by now or the time in question,Before or by now or the time in question,"equivalent to I already know or You already know, as if to say YES! emphatically.  Demonstrates total agreement with what a speaker has said","equivalent to I already know or You already know, as if to say YES! emphatically.  Demonstrates total agreement with what a speaker has said"
en,ambo,( in an early Christian church ) an oblong pulpit with steps at each end,( in an early Christian church ) an oblong pulpit with steps at each end,ambulance,ambulance
en,anaconda,"A semiaquatic snake of the boa family that may grow to a great size , native to tropical South America","A semiaquatic snake of the boa family that may grow to a great size , native to tropical South America",a penis,a penis
en,anal,Relating to or situated near the anus,Relating to or situated near the anus,shortened form of anal retentive,shortened form of anal retentive
en,animal,"A living organism that feeds on organic matter , typically having specialized sense organs and nervous system and able to respond rapidly to stimuli","A living organism that feeds on organic matter , typically having specialized sense organs and nervous system and able to respond rapidly to stimuli",a person who is extremely dedicated to something,a person who is extremely dedicated to something
en,ankle,The joint connecting the foot with the leg,The joint connecting the foot with the leg,a person who deserves a label even worse than cunt.  From an anatomical description of a human: An ankle is two feet beneath a cunt,a person who deserves a label even worse than cunt.  From an anatomical description of a human: An ankle is two feet beneath a cunt
en,anus,The opening at the end of the alimentary canal through which solid waste matter leaves the body,The opening at the end of the alimentary canal through which solid waste matter leaves the body,general derogatory term,general derogatory term
en,app,"An application , especially as downloaded by a user to a mobile device","An application , especially as downloaded by a user to a mobile device",application,application
en,apple,"The round fruit of a tree of the rose family , which typically has thin green or red skin and crisp flesh","The round fruit of a tree of the rose family , which typically has thin green or red skin and crisp flesh","a Native American who acts like a European, being red on the outside and white on the inside, just like an apple","a Native American who acts like a European, being red on the outside and white on the inside, just like an apple"
en,armpit,A hollow under the arm at the shoulder,A hollow under the arm at the shoulder,a displeasing area within some larger area,a displeasing area within some larger area
en,artist,A person who creates paintings or drawings as a profession or hobby,A person who creates paintings or drawings as a profession or hobby,used with another noun to indicate someone is skilled at something,used with another noun to indicate someone is skilled at something
en,ass,"An animal of the horse family , which is typically smaller than a horse and has longer ears and a braying call","An animal of the horse family , which is typically smaller than a horse and has longer ears and a braying call",anything displeasing,anything displeasing
en,associate,A partner or companion in business or at work,A partner or companion in business or at work,an employee,an employee
en,atmosphere,The envelope of gases surrounding the earth or another planet,The envelope of gases surrounding the earth or another planet,the general feeling of a place,the general feeling of a place
en,aught,Anything at all,Anything at all,"zero.  An antiquated term, but not slang.  In the long past, used for years between and including 1901 and 1909.  Now, used for years between and including 2001 and 2009 to humorously suggest that they were a long time ago","zero.  An antiquated term, but not slang.  In the long past, used for years between and including 1901 and 1909.  Now, used for years between and including 2001 and 2009 to humorously suggest that they were a long time ago"
en,avatar,A manifestation of a deity or released soul in bodily form on earth ; an incarnate divine teacher,A manifestation of a deity or released soul in bodily form on earth ; an incarnate divine teacher,"an icon, pictorial, or 3D representation of a person online.  In the online gaming community, for example, one's character as seen by other players is one's avatar.","an icon, pictorial, or 3D representation of a person online.  In the online gaming community, for example, one's character as seen by other players is one's avatar."
en,aw,"Used to express mild protest , entreaty , or sympathy","Used to express mild protest , entreaty , or sympathy",oh,oh
en,awesome,Extremely impressive or daunting ; inspiring awe,Extremely impressive or daunting ; inspiring awe,a metaphorical substance that adds excellence,a metaphorical substance that adds excellence
en,axe,"A tool used for chopping wood , typically of iron with a steel edge and wooden handle","A tool used for chopping wood , typically of iron with a steel edge and wooden handle",ask,ask
en,b,Born ( used to indicate a date of birth,Born ( used to indicate a date of birth,woman.  Likely short for,woman.  Likely short for
en,babe,A baby,A baby,affectionate term for one's significant other,affectionate term for one's significant other
en,baby,A very young child,A very young child,small,small
en,back,The rear surface of the human body from the shoulders to the hips,The rear surface of the human body from the shoulders to the hips,an alcohol chaser,an alcohol chaser
en,backbone,The series of vertebrae extending from the skull to the pelvis ; the spine,The series of vertebrae extending from the skull to the pelvis ; the spine,"metaphor: having a backbone endows one with courage, will","metaphor: having a backbone endows one with courage, will"
en,back door,The rear door of a building,The rear door of a building,the anus,the anus
en,back off,Draw back from action or confrontation,Draw back from action or confrontation,to move away from,to move away from
en,backwards,( of a movement ) in the direction of one's back,( of a movement ) in the direction of one's back,outdated,outdated
en,bacon,Cured meat from the back or sides of a pig,Cured meat from the back or sides of a pig,the police,the police
en,bad,Of poor quality or a low standard,Of poor quality or a low standard,"very good, excellent","very good, excellent"
en,bag,"A flexible container with an opening at the top , used for carrying things","A flexible container with an opening at the top , used for carrying things","one's taste.  That is, an activity that one finds appealing","one's taste.  That is, an activity that one finds appealing"
en,baggage,Suitcases and bags containing personal belongings packed for travelling ; luggage,Suitcases and bags containing personal belongings packed for travelling ; luggage,emotional burdens from one's past,emotional burdens from one's past
en,bah,An expression of contempt or disagreement,An expression of contempt or disagreement,"used to convey surprise, disgust, or doubt","used to convey surprise, disgust, or doubt"
en,bail,"The temporary release of an accused person awaiting trial , sometimes on condition that a sum of money is lodged to guarantee their appearance in court","The temporary release of an accused person awaiting trial , sometimes on condition that a sum of money is lodged to guarantee their appearance in court",to leave,to leave
en,bail out,Make an emergency parachute descent from an aircraft,Make an emergency parachute descent from an aircraft,to leave,to leave
en,bairn,A child,A child,a baby.,a baby.
en,bait,"Food placed on a hook or in a net , trap , or fishing area to entice fish or other animals as prey","Food placed on a hook or in a net , trap , or fishing area to entice fish or other animals as prey",obvious,obvious
en,bake,"Cook ( food ) by dry heat without direct exposure to a flame , typically in an oven","Cook ( food ) by dry heat without direct exposure to a flame , typically in an oven",to smoke marijuana,to smoke marijuana
en,baked,( of food ) cooked by dry heat in an oven,( of food ) cooked by dry heat in an oven,under the influence of marijuana; stoned,under the influence of marijuana; stoned
en,baller,A person or device that makes or forms something into balls,A person or device that makes or forms something into balls,very cool or stylish,very cool or stylish
en,bam,Used to imitate the sound of a hard blow or to convey something happening abruptly,Used to imitate the sound of a hard blow or to convey something happening abruptly,there you go; and then suddenly; etc.  Usually spoken with increased volume,there you go; and then suddenly; etc.  Usually spoken with increased volume
en,band,"A flat , thin strip or loop of material , used as a fastener , for reinforcement , or as decoration","A flat , thin strip or loop of material , used as a fastener , for reinforcement , or as decoration",one thousand dollars,one thousand dollars
en,bandwidth,"A range of frequencies within a given band , in particular that used for transmitting a signal","A range of frequencies within a given band , in particular that used for transmitting a signal",a person's work capacity,a person's work capacity
en,bang,"A sudden loud , sharp noise","A sudden loud , sharp noise",to be very good; be awesome,to be very good; be awesome
en,bank,The land alongside or sloping down to a river or lake,The land alongside or sloping down to a river or lake,a great deal of money,a great deal of money
en,banter,The playful and friendly exchange of teasing remarks,The playful and friendly exchange of teasing remarks,"Gossip, Fun, Cheeky Chat","Gossip, Fun, Cheeky Chat"
en,bap,"A large , round , flattish bread roll , typically with a spongy texture and floury top","A large , round , flattish bread roll , typically with a spongy texture and floury top",verbal imitation of gunfire,verbal imitation of gunfire
en,barbie,A doll representing a conventionally attractive young woman,A doll representing a conventionally attractive young woman,barbecue,barbecue
en,bareback,On an unsaddled horse or other animal,On an unsaddled horse or other animal,"of sex, unprotected sex","of sex, unprotected sex"
en,barge,"A long flat - bottomed boat for carrying freight on canals and rivers , either under its own power or towed by another","A long flat - bottomed boat for carrying freight on canals and rivers , either under its own power or towed by another",a large car,a large car
en,base,"The lowest part or edge of something , especially the part on which it rests or is supported","The lowest part or edge of something , especially the part on which it rests or is supported","perverted, horny, animalistic","perverted, horny, animalistic"
en,bate,( of a hawk ) beat the wings in agitation and flutter off the perch,( of a hawk ) beat the wings in agitation and flutter off the perch,masturbate,masturbate
en,battered,Injured by repeated blows or punishment,Injured by repeated blows or punishment,extremely intoxicated,extremely intoxicated
en,beagle,"A small hound of a breed with a short coat , used for hunting hares","A small hound of a breed with a short coat , used for hunting hares",a funny person; joker; smart-ass; class clown,a funny person; joker; smart-ass; class clown
en,beam,"A long , sturdy piece of squared timber or metal used to support the roof or floor of a building","A long , sturdy piece of squared timber or metal used to support the roof or floor of a building",to hit in the head,to hit in the head
en,bean,"An edible seed , typically kidney - shaped , growing in long pods on certain leguminous plants","An edible seed , typically kidney - shaped , growing in long pods on certain leguminous plants",an Ecstasy (MDMA) pill or tablet,an Ecstasy (MDMA) pill or tablet
en,bear,( of a person ) carry,( of a person ) carry,a difficult task,a difficult task
en,beast,"An animal , especially a large or dangerous four - footed one","An animal , especially a large or dangerous four - footed one","very good, excellent;","very good, excellent;"
en,beastly,Cruel and unrestrained,Cruel and unrestrained,"very good, excellent;","very good, excellent;"
en,beat,"Strike ( a person or an animal ) repeatedly and violently so as to hurt or injure them , typically with an implement such as a club or whip","Strike ( a person or an animal ) repeatedly and violently so as to hurt or injure them , typically with an implement such as a club or whip",lacking excitement or people; boring,lacking excitement or people; boring
en,beat down,( of the sun ) radiate intense heat and brightness,( of the sun ) radiate intense heat and brightness,a fight or severe beating.  One typically gives or puts a beat down.  See,a fight or severe beating.  One typically gives or puts a beat down.  See
en,beater,"A person who hits someone or something , typically on a habitual basis","A person who hits someone or something , typically on a habitual basis",unattractive or undesirable.  Applied to a person,unattractive or undesirable.  Applied to a person
en,beauty,"A combination of qualities , such as shape , colour , or form , that pleases the aesthetic senses , especially the sight","A combination of qualities , such as shape , colour , or form , that pleases the aesthetic senses , especially the sight","An exclamation used by itself when something of exceptional sweetness or luck occurs, like sinking a whole in one on a 300 yard hole. Also used to congratulate oneself or another on a sturdy or exceptional performance","An exclamation used by itself when something of exceptional sweetness or luck occurs, like sinking a whole in one on a 300 yard hole. Also used to congratulate oneself or another on a sturdy or exceptional performance"
en,beaver,A large semiaquatic broad - tailed rodent native to North America and northern Eurasia . It is noted for its habit of gnawing through trees to fell them in order to make dams,A large semiaquatic broad - tailed rodent native to North America and northern Eurasia . It is noted for its habit of gnawing through trees to fell them in order to make dams,vagina,vagina
en,bed,"A piece of furniture for sleep or rest , typically a framework with a mattress","A piece of furniture for sleep or rest , typically a framework with a mattress",to have sex with someone,to have sex with someone
en,beef,"The flesh of a cow , bull , or ox , used as food","The flesh of a cow , bull , or ox , used as food",a problem or grudge with someone,a problem or grudge with someone
en,beeswax,The wax secreted by bees to make honeycombs and used to make wood polishes and candles,The wax secreted by bees to make honeycombs and used to make wood polishes and candles,business,business
en,behind,"At or to the far side of ( something ), typically so as to be hidden by it","At or to the far side of ( something ), typically so as to be hidden by it",buttocks,buttocks
en,bender,An object or person that bends something,An object or person that bends something,an extended period of alcohol or drug use.  Usually more than a single night,an extended period of alcohol or drug use.  Usually more than a single night
en,bent,Sharply curved or having an angle,Sharply curved or having an angle,greatly under the influence of alcohol or drugs,greatly under the influence of alcohol or drugs
en,bet,Risk a sum of money or valued item against someone else's on the basis of the outcome of an unpredictable event such as a race or game,Risk a sum of money or valued item against someone else's on the basis of the outcome of an unpredictable event such as a race or game,"a confirmation, or a contract expression used in betting scenarios","a confirmation, or a contract expression used in betting scenarios"
en,beta,"The second letter of the Greek alphabet (, ), transliterated as b","The second letter of the Greek alphabet (, ), transliterated as b",a pre-release product that is released for testing,a pre-release product that is released for testing
en,billy,"A tin or enamel cooking pot with a lid and a wire handle , for use when camping","A tin or enamel cooking pot with a lid and a wire handle , for use when camping",abbreviated form of hillbilly,abbreviated form of hillbilly
en,bin,A receptacle in which to deposit rubbish,A receptacle in which to deposit rubbish,"to throw away, i.e. put into a trash bin","to throw away, i.e. put into a trash bin"
en,binder,A cover for holding magazines or loose sheets of paper together,A cover for holding magazines or loose sheets of paper together,a rubber band,a rubber band
en,bing,"A heap , especially of metallic ore or of waste from a mine","A heap , especially of metallic ore or of waste from a mine",jail or prison,jail or prison
en,biscuit,"A small baked unleavened cake , typically crisp , flat , and sweet","A small baked unleavened cake , typically crisp , flat , and sweet",Cheap or poor quality,Cheap or poor quality
en,bitch,"A female dog , wolf , fox , or otter","A female dog , wolf , fox , or otter","the middle seat in the front or back of a vehicle.  The term is used most frequently to refer to the back, likely simply because most modern vehicles (especially cars) don't have a middle seat in the front","the middle seat in the front or back of a vehicle.  The term is used most frequently to refer to the back, likely simply because most modern vehicles (especially cars) don't have a middle seat in the front"
en,bitter,"Having a sharp , pungent taste or smell ; not sweet","Having a sharp , pungent taste or smell ; not sweet",abbreviated form of bitterly cold,abbreviated form of bitterly cold
en,black and white,"( of a photograph , film , television programme , etc .) in black , white , shades of grey , and no other colour","( of a photograph , film , television programme , etc .) in black , white , shades of grey , and no other colour",An issue/thought process that divides everything into two opposing categories,An issue/thought process that divides everything into two opposing categories
en,blast,A destructive wave of highly compressed air spreading outwards from an explosion,A destructive wave of highly compressed air spreading outwards from an explosion,something very fun,something very fun
en,blasted,Withered or blighted ; laid waste,Withered or blighted ; laid waste,"v. slang for getting shot, made popular by rap music artists, in the mid 90's","v. slang for getting shot, made popular by rap music artists, in the mid 90's"
en,blaze,A very large or fiercely burning fire,A very large or fiercely burning fire,an extremely attractive person,an extremely attractive person
en,blazing,Very hot,Very hot,extremely attractive,extremely attractive
en,blind,"Unable to see because of injury , disease , or a congenital condition","Unable to see because of injury , disease , or a congenital condition",In love,In love
en,blip,"An unexpected , minor , and typically temporary deviation from a general trend","An unexpected , minor , and typically temporary deviation from a general trend",a short amount of time,a short amount of time
en,blonde,( of hair ) fair or pale yellow,( of hair ) fair or pale yellow,dumb or stupid,dumb or stupid
en,blood,"The red liquid that circulates in the arteries and veins of humans and other vertebrate animals , carrying oxygen to and carbon dioxide from the tissues of the body","The red liquid that circulates in the arteries and veins of humans and other vertebrate animals , carrying oxygen to and carbon dioxide from the tissues of the body",a member of the Bloods gang,a member of the Bloods gang
en,bloody,"Covered , smeared , or running with blood","Covered , smeared , or running with blood",an intensifier.  A somewhat less offensive replacement for fucking.  UK slang,an intensifier.  A somewhat less offensive replacement for fucking.  UK slang
en,blotter,"A sheet or pad of blotting paper in a frame , kept on a desk","A sheet or pad of blotting paper in a frame , kept on a desk",LSD (acid) on blotter paper,LSD (acid) on blotter paper
en,blow,( of wind ) move creating an air current,( of wind ) move creating an air current,cocaine,cocaine
en,blower,"A person or thing that blows , especially a mechanical device for creating a current of air used to dry or heat something","A person or thing that blows , especially a mechanical device for creating a current of air used to dry or heat something",a person or object that erred,a person or object that erred
en,blow up,Explode,Explode,to significantly increase in one's socio-economic status,to significantly increase in one's socio-economic status
en,blowy,Windy or windswept,Windy or windswept,a lie,a lie
en,blue screen,( in film and video techniques such as chromakey ) a blue background in front of which moving subjects are filmed and which allows a separately filmed background to be added to the final image,( in film and video techniques such as chromakey ) a blue background in front of which moving subjects are filmed and which allows a separately filmed background to be added to the final image,a complete computer crash,a complete computer crash
en,bluff,An attempt to deceive someone into believing that one can or is going to do something,An attempt to deceive someone into believing that one can or is going to do something,to lie,to lie
en,blunt,( of a cutting implement ) not having a sharp edge or point,( of a cutting implement ) not having a sharp edge or point,a marijuana cigarette;,a marijuana cigarette;
en,bob,"Make a quick , short movement up and down","Make a quick , short movement up and down",a fat woman.  Acronym for Big Ol\' Bitch,a fat woman.  Acronym for Big Ol\' Bitch
en,bog,An area of wet muddy ground that is too soft to support a heavy body,An area of wet muddy ground that is too soft to support a heavy body,a restroom.,a restroom.
en,bogey,A score of one stroke over par at a hole,A score of one stroke over par at a hole,an enemy aircraft,an enemy aircraft
en,bologna,"A large smoked sausage made of bacon , veal , pork suet , and other meats","A large smoked sausage made of bacon , veal , pork suet , and other meats",nonsense,nonsense
en,bomb,"A container filled with explosive or incendiary material , designed to explode on impact or when detonated by a timing , proximity , or remote - control device","A container filled with explosive or incendiary material , designed to explode on impact or when detonated by a timing , proximity , or remote - control device",good; excellent; cool,good; excellent; cool
en,bombed,( of an area or building ) subjected to bombing,( of an area or building ) subjected to bombing,extremely drunk,extremely drunk
en,bone,Any of the pieces of hard whitish tissue making up the skeleton in humans and other vertebrates,Any of the pieces of hard whitish tissue making up the skeleton in humans and other vertebrates,"the penis, especially when erect","the penis, especially when erect"
en,boo,Said suddenly to surprise someone who is unaware of one's presence,Said suddenly to surprise someone who is unaware of one's presence,"interjection used to express disappointment or outrage, usually in public gatherings such as sporting events, speeches, and musical performances","interjection used to express disappointment or outrage, usually in public gatherings such as sporting events, speeches, and musical performances"
en,booby,A stupid person,A stupid person,promiscuous,promiscuous
en,boogie,"A style of blues played on the piano with a strong , fast beat","A style of blues played on the piano with a strong , fast beat",to leave,to leave
en,boojum,An imaginary dangerous animal,An imaginary dangerous animal,girlfriend or boyfriend,girlfriend or boyfriend
en,book,A written or printed work consisting of pages glued or sewn together along one side and bound in covers,A written or printed work consisting of pages glued or sewn together along one side and bound in covers,cool.  From predictive software used in cell phone text messaging.  Book and cool share the same key sequence,cool.  From predictive software used in cell phone text messaging.  Book and cool share the same key sequence
en,bookish,( of a person or way of life ) devoted to reading and studying,( of a person or way of life ) devoted to reading and studying,studious,studious
en,boom,"A loud , deep , resonant sound","A loud , deep , resonant sound","of a business, to be performing well.  Of a product, to be selling well","of a business, to be performing well.  Of a product, to be selling well"
en,boomerang,"A curved flat piece of wood that can be thrown so that it will return to the thrower , traditionally used by Australian Aborigines as a hunting weapon","A curved flat piece of wood that can be thrown so that it will return to the thrower , traditionally used by Australian Aborigines as a hunting weapon",to keep breaking up and getting back together with someone quickly,to keep breaking up and getting back together with someone quickly
en,booster,A device for increasing electrical voltage or signal strength,A device for increasing electrical voltage or signal strength,"Used to indicate that something has to be done fast, immediately.","Used to indicate that something has to be done fast, immediately."
en,boot,"A sturdy item of footwear covering the foot and ankle , and sometimes also the lower leg","A sturdy item of footwear covering the foot and ankle , and sometimes also the lower leg",A person from Louisiana,A person from Louisiana
en,boots,"A person employed in a hotel to clean boots and shoes , carry luggage , and perform other menial tasks","A person employed in a hotel to clean boots and shoes , carry luggage , and perform other menial tasks",ugly,ugly
en,booty,"Valuable stolen goods , especially those seized in war","Valuable stolen goods , especially those seized in war","bad, displeasing.  As if from one's buttocks","bad, displeasing.  As if from one's buttocks"
en,boss,A stud on the centre of a shield,A stud on the centre of a shield,"very good, excellent; cool; awesome.  Antiquated term","very good, excellent; cool; awesome.  Antiquated term"
en,bottle,"A glass or plastic container with a narrow neck , used for storing drinks or other liquids","A glass or plastic container with a narrow neck , used for storing drinks or other liquids",nitrous oxide for automotive racing purposes.  Known in the import and/or street racing crowds as nos or nahs,nitrous oxide for automotive racing purposes.  Known in the import and/or street racing crowds as nos or nahs
en,bottom,The lowest point or part of something,The lowest point or part of something,homosexual male who prefers being sodomized rather than sodomizing during sex,homosexual male who prefers being sodomized rather than sodomizing during sex
en,bounce,"( with reference to an object , especially a ball ) move quickly up , back , or away from a surface after hitting it","( with reference to an object , especially a ball ) move quickly up , back , or away from a surface after hitting it",to leave,to leave
en,bowl,"A round , deep dish or basin used for food or liquid","A round , deep dish or basin used for food or liquid","a marijuana smoking pipe.  Most frequently bowls are made out of blown glass, but can be made of metal, wood, etc","a marijuana smoking pipe.  Most frequently bowls are made out of blown glass, but can be made of metal, wood, etc"
en,box,"A container with a flat base and sides , typically square or rectangular and having a lid","A container with a flat base and sides , typically square or rectangular and having a lid",a vagina,a vagina
en,boy,A male child or youth,A male child or youth,general exclamation,general exclamation
en,brain,"An organ of soft nervous tissue contained in the skull of vertebrates , functioning as the coordinating centre of sensation and intellectual and nervous activity","An organ of soft nervous tissue contained in the skull of vertebrates , functioning as the coordinating centre of sensation and intellectual and nervous activity",fellatio,fellatio
en,brand,A type of product manufactured by a particular company under a particular name,A type of product manufactured by a particular company under a particular name,tattoo,tattoo
en,brat,"A child , typically one that is badly behaved","A child , typically one that is badly behaved",bratwurst,bratwurst
en,bratwurst,A type of fine German pork sausage that is generally fried or grilled,A type of fine German pork sausage that is generally fried or grilled,an extremely large penis,an extremely large penis
en,bread,"Food made of flour , water , and yeast mixed together and baked","Food made of flour , water , and yeast mixed together and baked",under the influence of marijuana; stoned.  Perhaps derived from baked,under the influence of marijuana; stoned.  Perhaps derived from baked
en,break camp,Take down a tent or the tents of an encampment ready to leave,Take down a tent or the tents of an encampment ready to leave,to hurry,to hurry
en,break off,Become severed,Become severed,to share with someone,to share with someone
en,break out,"( of war , fighting , or similarly undesirable things ) start suddenly","( of war , fighting , or similarly undesirable things ) start suddenly",To leave or escape,To leave or escape
en,break up,Disintegrate or disperse,Disintegrate or disperse,"to be really troubled with something, to the point of crying","to be really troubled with something, to the point of crying"
en,breeder,A person who breeds animals or plants,A person who breeds animals or plants,inbreeder,inbreeder
en,breeze,A gentle wind,A gentle wind,A female,A female
en,breezy,Pleasantly windy,Pleasantly windy,an attractive female;,an attractive female;
en,brethren,Fellow Christians or members of a male religious order,Fellow Christians or members of a male religious order,friend,friend
en,brew,"Make ( beer ) by soaking , boiling , and fermentation","Make ( beer ) by soaking , boiling , and fermentation",really ugly,really ugly
en,broken,Having been broken,Having been broken,hung-over from alcohol,hung-over from alcohol
en,brutal,Savagely violent,Savagely violent,"extremely horrendous, embarrassing or harsh.  (Not slang, coming to English from Medieval Latin.)","extremely horrendous, embarrassing or harsh.  (Not slang, coming to English from Medieval Latin.)"
en,bubbly,Containing bubbles,Containing bubbles,overly hyper and happy,overly hyper and happy
en,buck,"The male of some horned animals , especially the fallow deer , roe deer , reindeer , and antelopes","The male of some horned animals , especially the fallow deer , roe deer , reindeer , and antelopes",knowingly doing other than what is right,knowingly doing other than what is right
en,buckle,"A flat , typically rectangular frame with a hinged pin , used for joining the ends of a belt or strap","A flat , typically rectangular frame with a hinged pin , used for joining the ends of a belt or strap",to fail or err due to pressure,to fail or err due to pressure
en,buckshot,Coarse lead shot used in shotgun shells,Coarse lead shot used in shotgun shells,someone who is less than clever;,someone who is less than clever;
en,bud,"A compact growth on a plant that develops into a leaf , flower , or shoot","A compact growth on a plant that develops into a leaf , flower , or shoot",friend.  Possibly from buddy,friend.  Possibly from buddy
en,budget,An estimate of income and expenditure for a set period of time,An estimate of income and expenditure for a set period of time,"adj.  Uncool, cheap, second-hand, home-made, ghetto","adj.  Uncool, cheap, second-hand, home-made, ghetto"
en,buff,A yellowish - beige colour,A yellowish - beige colour,muscular,muscular
en,buffoon,A ridiculous but amusing person ; a clown,A ridiculous but amusing person ; a clown,a silly person; moron; idiot,a silly person; moron; idiot
en,bug,A small insect,A small insect,an undesired aspect of something that causes it to exhibit an unwanted response in a particular situation,an undesired aspect of something that causes it to exhibit an unwanted response in a particular situation
en,bug out,Leave quickly,Leave quickly,to leave,to leave
en,built,( of a person ) having a specified physical size or build,( of a person ) having a specified physical size or build,muscular,muscular
en,bull,An uncastrated male bovine animal,An uncastrated male bovine animal,a friend,a friend
en,bullet,"A metal projectile for firing from a rifle , revolver , or other small firearm , typically cylindrical and pointed , and sometimes containing an explosive","A metal projectile for firing from a rifle , revolver , or other small firearm , typically cylindrical and pointed , and sometimes containing an explosive",a type of cocaine paraphernalia,a type of cocaine paraphernalia
en,bump,A light blow or a jolting collision,A light blow or a jolting collision,"like forget that, used to express dislike. (bump you!)","like forget that, used to express dislike. (bump you!)"
en,bun,"A small cake , typically containing dried fruit","A small cake , typically containing dried fruit",ugly,ugly
en,bunghole,An aperture through which a cask can be filled or emptied,An aperture through which a cask can be filled or emptied,"the anus; butt hole.  Popularized by Beavis, of the animated series Beavis and Butthead","the anus; butt hole.  Popularized by Beavis, of the animated series Beavis and Butthead"
en,bunk,"A narrow shelflike bed , typically one of two or more arranged one on top of the other","A narrow shelflike bed , typically one of two or more arranged one on top of the other",boring,boring
en,burger,A flat round cake of minced beef that is fried or grilled and typically served in a bread roll ; a hamburger,A flat round cake of minced beef that is fried or grilled and typically served in a bread roll ; a hamburger,an attractive person,an attractive person
en,burn,( of a fire ) flame or glow while consuming a material such as coal or wood,( of a fire ) flame or glow while consuming a material such as coal or wood,exclamation upon hearing a particularly witty or impressive insult,exclamation upon hearing a particularly witty or impressive insult
en,burned,Having been burned,Having been burned,"having smoked so much marijuana that a person is slow, dumb, or act like they are under the influence when they aren't.  Usually someone who has been smoking on a regular basis for several years.","having smoked so much marijuana that a person is slow, dumb, or act like they are under the influence when they aren't.  Usually someone who has been smoking on a regular basis for several years."
en,bush,A shrub or clump of shrubs with stems of moderate length,A shrub or clump of shrubs with stems of moderate length,"a person as Gross, ugly, disgusting or disgusting","a person as Gross, ugly, disgusting or disgusting"
en,business class,"A class of seating on an aircraft that is superior to economy class but less expensive than first class , intended especially for people travelling on business","A class of seating on an aircraft that is superior to economy class but less expensive than first class , intended especially for people travelling on business",so large (or possessing such large buttocks) that one cannot fit in the seats in the coach section of an airplane.  They must sit in business class (sometimes called first class) where the seats are larger.  Popularized by the movie Swingers,so large (or possessing such large buttocks) that one cannot fit in the seats in the coach section of an airplane.  They must sit in business class (sometimes called first class) where the seats are larger.  Popularized by the movie Swingers
en,butt,( of a person or animal ) hit ( someone or something ) with the head or horns,( of a person or animal ) hit ( someone or something ) with the head or horns,extremely ugly.  A shortened form of,extremely ugly.  A shortened form of
en,buttercup,"A herbaceous plant with bright yellow cup - shaped flowers , which is common in grassland and as a garden weed . All kinds are poisonous and generally avoided by livestock","A herbaceous plant with bright yellow cup - shaped flowers , which is common in grassland and as a garden weed . All kinds are poisonous and generally avoided by livestock",a sensitive female,a sensitive female
en,buttered,Spread with butter,Spread with butter,inebriated,inebriated
en,butty,A middleman negotiating between miners and the mine owner,A middleman negotiating between miners and the mine owner,sandwich,sandwich
en,buzz,"A low , continuous humming or murmuring sound , made by or similar to that made by an insect","A low , continuous humming or murmuring sound , made by or similar to that made by an insect",the light-headed (buzzed) feeling from smoking a cigarette,the light-headed (buzzed) feeling from smoking a cigarette
en,by the book,Strictly according to the rules,Strictly according to the rules,strictly following procedure,strictly following procedure
en,cabbage,"A cultivated plant eaten as a vegetable , having thick green or purple leaves surrounding a spherical heart or head of young leaves","A cultivated plant eaten as a vegetable , having thick green or purple leaves surrounding a spherical heart or head of young leaves",an unintelligent person.  (From,an unintelligent person.  (From
en,cake,"An item of soft sweet food made from a mixture of flour , fat , eggs , sugar , and other ingredients , baked and sometimes iced or decorated","An item of soft sweet food made from a mixture of flour , fat , eggs , sugar , and other ingredients , baked and sometimes iced or decorated",displeasing,displeasing
en,calendar,"A chart or series of pages showing the days , weeks , and months of a particular year , or giving particular seasonal information","A chart or series of pages showing the days , weeks , and months of a particular year , or giving particular seasonal information",to examine schedules to determine a time when two or more people would be available to meet for some purpose,to examine schedules to determine a time when two or more people would be available to meet for some purpose
en,call,Give ( a baby or animal ) a specified name,Give ( a baby or animal ) a specified name,"to claim ownership, at least temporarily","to claim ownership, at least temporarily"
en,call on,Pay a visit to ( someone,Pay a visit to ( someone,"to point out a flaw, misdeed, or mistake","to point out a flaw, misdeed, or mistake"
en,can,Be able to,Be able to,buttocks,buttocks
en,candle,A cylinder or block of wax or tallow with a central wick which is lit to produce light as it burns,A cylinder or block of wax or tallow with a central wick which is lit to produce light as it burns,"A marijuana cigarette, a joint","A marijuana cigarette, a joint"
en,candy,Sweets ; confectionery,Sweets ; confectionery,vagina,vagina
en,cap,"A kind of soft , flat hat without a brim and typically with a peak","A kind of soft , flat hat without a brim and typically with a peak",a bullet,a bullet
en,capitol,A building housing a legislative assembly,A building housing a legislative assembly,"very good, excellent;","very good, excellent;"
en,carry,Support and move ( someone or something ) from one place to another,Support and move ( someone or something ) from one place to another,"handle, act","handle, act"
en,carry on,Continue an activity or task,Continue an activity or task,to complain at length,to complain at length
en,cash,"Money in coins or notes , as distinct from cheques , money orders , or credit","Money in coins or notes , as distinct from cheques , money orders , or credit","very good, excellent; cool","very good, excellent; cool"
en,cat,"A small domesticated carnivorous mammal with soft fur , a short snout , and retractable claws . It is widely kept as a pet or for catching mice , and many breeds have been developed","A small domesticated carnivorous mammal with soft fur , a short snout , and retractable claws . It is widely kept as a pet or for catching mice , and many breeds have been developed",a female,a female
en,cat burglar,A thief who enters a building by climbing to an upper storey,A thief who enters a building by climbing to an upper storey,"A male who moves in on and takes the attention of a female away from another male that she was potentially interested in.  Originates from the saying, He must be a cat burglar, because he is always stealing pussy","A male who moves in on and takes the attention of a female away from another male that she was potentially interested in.  Originates from the saying, He must be a cat burglar, because he is always stealing pussy"
en,catch,"Intercept and hold ( something which has been thrown , propelled , or dropped","Intercept and hold ( something which has been thrown , propelled , or dropped",an unpleasant condition that usually accompanies a seemingly advantageous situation,an unpleasant condition that usually accompanies a seemingly advantageous situation
en,catcher,A person or thing that catches something,A person or thing that catches something,"a person who catches.  That is, in homosexual male sex, to perform in the female role (i.e. receiving end)","a person who catches.  That is, in homosexual male sex, to perform in the female role (i.e. receiving end)"
en,cereal,"A grain used for food , for example wheat , maize , or rye","A grain used for food , for example wheat , maize , or rye","serious, not kidding","serious, not kidding"
en,certifiable,Able or needing to be officially recorded,Able or needing to be officially recorded,insane,insane
en,chamber of commerce,A local association to promote and protect the interests of the business community in a particular place,A local association to promote and protect the interests of the business community in a particular place,bathroom,bathroom
en,champagne,A white sparkling wine from Champagne,A white sparkling wine from Champagne,"excellent, outstanding, with an implication of glamour, verve, of doing things with a flourish.  After a particularly wonderful phase of play, you might exclaim:","excellent, outstanding, with an implication of glamour, verve, of doing things with a flourish.  After a particularly wonderful phase of play, you might exclaim:"
en,change,Make or become different,Make or become different,to kill. i.e. change your essence from the physical back to the spiritual.,to kill. i.e. change your essence from the physical back to the spiritual.
en,chap,"( of the skin ) become cracked , rough , or sore , typically through exposure to cold weather","( of the skin ) become cracked , rough , or sore , typically through exposure to cold weather","a person, usually male","a person, usually male"
en,chaser,A person or thing that pursues someone or something,A person or thing that pursues someone or something,"a drink consumed after an alcoholic drink, especially fruit juice or cola after a shot of liquor","a drink consumed after an alcoholic drink, especially fruit juice or cola after a shot of liquor"
en,check,"Examine ( something ) in order to determine its accuracy , quality , or condition , or to detect the presence of something","Examine ( something ) in order to determine its accuracy , quality , or condition , or to detect the presence of something","ok, or yes","ok, or yes"
en,check out,Settle one's hotel bill before leaving,Settle one's hotel bill before leaving,to stop caring,to stop caring
en,cheddar,"A kind of firm smooth yellow cheese , originally made in Cheddar in south - western England","A kind of firm smooth yellow cheese , originally made in Cheddar in south - western England",money.  Usually,money.  Usually
en,cheeseburger,"A beefburger with a slice of cheese on it , served in a bread roll","A beefburger with a slice of cheese on it , served in a bread roll","a conspicuous traveler or expatriate, clearly from the United States","a conspicuous traveler or expatriate, clearly from the United States"
en,cheesy,"Like cheese in taste , smell , or consistency","Like cheese in taste , smell , or consistency",lacking in taste; lame; corny,lacking in taste; lame; corny
en,cherry,"A small , soft round stone fruit that is typically bright or dark red","A small , soft round stone fruit that is typically bright or dark red","by extension of cherry meaning hymen / virginal (as described below,) unused or in mint condition","by extension of cherry meaning hymen / virginal (as described below,) unused or in mint condition"
en,chickadee,"A North American titmouse , in particular : the black - capped chickadee ( Parus atricapillus ), with distinctive black cap and throat , and the similar but smaller Carolina chickadee ( P . carolinensis","A North American titmouse , in particular : the black - capped chickadee ( Parus atricapillus ), with distinctive black cap and throat , and the similar but smaller Carolina chickadee ( P . carolinensis",a female,a female
en,chicken,"A domestic fowl kept for its eggs or meat , especially a young one","A domestic fowl kept for its eggs or meat , especially a young one",afraid,afraid
en,chill,"An unpleasant feeling of coldness in the atmosphere , one's surroundings , or the body","An unpleasant feeling of coldness in the atmosphere , one's surroundings , or the body","great, awesome;","great, awesome;"
en,chilling,Horrifying or frightening,Horrifying or frightening,fun or relaxing.  Also chill,fun or relaxing.  Also chill
en,chimney,A vertical channel or pipe which conducts smoke and combustion gases up from a fire or furnace and typically through the roof of a building,A vertical channel or pipe which conducts smoke and combustion gases up from a fire or furnace and typically through the roof of a building,a black eye,a black eye
en,ching,"An abrupt high - pitched ringing sound , typically one made by a cash register","An abrupt high - pitched ringing sound , typically one made by a cash register",money.,money.
en,chipper,A person or thing that turns something into chips,A person or thing that turns something into chips,A pipe.  To feed a chipper = to pack the pipe,A pipe.  To feed a chipper = to pack the pipe
en,choice,An act of choosing between two or more possibilities,An act of choosing between two or more possibilities,"perfect, great, excellent; cool; awesome","perfect, great, excellent; cool; awesome"
en,choke,( of a person or animal ) have severe difficulty in breathing because of a constricted or obstructed throat or a lack of air,( of a person or animal ) have severe difficulty in breathing because of a constricted or obstructed throat or a lack of air,marijuana,marijuana
en,chomp at the bit,Be restlessly impatient to start doing something,Be restlessly impatient to start doing something,to be eager,to be eager
en,chop,Cut ( something ) into pieces with repeated sharp blows of an axe or knife,Cut ( something ) into pieces with repeated sharp blows of an axe or knife,To hit on or attempt to attract someone of the opposite sex,To hit on or attempt to attract someone of the opposite sex
en,chopper,A short axe with a large blade,A short axe with a large blade,an AK-47 assault rifle.  From New Orleans rap,an AK-47 assault rifle.  From New Orleans rap
en,chore,"A routine task , especially a household one","A routine task , especially a household one",a tiresome activity,a tiresome activity
en,chrome,Chromium plate as a decorative or protective finish on motor - vehicle fittings and other objects,Chromium plate as a decorative or protective finish on motor - vehicle fittings and other objects,hot or fine,hot or fine
en,chronic,( of an illness ) persisting for a long time or constantly recurring,( of an illness ) persisting for a long time or constantly recurring,marijuana,marijuana
en,chub,A thick - bodied European river fish with a grey - green back and white underparts,A thick - bodied European river fish with a grey - green back and white underparts,a partial erection.  From chubby,a partial erection.  From chubby
en,chubby,Plump and rounded,Plump and rounded,an erection,an erection
en,chuck,Touch ( someone ) playfully under the chin,Touch ( someone ) playfully under the chin,affectionate form of address.  From northern England,affectionate form of address.  From northern England
en,chummy,On friendly terms ; friendly,On friendly terms ; friendly,"between two people or groups, friendly","between two people or groups, friendly"
en,chump,"The thick end of something , especially a loin of lamb or mutton","The thick end of something , especially a loin of lamb or mutton","displeasing, stupid","displeasing, stupid"
en,church key,A small metal device with a triangular point at one end for punching holes in cans and a rounded edge at the other end for removing bottle caps,A small metal device with a triangular point at one end for punching holes in cans and a rounded edge at the other end for removing bottle caps,"a tool with parts to puncture holes in cans, and to pry off bottle tops","a tool with parts to puncture holes in cans, and to pry off bottle tops"
en,cinch,A girth for a Western saddle or pack of a type used mainly in Mexico and the western US,A girth for a Western saddle or pack of a type used mainly in Mexico and the western US,an easy task,an easy task
en,clam,A marine bivalve mollusc with shells of equal size,A marine bivalve mollusc with shells of equal size,female genitalia,female genitalia
en,clambake,"A social gathering outdoors , especially for eating clams and other seafood","A social gathering outdoors , especially for eating clams and other seafood",Musician's slang for a performance in which many wrong notes are heard,Musician's slang for a performance in which many wrong notes are heard
en,clean,"Free from dirt , marks , or stains","Free from dirt , marks , or stains","nice, excellent, worthy of envy; cool; tight; awesome; etc","nice, excellent, worthy of envy; cool; tight; awesome; etc"
en,cleave,"Split or sever ( something ), especially along a natural line or grain","Split or sever ( something ), especially along a natural line or grain",shortened form of cleavage,shortened form of cleavage
en,click,"A short , sharp sound as of a switch being operated or of two hard objects coming smartly into contact","A short , sharp sound as of a switch being operated or of two hard objects coming smartly into contact",one kilometer,one kilometer
en,clingy,( of a garment ) liable to cling ; clinging,( of a garment ) liable to cling ; clinging,prone to clinging (usually metaphorically) to one's partner in a relationship,prone to clinging (usually metaphorically) to one's partner in a relationship
en,clip,A flexible or spring - loaded device for holding an object or objects together or in place,A flexible or spring - loaded device for holding an object or objects together or in place,speed,speed
en,clobber,Add enamelled decoration to ( porcelain,Add enamelled decoration to ( porcelain,to strike a heavy blow,to strike a heavy blow
en,clock,"A mechanical or electrical device for measuring time , indicating hours , minutes , and sometimes seconds by hands on a round dial or by displayed figures","A mechanical or electrical device for measuring time , indicating hours , minutes , and sometimes seconds by hands on a round dial or by displayed figures",a scale used to measure illegal drugs,a scale used to measure illegal drugs
en,clone,"An organism or cell , or group of organisms or cells , produced asexually from one ancestor or stock , to which they are genetically identical","An organism or cell , or group of organisms or cells , produced asexually from one ancestor or stock , to which they are genetically identical","a person who imitates others, especially in fashion, tastes, etc","a person who imitates others, especially in fashion, tastes, etc"
en,clown,"A comic entertainer , especially one in a circus , wearing a traditional costume and exaggerated make - up","A comic entertainer , especially one in a circus , wearing a traditional costume and exaggerated make - up",to not be serious,to not be serious
en,clue,A piece of evidence or information used in the detection of a crime,A piece of evidence or information used in the detection of a crime,awareness,awareness
en,clueless,"Having no knowledge , understanding , or ability","Having no knowledge , understanding , or ability",unknowing,unknowing
en,clutch,Grasp ( something ) tightly,Grasp ( something ) tightly,"helpful during a difficult situation or period of time.  Something that came through in the clutch, that is, came through in a difficult or trying time","helpful during a difficult situation or period of time.  Something that came through in the clutch, that is, came through in a difficult or trying time"
en,coaster,A small mat for a bottle or glass,A small mat for a bottle or glass,"a CD or DVD that was unsuccessfully burned, and is then useless except for as a coaster","a CD or DVD that was unsuccessfully burned, and is then useless except for as a coaster"
en,cock,"A male bird , especially of a domestic fowl","A male bird , especially of a domestic fowl","absolutely superior, better than the best","absolutely superior, better than the best"
en,cocky,Conceited or confident in a bold or cheeky way,Conceited or confident in a bold or cheeky way,"overly confident, to the point of being obnoxious","overly confident, to the point of being obnoxious"
en,cojones,Courage ; guts,Courage ; guts,"courage, from the testicles = courage metaphor","courage, from the testicles = courage metaphor"
en,coke,A solid fuel made by heating coal in the absence of air so that the volatile components are driven off,A solid fuel made by heating coal in the absence of air so that the volatile components are driven off,Coca-Cola,Coca-Cola
en,cola,"A brown carbonated drink that is flavoured with an extract of cola nuts , or with a similar flavouring","A brown carbonated drink that is flavoured with an extract of cola nuts , or with a similar flavouring",cocaine.  Named because the original Coca-Cola recipe contained cocaine,cocaine.  Named because the original Coca-Cola recipe contained cocaine
en,cold,"Of or at a low or relatively low temperature , especially when compared with the human body","Of or at a low or relatively low temperature , especially when compared with the human body",attractive,attractive
en,collar,"The part around the neck of a shirt , blouse , jacket or coat , either upright or turned over","The part around the neck of a shirt , blouse , jacket or coat , either upright or turned over",an arrest,an arrest
en,college,"An educational institution or establishment , in particular one providing higher education or specialized professional or vocational training","An educational institution or establishment , in particular one providing higher education or specialized professional or vocational training","having to do with college, such as partying, sports, women - but not academics or work","having to do with college, such as partying, sports, women - but not academics or work"
en,come,Move or travel towards or into a place thought of as near or familiar to the speaker,Move or travel towards or into a place thought of as near or familiar to the speaker,to ejaculate,to ejaculate
en,come at,Launch oneself at ( someone ) to attack them,Launch oneself at ( someone ) to attack them,to be aggressive towards.  Can also be used as an invitation to fight,to be aggressive towards.  Can also be used as an invitation to fight
en,come down,( of a building or other structure ) collapse or be demolished,( of a building or other structure ) collapse or be demolished,to give someone oral sex,to give someone oral sex
en,come out,( of a fact ) emerge ; become known,( of a fact ) emerge ; become known,"revealing, publicly or privately, that one is homosexual","revealing, publicly or privately, that one is homosexual"
en,con,A disadvantage of or argument against something,A disadvantage of or argument against something,shortened form of conference.  Usually used with a descriptor,shortened form of conference.  Usually used with a descriptor
en,control tower,A tall building at an airport from which the movements of air traffic are controlled,A tall building at an airport from which the movements of air traffic are controlled,Usually refers to a dominant female in a relationship,Usually refers to a dominant female in a relationship
en,coo,( of a pigeon or dove ) make a soft murmuring sound,( of a pigeon or dove ) make a soft murmuring sound,shortened form of,shortened form of
en,cook,"Prepare ( food , a dish , or a meal ) by mixing , combining , and heating the ingredients","Prepare ( food , a dish , or a meal ) by mixing , combining , and heating the ingredients",v. to flatulate.  2. n the act of flatulence,v. to flatulate.  2. n the act of flatulence
en,cooked,( of food or a meal ) prepared by heating,( of food or a meal ) prepared by heating,under the influence of drugs,under the influence of drugs
en,cookie,A sweet biscuit,A sweet biscuit,a cigarette,a cigarette
en,cool,Of or at a fairly low temperature,Of or at a fairly low temperature,"very good, excellent, interesting, fun, etc","very good, excellent, interesting, fun, etc"
en,coot,"An aquatic bird of the rail family , with blackish plumage , lobed feet , and a bill that extends back on to the forehead as a horny shield","An aquatic bird of the rail family , with blackish plumage , lobed feet , and a bill that extends back on to the forehead as a horny shield",very cute,very cute
en,cooter,A North American river turtle with a dull brown shell and typically having yellow stripes on the head,A North American river turtle with a dull brown shell and typically having yellow stripes on the head,female genitalia,female genitalia
en,core competency,A defining capability or advantage that distinguishes an enterprise from its competitors,A defining capability or advantage that distinguishes an enterprise from its competitors,a person's primary skill,a person's primary skill
en,cornhole,A game in which small bags filled with dried kernels of maize are tossed at a target consisting of an upward sloping wooden platform with a hole at one end,A game in which small bags filled with dried kernels of maize are tossed at a target consisting of an upward sloping wooden platform with a hole at one end,anus,anus
en,corporate,Relating to a large company or group,Relating to a large company or group,"the corporate headquarters of a business, or a person or group representing the corporate headquarters.  Used only by branch offices of the business","the corporate headquarters of a business, or a person or group representing the corporate headquarters.  Used only by branch offices of the business"
en,cottage,"A small house , typically one in the country","A small house , typically one in the country","bad, old, worn-out, or stupid.  A general derogatory adjective","bad, old, worn-out, or stupid.  A general derogatory adjective"
en,cottage cheese,"Soft , lumpy white cheese made from the curds of skimmed milk","Soft , lumpy white cheese made from the curds of skimmed milk",cellulite,cellulite
en,couch,A long upholstered piece of furniture for several people to sit on,A long upholstered piece of furniture for several people to sit on,to be on a couch with one or more other people,to be on a couch with one or more other people
en,cougar,"A large American wild cat with a plain tawny to greyish coat , found from Canada to Patagonia","A large American wild cat with a plain tawny to greyish coat , found from Canada to Patagonia",a middle-aged woman who seeks out much younger men for romance or physical intimacy,a middle-aged woman who seeks out much younger men for romance or physical intimacy
en,couth,"Cultured , refined , and well mannered","Cultured , refined , and well mannered",good or someone that is cool.  In contrast to uncouth: bad or someone that is stupid,good or someone that is cool.  In contrast to uncouth: bad or someone that is stupid
en,cove,A small sheltered bay,A small sheltered bay,"a cul-de-sac.  Used in Memphis, Tennessee, USA and the immediate surrounding area","a cul-de-sac.  Used in Memphis, Tennessee, USA and the immediate surrounding area"
en,cover,Put something on top of or in front of ( something ) in order to protect or conceal it,Put something on top of or in front of ( something ) in order to protect or conceal it,"admission paid to get into a bar, dance club, etc.  Short for cover charge","admission paid to get into a bar, dance club, etc.  Short for cover charge"
en,cowgirl,"( especially in the western US ) a woman who herds and tends cattle , performing much of her work on horseback","( especially in the western US ) a woman who herds and tends cattle , performing much of her work on horseback","the sexual position in which a man lies down and his sexual partner rides on top, facing towards the man's head","the sexual position in which a man lies down and his sexual partner rides on top, facing towards the man's head"
en,crab,"A crustacean , found chiefly on seashores , with a broad carapace , stalked eyes , and five pairs of legs , the first pair of which are modified as pincers","A crustacean , found chiefly on seashores , with a broad carapace , stalked eyes , and five pairs of legs , the first pair of which are modified as pincers",To use somebody's intoxicants without the intention to contribute financially despite circumstances,To use somebody's intoxicants without the intention to contribute financially despite circumstances
en,crack,A line on the surface of something along which it has split without breaking apart,A line on the surface of something along which it has split without breaking apart,the cleft between the cheeks of the buttocks;,the cleft between the cheeks of the buttocks;
en,cracker,A person or thing that cracks,A person or thing that cracks,a person who uses computers maliciously.  This usually involves cracking security,a person who uses computers maliciously.  This usually involves cracking security
en,crash,( of a vehicle ) collide violently with an obstacle or another vehicle,( of a vehicle ) collide violently with an obstacle or another vehicle,a failure of software or an electronic device,a failure of software or an electronic device
en,crater,"A large bowl - shaped cavity in the ground or on a celestial object , typically one caused by an explosion or the impact of a meteorite","A large bowl - shaped cavity in the ground or on a celestial object , typically one caused by an explosion or the impact of a meteorite",to perform badly; to crash and burn; to auger-in; to fall hard; to tank,to perform badly; to crash and burn; to auger-in; to fall hard; to tank
en,cray,A crayfish,A crayfish,crazy,crazy
en,creel,A large wicker basket for holding fish,A large wicker basket for holding fish,to twist or sprain,to twist or sprain
en,creeper,"Any plant that grows along the ground , around another plant , or up a wall by means of extending stems or branches","Any plant that grows along the ground , around another plant , or up a wall by means of extending stems or branches",a weird or disturbed person.  From,a weird or disturbed person.  From
en,crib,A child's bed with barred or latticed sides ; a cot,A child's bed with barred or latticed sides ; a cot,a place of residence.  Note: the crib refers to the speaker\'s home,a place of residence.  Note: the crib refers to the speaker\'s home
en,crippled,( of a person ) unable to walk or move properly ; disabled,( of a person ) unable to walk or move properly ; disabled,extremely inebriated,extremely inebriated
en,crisp,"( of a substance ) firm , dry , and brittle","( of a substance ) firm , dry , and brittle",generally appealing; cool; awesome,generally appealing; cool; awesome
en,crook,The hooked staff of a shepherd,The hooked staff of a shepherd,"to dance, go crazy, or get funky","to dance, go crazy, or get funky"
en,crooked,Bent or twisted out of shape or out of place,Bent or twisted out of shape or out of place,dishonest,dishonest
en,cross,"A mark , object , or figure formed by two short intersecting lines or pieces (+ or","A mark , object , or figure formed by two short intersecting lines or pieces (+ or",unhappy,unhappy
en,crotch,The part of the human body between the legs where they join the torso,The part of the human body between the legs where they join the torso,the general genital area,the general genital area
en,crouton,A small piece of fried or toasted bread served with soup or used as a garnish,A small piece of fried or toasted bread served with soup or used as a garnish,a small patch of facial hair under the lower lip; mouche,a small patch of facial hair under the lower lip; mouche
en,crown,"A circular ornamental headdress worn by a monarch as a symbol of authority , usually made of or decorated with precious metals and jewels","A circular ornamental headdress worn by a monarch as a symbol of authority , usually made of or decorated with precious metals and jewels",Money or cash,Money or cash
en,crucial,"Decisive or critical , especially in the success or failure of something","Decisive or critical , especially in the success or failure of something",something needed; very cool; or a great surprise,something needed; very cool; or a great surprise
en,crump,"A loud thudding sound , especially one made by an exploding bomb or shell","A loud thudding sound , especially one made by an exploding bomb or shell","very good, excellent; cool","very good, excellent; cool"
en,crunchy,Making a sharp noise when bitten or crushed,Making a sharp noise when bitten or crushed,"exhausted, not well","exhausted, not well"
en,crunk,"A type of hip - hop music characterized by repeatedly shouted catchphrases and elements typical of electronic dance music , such as prominent bass","A type of hip - hop music characterized by repeatedly shouted catchphrases and elements typical of electronic dance music , such as prominent bass",extremely fun; exciting; wild,extremely fun; exciting; wild
en,crush,"Deform , pulverize , or force inwards by compressing forcefully","Deform , pulverize , or force inwards by compressing forcefully",a person who one has a secret attraction on,a person who one has a secret attraction on
en,cub,"The young of a fox , bear , lion , or other carnivorous mammal","The young of a fox , bear , lion , or other carnivorous mammal","in the gay community, a younger or smaller bear","in the gay community, a younger or smaller bear"
en,cuff,"The end part of a sleeve , where the material of the sleeve is turned back or a separate band is sewn on","The end part of a sleeve , where the material of the sleeve is turned back or a separate band is sewn on",to loan,to loan
en,cum,Combined with ; also used as ( used to describe things with a dual nature or function,Combined with ; also used as ( used to describe things with a dual nature or function,semen,semen
en,cupcake,A small cake baked in a cup - shaped foil or paper container and typically iced,A small cake baked in a cup - shaped foil or paper container and typically iced,form of address for a loved one,form of address for a loved one
en,cushion,"A bag of cloth stuffed with a mass of soft material , used as a comfortable support for sitting or leaning on","A bag of cloth stuffed with a mass of soft material , used as a comfortable support for sitting or leaning on",A fat woman,A fat woman
en,cut,"Make an opening , incision , or wound in ( something ) with a sharp - edged tool or object","Make an opening , incision , or wound in ( something ) with a sharp - edged tool or object","annoyed, angry, upset, disappointed","annoyed, angry, upset, disappointed"
en,cut out,( of a motor or engine ) suddenly stop operating,( of a motor or engine ) suddenly stop operating,bailed out,bailed out
en,cutter,A person or thing that cuts something,A person or thing that cuts something,"a person who cuts themselves in a way not intended to kill, usually out of depression or other psychological pain","a person who cuts themselves in a way not intended to kill, usually out of depression or other psychological pain"
en,cutty,Short or shortened,Short or shortened,form of address for a friend;,form of address for a friend;
en,dab,Press against ( something ) lightly several times with a piece of absorbent material in order to clean or dry it or to apply a substance,Press against ( something ) lightly several times with a piece of absorbent material in order to clean or dry it or to apply a substance,"the tapping together of closed fists, as a sign of friendship; fist bump","the tapping together of closed fists, as a sign of friendship; fist bump"
en,dag,A lock of wool matted with dung hanging from the hindquarters of a sheep,A lock of wool matted with dung hanging from the hindquarters of a sheep,Fool or idiot.  Australian.  It's the leftover dung on a sheeps bum,Fool or idiot.  Australian.  It's the leftover dung on a sheeps bum
en,damn,( in Christian belief ) be condemned by God to suffer eternal punishment in hell,( in Christian belief ) be condemned by God to suffer eternal punishment in hell,exclamation used upon sight of an attractive person,exclamation used upon sight of an attractive person
en,damned,( in Christian belief ) condemned by God to suffer eternal punishment in hell,( in Christian belief ) condemned by God to suffer eternal punishment in hell,shocked,shocked
en,dank,Unpleasantly damp and cold,Unpleasantly damp and cold,"very good, excellent;","very good, excellent;"
en,dap,Fish by letting the fly ( but not the line ) bob lightly on the water,Fish by letting the fly ( but not the line ) bob lightly on the water,"a handshake of sorts, used in greeting or in congratulations.  The hand is held in a first.  In the longer version, one person taps the bottom of their fist against the top of the other person\'s fist, then the fists are to switch place and are tapped again, then they are tapped front-to-front","a handshake of sorts, used in greeting or in congratulations.  The hand is held in a first.  In the longer version, one person taps the bottom of their fist against the top of the other person\'s fist, then the fists are to switch place and are tapped again, then they are tapped front-to-front"
en,dark,With little or no light,With little or no light,really good,really good
en,dead,No longer alive,No longer alive,drunk.  Possibly from dead drunk,drunk.  Possibly from dead drunk
en,dead weight,The weight of an inert person or thing,The weight of an inert person or thing,"in a larger group, a person or group who does not contribute","in a larger group, a person or group who does not contribute"
en,deck,"A floor of a ship , especially the upper , open level extending for the full length of the vessel","A floor of a ship , especially the upper , open level extending for the full length of the vessel",to hit,to hit
en,deem,Regard or consider in a specified way,Regard or consider in a specified way,the hallucinogen DMT,the hallucinogen DMT
en,deep,Extending far down from the top or surface,Extending far down from the top or surface,something that's good,something that's good
en,deep throat,A person who anonymously supplies information about covert or illegal action in the organization where they work,A person who anonymously supplies information about covert or illegal action in the organization where they work,deep fellatio,deep fellatio
en,deliverable,Able to be delivered,Able to be delivered,a unit of promised work,a unit of promised work
en,dense,Closely compacted in substance,Closely compacted in substance,"stupid, unintelligent","stupid, unintelligent"
en,deuce,The two on dice or playing cards,The two on dice or playing cards,said when departing from someone; goodbye,said when departing from someone; goodbye
en,devious,Showing a skilful use of underhand tactics to achieve goals,Showing a skilful use of underhand tactics to achieve goals,"cool, awesome, or sneaky but in a cool way","cool, awesome, or sneaky but in a cool way"
en,dial,A face of a clock or watch that is marked to show units of time,A face of a clock or watch that is marked to show units of time,a person's face.  Old UK slang.,a person's face.  Old UK slang.
en,diaper,A piece of towelling or other absorbent material wrapped round a baby's bottom and between its legs to absorb and retain urine and faeces ; a nappy,A piece of towelling or other absorbent material wrapped round a baby's bottom and between its legs to absorb and retain urine and faeces ; a nappy,a person who talks nonsense; is full of shit,a person who talks nonsense; is full of shit
en,diesel,An internal combustion engine in which heat produced by the compression of air in the cylinder is used to ignite the fuel,An internal combustion engine in which heat produced by the compression of air in the cylinder is used to ignite the fuel,muscular,muscular
en,diff,A program that compares files in order to determine how or whether they differ,A program that compares files in order to determine how or whether they differ,shortened form of difference,shortened form of difference
en,dig,"Break up and move earth with a tool or machine , or with hands , paws , snout , etc","Break up and move earth with a tool or machine , or with hands , paws , snout , etc",to support an action,to support an action
en,diggings,A site such as a mine or goldfield that has been excavated,A site such as a mine or goldfield that has been excavated,a residence or work place.  Antiquated slang.  The precursor to,a residence or work place.  Antiquated slang.  The precursor to
en,dim,"( of a light , colour , or illuminated object ) not shining brightly or clearly","( of a light , colour , or illuminated object ) not shining brightly or clearly",unintelligent; stupid,unintelligent; stupid
en,ding,Make a ringing sound,Make a ringing sound,to penalize,to penalize
en,dink,( in sport ) a softly struck hit or kick of the ball that drops abruptly to the ground,( in sport ) a softly struck hit or kick of the ball that drops abruptly to the ground,stupid; useless; dip shit,stupid; useless; dip shit
en,dinky,Denoting a miniature motor vehicle of die - cast metal,Denoting a miniature motor vehicle of die - cast metal,underpowered,underpowered
en,dip,Put or let something down quickly or briefly in or into ( liquid,Put or let something down quickly or briefly in or into ( liquid,a pinch of chewing tobacco,a pinch of chewing tobacco
en,dipstick,"A graduated rod for measuring the depth of a liquid , especially oil in a vehicle's engine","A graduated rod for measuring the depth of a liquid , especially oil in a vehicle's engine",a disliked person,a disliked person
en,dirt,"A substance , such as mud or dust , that soils someone or something","A substance , such as mud or dust , that soils someone or something","extremely bad, re. a person","extremely bad, re. a person"
en,dirty,Covered or marked with an unclean substance,Covered or marked with an unclean substance,sexually adventurous,sexually adventurous
en,disaster area,An area in which a major disaster has recently occurred,An area in which a major disaster has recently occurred,"An extremely messy place, or very unorganized place","An extremely messy place, or very unorganized place"
en,disco,A club or party at which people dance to pop music,A club or party at which people dance to pop music,yes; bingo.  Popularized by the 1994 film Pulp Fiction,yes; bingo.  Popularized by the 1994 film Pulp Fiction
en,discombobulated,Confused and disconcerted,Confused and disconcerted,extremely confused and Not with it,extremely confused and Not with it
en,dish,"A shallow , flat - bottomed container for cooking or serving food","A shallow , flat - bottomed container for cooking or serving food","an attractive female.  (Possibly related to the phrase, She looks good enough to eat.)","an attractive female.  (Possibly related to the phrase, She looks good enough to eat.)"
en,ditch,"A narrow channel dug at the side of a road or field , to hold or carry away water","A narrow channel dug at the side of a road or field , to hold or carry away water",to leave behind,to leave behind
en,diva,A celebrated female opera singer,A celebrated female opera singer,"one who behaves as a goddess or queen.  A diva is a celebrated female singer, similar to a prima donna  (literally first lady.)  Both the terms diva and prima donna are now used disparagingly for someone who acts overly entitled","one who behaves as a goddess or queen.  A diva is a celebrated female singer, similar to a prima donna  (literally first lady.)  Both the terms diva and prima donna are now used disparagingly for someone who acts overly entitled"
en,dive,Plunge head first into water with one's arms raised over one's head,Plunge head first into water with one's arms raised over one's head,"a decrepit food and/or drink serving establishment, such as a bar, coffee shop, or restaurant","a decrepit food and/or drink serving establishment, such as a bar, coffee shop, or restaurant"
en,do,"Perform ( an action , the precise nature of which is often unspecified","Perform ( an action , the precise nature of which is often unspecified",an event or party,an event or party
en,doctor,A person who is qualified to treat people who are ill,A person who is qualified to treat people who are ill,form of address used in praise.  To recognize that the person has attained the highest level of expertise in a particular endeavor.  The,form of address used in praise.  To recognize that the person has attained the highest level of expertise in a particular endeavor.  The
en,doe,"A female deer , especially a female roe , fallow deer , or reindeer","A female deer , especially a female roe , fallow deer , or reindeer","weirdo.  A crazy, abnormally acting person","weirdo.  A crazy, abnormally acting person"
en,dog,"A domesticated carnivorous mammal that typically has a long snout , an acute sense of smell , non - retractable claws , and a barking , howling , or whining voice","A domesticated carnivorous mammal that typically has a long snout , an acute sense of smell , non - retractable claws , and a barking , howling , or whining voice",a friend.  Also dawg,a friend.  Also dawg
en,dog tag,"A metal tag attached to a dog's collar , typically giving its name and owner's address","A metal tag attached to a dog's collar , typically giving its name and owner's address",metal identification tags worn by military personnel,metal identification tags worn by military personnel
en,doily,"A small ornamental mat made of lace or paper with a lace pattern , put on a plate under cakes or other sweet food","A small ornamental mat made of lace or paper with a lace pattern , put on a plate under cakes or other sweet food","an overly fussy, whiny male.  A male that lacks backbone or is easily bullied.  A male that does not wear the pants in a relationship and concedes too easily even when he is right.  A male with overly feminized grooming habits such as arched waxed eyebrows","an overly fussy, whiny male.  A male that lacks backbone or is easily bullied.  A male that does not wear the pants in a relationship and concedes too easily even when he is right.  A male with overly feminized grooming habits such as arched waxed eyebrows"
en,dome,"A rounded vault forming the roof of a building or structure , typically with a circular base","A rounded vault forming the roof of a building or structure , typically with a circular base",a head,a head
en,done,( of food ) cooked thoroughly,( of food ) cooked thoroughly,tired or worn out,tired or worn out
en,dong,"( of a bell ) make a deep , resonant sound","( of a bell ) make a deep , resonant sound","the sound made by clock chimes, as in dong, dong, dong","the sound made by clock chimes, as in dong, dong, dong"
en,donkey,"A domesticated hoofed mammal of the horse family with long ears and a braying call , used as a beast of burden ; an ass","A domesticated hoofed mammal of the horse family with long ears and a braying call , used as a beast of burden ; an ass","a women with a larger than average butt, but still firm and fit.  Not fat and all over the place","a women with a larger than average butt, but still firm and fit.  Not fat and all over the place"
en,doodad,A gadget or other object whose name the speaker does not know or cannot recall,A gadget or other object whose name the speaker does not know or cannot recall,an unspecified thing,an unspecified thing
en,dope,A varnish formerly applied to fabric surfaces of aircraft to strengthen them and keep them airtight,A varnish formerly applied to fabric surfaces of aircraft to strengthen them and keep them airtight,"very good, excellent; cool","very good, excellent; cool"
en,dose,A quantity of a medicine or drug taken or recommended to be taken at a particular time,A quantity of a medicine or drug taken or recommended to be taken at a particular time,a unit of LSD,a unit of LSD
en,dot,A small round mark or spot,A small round mark or spot,anus,anus
en,double dip,"Denoting or relating to a recession during which a period of economic decline is followed by a brief period of growth , followed by a further period of decline","Denoting or relating to a recession during which a period of economic decline is followed by a brief period of growth , followed by a further period of decline","a person with very dark skin.  That is, so dark it appears they were dipped in black twice","a person with very dark skin.  That is, so dark it appears they were dipped in black twice"
en,douche,A shower of water,A shower of water,a person who is acting stupidly,a person who is acting stupidly
en,dough,"A thick , malleable mixture of flour and liquid , used for baking into bread or pastry","A thick , malleable mixture of flour and liquid , used for baking into bread or pastry",money,money
en,doughboy,A boiled or deep - fried dumpling,A boiled or deep - fried dumpling,an overweight male,an overweight male
en,do up,Be able to be fastened,Be able to be fastened,"to smoke, esp. a marijuana cigarette","to smoke, esp. a marijuana cigarette"
en,down,"Towards or in a lower place or position , especially to or on the ground or another surface","Towards or in a lower place or position , especially to or on the ground or another surface",in agreement with a plan to do something.  Also down for and down with,in agreement with a plan to do something.  Also down for and down with
en,downstairs,Down a flight of stairs,Down a flight of stairs,the genital area,the genital area
en,drag,"Pull ( someone or something ) along forcefully , roughly , or with difficulty","Pull ( someone or something ) along forcefully , roughly , or with difficulty","a person's story: what they would have you believe.  Usually a lie or fabrication, but not always","a person's story: what they would have you believe.  Usually a lie or fabrication, but not always"
en,dragon,"A mythical monster like a giant reptile . In European tradition the dragon is typically fire - breathing and tends to symbolize chaos or evil , whereas in East Asia it is usually a beneficent symbol of fertility , associated with water and the heavens","A mythical monster like a giant reptile . In European tradition the dragon is typically fire - breathing and tends to symbolize chaos or evil , whereas in East Asia it is usually a beneficent symbol of fertility , associated with water and the heavens",an unpleasant female,an unpleasant female
en,drainer,A device used for draining things,A device used for draining things,"a person who is a total slacker, or completely lazy","a person who is a total slacker, or completely lazy"
en,draw,"Produce ( a picture or diagram ) by making lines and marks on paper with a pencil , pen , etc","Produce ( a picture or diagram ) by making lines and marks on paper with a pencil , pen , etc","a dry stream bed, canyon, or similar","a dry stream bed, canyon, or similar"
en,draw a blank,Elicit no successful response ; fail,Elicit no successful response ; fail,to temporarily forget,to temporarily forget
en,drift,Be carried slowly by a current of air or water,Be carried slowly by a current of air or water,To perform an advanced turn in a car involving horizontal sliding of the wheels to achieve a sharper turn angle,To perform an advanced turn in a car involving horizontal sliding of the wheels to achieve a sharper turn angle
en,drip,Let fall or be so wet as to shed small drops of liquid,Let fall or be so wet as to shed small drops of liquid,"Recently evolved meaning:  Drip - Being very smooth, cool, pleasant or another way of saying awesome","Recently evolved meaning:  Drip - Being very smooth, cool, pleasant or another way of saying awesome"
en,dripping,"Fat that has melted and dripped from roasting meat , used in cooking or eaten cold as a spread","Fat that has melted and dripped from roasting meat , used in cooking or eaten cold as a spread",sweating a lot,sweating a lot
en,drongo,"A songbird with glossy black plumage and typically a long forked tail and a crest , found in Africa , southern Asia , and Australia","A songbird with glossy black plumage and typically a long forked tail and a crest , found in Africa , southern Asia , and Australia",unintelligent person; moron.  Australian slang,unintelligent person; moron.  Australian slang
en,drop,Let or make ( something ) fall vertically,Let or make ( something ) fall vertically,a secret delivery,a secret delivery
en,drop dead,Die suddenly and unexpectedly,Die suddenly and unexpectedly,general insulting retort,general insulting retort
en,droppings,"The excrement of certain animals , such as rodents , sheep , birds , and insects","The excrement of certain animals , such as rodents , sheep , birds , and insects",animal feces,animal feces
en,drum,"A percussion instrument sounded by being struck with sticks or the hands , typically cylindrical , barrel - shaped , or bowl - shaped , with a taut membrane over one or both ends","A percussion instrument sounded by being struck with sticks or the hands , typically cylindrical , barrel - shaped , or bowl - shaped , with a taut membrane over one or both ends","a person\'s place of abode; pad.  A house, apartment, room, etc","a person\'s place of abode; pad.  A house, apartment, room, etc"
en,drunk,Affected by alcohol to the extent of losing control of one's faculties or behaviour,Affected by alcohol to the extent of losing control of one's faculties or behaviour,inebriated.  Not slang - used since the 14th century,inebriated.  Not slang - used since the 14th century
en,dry,Free from moisture or liquid ; not wet or moist,Free from moisture or liquid ; not wet or moist,to be devoid of people,to be devoid of people
en,dub,Give an unofficial name or nickname to,Give an unofficial name or nickname to,20,20
en,duck,"A waterbird with a broad blunt bill , short legs , webbed feet , and a waddling gait","A waterbird with a broad blunt bill , short legs , webbed feet , and a waddling gait",blowjob,blowjob
en,duff,A flour pudding boiled or steamed in a cloth bag,A flour pudding boiled or steamed in a cloth bag,buttocks,buttocks
en,duh,"Used to comment on a foolish or stupid action , especially someone else's","Used to comment on a foolish or stupid action , especially someone else's",a sarcastic exclamation used when someone states the obvious.  Also no duh; dur; no dur,a sarcastic exclamation used when someone states the obvious.  Also no duh; dur; no dur
en,duke,A male holding the highest hereditary title in the British and certain other peerages,A male holding the highest hereditary title in the British and certain other peerages,An endearing term for a close friend or acquaintance.  May be pluralized even if addressing one person,An endearing term for a close friend or acquaintance.  May be pluralized even if addressing one person
en,dumb,Temporarily unable or unwilling to speak,Temporarily unable or unwilling to speak,"very, extremely","very, extremely"
en,dumbphone,A basic mobile phone that lacks the advanced functionality characteristic of a smartphone,A basic mobile phone that lacks the advanced functionality characteristic of a smartphone,a cellphone that lacks the features of so-called smart phones,a cellphone that lacks the features of so-called smart phones
en,dump,A site for depositing rubbish,A site for depositing rubbish,an unappealing location due to dirtiness or dilapidation,an unappealing location due to dirtiness or dilapidation
en,dumpster fire,A fire in a dumpster,A fire in a dumpster,a massive disaster,a massive disaster
en,dunlop,"A full - cream hard cheese originally made in Dunlop , near Ayr in Scotland","A full - cream hard cheese originally made in Dunlop , near Ayr in Scotland","a large stomach.  One can sometimes say of a person\'s large stomach, it done lopped over yer belt!","a large stomach.  One can sometimes say of a person\'s large stomach, it done lopped over yer belt!"
en,dupe,Deceive ; trick,Deceive ; trick,to duplicate,to duplicate
en,dusty,"Covered with , full of , or resembling dust","Covered with , full of , or resembling dust","outdated, old, haven't done something in a long time","outdated, old, haven't done something in a long time"
en,early,Happening or done before the usual or expected time,Happening or done before the usual or expected time,quickly or soon,quickly or soon
en,easy,Achieved without great effort ; presenting few difficulties,Achieved without great effort ; presenting few difficulties,"cool, or that\'s pretty cool, or I get it","cool, or that\'s pretty cool, or I get it"
en,eat,Put ( food ) into the mouth and chew and swallow it,Put ( food ) into the mouth and chew and swallow it,"To make money, and survive to feed your self and others","To make money, and survive to feed your self and others"
en,eat humble pie,Make a humble apology and accept humiliation,Make a humble apology and accept humiliation,"to acknowledge that one was incorrect about a disagreement, when one had been unpleasant about it before.  Regarding the unpleasantness - some examples are: yelling that they were correct or phrasing their viewpoint in a derogatory way","to acknowledge that one was incorrect about a disagreement, when one had been unpleasant about it before.  Regarding the unpleasantness - some examples are: yelling that they were correct or phrasing their viewpoint in a derogatory way"
en,edge,"The outside limit of an object , area , or surface","The outside limit of an object , area , or surface","The pinnacle of very cool, excellent, outstanding, or awesome","The pinnacle of very cool, excellent, outstanding, or awesome"
en,edgy,"Tense , nervous , or irritable","Tense , nervous , or irritable",socially dangerous or daring; intellectually provocative; tending to induce unease or stress in viewers.  Especially used to describe artistic and intellectual work,socially dangerous or daring; intellectually provocative; tending to induce unease or stress in viewers.  Especially used to describe artistic and intellectual work
en,egg,"An oval or round object laid by a female bird , reptile , fish , or invertebrate , usually containing a developing embryo . The eggs of birds are enclosed in a chalky shell , while those of reptiles are in a leathery membrane","An oval or round object laid by a female bird , reptile , fish , or invertebrate , usually containing a developing embryo . The eggs of birds are enclosed in a chalky shell , while those of reptiles are in a leathery membrane","newly out as transgendered, or newly physically transitioning to one's identified gender","newly out as transgendered, or newly physically transitioning to one's identified gender"
en,eh,"Used to represent a sound made in speech , especially one used to express enquiry , surprise , or to elicit agreement","Used to represent a sound made in speech , especially one used to express enquiry , surprise , or to elicit agreement",It\'s almost always used as a question. And normally at the end of another question.  Although it very common for it to be used in the expression Fuckin\' eh! It is an expression; usually of extreme excitement or happiness,It\'s almost always used as a question. And normally at the end of another question.  Although it very common for it to be used in the expression Fuckin\' eh! It is an expression; usually of extreme excitement or happiness
en,eight ball,"A form of pool using two sets of seven coloured or patterned balls , together with one black ball and one white cue ball , the aim being to pocket all of one's own balls followed by the black , which is numbered eight","A form of pool using two sets of seven coloured or patterned balls , together with one black ball and one white cue ball , the aim being to pocket all of one's own balls followed by the black , which is numbered eight",an eighth of an ounce of cocaine,an eighth of an ounce of cocaine
en,elite,A select group that is superior in terms of ability or qualities to the rest of a group or society,A select group that is superior in terms of ability or qualities to the rest of a group or society,very good,very good
en,emo,A style of rock music resembling punk but having more complex arrangements and lyrics that deal with more emotional subjects,A style of rock music resembling punk but having more complex arrangements and lyrics that deal with more emotional subjects,overly emotional or melodramatic.  From the musical genre emo,overly emotional or melodramatic.  From the musical genre emo
en,errand boy,A boy employed in a shop or office to make deliveries and run other errands,A boy employed in a shop or office to make deliveries and run other errands,a person of any gender and any age who performs menial tasks for another person,a person of any gender and any age who performs menial tasks for another person
en,escort,"A person , vehicle , or group accompanying another for protection or as a mark of rank","A person , vehicle , or group accompanying another for protection or as a mark of rank",a prostitute who doesn't work at a brothel,a prostitute who doesn't work at a brothel
en,ex,( of goods ) sold direct from,( of goods ) sold direct from,"a person with whom one is no longer in a relationship.  From ex-boyfriend, ex-girlfriend, ex-husband, ex-wife, etc","a person with whom one is no longer in a relationship.  From ex-boyfriend, ex-girlfriend, ex-husband, ex-wife, etc"
en,exit,"A way out of a building , room , or passenger vehicle","A way out of a building , room , or passenger vehicle",to terminate a person's employment,to terminate a person's employment
en,expiry,The end of the period for which something is valid,The end of the period for which something is valid,expiration,expiration
en,eyeball,"The round part of the eye of a vertebrate , within the eyelids and socket","The round part of the eye of a vertebrate , within the eyelids and socket",a visitor to a website.  Usually used in the plural,a visitor to a website.  Usually used in the plural
en,f,( in racing results ) furlong ( s,( in racing results ) furlong ( s,fuck.  (Also functions as an interjection and a noun.),fuck.  (Also functions as an interjection and a noun.)
en,face,"The front part of a person's head from the forehead to the chin , or the corresponding part in an animal","The front part of a person's head from the forehead to the chin , or the corresponding part in an animal",oral sex,oral sex
en,faced,Having a face or expression of a specified kind,Having a face or expression of a specified kind,Very high on drugs,Very high on drugs
en,face the music,Be confronted with the unpleasant consequences of one's actions,Be confronted with the unpleasant consequences of one's actions,to accept responsibility for one's actions and face punishment,to accept responsibility for one's actions and face punishment
en,facial,Of or affecting the face,Of or affecting the face,the sex act of ejaculating on a person's face,the sex act of ejaculating on a person's face
en,fade,Gradually grow faint and disappear,Gradually grow faint and disappear,to defeat a person in a fight,to defeat a person in a fight
en,fader,"A device or control for varying the volume of sound , the intensity of light , or the gain on a video or audio signal","A device or control for varying the volume of sound , the intensity of light , or the gain on a video or audio signal",A person who does not go through with an,A person who does not go through with an
en,fag,A junior pupil at a public school who does minor chores for a senior pupil,A junior pupil at a public school who does minor chores for a senior pupil,"a cigarette.  Used in the UK, Australia, New Zealand","a cigarette.  Used in the UK, Australia, New Zealand"
en,faggot,A bundle of sticks bound together as fuel,A bundle of sticks bound together as fuel,general derogatory term for a person.  A homophobic term,general derogatory term for a person.  A homophobic term
en,fake,Not genuine ; imitation or counterfeit,Not genuine ; imitation or counterfeit,displeasing,displeasing
en,fall back,Move or turn back ; retreat,Move or turn back ; retreat,a term used as to say leave me alone or get off my case,a term used as to say leave me alone or get off my case
en,family,A group consisting of two parents and their children living together as a unit,A group consisting of two parents and their children living together as a unit,Belonging to a minority e.g. homosexual,Belonging to a minority e.g. homosexual
en,famously,In a way that is widely known,In a way that is widely known,well,well
en,fanzine,"A magazine , usually produced by amateurs , for fans of a particular performer , group , or form of entertainment","A magazine , usually produced by amateurs , for fans of a particular performer , group , or form of entertainment","a fan-produced magazine for other fans (of a music band, etc.)","a fan-produced magazine for other fans (of a music band, etc.)"
en,far out,Unconventional or avant - garde,Unconventional or avant - garde,excellent; cool.  First used in the 1960s,excellent; cool.  First used in the 1960s
en,fat,"A natural oily substance occurring in animal bodies , especially when deposited as a layer under the skin or around certain organs","A natural oily substance occurring in animal bodies , especially when deposited as a layer under the skin or around certain organs",doing well in life,doing well in life
en,fatty,Containing a large amount of fat,Containing a large amount of fat,large,large
en,feeder,A person or animal that eats a particular food or in a particular manner,A person or animal that eats a particular food or in a particular manner,a breast.  Usually used in the plural,a breast.  Usually used in the plural
en,feel,Be aware of ( a person or object ) through touching or being touched,Be aware of ( a person or object ) through touching or being touched,"feeling, i.e. an emotional reaction","feeling, i.e. an emotional reaction"
en,fen,A low and marshy or frequently flooded area of land,A low and marshy or frequently flooded area of land,joking pluralization of fan.  As in the plural form of man being men,joking pluralization of fan.  As in the plural form of man being men
en,fence,"A barrier , railing , or other upright structure , typically of wood or wire , enclosing an area of ground to prevent or control access or escape","A barrier , railing , or other upright structure , typically of wood or wire , enclosing an area of ground to prevent or control access or escape",a person who purchases known-stolen goods to re-sell them,a person who purchases known-stolen goods to re-sell them
en,fess,An ordinary in the form of a broad horizontal stripe across the middle of the shield,An ordinary in the form of a broad horizontal stripe across the middle of the shield,to waste time in order to avoid confrontation or a potentially uncomfortable situation,to waste time in order to avoid confrontation or a potentially uncomfortable situation
en,fetch,Go for and then bring back ( someone or something ) for someone,Go for and then bring back ( someone or something ) for someone,great; awesome; cool.  Popularized by the film Mean Girls,great; awesome; cool.  Popularized by the film Mean Girls
en,fiend,An evil spirit or demon,An evil spirit or demon,an addict,an addict
en,fierce,Having or displaying a violent or ferocious aggressiveness,Having or displaying a violent or ferocious aggressiveness,Beautiful or very sexy,Beautiful or very sexy
en,fig,"A soft pear - shaped fruit with sweet dark flesh and many small seeds , eaten fresh or dried","A soft pear - shaped fruit with sweet dark flesh and many small seeds , eaten fresh or dried",a person who is basically useless and makes poor decisions,a person who is basically useless and makes poor decisions
en,filthy,Disgustingly dirty,Disgustingly dirty,"very good, excellent;","very good, excellent;"
en,fin,"A flattened appendage on various parts of the body of many aquatic vertebrates , including fish and cetaceans , and some invertebrates , used for propelling , steering , and balancing","A flattened appendage on various parts of the body of many aquatic vertebrates , including fish and cetaceans , and some invertebrates , used for propelling , steering , and balancing",a five dollar bill.  From Yiddish finf meaning five; Old High German funf meaning five,a five dollar bill.  From Yiddish finf meaning five; Old High German funf meaning five
en,fine,Of very high quality ; very good of its kind,Of very high quality ; very good of its kind,extremely attractive; hot,extremely attractive; hot
en,finger,"Each of the four slender jointed parts attached to either hand ( or five , if the thumb is included","Each of the four slender jointed parts attached to either hand ( or five , if the thumb is included","the middle finger, in the expression, give (one) the finger","the middle finger, in the expression, give (one) the finger"
en,fire,"A process in which substances combine chemically with oxygen from the air and typically give out bright light , heat , and smoke ; combustion or burning","A process in which substances combine chemically with oxygen from the air and typically give out bright light , heat , and smoke ; combustion or burning","very good, excellent, attractive;","very good, excellent, attractive;"
en,firefight,A battle using guns rather than bombs or other weapons,A battle using guns rather than bombs or other weapons,to deal with urgent problems (usually at work.),to deal with urgent problems (usually at work.)
en,fish,A limbless cold - blooded vertebrate animal with gills and fins living wholly in water,A limbless cold - blooded vertebrate animal with gills and fins living wholly in water,a drag queen that looks so much like a woman you can almost smell a fishy vagina.  Slang from drag culture,a drag queen that looks so much like a woman you can almost smell a fishy vagina.  Slang from drag culture
en,fit,"Of a suitable quality , standard , or type to meet the required purpose","Of a suitable quality , standard , or type to meet the required purpose",attractive; hot,attractive; hot
en,fitted,Made or shaped to fill a space or to cover something closely or exactly,Made or shaped to fill a space or to cover something closely or exactly,dressed well,dressed well
en,five finger,"Any of a number of plants with leaves that are divided into five leaflets or with flowers that have five petals , such as cinquefoil","Any of a number of plants with leaves that are divided into five leaflets or with flowers that have five petals , such as cinquefoil","stolen, lifted, heisted, boosted, shoplifted.  Derived from the use of the hand in obtaining illegal merchandise","stolen, lifted, heisted, boosted, shoplifted.  Derived from the use of the hand in obtaining illegal merchandise"
en,fix,Fasten ( something ) securely in a particular place or position,Fasten ( something ) securely in a particular place or position,to arrange the winner of a competition in advance,to arrange the winner of a competition in advance
en,fixed,Fastened securely in position,Fastened securely in position,"to have had one's tubes tied, had a vasectomy or to be castrated, implying that one who cannot have children","to have had one's tubes tied, had a vasectomy or to be castrated, implying that one who cannot have children"
en,fizzy,( of a drink ) containing bubbles of gas ; effervescent,( of a drink ) containing bubbles of gas ; effervescent,good;,good;
en,flail,A threshing tool consisting of a wooden staff with a short heavy stick swinging from it,A threshing tool consisting of a wooden staff with a short heavy stick swinging from it,"to engage in a repetitive behavior with extreme dedication and in excess, while under the influence of methamphetamine.  Compare with tweaking","to engage in a repetitive behavior with extreme dedication and in excess, while under the influence of methamphetamine.  Compare with tweaking"
en,flak,Anti - aircraft fire,Anti - aircraft fire,criticism.  Usually used as,criticism.  Usually used as
en,flaky,Breaking or separating easily into flakes,Breaking or separating easily into flakes,"in the manner of a flake, i.e. unreliable","in the manner of a flake, i.e. unreliable"
en,flame,A hot glowing body of ignited gas that is generated by something on fire,A hot glowing body of ignited gas that is generated by something on fire,an instance of flaming as described in the noun sense,an instance of flaming as described in the noun sense
en,flaming,Burning fiercely and emitting flames,Burning fiercely and emitting flames,excessive;,excessive;
en,flash,"Shine in a bright but brief , sudden , or intermittent way","Shine in a bright but brief , sudden , or intermittent way","meaning fancy, stunning or anything that looks extraordinarily good.  New Zealand slang","meaning fancy, stunning or anything that looks extraordinarily good.  New Zealand slang"
en,flat,Having a level surface ; without raised areas or indentations,Having a level surface ; without raised areas or indentations,"multiple definitions: dead, no action, lousy, quiet","multiple definitions: dead, no action, lousy, quiet"
en,flick,A sudden quick movement,A sudden quick movement,a movie,a movie
en,flip,Turn over or cause to turn over with a sudden quick movement,Turn over or cause to turn over with a sudden quick movement,Filipino,Filipino
en,flipper,"A broad flat limb without fingers , used for swimming by various sea animals such as seals , whales , and turtles","A broad flat limb without fingers , used for swimming by various sea animals such as seals , whales , and turtles",a promiscuous female;,a promiscuous female;
en,floor,"The lower surface of a room , on which one may walk","The lower surface of a room , on which one may walk",to astound a person,to astound a person
en,floordrobe,An untidy heap of discarded clothing left on the floor of a room,An untidy heap of discarded clothing left on the floor of a room,a wardrobe of one\'s clothes that\'s laying on the floor,a wardrobe of one\'s clothes that\'s laying on the floor
en,floss,The rough silk enveloping a silkworm's cocoon,The rough silk enveloping a silkworm's cocoon,"to strike a pose, profile.","to strike a pose, profile."
en,flow,"( of a liquid , gas , or electricity ) move steadily and continuously in a current or stream","( of a liquid , gas , or electricity ) move steadily and continuously in a current or stream",money,money
en,flower,"The seed - bearing part of a plant , consisting of reproductive organs ( stamens and carpels ) that are typically surrounded by a brightly coloured corolla ( petals ) and a green calyx ( sepals","The seed - bearing part of a plant , consisting of reproductive organs ( stamens and carpels ) that are typically surrounded by a brightly coloured corolla ( petals ) and a green calyx ( sepals",vagina,vagina
en,flower child,A hippy who wore flowers as symbols of peace and love,A hippy who wore flowers as symbols of peace and love,a hippie.,a hippie.
en,fluff,Soft fibres from fabrics such as wool or cotton which accumulate in small light clumps,Soft fibres from fabrics such as wool or cotton which accumulate in small light clumps,unsubstantial content,unsubstantial content
en,fluffy,"Of , like , or covered with fluff","Of , like , or covered with fluff",lacking in substance,lacking in substance
en,flush,"( of a person's skin , face , etc .) become red and hot , typically as the result of illness or strong emotion","( of a person's skin , face , etc .) become red and hot , typically as the result of illness or strong emotion",to send information via email.  I heard it from a newspaper editor of my mine back in the mid-80s.,to send information via email.  I heard it from a newspaper editor of my mine back in the mid-80s.
en,fly,"( of a bird , bat , or insect ) move through the air using wings","( of a bird , bat , or insect ) move through the air using wings","very good, excellent; cool; awesome","very good, excellent; cool; awesome"
en,food,Any nutritious substance that people or animals eat or drink or that plants absorb in order to maintain life and growth,Any nutritious substance that people or animals eat or drink or that plants absorb in order to maintain life and growth,"drugs, particularly crack cocaine","drugs, particularly crack cocaine"
en,food stamp,( in the US ) a voucher issued cheaply by the state to those on low income and exchangeable for food,( in the US ) a voucher issued cheaply by the state to those on low income and exchangeable for food,a person who feels like the world owes them a favor,a person who feels like the world owes them a favor
en,fool,A person who acts unwisely or imprudently ; a silly person,A person who acts unwisely or imprudently ; a silly person,an unintelligent person.  Not slang,an unintelligent person.  Not slang
en,footprint,The impression left by a foot or shoe on the ground or a surface,The impression left by a foot or shoe on the ground or a surface,the typical amount of computing resources taken up by a computer program,the typical amount of computing resources taken up by a computer program
en,fore,Situated or placed in front,Situated or placed in front,"interjection yelled when a struck golf ball is flying towards people, or out of sight","interjection yelled when a struck golf ball is flying towards people, or out of sight"
en,formal,Done in accordance with convention or etiquette ; suitable for or constituting an official or important occasion,Done in accordance with convention or etiquette ; suitable for or constituting an official or important occasion,a formal dinner and dance held in college,a formal dinner and dance held in college
en,fortnight,A period of two weeks,A period of two weeks,"an unspecific, but long-ish length of time","an unspecific, but long-ish length of time"
en,forty,The number equivalent to the product of four and ten ; ten less than fifty ; 40,The number equivalent to the product of four and ten ; ten less than fifty ; 40,a 40 ounce bottle of an alcoholic beverage,a 40 ounce bottle of an alcoholic beverage
en,foxy,Resembling or likened to a fox,Resembling or likened to a fox,attractive.  Usually used only to describe females,attractive.  Usually used only to describe females
en,frack,"Inject liquid into ( a subterranean rock formation , borehole , etc .) at high pressure so as to force open existing fissures and extract oil or gas","Inject liquid into ( a subterranean rock formation , borehole , etc .) at high pressure so as to force open existing fissures and extract oil or gas",It is a polite way of saying FUCK. used in the television series battle star galactica. Mostly by the chief,It is a polite way of saying FUCK. used in the television series battle star galactica. Mostly by the chief
en,fractured,( of a bone or hard object ) broken ; cracked,( of a bone or hard object ) broken ; cracked,drunk,drunk
en,frail,( of a person ) weak and delicate,( of a person ) weak and delicate,generally displeasing;,generally displeasing;
en,freak,A very unusual and unexpected event or situation,A very unusual and unexpected event or situation,very; really; extremely,very; really; extremely
en,freeware,Software that is available free of charge,Software that is available free of charge,software that can be redistributed for free and (usually) without restriction,software that can be redistributed for free and (usually) without restriction
en,french,Relating to France or its people or language,Relating to France or its people or language,foul language,foul language
en,fresh,"( of food ) recently made or obtained ; not tinned , frozen , or otherwise preserved","( of food ) recently made or obtained ; not tinned , frozen , or otherwise preserved","extremely nice, of superior quality;","extremely nice, of superior quality;"
en,friend,"A person with whom one has a bond of mutual affection , typically one exclusive of sexual or family relations","A person with whom one has a bond of mutual affection , typically one exclusive of sexual or family relations",a useful tool or resource.  Used frequently online to answer questions,a useful tool or resource.  Used frequently online to answer questions
en,frigid,Very cold in temperature,Very cold in temperature,averse to physical affection,averse to physical affection
en,front,The side or part of an object that presents itself to view or that is normally seen or used first ; the most forward part of something,The side or part of an object that presents itself to view or that is normally seen or used first ; the most forward part of something,"a cover-up, disguise, deception","a cover-up, disguise, deception"
en,frosted,Covered with or as if with frost,Covered with or as if with frost,angry;,angry;
en,frosty,"( of the weather ) very cold , with frost forming on surfaces","( of the weather ) very cold , with frost forming on surfaces","calm, cool.  Used by soldiers in tense situations","calm, cool.  Used by soldiers in tense situations"
en,fudge,"A soft crumbly or chewy sweet made from sugar , butter , and milk or cream","A soft crumbly or chewy sweet made from sugar , butter , and milk or cream",feces; poop,feces; poop
en,full on,Running at or providing maximum power or capacity,Running at or providing maximum power or capacity,fully; extraordinarily; powerfully,fully; extraordinarily; powerfully
en,funk,"A style of popular dance music of US black origin , based on elements of blues and soul and having a strong rhythm that typically accentuates the first beat in the bar","A style of popular dance music of US black origin , based on elements of blues and soul and having a strong rhythm that typically accentuates the first beat in the bar",unattractive,unattractive
en,g,A unit of acceleration equal to that produced by the earth's gravitational field,A unit of acceleration equal to that produced by the earth's gravitational field,short for gangster or gangsta.  Used in greeting to a friend or associate,short for gangster or gangsta.  Used in greeting to a friend or associate
en,gag,A piece of cloth put in or over a person's mouth to prevent them from speaking,A piece of cloth put in or over a person's mouth to prevent them from speaking,to nearly vomit,to nearly vomit
en,galah,A small Australian cockatoo with a grey back and rosy pink head and underparts,A small Australian cockatoo with a grey back and rosy pink head and underparts,"a foolish, noisy person.  Australian term.  From the galah, the Australian pink cockatoo","a foolish, noisy person.  Australian term.  From the galah, the Australian pink cockatoo"
en,galore,In abundance,In abundance,"more than one could need or want, a-plenty","more than one could need or want, a-plenty"
en,game,An activity that one engages in for amusement or fun,An activity that one engages in for amusement or fun,in agreement with a plan;,in agreement with a plan;
en,game plan,"A strategy worked out in advance , especially in sport , politics , or business","A strategy worked out in advance , especially in sport , politics , or business",a plan,a plan
en,gang,An organized group of criminals,An organized group of criminals,a large amount or number,a large amount or number
en,gangster,A member of a gang of violent criminals,A member of a gang of violent criminals,tight or fun,tight or fun
en,ganja,Cannabis,Cannabis,marijuana,marijuana
en,gaper,"A burrowing bivalve mollusc , the shell valves of which have an opening at one or both ends","A burrowing bivalve mollusc , the shell valves of which have an opening at one or both ends",a person who won\'t participate in an event that might lead to physical pain (primarily sports) but attend the event and get in the way; spectator,a person who won\'t participate in an event that might lead to physical pain (primarily sports) but attend the event and get in the way; spectator
en,gas,"A substance or matter in a state in which it will expand freely to fill the whole of a container , having no fixed shape ( unlike a solid ) and no fixed volume ( unlike a liquid","A substance or matter in a state in which it will expand freely to fill the whole of a container , having no fixed shape ( unlike a solid ) and no fixed volume ( unlike a liquid",A good time,A good time
en,gaslight,A type of lamp in which an incandescent mantle is heated by a jet of burning gas,A type of lamp in which an incandescent mantle is heated by a jet of burning gas,"to slowly and methodically psychologically manipulate a person, with the goal of driving them insane","to slowly and methodically psychologically manipulate a person, with the goal of driving them insane"
en,gay,( of a person ) homosexual ( used especially of a man,( of a person ) homosexual ( used especially of a man,displeasing.  Considered by many to be homophobic,displeasing.  Considered by many to be homophobic
en,gear,A toothed wheel that works with others to alter the relation between the speed of a driving mechanism ( such as the engine of a vehicle ) and the speed of the driven parts ( the wheels,A toothed wheel that works with others to alter the relation between the speed of a driving mechanism ( such as the engine of a vehicle ) and the speed of the driven parts ( the wheels,"male genitalia, especially the testicles","male genitalia, especially the testicles"
en,gear up,Equip or prepare oneself,Equip or prepare oneself,to get dress,to get dress
en,get,Come to have ( something ); receive,Come to have ( something ); receive,to leave,to leave
en,get off the ground,Start or cause to start happening successfully,Start or cause to start happening successfully,to succeed initially,to succeed initially
en,get on,Perform or make progress in a specified way,Perform or make progress in a specified way,to do drugs,to do drugs
en,get over,Recover from ( an ailment or an upsetting or startling experience,Recover from ( an ailment or an upsetting or startling experience,to stop holding something or someone in such high esteem,to stop holding something or someone in such high esteem
en,get together,Gather or assemble socially or to cooperate,Gather or assemble socially or to cooperate,a social event.  Hyphenated,a social event.  Hyphenated
en,ghetto,"A part of a city , especially a slum area , occupied by a minority group or groups","A part of a city , especially a slum area , occupied by a minority group or groups","of superior quality, excellent;","of superior quality, excellent;"
en,ghost,"An apparition of a dead person which is believed to appear or become manifest to the living , typically as a nebulous image","An apparition of a dead person which is believed to appear or become manifest to the living , typically as a nebulous image",leaving,leaving
en,gift,A thing given willingly to someone without payment ; a present,A thing given willingly to someone without payment ; a present,"a loser.  Derived from: the person has no real purpose on Earth, they are just a gift from heaven.  Also comparative to the sweater you Aunt gave you for Christmas that you wouldn't be seen wearing. Adjective form: gifty","a loser.  Derived from: the person has no real purpose on Earth, they are just a gift from heaven.  Also comparative to the sweater you Aunt gave you for Christmas that you wouldn't be seen wearing. Adjective form: gifty"
en,gig,A light two - wheeled carriage pulled by one horse,A light two - wheeled carriage pulled by one horse,any job.  Derived from the musical industry sense,any job.  Derived from the musical industry sense
en,gimp,"Twisted silk , worsted , or cotton with cord or wire running through it , used chiefly as upholstery trimming","Twisted silk , worsted , or cotton with cord or wire running through it , used chiefly as upholstery trimming",a stupid person; moron; idiot,a stupid person; moron; idiot
en,girl,A female child,A female child,form of address for a female friend,form of address for a female friend
en,girlfriend,A person's regular female companion with whom they have a romantic or sexual relationship,A person's regular female companion with whom they have a romantic or sexual relationship,form of address used between females and between gay men,form of address used between females and between gay men
en,give up the ghost,Die,Die,"of an object, to stop functioning","of an object, to stop functioning"
en,glamping,A form of camping involving accommodation and facilities more luxurious than those associated with traditional camping,A form of camping involving accommodation and facilities more luxurious than those associated with traditional camping,contraction of glamorous camping,contraction of glamorous camping
en,glass,"A hard , brittle substance , typically transparent or translucent , made by fusing sand with soda and lime and cooling rapidly . It is used to make windows , drinking containers , and other articles","A hard , brittle substance , typically transparent or translucent , made by fusing sand with soda and lime and cooling rapidly . It is used to make windows , drinking containers , and other articles",very potent crack cocaine,very potent crack cocaine
en,gnarly,Gnarled,Gnarled,"very good, excellent; cool","very good, excellent; cool"
en,go,Move from one place to another ; travel,Move from one place to another ; travel,to say,to say
en,gobble,( of a turkeycock ) make a characteristic swallowing sound in the throat,( of a turkeycock ) make a characteristic swallowing sound in the throat,overtime.  Used in the printing industry,overtime.  Used in the printing industry
en,gobbler,A person who eats greedily and noisily,A person who eats greedily and noisily,"a female who loves giving fellatio.  Also a female who can fit testicles in her mouth, or a whole penis","a female who loves giving fellatio.  Also a female who can fit testicles in her mouth, or a whole penis"
en,go down,( of a ship or aircraft ) sink or crash,( of a ship or aircraft ) sink or crash,"as a greeting, a rhetorical question asking about what's happening","as a greeting, a rhetorical question asking about what's happening"
en,go for,Decide on ; choose,Decide on ; choose,to try to attain or achieve,to try to attain or achieve
en,golden,Coloured or shining like gold,Coloured or shining like gold,of good quality. Also used to describe something that one is proud of,of good quality. Also used to describe something that one is proud of
en,gonad,An organ that produces gametes ; a testis or ovary,An organ that produces gametes ; a testis or ovary,testicle.  Usually used in the plural,testicle.  Usually used in the plural
en,go on,Continue or persevere,Continue or persevere,I\'m interested.  Keep talking,I\'m interested.  Keep talking
en,goose,"A large waterbird with a long neck , short legs , webbed feet , and a short broad bill . Generally geese are larger than ducks and have longer necks and shorter bills","A large waterbird with a long neck , short legs , webbed feet , and a short broad bill . Generally geese are larger than ducks and have longer necks and shorter bills","a fool.  Often used playfully towards children, as in the example sentence","a fool.  Often used playfully towards children, as in the example sentence"
en,go out,( of a fire or light ) be extinguished,( of a fire or light ) be extinguished,to date,to date
en,gordita,"( in Mexican cooking ) a thick pancake made from maize flour , typically split and filled with meat , cheese , or vegetables","( in Mexican cooking ) a thick pancake made from maize flour , typically split and filled with meat , cheese , or vegetables",a Spanish word that means fat little girl.  You call your homies gordita in replacement of a nickname,a Spanish word that means fat little girl.  You call your homies gordita in replacement of a nickname
en,gorge,"A narrow valley between hills or mountains , typically with steep rocky walls and a stream running through it","A narrow valley between hills or mountains , typically with steep rocky walls and a stream running through it",gorgeous,gorgeous
en,gouda,"A flat round cheese with a yellow rind , originally made in Gouda","A flat round cheese with a yellow rind , originally made in Gouda",cheesy,cheesy
en,gourd,"A fleshy , typically large fruit with a hard skin , some varieties of which are edible","A fleshy , typically large fruit with a hard skin , some varieties of which are edible","mind.  Typically used in phrases that indicate one has gone crazy (lost one\'s mind,) as in the following examples","mind.  Typically used in phrases that indicate one has gone crazy (lost one\'s mind,) as in the following examples"
en,go with,Give one's consent or agreement to ( a person or proposal,Give one's consent or agreement to ( a person or proposal,to date,to date
en,grab,Grasp or seize suddenly and roughly,Grasp or seize suddenly and roughly,to look at; inspect,to look at; inspect
en,graft,"A shoot or twig inserted into a slit on the trunk or stem of a living plant , from which it receives sap","A shoot or twig inserted into a slit on the trunk or stem of a living plant , from which it receives sap",Hard work,Hard work
en,grand,"Magnificent and imposing in appearance , size , or style","Magnificent and imposing in appearance , size , or style",a thousand,a thousand
en,granola,A kind of breakfast cereal resembling muesli,A kind of breakfast cereal resembling muesli,"hippie-esque; all-natural.  As goes the stereotype, hippies eat granola frequently","hippie-esque; all-natural.  As goes the stereotype, hippies eat granola frequently"
en,graph,"A diagram showing the relation between variable quantities , typically of two variables , each measured along one of a pair of axes at right angles","A diagram showing the relation between variable quantities , typically of two variables , each measured along one of a pair of axes at right angles",abbreviated form of paragraph,abbreviated form of paragraph
en,grass,"Vegetation consisting of typically short plants with long , narrow leaves , growing wild or cultivated on lawns and pasture , and as a fodder crop","Vegetation consisting of typically short plants with long , narrow leaves , growing wild or cultivated on lawns and pasture , and as a fodder crop","to report someone to the authority involved (police, school teacher)","to report someone to the authority involved (police, school teacher)"
en,grassy,Covered with grass,Covered with grass,a police officer.  Rhyming slang: grasshopper rhymes with copper,a police officer.  Rhyming slang: grasshopper rhymes with copper
en,gravy,A sauce made by mixing the fat and juices exuded by meat during cooking with stock and other ingredients,A sauce made by mixing the fat and juices exuded by meat during cooking with stock and other ingredients,profit or unexpected reward.  Used for a long time in the business world,profit or unexpected reward.  Used for a long time in the business world
en,graze,"( of cattle , sheep , etc .) eat grass in a field","( of cattle , sheep , etc .) eat grass in a field","to eat.  Usually used to refer to food laid out buffet style, as at a party.  Thus a partier, instead of eating what is directly in front of them, will move around eating from different places, much like a cow.  (It\'s usually bad form to graze at a restaurant buffet: one is supposed to fill a dish and then eat at one\'s table.)","to eat.  Usually used to refer to food laid out buffet style, as at a party.  Thus a partier, instead of eating what is directly in front of them, will move around eating from different places, much like a cow.  (It\'s usually bad form to graze at a restaurant buffet: one is supposed to fill a dish and then eat at one\'s table.)"
en,grease,"A thick oily substance , especially as used as a lubricant","A thick oily substance , especially as used as a lubricant",to have sex with,to have sex with
en,green,Of the colour between blue and yellow in the spectrum ; coloured like grass or emeralds,Of the colour between blue and yellow in the spectrum ; coloured like grass or emeralds,in agreement,in agreement
en,grenade,A small bomb thrown by hand or launched mechanically,A small bomb thrown by hand or launched mechanically,the unattractive friend of a hot girl,the unattractive friend of a hot girl
en,grep,A Unix command used to search files for the occurrence of a string of characters that matches a specified pattern,A Unix command used to search files for the occurrence of a string of characters that matches a specified pattern,"in a non-computing context, to search","in a non-computing context, to search"
en,grid,A framework of spaced bars that are parallel to or cross each other ; a grating,A framework of spaced bars that are parallel to or cross each other ; a grating,Bicycle,Bicycle
en,grief,"Intense sorrow , especially caused by someone's death","Intense sorrow , especially caused by someone's death",criticism,criticism
en,grill,A device on a cooker that radiates heat downwards for cooking food,A device on a cooker that radiates heat downwards for cooking food,teeth,teeth
en,grim,Very serious or gloomy,Very serious or gloomy,to be unhappy;,to be unhappy;
en,grimy,Covered with or characterized by grime,Covered with or characterized by grime,stupid,stupid
en,grind,Reduce ( something ) to small particles or powder by crushing it,Reduce ( something ) to small particles or powder by crushing it,"to eat, consume food... used mostly when one is very hungry and will eat a lot","to eat, consume food... used mostly when one is very hungry and will eat a lot"
en,grinder,A machine used for grinding something,A machine used for grinding something,"a sandwich, also called hoagie or sub","a sandwich, also called hoagie or sub"
en,grip,Take and keep a firm hold of ; grasp tightly,Take and keep a firm hold of ; grasp tightly,a long time,a long time
en,grisly,Causing horror or disgust,Causing horror or disgust,"overly hairy, of a part of the body.  Also means excessively or unsightly, or used to insult. Like gnarly","overly hairy, of a part of the body.  Also means excessively or unsightly, or used to insult. Like gnarly"
en,grit,Small loose particles of stone or sand,Small loose particles of stone or sand,unattractive (describing a person); nasty; gross,unattractive (describing a person); nasty; gross
en,gritter,A vehicle or machine for spreading grit and often salt on roads in icy or potentially icy weather,A vehicle or machine for spreading grit and often salt on roads in icy or potentially icy weather,A visibly dirty individual,A visibly dirty individual
en,grommet,An eyelet placed in a hole to protect or insulate a rope or cable passed through it or to reinforce the hole,An eyelet placed in a hole to protect or insulate a rope or cable passed through it or to reinforce the hole,a young - typically pre-pubescent - surfer.  1960s slang,a young - typically pre-pubescent - surfer.  1960s slang
en,groove,"A long , narrow cut or depression in a hard material","A long , narrow cut or depression in a hard material","to leave, to do something","to leave, to do something"
en,gross,( especially of wrongdoing ) very obvious and unacceptable,( especially of wrongdoing ) very obvious and unacceptable,cool.  From the late 1960s - 1970s,cool.  From the late 1960s - 1970s
en,grouse,"A medium to large game bird with a plump body and feathered legs , the male being larger and more brightly coloured than the female","A medium to large game bird with a plump body and feathered legs , the male being larger and more brightly coloured than the female",excellent; awesome.  Australian slang,excellent; awesome.  Australian slang
en,growler,A person or thing that growls,A person or thing that growls,"defecation causing extreme pain, and audible growling sounds","defecation causing extreme pain, and audible growling sounds"
en,grrr,Used to express anger or annoyance,Used to express anger or annoyance,an expression of anger or annoyance.  Onomatopoeia for a growling sound,an expression of anger or annoyance.  Onomatopoeia for a growling sound
en,grub,"The larva of an insect , especially a beetle","The larva of an insect , especially a beetle",good tasting,good tasting
en,grubber,"A person who is determined to acquire or amass something , especially in an unscrupulous manner","A person who is determined to acquire or amass something , especially in an unscrupulous manner",slacker dude,slacker dude
en,guff,An unpleasant smell,An unpleasant smell,Free stuff,Free stuff
en,guise,"An external form , appearance , or manner of presentation , typically concealing the true nature of something","An external form , appearance , or manner of presentation , typically concealing the true nature of something",intentional misspelling of guys,intentional misspelling of guys
en,gully,A ravine formed by the action of water,A ravine formed by the action of water,"It means ghetto, pretty much.  Like you\'re keepin\' it gully when your belt breaks and you use a string instead.  It\'s a good thing, too, as opposed to Damn, that car is so ghetto!","It means ghetto, pretty much.  Like you\'re keepin\' it gully when your belt breaks and you use a string instead.  It\'s a good thing, too, as opposed to Damn, that car is so ghetto!"
en,gunner,A member of the armed forces who operates or specializes in guns,A member of the armed forces who operates or specializes in guns,"An over-achieving Type A individual; driven, aggressive, heedless, narcissistic","An over-achieving Type A individual; driven, aggressive, heedless, narcissistic"
en,gutter,A shallow trough fixed beneath the edge of a roof for carrying off rainwater,A shallow trough fixed beneath the edge of a roof for carrying off rainwater,often refers to the slums.  Often used to refer to poverty or someone who came from the bottom or currently resides there in,often refers to the slums.  Often used to refer to poverty or someone who came from the bottom or currently resides there in
en,guy,Make fun of ; ridicule,Make fun of ; ridicule,an expert or person one goes to for advice or a paid specialist in a given field,an expert or person one goes to for advice or a paid specialist in a given field
en,hack,Cut with rough or heavy blows,Cut with rough or heavy blows,an untalented professional,an untalented professional
en,hacker,A person who uses computers to gain unauthorized access to data,A person who uses computers to gain unauthorized access to data,"an expert or enthusiast of any kind, provided it involves hands-on work","an expert or enthusiast of any kind, provided it involves hands-on work"
en,hairy,Covered with hair,Covered with hair,"of a problem, complicated","of a problem, complicated"
en,handcuff,Put handcuffs on ( someone,Put handcuffs on ( someone,"to control one's girlfriend's / boyfriend's social life by not permitting them to associate with others, due to jealousy issues","to control one's girlfriend's / boyfriend's social life by not permitting them to associate with others, due to jealousy issues"
en,hang,Suspend or be suspended from above with the lower part dangling free,Suspend or be suspended from above with the lower part dangling free,a place at which one relaxes.  Also hangout,a place at which one relaxes.  Also hangout
en,hanging,The practice of hanging condemned people as a form of capital punishment,The practice of hanging condemned people as a form of capital punishment,"In the movie Liar, Liar with Jim Carrey, meaning how are things?  Refers to the position of someone's penis","In the movie Liar, Liar with Jim Carrey, meaning how are things?  Refers to the position of someone's penis"
en,hang out,( of washing ) hang from a clothes line to dry,( of washing ) hang from a clothes line to dry,"to spend time at a place, usually relaxing","to spend time at a place, usually relaxing"
en,hang up,Hang from a hook,Hang from a hook,neurosis or pet peeve,neurosis or pet peeve
en,hard,"Solid , firm , and rigid ; not easily broken , bent , or pierced","Solid , firm , and rigid ; not easily broken , bent , or pierced","cool, neat,","cool, neat,"
en,hardware,"Tools , machinery , and other durable equipment","Tools , machinery , and other durable equipment",one or more firearms,one or more firearms
en,harsh,Unpleasantly rough or jarring to the senses,Unpleasantly rough or jarring to the senses,mean or uncaring,mean or uncaring
en,hat,"A shaped covering for the head worn for warmth , as a fashion item , or as part of a uniform","A shaped covering for the head worn for warmth , as a fashion item , or as part of a uniform",hair or hair style,hair or hair style
en,hate,Feel intense dislike for,Feel intense dislike for,to disapprove,to disapprove
en,hater,A person who greatly dislikes a specified person or thing,A person who greatly dislikes a specified person or thing,a person who disapproves of something,a person who disapproves of something
en,hauler,A person or company employed in the transport of goods or materials by road ; haulier,A person or company employed in the transport of goods or materials by road ; haulier,"One who has not past a 3rd grade education, is partial to redneck lifestyle, unemployed, divorced multiple times, lives in a trailer house, and often pretends to have served in the military.  ONLY votes republican, and has no friends.  Haulers generally spend all their free time online on various forums, attempting to convert others to their lifestyle by bringing them down to their level.  Favorite places include McDonalds, WalMart and JC Pennys (sometimes KMart)  A TRUE hauler can not have children but often times attempts to adopt kids as a means of getting government assistance, and is well versed in  how to game the welfare system","One who has not past a 3rd grade education, is partial to redneck lifestyle, unemployed, divorced multiple times, lives in a trailer house, and often pretends to have served in the military.  ONLY votes republican, and has no friends.  Haulers generally spend all their free time online on various forums, attempting to convert others to their lifestyle by bringing them down to their level.  Favorite places include McDonalds, WalMart and JC Pennys (sometimes KMart)  A TRUE hauler can not have children but often times attempts to adopt kids as a means of getting government assistance, and is well versed in  how to game the welfare system"
en,have an axe to grind,Have a private reason for doing or being involved in something,Have a private reason for doing or being involved in something,to have a grudge,to have a grudge
en,hawk,"A bird of prey with broad rounded wings and a long tail , typically taking prey by surprise with a short chase","A bird of prey with broad rounded wings and a long tail , typically taking prey by surprise with a short chase","to look at, watch, stare, or eye.  From the bird, hawk","to look at, watch, stare, or eye.  From the bird, hawk"
en,hayseed,Grass seed obtained from hay,Grass seed obtained from hay,a person from a rural area;,a person from a rural area;
en,head,"The upper part of the human body , or the front or upper part of the body of an animal , typically separated from the rest of the body by a neck , and containing the brain , mouth , and sense organs","The upper part of the human body , or the front or upper part of the body of an animal , typically separated from the rest of the body by a neck , and containing the brain , mouth , and sense organs",a person,a person
en,heat,The quality of being hot ; high temperature,The quality of being hot ; high temperature,obvious,obvious
en,heater,A device for warming the air or water,A device for warming the air or water,a gun,a gun
en,heave,Lift or haul ( something heavy ) with great effort,Lift or haul ( something heavy ) with great effort,to be too full; filled to overflowing,to be too full; filled to overflowing
en,heck,"Expressing surprise , frustration , or dismay","Expressing surprise , frustration , or dismay",Euphemism for hell,Euphemism for hell
en,heifer,"( in farming ) a cow that has not borne a calf , or has borne only one calf","( in farming ) a cow that has not borne a calf , or has borne only one calf",an overweight female.  From the non-slang definition of heifer: a female cow,an overweight female.  From the non-slang definition of heifer: a female cow
en,heinous,"( of a person or wrongful act , especially a crime ) utterly odious or wicked","( of a person or wrongful act , especially a crime ) utterly odious or wicked",disgusting,disgusting
en,hell,"A place regarded in various religions as a spiritual realm of evil and suffering , often traditionally depicted as a place of perpetual fire beneath the earth where the wicked are punished after death","A place regarded in various religions as a spiritual realm of evil and suffering , often traditionally depicted as a place of perpetual fire beneath the earth where the wicked are punished after death","general exclamation, usually (but not always) conveying displeasure","general exclamation, usually (but not always) conveying displeasure"
en,helluva,A hell of a ( representing a non - standard pronunciation,A hell of a ( representing a non - standard pronunciation,very.  Used in A-team episodes,very.  Used in A-team episodes
en,helmet,"A hard or padded protective hat , various types of which are worn by soldiers , police officers , motorcyclists , sports players , and others","A hard or padded protective hat , various types of which are worn by soldiers , police officers , motorcyclists , sports players , and others",a haircut or hair style.  Usually used derogatorily,a haircut or hair style.  Usually used derogatorily
en,herb,"Any plant with leaves , seeds , or flowers used for flavouring , food , medicine , or perfume","Any plant with leaves , seeds , or flowers used for flavouring , food , medicine , or perfume","a nerd, wimp, wuss.","a nerd, wimp, wuss."
en,high,Of great vertical extent,Of great vertical extent,intoxicated from drugs,intoxicated from drugs
en,hip,A projection of the pelvis and upper thigh bone on each side of the body in human beings and quadrupeds,A projection of the pelvis and upper thigh bone on each side of the body in human beings and quadrupeds,aware,aware
en,hipster,( of a garment ) cut to fit and fasten at the hips rather than the waist,( of a garment ) cut to fit and fasten at the hips rather than the waist,"a person who is cool, current, or bohemian","a person who is cool, current, or bohemian"
en,hit,Bring one's hand or a tool or weapon into contact with ( someone or something ) quickly and forcefully,Bring one's hand or a tool or weapon into contact with ( someone or something ) quickly and forcefully,"messy, trashy, or dilapidated","messy, trashy, or dilapidated"
en,hitch,Move ( something ) into a different position with a jerk,Move ( something ) into a different position with a jerk,to hitchhike,to hitchhike
en,hocus pocus,A form of words often used by a person performing magic tricks,A form of words often used by a person performing magic tricks,nonsense,nonsense
en,hoe,"A long - handled gardening tool with a thin metal blade , used mainly for weeding","A long - handled gardening tool with a thin metal blade , used mainly for weeding","a general insult, usually applied to females","a general insult, usually applied to females"
en,hog,"A domesticated pig , especially a castrated male reared for slaughter","A domesticated pig , especially a castrated male reared for slaughter",penis,penis
en,hold,"Grasp , carry , or support with one's arms or hands","Grasp , carry , or support with one's arms or hands",to have drugs,to have drugs
en,holding pattern,The flight path maintained by an aircraft awaiting permission to land,The flight path maintained by an aircraft awaiting permission to land,"a period of waiting, during which little can be accomplished, until a particular external event occurs","a period of waiting, during which little can be accomplished, until a particular external event occurs"
en,hold on,Wait ; stop,Wait ; stop,to wait.  Usually used as a command,to wait.  Usually used as a command
en,hold up,Remain strong or vigorous,Remain strong or vigorous,to wait,to wait
en,hold water,"( of a statement , theory , or line of reasoning ) appear to be valid , sound , or reasonable","( of a statement , theory , or line of reasoning ) appear to be valid , sound , or reasonable",to be inadequate.  Usually said of an argument,to be inadequate.  Usually said of an argument
en,home run,A hit that allows the batter to make a complete circuit of the bases and score a run,A hit that allows the batter to make a complete circuit of the bases and score a run,"In the sexual contact as baseball achievement metaphor, means sexual intercourse","In the sexual contact as baseball achievement metaphor, means sexual intercourse"
en,homey,( of a place or surroundings ) comfortable and cosy,( of a place or surroundings ) comfortable and cosy,homework,homework
en,honey,"A sweet , sticky yellowish - brown fluid made by bees and other insects from nectar collected from flowers","A sweet , sticky yellowish - brown fluid made by bees and other insects from nectar collected from flowers",an attractive person,an attractive person
en,honk,The cry of a wild goose,The cry of a wild goose,to vomit,to vomit
en,hood,"A covering for the head and neck with an opening for the face , typically forming part of a coat or cloak","A covering for the head and neck with an opening for the face , typically forming part of a coat or cloak",shortened form of neighborhood.  Often implies a ghetto or urban community,shortened form of neighborhood.  Often implies a ghetto or urban community
en,hook,"A piece of metal or other hard material curved or bent back at an angle , for catching hold of or hanging things on","A piece of metal or other hard material curved or bent back at an angle , for catching hold of or hanging things on","to throw something to someone from across the room, or to give someone something","to throw something to someone from across the room, or to give someone something"
en,hooked,Curved like a hook,Curved like a hook,addicted,addicted
en,hooker,"The player in the middle of the front row of the scrum , who tries to hook the ball","The player in the middle of the front row of the scrum , who tries to hook the ball",a general insult,a general insult
en,hook up,Link or be linked to electronic equipment,Link or be linked to electronic equipment,a connection for merchandise.  Especially used for illegal merchandise,a connection for merchandise.  Especially used for illegal merchandise
en,hoopla,A game in which rings are thrown from behind a line in an attempt to encircle one of several prizes,A game in which rings are thrown from behind a line in an attempt to encircle one of several prizes,commotion,commotion
en,hoosier,"A native or inhabitant of the state of Indiana , US","A native or inhabitant of the state of Indiana , US","white trash, seems to be confined in use to Missouri","white trash, seems to be confined in use to Missouri"
en,hoot,"A low , wavering musical sound which is the typical call of many kinds of owl","A low , wavering musical sound which is the typical call of many kinds of owl",something (or someone) extremely funny,something (or someone) extremely funny
en,hooter,"A siren or steam whistle , especially one used as a signal for work to begin or finish","A siren or steam whistle , especially one used as a signal for work to begin or finish",a breast.  Usually used in the plural,a breast.  Usually used in the plural
en,hoots,Expressing dissatisfaction or impatience,Expressing dissatisfaction or impatience,breasts that are large,breasts that are large
en,hoover,"A vacuum cleaner , properly one made by the Hoover company","A vacuum cleaner , properly one made by the Hoover company",a person talented at fellatio,a person talented at fellatio
en,horse,"A large plant - eating domesticated mammal with solid hoofs and a flowing mane and tail , used for riding , racing , and to carry and pull loads","A large plant - eating domesticated mammal with solid hoofs and a flowing mane and tail , used for riding , racing , and to carry and pull loads",heroin,heroin
en,hose,"A flexible tube conveying water , used chiefly for watering plants and in firefighting","A flexible tube conveying water , used chiefly for watering plants and in firefighting",penis,penis
en,hot dog,"A frankfurter , especially one served hot in a long , soft roll and topped with various condiments","A frankfurter , especially one served hot in a long , soft roll and topped with various condiments",to have sex without a condom,to have sex without a condom
en,hub,"The central part of a wheel , rotating on or with the axle , and from which the spokes radiate","The central part of a wheel , rotating on or with the axle , and from which the spokes radiate",husband,husband
en,huckleberry,A soft edible blue - black fruit resembling a currant,A soft edible blue - black fruit resembling a currant,n. 1.a person or group that is of preference. 2. The person or people who can get the job done. 3. Someone liked. the go-to man,n. 1.a person or group that is of preference. 2. The person or people who can get the job done. 3. Someone liked. the go-to man
en,huh,"Used to express scorn , anger , or surprise","Used to express scorn , anger , or surprise","when used as a statement, I see","when used as a statement, I see"
en,hummer,"A type of four - wheel - drive all - terrain military vehicle , or a similar vehicle intended for civilian use","A type of four - wheel - drive all - terrain military vehicle , or a similar vehicle intended for civilian use",a session of fellatio; blowjob,a session of fellatio; blowjob
en,hump,A rounded raised mass of earth or land,A rounded raised mass of earth or land,a lazy or worthless person,a lazy or worthless person
en,hun,A member of a warlike Asiatic nomadic people who invaded and ravaged Europe in the 4th5th centuries,A member of a warlike Asiatic nomadic people who invaded and ravaged Europe in the 4th5th centuries,a term of endearment for a loved one,a term of endearment for a loved one
en,hung,( of an elected body ) having no political party with an overall majority,( of an elected body ) having no political party with an overall majority,"having a large penis.  Also well hung, hung like [a specific animal] (e.g","having a large penis.  Also well hung, hung like [a specific animal] (e.g"
en,hungarian,"Relating to Hungary , its people , or their language","Relating to Hungary , its people , or their language",hungry,hungry
en,hurl,Throw or impel ( someone or something ) with great force,Throw or impel ( someone or something ) with great force,to vomit,to vomit
en,hurler,A player of hurling,A player of hurling,"in baseball, a pitcher","in baseball, a pitcher"
en,hurt,Cause pain or injury to,Cause pain or injury to,very drunk or high,very drunk or high
en,hussy,An impudent or immoral girl or woman,An impudent or immoral girl or woman,general derogatory term for a female,general derogatory term for a female
en,hustle,Push roughly ; jostle,Push roughly ; jostle,to work hard and get some money,to work hard and get some money
en,hydro,A hotel or clinic originally providing hydropathic treatment,A hotel or clinic originally providing hydropathic treatment,marijuana grown hydroponically or otherwise artificially cultivated to increase its potency.  From hydroponics.  Also \'dro,marijuana grown hydroponically or otherwise artificially cultivated to increase its potency.  From hydroponics.  Also \'dro
en,hyphy,A style of uptempo hip - hop music originating in northern California and associated with a frenetic style of dancing,A style of uptempo hip - hop music originating in northern California and associated with a frenetic style of dancing,to be wild and crazy,to be wild and crazy
en,ice,"Frozen water , a brittle transparent crystalline solid","Frozen water , a brittle transparent crystalline solid",diamond-containing jewelry,diamond-containing jewelry
en,ill,Suffering from an illness or disease or feeling unwell,Suffering from an illness or disease or feeling unwell,"very good, excellent;","very good, excellent;"
en,illegal,"Contrary to or forbidden by law , especially criminal law","Contrary to or forbidden by law , especially criminal law",an illegal alien,an illegal alien
en,immense,"Extremely large or great , especially in scale or degree","Extremely large or great , especially in scale or degree",a word used when something was exciting or good,a word used when something was exciting or good
en,immigrant,A person who comes to live permanently in a foreign country,A person who comes to live permanently in a foreign country,a potent marijuana cigarette that is made entirely from roaches that have been saved specifically for the purpose of rolling a super-strong joint,a potent marijuana cigarette that is made entirely from roaches that have been saved specifically for the purpose of rolling a super-strong joint
en,in,Expressing the situation of something that is or appears to be enclosed or surrounded by something else,Expressing the situation of something that is or appears to be enclosed or surrounded by something else,fashionable,fashionable
en,inhale,"Breathe in ( air , gas , smoke , etc","Breathe in ( air , gas , smoke , etc",to consume quickly,to consume quickly
en,ink,"A coloured fluid or paste used for writing , drawing , printing , or duplicating","A coloured fluid or paste used for writing , drawing , printing , or duplicating",one or more tattoos,one or more tattoos
en,interweb,The Internet,The Internet,internet.  From internet + web.  Also used in the plural form,internet.  From internet + web.  Also used in the plural form
en,into,Expressing movement or action with the result that someone or something becomes enclosed or surrounded by something else,Expressing movement or action with the result that someone or something becomes enclosed or surrounded by something else,interested in,interested in
en,invitation,A written or verbal request inviting someone to go somewhere or to do something,A written or verbal request inviting someone to go somewhere or to do something,incentive unintentionally provided or intentional set up by speaking or acting poorly in the presence of a comic or cynic,incentive unintentionally provided or intentional set up by speaking or acting poorly in the presence of a comic or cynic
en,invite,"Make a polite , formal , or friendly request to ( someone ) to go somewhere or to do something","Make a polite , formal , or friendly request to ( someone ) to go somewhere or to do something",an invitation,an invitation
en,item,"An individual article or unit , especially one that is part of a list , collection , or set","An individual article or unit , especially one that is part of a list , collection , or set",a news-worthy couple,a news-worthy couple
en,jack,"A device for lifting heavy objects , especially one for raising the axle of a motor vehicle off the ground so that a wheel can be changed or the underside inspected","A device for lifting heavy objects , especially one for raising the axle of a motor vehicle off the ground so that a wheel can be changed or the underside inspected","nothing, very little","nothing, very little"
en,jackass,A stupid person,A stupid person,"a person being unpleasant, argumentative, disrespectful, ungrateful, oppositional, cantankerous, self-important, etc","a person being unpleasant, argumentative, disrespectful, ungrateful, oppositional, cantankerous, self-important, etc"
en,jacket,"An outer garment extending either to the waist or the hips , typically having sleeves and a fastening down the front","An outer garment extending either to the waist or the hips , typically having sleeves and a fastening down the front",a police officer,a police officer
en,jackpot,"A large cash prize in a game or lottery , especially one that accumulates until it is won","A large cash prize in a game or lottery , especially one that accumulates until it is won","in the middle of something usually not good and having no control over it, have to go where you gotta go  2. everyone wants a piece of ya","in the middle of something usually not good and having no control over it, have to go where you gotta go  2. everyone wants a piece of ya"
en,jammy,"Covered with , filled with , or resembling jam","Covered with , filled with , or resembling jam",lucky,lucky
en,jaunt,A short excursion or journey made for pleasure,A short excursion or journey made for pleasure,anything,anything
en,jawn,"( chiefly in eastern Pennsylvania ) used to refer to a thing , place , person , or event that one need not or cannot give a specific name to","( chiefly in eastern Pennsylvania ) used to refer to a thing , place , person , or event that one need not or cannot give a specific name to",an unspecified thing or person.  Also jaun,an unspecified thing or person.  Also jaun
en,jay,"A bird of the crow family with boldly patterned plumage , typically having blue feathers in the wings or tail","A bird of the crow family with boldly patterned plumage , typically having blue feathers in the wings or tail",a joint (i.e. marijuana cigarette.)  Also spelled j,a joint (i.e. marijuana cigarette.)  Also spelled j
en,jaywalk,Cross or walk in the street or road unlawfully or without regard for approaching traffic,Cross or walk in the street or road unlawfully or without regard for approaching traffic,a trip on foot while smoking marijuana,a trip on foot while smoking marijuana
en,jet,A rapid stream of liquid or gas forced out of a small opening,A rapid stream of liquid or gas forced out of a small opening,to leave,to leave
en,jewel,"A precious stone , typically a single crystal or piece of a hard lustrous or translucent mineral cut into shape with flat facets or smoothed and polished for use as an ornament","A precious stone , typically a single crystal or piece of a hard lustrous or translucent mineral cut into shape with flat facets or smoothed and polished for use as an ornament",Any valuable information that can enhance your knowledge and understanding towards a better life,Any valuable information that can enhance your knowledge and understanding towards a better life
en,jib,A triangular staysail set forward of the mast,A triangular staysail set forward of the mast,To procrastinate over a task or to completely forget it,To procrastinate over a task or to completely forget it
en,jigger,"A machine or vehicle with a part that rocks or moves to and fro , e . g . a jigsaw","A machine or vehicle with a part that rocks or moves to and fro , e . g . a jigsaw",thing,thing
en,jive,"A lively style of dance popular especially in the 1940s and 1950s , performed to swing music or rock and roll","A lively style of dance popular especially in the 1940s and 1950s , performed to swing music or rock and roll",dancing,dancing
en,jobber,"( in the UK ) a principal or wholesaler who dealt only on the Stock Exchange with brokers , not directly with the public","( in the UK ) a principal or wholesaler who dealt only on the Stock Exchange with brokers , not directly with the public",a professional wrestler who loses matches so as to build up a featured wrestler\'s win/loss record and crowd appeal.  Derogatory,a professional wrestler who loses matches so as to build up a featured wrestler\'s win/loss record and crowd appeal.  Derogatory
en,joint,A point at which parts of an artificial structure are joined,A point at which parts of an artificial structure are joined,song,song
en,joker,A person who is fond of joking,A person who is fond of joking,"n. a man, guy","n. a man, guy"
en,jug,"A cylindrical container with a handle and a lip , used for holding and pouring liquids","A cylindrical container with a handle and a lip , used for holding and pouring liquids",breast.  Usually used in the plural,breast.  Usually used in the plural
en,juggler,An entertainer who continuously tosses into the air and catches a number of objects so as to keep at least one in the air while handling the others,An entertainer who continuously tosses into the air and catches a number of objects so as to keep at least one in the air while handling the others,"a piece of crack cocaine weighing approximately 0.2 grams, usually selling for $USD 10 - $USD 20","a piece of crack cocaine weighing approximately 0.2 grams, usually selling for $USD 10 - $USD 20"
en,juicer,An appliance for extracting juice from fruit and vegetables,An appliance for extracting juice from fruit and vegetables,alcoholic.  from The Getaway (c.1967) by Sam Peckinpah with Steve McQueen,alcoholic.  from The Getaway (c.1967) by Sam Peckinpah with Steve McQueen
en,juicy,( of food ) full of juice ; succulent,( of food ) full of juice ; succulent,secret or incriminating,secret or incriminating
en,juju,A style of music popular among the Yoruba in Nigeria and characterized by the use of guitars and variable - pitch drums,A style of music popular among the Yoruba in Nigeria and characterized by the use of guitars and variable - pitch drums,medicine,medicine
en,jump,Push oneself off a surface and into the air by using the muscles in one's legs and feet,Push oneself off a surface and into the air by using the muscles in one's legs and feet,a slut who's fast paced from one dick to another,a slut who's fast paced from one dick to another
en,jumper,"A knitted garment typically with long sleeves , worn over the upper body","A knitted garment typically with long sleeves , worn over the upper body",a female who greatly enjoys oral sex,a female who greatly enjoys oral sex
en,junk,"The lump of oily fibrous tissue in a sperm whale's head , containing spermaceti","The lump of oily fibrous tissue in a sperm whale's head , containing spermaceti",an exclamation of disappointment;,an exclamation of disappointment;
en,k,Kindergarten,Kindergarten,abbreviated form of okay,abbreviated form of okay
en,kahuna,( in Hawaii ) a wise man or shaman,( in Hawaii ) a wise man or shaman,a large breast.  Usually used in the plural,a large breast.  Usually used in the plural
en,keener,A person who wails or sings in grief for a dead person,A person who wails or sings in grief for a dead person,"Used when someone does stuff irritatingly good in school or is teacher's pet, enjoys school","Used when someone does stuff irritatingly good in school or is teacher's pet, enjoys school"
en,keep an eye on,Keep under careful observation,Keep under careful observation,to supervise a person,to supervise a person
en,keeper,A person who manages or looks after something or someone,A person who manages or looks after something or someone,"from football, but referring to an object that you like","from football, but referring to an object that you like"
en,key,"A small piece of shaped metal with incisions cut to fit the wards of a particular lock , which is inserted into a lock and turned to open or close it","A small piece of shaped metal with incisions cut to fit the wards of a particular lock , which is inserted into a lock and turned to open or close it",great,great
en,keyed,( of a locking mechanism or switch ) operated by a key,( of a locking mechanism or switch ) operated by a key,"really wasted, drunk, high etc.  Originates in NorCal in the Bay Area","really wasted, drunk, high etc.  Originates in NorCal in the Bay Area"
en,kick,Strike or propel forcibly with the foot,Strike or propel forcibly with the foot,a strong flavor,a strong flavor
en,kick in,Come into effect or operation,Come into effect or operation,to begin taking effect,to begin taking effect
en,kicking,An assault in which the victim is kicked repeatedly,An assault in which the victim is kicked repeatedly,"very good, excellent; cool; awesome","very good, excellent; cool; awesome"
en,kill,"Cause the death of ( a person , animal , or other living thing","Cause the death of ( a person , animal , or other living thing","to cause a non-living thing to become nonfunctional.  For example, a computer or a car","to cause a non-living thing to become nonfunctional.  For example, a computer or a car"
en,kink,A sharp twist or curve in something that is otherwise straight,A sharp twist or curve in something that is otherwise straight,a small problem,a small problem
en,kinky,Having kinks or twists,Having kinks or twists,(adjective) Used teasingly. Refers to something unusual or out of the norm. Typically in a joking sense,(adjective) Used teasingly. Refers to something unusual or out of the norm. Typically in a joking sense
en,kiss of death,An action or event that causes certain failure for an enterprise,An action or event that causes certain failure for an enterprise,something specific that brings bad luck,something specific that brings bad luck
en,kit,A set of articles or equipment needed for a specific purpose,A set of articles or equipment needed for a specific purpose,a large amount of illegal drugs,a large amount of illegal drugs
en,knob,"A rounded lump or ball , especially at the end or on the surface of something","A rounded lump or ball , especially at the end or on the surface of something",the tip (glans) of the penis,the tip (glans) of the penis
en,knock,"Strike a surface noisily to attract attention , especially when waiting to be let in through a door","Strike a surface noisily to attract attention , especially when waiting to be let in through a door",To punch with intent to critically injure,To punch with intent to critically injure
en,knot,"A fastening made by looping a piece of string , rope , or something similar on itself and tightening it","A fastening made by looping a piece of string , rope , or something similar on itself and tightening it",a roll of money,a roll of money
en,knowledge,"Facts , information , and skills acquired through experience or education ; the theoretical or practical understanding of a subject","Facts , information , and skills acquired through experience or education ; the theoretical or practical understanding of a subject",statement of agreement,statement of agreement
en,kung fu,A primarily unarmed Chinese martial art resembling karate,A primarily unarmed Chinese martial art resembling karate,"A person's particular talent, something they do very well. Often used generically to describe a particular streak of luck.","A person's particular talent, something they do very well. Often used generically to describe a particular streak of luck."
en,l,( giving position or direction ) left,( giving position or direction ) left,license,license
en,lace,"A fine open fabric of cotton or silk , made by looping , twisting , or knitting thread in patterns and used especially for trimming garments","A fine open fabric of cotton or silk , made by looping , twisting , or knitting thread in patterns and used especially for trimming garments",another word for money,another word for money
en,lame,( of a person or animal ) unable to walk without difficulty as the result of an injury or illness affecting the leg or foot,( of a person or animal ) unable to walk without difficulty as the result of an injury or illness affecting the leg or foot,"boring, dull, uninspired","boring, dull, uninspired"
en,lamp,"A device for giving light , either one consisting of an electric bulb together with its holder and shade or cover , or one burning gas or oil and consisting of a wick or mantle and a glass shade","A device for giving light , either one consisting of an electric bulb together with its holder and shade or cover , or one burning gas or oil and consisting of a wick or mantle and a glass shade",To hang around,To hang around
en,landing strip,An airstrip,An airstrip,"trimmed female pubic hair in a rectangular shape, as if a landing strip to the vulva","trimmed female pubic hair in a rectangular shape, as if a landing strip to the vulva"
en,large,"Of considerable or relatively great size , extent , or capacity","Of considerable or relatively great size , extent , or capacity",one thousand dollars,one thousand dollars
en,lass,A girl or young woman,A girl or young woman,a female,a female
en,last,Coming after all others in time or order ; final,Coming after all others in time or order ; final,"of poor quality, displeasing.","of poor quality, displeasing."
en,late,"Doing something or taking place after the expected , proper , or usual time","Doing something or taking place after the expected , proper , or usual time","being late for menstruation, hence possibly pregnant","being late for menstruation, hence possibly pregnant"
en,launder,Wash and iron ( clothes or linen,Wash and iron ( clothes or linen,to make money obtained illegally seem legitimate,to make money obtained illegally seem legitimate
en,laundry,Clothes and linen that need to be washed or that have been newly washed,Clothes and linen that need to be washed or that have been newly washed,"underwear, usually in a suggestive, playful sense","underwear, usually in a suggestive, playful sense"
en,lay,Put ( something ) down gently or carefully,Put ( something ) down gently or carefully,relaxed and comfortable,relaxed and comfortable
en,lead poisoning,Acute or chronic poisoning due to the absorption of lead into the body,Acute or chronic poisoning due to the absorption of lead into the body,death by shooting,death by shooting
en,leak,"( of a container or covering ) accidentally lose or admit contents , especially liquid or gas , through a hole or crack","( of a container or covering ) accidentally lose or admit contents , especially liquid or gas , through a hole or crack",to urinate,to urinate
en,leet,A yearly or half - yearly court of record that the lords of certain manors held,A yearly or half - yearly court of record that the lords of certain manors held,"very good, excellent; cool.  From elite.  Also written l33t","very good, excellent; cool.  From elite.  Also written l33t"
en,legal,Relating to the law,Relating to the law,above the age of sexual consent,above the age of sexual consent
en,lemming,"A small , short - tailed , thickset rodent related to the voles , found in the Arctic tundra","A small , short - tailed , thickset rodent related to the voles , found in the Arctic tundra",a person who blindly follows others,a person who blindly follows others
en,lemon,"A pale yellow oval citrus fruit with thick skin and fragrant , acidic juice","A pale yellow oval citrus fruit with thick skin and fragrant , acidic juice","sexual fanfic, i.e. sexual fan fiction, i.e. sexual stories written by fans of a particular work of fiction","sexual fanfic, i.e. sexual fan fiction, i.e. sexual stories written by fans of a particular work of fiction"
en,lettuce,"A cultivated plant of the daisy family , with edible leaves that are eaten in salads","A cultivated plant of the daisy family , with edible leaves that are eaten in salads",money,money
en,level up,( especially in a role - playing game ) progress to the next level,( especially in a role - playing game ) progress to the next level,to increase one's stature in life,to increase one's stature in life
en,lick,"Pass the tongue over ( something ) in order to taste , moisten , or clean it","Pass the tongue over ( something ) in order to taste , moisten , or clean it",a small amount,a small amount
en,lid,A removable or hinged cover for the top of a container,A removable or hinged cover for the top of a container,one's head of hair,one's head of hair
en,life,"The condition that distinguishes animals and plants from inorganic matter , including the capacity for growth , reproduction , functional activity , and continual change preceding death","The condition that distinguishes animals and plants from inorganic matter , including the capacity for growth , reproduction , functional activity , and continual change preceding death",life in prison,life in prison
en,lift,Raise to a higher position or level,Raise to a higher position or level,to steal,to steal
en,light up,( of a person's face or eyes ) suddenly become animated with liveliness or joy,( of a person's face or eyes ) suddenly become animated with liveliness or joy,"to set flame to a smoking device, such as a cigarette or pipe","to set flame to a smoking device, such as a cigarette or pipe"
en,like,Having the same characteristics or qualities as ; similar to,Having the same characteristics or qualities as ; similar to,introduction to dramatic or emotionally-charged event,introduction to dramatic or emotionally-charged event
en,linebacker,A defensive player positioned just behind the line of scrimmage,A defensive player positioned just behind the line of scrimmage,a female who is masculine and muscularly built,a female who is masculine and muscularly built
en,link farm,"A set of web pages created with the sole aim of linking to a target page , in an attempt to improve that page's search engine ranking","A set of web pages created with the sole aim of linking to a target page , in an attempt to improve that page's search engine ranking","a website with little or no content, consisting of mostly (or entirely)  links to other websites","a website with little or no content, consisting of mostly (or entirely)  links to other websites"
en,lion,"A large tawny - coloured cat that lives in prides , found in Africa and north - western India . The male has a flowing shaggy mane and takes little part in hunting , which is done cooperatively by the females","A large tawny - coloured cat that lives in prides , found in Africa and north - western India . The male has a flowing shaggy mane and takes little part in hunting , which is done cooperatively by the females","entrepreneur, or someone running things, lion meaning power and leadership within the one man's creation","entrepreneur, or someone running things, lion meaning power and leadership within the one man's creation"
en,list,"A number of connected items or names written or printed consecutively , typically one below the other","A number of connected items or names written or printed consecutively , typically one below the other",a metaphorical list of people with whom one is angry,a metaphorical list of people with whom one is angry
en,lit,Provided with light or lighting ; illuminated,Provided with light or lighting ; illuminated,under the influence of marijuana;,under the influence of marijuana;
en,live,Remain alive,Remain alive,cool.  From Southern California,cool.  From Southern California
en,llama,"A domesticated pack animal of the camel family found in the Andes , valued for its soft woolly fleece","A domesticated pack animal of the camel family found in the Andes , valued for its soft woolly fleece",a person who is stupid or doing something stupid at the time.  Also used in place of the word lamer,a person who is stupid or doing something stupid at the time.  Also used in place of the word lamer
en,loaded,"Carrying or bearing a load , especially a large one","Carrying or bearing a load , especially a large one",large breasted,large breasted
en,loaf,A quantity of bread that is shaped and baked in one piece and usually sliced before being eaten,A quantity of bread that is shaped and baked in one piece and usually sliced before being eaten,a solid unit of feces,a solid unit of feces
en,local,Relating or restricted to a particular area or one's neighbourhood,Relating or restricted to a particular area or one's neighbourhood,The pub near to one's house at which one is a regular,The pub near to one's house at which one is a regular
en,lock,"A mechanism for keeping a door , window , lid , or container fastened , typically operated by a key","A mechanism for keeping a door , window , lid , or container fastened , typically operated by a key",to be arrested and put in a jail cell,to be arrested and put in a jail cell
en,loner,A person that prefers not to associate with others,A person that prefers not to associate with others,a person who likes to be alone,a person who likes to be alone
en,look sharp,Be quick,Be quick,to be alert,to be alert
en,loon,"A large diving waterbird with a sleek black or grey head , a straight pointed bill , and short legs set far back under the body ; a diver","A large diving waterbird with a sleek black or grey head , a straight pointed bill , and short legs set far back under the body ; a diver",a crazy person,a crazy person
en,looper,"A caterpillar of a geometrid moth , which moves forward by arching and straightening its body","A caterpillar of a geometrid moth , which moves forward by arching and straightening its body",a dangerous crazy person.  Someone who is extremely reckless or violent.  Dublin slang,a dangerous crazy person.  Someone who is extremely reckless or violent.  Dublin slang
en,loopy,Having many loops,Having many loops,"strange, as if sedated or otherwise on drugs","strange, as if sedated or otherwise on drugs"
en,loose,Not firmly or tightly fixed in place ; detached or able to be detached,Not firmly or tightly fixed in place ; detached or able to be detached,drunk,drunk
en,lossy,Having or involving the dissipation of electrical or electromagnetic energy,Having or involving the dissipation of electrical or electromagnetic energy,This definition is questionable and is pending deletion.  It will be saved from deletion if legitimate citations are found,This definition is questionable and is pending deletion.  It will be saved from deletion if legitimate citations are found
en,loud,Producing or capable of producing much noise,Producing or capable of producing much noise,with conflicting colors or patterns,with conflicting colors or patterns
en,love,An intense feeling of deep affection,An intense feeling of deep affection,affectionate form of address,affectionate form of address
en,lovely,Very beautiful or attractive,Very beautiful or attractive,"bad, unfortunate, inconvenient, etc.  Sarcasm","bad, unfortunate, inconvenient, etc.  Sarcasm"
en,low rider,A customized vehicle with hydraulic jacks that allow the chassis to be lowered nearly to the road,A customized vehicle with hydraulic jacks that allow the chassis to be lowered nearly to the road,a person who drives a car that has been lowered.  Usually derogatory,a person who drives a car that has been lowered.  Usually derogatory
en,lurk,Be or remain hidden so as to wait in ambush for someone or something,Be or remain hidden so as to wait in ambush for someone or something,to hang out,to hang out
en,lush,"( of vegetation , especially grass ) growing luxuriantly","( of vegetation , especially grass ) growing luxuriantly",great; amazing.  Shortened form of luscious,great; amazing.  Shortened form of luscious
en,lux,"The SI unit of illuminance , equal to one lumen per square metre","The SI unit of illuminance , equal to one lumen per square metre",luxury; luxurious,luxury; luxurious
en,ma,Master of Arts,Master of Arts,used after a question.  Singapore slang,used after a question.  Singapore slang
en,mac,A type of personal computer,A type of personal computer,a Mackintosh rain coat,a Mackintosh rain coat
en,machine,"An apparatus using mechanical power and having several parts , each with a definite function and together performing a particular task","An apparatus using mechanical power and having several parts , each with a definite function and together performing a particular task",computer,computer
en,mad,Mentally ill ; insane,Mentally ill ; insane,"good, in reference to talent","good, in reference to talent"
en,madcap,Amusingly eccentric,Amusingly eccentric,crazy,crazy
en,maggot,"A soft - bodied legless larva of a fly or other insect , found in decaying matter","A soft - bodied legless larva of a fly or other insect , found in decaying matter",drunk,drunk
en,main,Chief in size or importance,Chief in size or importance,"your main/best thing, esp. a character in video games","your main/best thing, esp. a character in video games"
en,make,Form ( something ) by putting parts together or combining substances ; create,Form ( something ) by putting parts together or combining substances ; create,to identify or recognize,to identify or recognize
en,make a move,Take action,Take action,to approach someone with romantic intent.  Also make (one's) move,to approach someone with romantic intent.  Also make (one's) move
en,malware,"Software that is specifically designed to disrupt , damage , or gain unauthorized access to a computer system","Software that is specifically designed to disrupt , damage , or gain unauthorized access to a computer system",software that does bad things.  From malicious + software,software that does bad things.  From malicious + software
en,man,An adult human male,An adult human male,"a general exclamation not used to address anyone in particular, and can even be used when alone","a general exclamation not used to address anyone in particular, and can even be used when alone"
en,manhood,The state or period of being a man rather than a child,The state or period of being a man rather than a child,a penis,a penis
en,map,"A diagrammatic representation of an area of land or sea showing physical features , cities , roads , etc","A diagrammatic representation of an area of land or sea showing physical features , cities , roads , etc",a person's face,a person's face
en,marinate,"Soak ( meat , fish , or other food ) in a marinade","Soak ( meat , fish , or other food ) in a marinade",to sit around waiting for something to happen,to sit around waiting for something to happen
en,mass,A large body of matter with no definite shape,A large body of matter with no definite shape,very; really; extremely,very; really; extremely
en,massive,Large and heavy or solid,Large and heavy or solid,Awesome,Awesome
en,math,Mathematics,Mathematics,Phone number,Phone number
en,mean,Intend to convey or refer to ( a particular thing ); signify,Intend to convey or refer to ( a particular thing ); signify,extreme,extreme
en,medicine,"The science or practice of the diagnosis , treatment , and prevention of disease ( in technical use often taken to exclude surgery","The science or practice of the diagnosis , treatment , and prevention of disease ( in technical use often taken to exclude surgery",alcohol,alcohol
en,mental,Relating to the mind,Relating to the mind,aggravated,aggravated
en,merkin,An artificial covering of hair for the pubic area,An artificial covering of hair for the pubic area,a pubic wig,a pubic wig
en,mess,A dirty or untidy state of things or of a place,A dirty or untidy state of things or of a place,"a person who isn't good at life.  For example, a person who is unstable emotionally, or whose life is constantly more chaotic than the norm","a person who isn't good at life.  For example, a person who is unstable emotionally, or whose life is constantly more chaotic than the norm"
en,messy,Untidy or dirty,Untidy or dirty,with a tendency to become extremely inebriated and/or to get sick from over imbibing drugs or alcohol,with a tendency to become extremely inebriated and/or to get sick from over imbibing drugs or alcohol
en,midge,A small or minute two - winged fly that forms swarms and breeds near water or marshy areas,A small or minute two - winged fly that forms swarms and breeds near water or marshy areas,a short person.  From midget,a short person.  From midget
en,milk,"An opaque white fluid rich in fat and protein , secreted by female mammals for the nourishment of their young","An opaque white fluid rich in fat and protein , secreted by female mammals for the nourishment of their young","It means something that looks too good for words. Refers to clothing, automobiles, etc... Could be a synonym for the slang word fly, but more intense. Originated on the streets of New York City","It means something that looks too good for words. Refers to clothing, automobiles, etc... Could be a synonym for the slang word fly, but more intense. Originated on the streets of New York City"
en,min,"A dialect of Chinese spoken by over 50 million people , mainly in Fujian province , Hainan , and Taiwan . It has two main forms , northern and southern","A dialect of Chinese spoken by over 50 million people , mainly in Fujian province , Hainan , and Taiwan . It has two main forms , northern and southern","minute, moment, soon","minute, moment, soon"
en,mind,"The element of a person that enables them to be aware of the world and their experiences , to think , and to feel ; the faculty of consciousness and thought","The element of a person that enables them to be aware of the world and their experiences , to think , and to feel ; the faculty of consciousness and thought",head,head
en,mint,"An aromatic plant native to temperate regions of the Old World , several kinds of which are used as culinary herbs","An aromatic plant native to temperate regions of the Old World , several kinds of which are used as culinary herbs","attractive, usually applying to a male","attractive, usually applying to a male"
en,minute,A period of time equal to sixty seconds or a sixtieth of an hour,A period of time equal to sixty seconds or a sixtieth of an hour,a long period of time.  Used as a humorous understatement,a long period of time.  Used as a humorous understatement
en,mo,The way a particular person tends to do things,The way a particular person tends to do things,mustache,mustache
en,mod,"( especially in the early 1960s ) a young person of a subculture characterized by a smart stylish appearance , the riding of motor scooters , and a liking for soul music","( especially in the early 1960s ) a young person of a subculture characterized by a smart stylish appearance , the riding of motor scooters , and a liking for soul music","short for modification, used to describe a product used for modding","short for modification, used to describe a product used for modding"
en,moist,Slightly wet,Slightly wet,excited.,excited.
en,mojo,"A magic charm , talisman , or spell","A magic charm , talisman , or spell",style,style
en,mole,"A small burrowing mammal with dark velvety fur , a long muzzle , and very small eyes , feeding mainly on worms , grubs , and other invertebrates","A small burrowing mammal with dark velvety fur , a long muzzle , and very small eyes , feeding mainly on worms , grubs , and other invertebrates",an unpleasant female; bitch.  Australian slang.  Originally spelled,an unpleasant female; bitch.  Australian slang.  Originally spelled
en,momo,( in Tibetan cooking ) a steamed dumpling filled with meat or vegetables,( in Tibetan cooking ) a steamed dumpling filled with meat or vegetables,an unintelligent person; moron.  Dates to the mid-1950s.  The Random House Historical Dictionary of American Slang suggests it may be from a reduplication of the first syllable in moron or it may be from the dialectical Italian mammoccio meaning stupid rascal.  Recently used as the name of a character in the film Get Shorty,an unintelligent person; moron.  Dates to the mid-1950s.  The Random House Historical Dictionary of American Slang suggests it may be from a reduplication of the first syllable in moron or it may be from the dialectical Italian mammoccio meaning stupid rascal.  Recently used as the name of a character in the film Get Shorty
en,money,A current medium of exchange in the form of coins and banknotes ; coins and banknotes collectively,A current medium of exchange in the form of coins and banknotes ; coins and banknotes collectively,suave;,suave;
en,moneymaker,A person or thing that earns a lot of money,A person or thing that earns a lot of money,buttocks,buttocks
en,monkey,"A small to medium - sized primate that typically has a long tail , most kinds of which live in trees in tropical countries","A small to medium - sized primate that typically has a long tail , most kinds of which live in trees in tropical countries",completely devoid of being hip - backwards or country-fied,completely devoid of being hip - backwards or country-fied
en,monster,"A large , ugly , and frightening imaginary creature","A large , ugly , and frightening imaginary creature",large,large
en,monte,"A game , traditionally associated with confidence tricksters , in which bets are made on which is the queen among three cards lying face downwards","A game , traditionally associated with confidence tricksters , in which bets are made on which is the queen among three cards lying face downwards",a video.,a video.
en,mooch,An instance of loitering in a bored or listless manner,An instance of loitering in a bored or listless manner,a person who requests and then takes things without ever returning the favor,a person who requests and then takes things without ever returning the favor
en,moonlight,The light of the moon,The light of the moon,to have a second job,to have a second job
en,moose,"A large deer with palmate antlers and a growth of skin hanging from the neck , native to northern Eurasia and northern North America","A large deer with palmate antlers and a growth of skin hanging from the neck , native to northern Eurasia and northern North America",Extremely annoying person; idiot,Extremely annoying person; idiot
en,moped,"A light motor cycle , especially one with an engine capacity of not more than 50 cc","A light motor cycle , especially one with an engine capacity of not more than 50 cc",an overweight female.  From the joke She\'s like riding a moped: a lot of fun but you wouldn\'t want you friends to see you ride one,an overweight female.  From the joke She\'s like riding a moped: a lot of fun but you wouldn\'t want you friends to see you ride one
en,moral compass,Used in reference to a person's ability to judge what is right and wrong and act accordingly,Used in reference to a person's ability to judge what is right and wrong and act accordingly,a person's sense of morality,a person's sense of morality
en,mother,A woman in relation to her child or children,A woman in relation to her child or children,good,good
en,motor,"A machine , especially one powered by electricity or internal combustion , that supplies motive power for a vehicle or for another device with moving parts","A machine , especially one powered by electricity or internal combustion , that supplies motive power for a vehicle or for another device with moving parts",to go,to go
en,mounted,"Riding an animal , typically a horse , especially for military or other duty","Riding an animal , typically a horse , especially for military or other duty",extremely drunk;,extremely drunk;
en,mouse,"A small rodent that typically has a pointed snout , relatively large ears and eyes , and a long tail","A small rodent that typically has a pointed snout , relatively large ears and eyes , and a long tail",to push around,to push around
en,msg,Message,Message,shortened form of message,shortened form of message
en,muff,A tube made of fur or other warm material into which the hands are placed for warmth,A tube made of fur or other warm material into which the hands are placed for warmth,female genitalia (vagina),female genitalia (vagina)
en,muffin,A small domed spongy cake made with eggs and baking powder,A small domed spongy cake made with eggs and baking powder,an attractive person,an attractive person
en,mug,"A large cup , typically cylindrical with a handle and used without a saucer","A large cup , typically cylindrical with a handle and used without a saucer",face,face
en,mullah,A Muslim learned in Islamic theology and sacred law,A Muslim learned in Islamic theology and sacred law,money,money
en,mum,Silent,Silent,quiet,quiet
en,munch,Eat ( something ) steadily and often audibly,Eat ( something ) steadily and often audibly,food,food
en,mundane,Lacking interest or excitement ; dull,Lacking interest or excitement ; dull,pejorative term for a person not involved in fandom,pejorative term for a person not involved in fandom
en,murk,Darkness or thick mist that makes it difficult to see,Darkness or thick mist that makes it difficult to see,going to leave,going to leave
en,muscle,"A band or bundle of fibrous tissue in a human or animal body that has the ability to contract , producing movement in or maintaining the position of parts of the body","A band or bundle of fibrous tissue in a human or animal body that has the ability to contract , producing movement in or maintaining the position of parts of the body",to force,to force
en,mush,"A soft , wet , pulpy mass","A soft , wet , pulpy mass",friend,friend
en,musty,"Having a stale , mouldy , or damp smell","Having a stale , mouldy , or damp smell","of a person, smelling very bad","of a person, smelling very bad"
en,nail,"A small metal spike with a broadened flat head , driven into wood to join things together or to serve as a hook","A small metal spike with a broadened flat head , driven into wood to join things together or to serve as a hook",to hit forcefully with a blunt object,to hit forcefully with a blunt object
en,nappy,A piece of towelling or other absorbent material wrapped round a baby's bottom and between its legs to absorb and retain urine and faeces,A piece of towelling or other absorbent material wrapped round a baby's bottom and between its legs to absorb and retain urine and faeces,"gross, disgusting","gross, disgusting"
en,nard,The Himalayan spikenard ( plant,The Himalayan spikenard ( plant,testicle,testicle
en,nasty,Very bad or unpleasant,Very bad or unpleasant,"really bad, disgusting","really bad, disgusting"
en,nastygram,A particularly offensive email message,A particularly offensive email message,any form of written communication that is unpleasant in tone or content,any form of written communication that is unpleasant in tone or content
en,nectar,"A sugary fluid secreted within flowers to encourage pollination by insects and other animals , collected by bees to make into honey","A sugary fluid secreted within flowers to encourage pollination by insects and other animals , collected by bees to make into honey",very good; excellent; fun; cool,very good; excellent; fun; cool
en,needle,"A very fine slender piece of polished metal with a point at one end and a hole or eye for thread at the other , used in sewing","A very fine slender piece of polished metal with a point at one end and a hole or eye for thread at the other , used in sewing",something hard to find.  From like finding a needle in a haystack,something hard to find.  From like finding a needle in a haystack
en,nerf,A type of foam rubber used to make toys and sports equipment,A type of foam rubber used to make toys and sports equipment,"in an update or sequel to a video game, to make a weapon weak or weaker, such that it's like a Nerf gun","in an update or sequel to a video game, to make a weapon weak or weaker, such that it's like a Nerf gun"
en,nib,"The pointed end part of a pen , which distributes the ink on the writing surface","The pointed end part of a pen , which distributes the ink on the writing surface","small amount of marijuana, less than a bowl","small amount of marijuana, less than a bowl"
en,nice,Giving pleasure or satisfaction ; pleasant or attractive,Giving pleasure or satisfaction ; pleasant or attractive,"very good, excellent; cool.  Sometimes spelled nyce","very good, excellent; cool.  Sometimes spelled nyce"
en,nickel,"A silvery - white metal , the chemical element of atomic number 28","A silvery - white metal , the chemical element of atomic number 28",five hundred dollars,five hundred dollars
en,nine,"Equivalent to the product of three and three ; one more than eight , or one less than ten ; 9","Equivalent to the product of three and three ; one more than eight , or one less than ten ; 9",a nine millimeter pistol,a nine millimeter pistol
en,ninja,A person skilled in the Japanese art of ninjutsu,A person skilled in the Japanese art of ninjutsu,"displaying stealth, prowess in combat, etc","displaying stealth, prowess in combat, etc"
en,nip,Bite or pinch sharply,Bite or pinch sharply,nipple,nipple
en,nod,"Lower and raise one's head slightly and briefly , especially in greeting , assent , or understanding , or to give someone a signal","Lower and raise one's head slightly and briefly , especially in greeting , assent , or understanding , or to give someone a signal","to fall asleep due to drugs, especially opiates (such as heroin.)","to fall asleep due to drugs, especially opiates (such as heroin.)"
en,nog,A small block or peg of wood,A small block or peg of wood,"an unusual, foolish, or irritating person.  A friendly although mildly negative term","an unusual, foolish, or irritating person.  A friendly although mildly negative term"
en,noise,"A sound , especially one that is loud or unpleasant or that causes disturbance","A sound , especially one that is loud or unpleasant or that causes disturbance",a lot of talk; babble,a lot of talk; babble
en,nonce,( of a word or expression ) coined for one occasion,( of a word or expression ) coined for one occasion,a male who is attracted to much younger women,a male who is attracted to much younger women
en,no problem,Used to express one's agreement or acquiescence,Used to express one's agreement or acquiescence,you\'re welcome,you\'re welcome
en,nosedive,A steep downward plunge by an aircraft,A steep downward plunge by an aircraft,to fail,to fail
en,note,A brief record of points or ideas written down as an aid to memory,A brief record of points or ideas written down as an aid to memory,"Amount of debt, usually on a monthly basis. i.e, car payment","Amount of debt, usually on a monthly basis. i.e, car payment"
en,nugget,A small lump of gold or other precious metal found ready - formed in the earth,A small lump of gold or other precious metal found ready - formed in the earth,"a strange or silly person, or one who has done just done something silly","a strange or silly person, or one who has done just done something silly"
en,number,"An arithmetical value , expressed by a word , symbol , or figure , representing a particular quantity and used in counting and making calculations","An arithmetical value , expressed by a word , symbol , or figure , representing a particular quantity and used in counting and making calculations",an article of clothing.  Usually limited to describing one that shows off the wearer's body,an article of clothing.  Usually limited to describing one that shows off the wearer's body
en,nut,A fruit consisting of a hard or tough shell around an edible kernel,A fruit consisting of a hard or tough shell around an edible kernel,semen,semen
en,nutty,Tasting like nuts,Tasting like nuts,crazy,crazy
en,o,The fifteenth letter of the alphabet,The fifteenth letter of the alphabet,ounce.  Used especially in reference to drugs,ounce.  Used especially in reference to drugs
en,oaf,A man who is rough or clumsy and unintelligent,A man who is rough or clumsy and unintelligent,derogatory term for a big dumb male,derogatory term for a big dumb male
en,oath,"A solemn promise , often invoking a divine witness , regarding one's future action or behaviour","A solemn promise , often invoking a divine witness , regarding one's future action or behaviour","an affirmative response; yes, exactly!  Australian origin","an affirmative response; yes, exactly!  Australian origin"
en,offline,Not controlled by or directly connected to a computer or the Internet,Not controlled by or directly connected to a computer or the Internet,"to some time that is not the present time, and/or some place that is not the present location","to some time that is not the present time, and/or some place that is not the present location"
en,off the hook,"( of a telephone receiver ) not on its rest , and so preventing incoming calls","( of a telephone receiver ) not on its rest , and so preventing incoming calls","very good, excellent; cool.  Also many variations such as off the heezy, off the fa-sheezy, off the clock, etc","very good, excellent; cool.  Also many variations such as off the heezy, off the fa-sheezy, off the clock, etc"
en,off the record,Not made as an official or attributable statement,Not made as an official or attributable statement,never to be repeated,never to be repeated
en,old lady,An elderly woman,An elderly woman,"female significant other, such as a girlfriend or wife","female significant other, such as a girlfriend or wife"
en,old man,An elderly male person,An elderly male person,"male significant other, such as a boyfriend or husband","male significant other, such as a boyfriend or husband"
en,on deck,On or on to a ship's main deck,On or on to a ship's main deck,waiting,waiting
en,one,The lowest cardinal number ; half of two ; 1,The lowest cardinal number ; half of two ; 1,goodbye,goodbye
en,on fire,In flames ; burning,In flames ; burning,good,good
en,onion,"A swollen edible bulb used as a vegetable , having a pungent taste and smell and composed of several concentric layers","A swollen edible bulb used as a vegetable , having a pungent taste and smell and composed of several concentric layers",an ounce of marijuana,an ounce of marijuana
en,on point,Relevant and appropriate to what is happening or being discussed,Relevant and appropriate to what is happening or being discussed,"in compliance with established rules or regulations; avoiding the appearance of duplicity, or do[ing] what I say, not what I do","in compliance with established rules or regulations; avoiding the appearance of duplicity, or do[ing] what I say, not what I do"
en,on the ball,"Alert to new ideas , methods , and trends","Alert to new ideas , methods , and trends",well-performing,well-performing
en,on the fly,While in motion or progress,While in motion or progress,"Usually means automatically or concurrently complete one action without stopping the first action, i.e. on the fly online Help means that you don't have to stop using a software program in order to use the online Help.  Without online Help, you'd have to stop using the software program to manually troubleshoot your problem using the operation manual.  It basically means that you don't have to stop what you are doing in order to complete another action","Usually means automatically or concurrently complete one action without stopping the first action, i.e. on the fly online Help means that you don't have to stop using a software program in order to use the online Help.  Without online Help, you'd have to stop using the software program to manually troubleshoot your problem using the operation manual.  It basically means that you don't have to stop what you are doing in order to complete another action"
en,on the rebound,While still distressed by the ending of a romantic relationship,While still distressed by the ending of a romantic relationship,having recently been in a relationship that ended,having recently been in a relationship that ended
en,on the table,Offered for discussion,Offered for discussion,"of an option, still available","of an option, still available"
en,oof,"Expressing alarm , annoyance , or relief","Expressing alarm , annoyance , or relief","expression to indicate pleasure, sometimes used in place of My God! or Oh my Lord!","expression to indicate pleasure, sometimes used in place of My God! or Oh my Lord!"
en,open,"Allowing access , passage , or a view through an empty space ; not closed or blocked","Allowing access , passage , or a view through an empty space ; not closed or blocked","interested in someone romantically.  Derived from the phrase nose open, implying that one is literally smelling the object of their affection, similar to the way dogs sniff other dogs buttocks","interested in someone romantically.  Derived from the phrase nose open, implying that one is literally smelling the object of their affection, similar to the way dogs sniff other dogs buttocks"
en,orgasm,"The climax of sexual excitement , characterized by intensely pleasurable feelings centred in the genitals and ( in men ) experienced as an accompaniment to ejaculation","The climax of sexual excitement , characterized by intensely pleasurable feelings centred in the genitals and ( in men ) experienced as an accompaniment to ejaculation",To suggest pleasure with the quality of an object/person,To suggest pleasure with the quality of an object/person
en,otaku,( in Japan ) a young person who is obsessed with computers or particular aspects of popular culture to the detriment of their social skills,( in Japan ) a young person who is obsessed with computers or particular aspects of popular culture to the detriment of their social skills,obsessed fan of Japanese animation.  From Japanese,obsessed fan of Japanese animation.  From Japanese
en,out,"Moving or appearing to move away from a particular place , especially one that is enclosed or hidden","Moving or appearing to move away from a particular place , especially one that is enclosed or hidden",excluded from something,excluded from something
en,outfit,"A set of clothes worn together , especially for a particular occasion or purpose","A set of clothes worn together , especially for a particular occasion or purpose",an organization,an organization
en,out of hand,Not under control,Not under control,uncontrollable,uncontrollable
en,out of pocket,Having lost money in a transaction,Having lost money in a transaction,crazy,crazy
en,over,Extending directly upwards from,Extending directly upwards from,"having once been interested in or highly enthusiastic about something, not currently.  Often used for one-upmanship","having once been interested in or highly enthusiastic about something, not currently.  Often used for one-upmanship"
en,over the top,Over the parapet of a trench and into battle,Over the parapet of a trench and into battle,excessive,excessive
en,own,Used with a possessive to emphasize that someone or something belongs or relates to the person mentioned,Used with a possessive to emphasize that someone or something belongs or relates to the person mentioned,to be extremely good,to be extremely good
en,oxygen,"A colourless , odourless reactive gas , the chemical element of atomic number 8 and the life - supporting component of the air","A colourless , odourless reactive gas , the chemical element of atomic number 8 and the life - supporting component of the air","an atmosphere, aura, the condition when someone is up for something","an atmosphere, aura, the condition when someone is up for something"
en,pack,A small cardboard or paper container and the items contained within it,A small cardboard or paper container and the items contained within it,verb.  To eat,verb.  To eat
en,packer,"A person or machine that packs something , especially someone who prepares and packs food for transportation and sale","A person or machine that packs something , especially someone who prepares and packs food for transportation and sale",a penis,a penis
en,pad,"A thick piece of soft material , typically used to protect or shape something , or to absorb liquid","A thick piece of soft material , typically used to protect or shape something , or to absorb liquid",home,home
en,pain,Highly unpleasant physical sensation caused by illness or injury,Highly unpleasant physical sensation caused by illness or injury,a bother,a bother
en,painted,Covered or decorated with paint,Covered or decorated with paint,to be fake,to be fake
en,paint job,The decorative or finishing application of paint to an object,The decorative or finishing application of paint to an object,suntan,suntan
en,pan out,End up ; conclude,End up ; conclude,to result; end up,to result; end up
en,pansy,A cultivated variety of viola with brightly coloured flowers,A cultivated variety of viola with brightly coloured flowers,"a male scared to do anything that a male, or in extreme cases female, would normally do with ease (","a male scared to do anything that a male, or in extreme cases female, would normally do with ease ("
en,panther,"A leopard , especially a black one","A leopard , especially a black one","a black man of Negroid-Australoid descent.  Especially a black alpha male.  Based on the American, Australian and Dalit Black Panther Movements (cf. the 1995 film Panther directed by Mario Van Peebles), as well as the Black Panther character of Marvel comics (T'Challa).  Compare to panthress","a black man of Negroid-Australoid descent.  Especially a black alpha male.  Based on the American, Australian and Dalit Black Panther Movements (cf. the 1995 film Panther directed by Mario Van Peebles), as well as the Black Panther character of Marvel comics (T'Challa).  Compare to panthress"
en,pants,Underpants or knickers,Underpants or knickers,"to pull down an individual's bottom-wear, exposing their underwear.  A form of public humiliation","to pull down an individual's bottom-wear, exposing their underwear.  A form of public humiliation"
en,pap,Bland soft or semi - liquid food such as that suitable for babies or invalids,Bland soft or semi - liquid food such as that suitable for babies or invalids,a person who isn't liked in general,a person who isn't liked in general
en,paper,"Material manufactured in thin sheets from the pulp of wood or other fibrous substances , used for writing , drawing , or printing on , or as wrapping material","Material manufactured in thin sheets from the pulp of wood or other fibrous substances , used for writing , drawing , or printing on , or as wrapping material",a rolling paper.  Usually used in the plural,a rolling paper.  Usually used in the plural
en,par,The number of strokes a first - class player should normally require for a particular hole or course,The number of strokes a first - class player should normally require for a particular hole or course,to disrespect or mistreat,to disrespect or mistreat
en,parlay,A cumulative series of bets in which winnings accruing from each transaction are used as a stake for a further bet,A cumulative series of bets in which winnings accruing from each transaction are used as a stake for a further bet,To chill out; sit around and shoot the shit,To chill out; sit around and shoot the shit
en,partial,Existing only in part ; incomplete,Existing only in part ; incomplete,something of satisfactory quality or can be directly defined as half of the term full.  Derived from the mid 1990\'s teen culture of southeast Charlotte,something of satisfactory quality or can be directly defined as half of the term full.  Derived from the mid 1990\'s teen culture of southeast Charlotte
en,partner,Either of a pair of people engaged together in the same activity,Either of a pair of people engaged together in the same activity,friend.  Sometimes,friend.  Sometimes
en,party,"A social gathering of invited guests , typically involving eating , drinking , and entertainment","A social gathering of invited guests , typically involving eating , drinking , and entertainment",a rave,a rave
en,pass out,Become unconscious,Become unconscious,"to fall asleep, often (but not always) in a place other than one's own bed","to fall asleep, often (but not always) in a place other than one's own bed"
en,patch,A piece of cloth or other material used to mend or strengthen a torn or weak point,A piece of cloth or other material used to mend or strengthen a torn or weak point,"a small, thin strip of male chest hair that is exclusively between a man's pectoral muscles","a small, thin strip of male chest hair that is exclusively between a man's pectoral muscles"
en,pathological,Relating to pathology,Relating to pathology,"of a set of circumstances that are likely to adversely affect something, very unlikely to occur","of a set of circumstances that are likely to adversely affect something, very unlikely to occur"
en,paw,An animal's foot having claws and pads,An animal's foot having claws and pads,parents are watching,parents are watching
en,paywall,( on a website ) an arrangement whereby access is restricted to users who have paid to subscribe to the site,( on a website ) an arrangement whereby access is restricted to users who have paid to subscribe to the site,a metaphorical wall that prevents access to content until payment is made,a metaphorical wall that prevents access to content until payment is made
en,peace,Freedom from disturbance ; tranquillity,Freedom from disturbance ; tranquillity,interjection to announce one's departure,interjection to announce one's departure
en,peach,A round stone fruit with juicy yellow flesh and downy pinkish - yellow skin,A round stone fruit with juicy yellow flesh and downy pinkish - yellow skin,a sweet or nice person,a sweet or nice person
en,peachy,Of the nature or appearance of a peach,Of the nature or appearance of a peach,"of a situation or current life condition, good","of a situation or current life condition, good"
en,peanut,"The oval seed of a tropical South American plant , often roasted and salted and eaten as a snack or used to make oil or animal feed","The oval seed of a tropical South American plant , often roasted and salted and eaten as a snack or used to make oil or animal feed",penis,penis
en,peeper,"A person who peeps at someone or something , especially in a voyeuristic way","A person who peeps at someone or something , especially in a voyeuristic way",penis.  A childish term,penis.  A childish term
en,peg,"A short pin or bolt , typically tapered at one end , that is used for securing something in place , hanging things on , or marking a position","A short pin or bolt , typically tapered at one end , that is used for securing something in place , hanging things on , or marking a position",to hit with a thrown object,to hit with a thrown object
en,pelt,Hurl missiles repeatedly at,Hurl missiles repeatedly at,to hit or strike,to hit or strike
en,pen,"An instrument for writing or drawing with ink , typically consisting of a metal nib or ball , or a nylon tip , fitted into a metal or plastic holder","An instrument for writing or drawing with ink , typically consisting of a metal nib or ball , or a nylon tip , fitted into a metal or plastic holder",n. tampon,n. tampon
en,performant,Functioning well or as expected,Functioning well or as expected,high-performing,high-performing
en,pfft,"Used to represent a brief sound such as that made by the passage of a bullet or that of a small , muffled explosion","Used to represent a brief sound such as that made by the passage of a bullet or that of a small , muffled explosion",exclamation of disbelief,exclamation of disbelief
en,phone,A telephone,A telephone,to call on the phone,to call on the phone
en,pickled,( of food ) preserved in vinegar or brine,( of food ) preserved in vinegar or brine,drunk,drunk
en,pick up,Become better ; improve,Become better ; improve,to successfully attract a person,to successfully attract a person
en,pie,"A baked dish of fruit , or meat and vegetables , typically with a top and base of pastry","A baked dish of fruit , or meat and vegetables , typically with a top and base of pastry",a pizza.  From pizza pie,a pizza.  From pizza pie
en,piece,"A portion of an object or of material , produced by cutting , tearing , or breaking the whole","A portion of an object or of material , produced by cutting , tearing , or breaking the whole","a graffiti mural.  (Also any single artistic expression, e.g. a composition.)","a graffiti mural.  (Also any single artistic expression, e.g. a composition.)"
en,pied,Having two or more different colours,Having two or more different colours,"high, under the influence of marijuana","high, under the influence of marijuana"
en,pigeon,"A stout seed - or fruit - eating bird with a small head , short legs , and a cooing voice , typically having grey and white plumage","A stout seed - or fruit - eating bird with a small head , short legs , and a cooing voice , typically having grey and white plumage","an unattractive, trashy, usually poor female;","an unattractive, trashy, usually poor female;"
en,pigskin,The hide of a domestic pig,The hide of a domestic pig,an American/Canadian football,an American/Canadian football
en,pile,A heap of things laid or lying one on top of another,A heap of things laid or lying one on top of another,to penetrate a person during rough sexual activity,to penetrate a person during rough sexual activity
en,pill,A small round mass of solid medicine for swallowing whole,A small round mass of solid medicine for swallowing whole,head or haircut.  usually derogatory,head or haircut.  usually derogatory
en,pillage,"Rob a ( place ) using violence , especially in wartime","Rob a ( place ) using violence , especially in wartime",to eat,to eat
en,pimp,"A man who controls prostitutes and arranges clients for them , taking a percentage of their earnings in return","A man who controls prostitutes and arranges clients for them , taking a percentage of their earnings in return","very good, excellent; cool; awesome.  Also pimping","very good, excellent; cool; awesome.  Also pimping"
en,pinch,"Grip ( something , typically a person's flesh ) tightly and sharply between finger and thumb","Grip ( something , typically a person's flesh ) tightly and sharply between finger and thumb",to arrest,to arrest
en,pineapple,A large juicy tropical fruit consisting of aromatic edible yellow flesh surrounded by a tough segmented skin and topped with a tuft of stiff leaves,A large juicy tropical fruit consisting of aromatic edible yellow flesh surrounded by a tough segmented skin and topped with a tuft of stiff leaves,An annoying person,An annoying person
en,ping,"A short , high - pitched ringing sound","A short , high - pitched ringing sound","a message (sent literally) to enquire whether someone is present via instant messaging or internet chat.  ACK is the affirmative response.  (NAK is a humorous negative response, meaning No, I\'m not here.)","a message (sent literally) to enquire whether someone is present via instant messaging or internet chat.  ACK is the affirmative response.  (NAK is a humorous negative response, meaning No, I\'m not here.)"
en,pink,"Of a colour intermediate between red and white , as of coral or salmon","Of a colour intermediate between red and white , as of coral or salmon",the pink slip of a vehicle,the pink slip of a vehicle
en,pip,A small hard seed in a fruit,A small hard seed in a fruit,"a real character; sometimes a pain in the ass.  For example, when a woman is monopolizing the conversation:","a real character; sometimes a pain in the ass.  For example, when a woman is monopolizing the conversation:"
en,pipe,"A tube used to convey water , gas , oil , or other fluid substances","A tube used to convey water , gas , oil , or other fluid substances",to have sexual intercourse,to have sexual intercourse
en,pish,"Used to express annoyance , impatience , or disgust","Used to express annoyance , impatience , or disgust","inadequate, displeasing, or of poor quality.  Also piss","inadequate, displeasing, or of poor quality.  Also piss"
en,pit,A large hole in the ground,A large hole in the ground,a disgusting place,a disgusting place
en,plank,"A long , thin , flat piece of timber , used especially in building and flooring","A long , thin , flat piece of timber , used especially in building and flooring",a stupid or absent-minded person,a stupid or absent-minded person
en,plant,"A living organism of the kind exemplified by trees , shrubs , herbs , grasses , ferns , and mosses , typically growing in a permanent site , absorbing water and inorganic substances through its roots , and synthesizing nutrients in its leaves by photosynthesis using the green pigment chlorophyll","A living organism of the kind exemplified by trees , shrubs , herbs , grasses , ferns , and mosses , typically growing in a permanent site , absorbing water and inorganic substances through its roots , and synthesizing nutrients in its leaves by photosynthesis using the green pigment chlorophyll",to bury a body,to bury a body
en,plastered,Covered with or made of plaster,Covered with or made of plaster,extremely drunk,extremely drunk
en,plastic,"A synthetic material made from a wide range of organic polymers such as polyethylene , PVC , nylon , etc ., that can be moulded into shape while soft , and then set into a rigid or slightly elastic form","A synthetic material made from a wide range of organic polymers such as polyethylene , PVC , nylon , etc ., that can be moulded into shape while soft , and then set into a rigid or slightly elastic form","derogatory. General term for a fake, or in reference to a shallow person","derogatory. General term for a fake, or in reference to a shallow person"
en,play,Engage in activity for enjoyment and recreation rather than a serious or practical purpose,Engage in activity for enjoyment and recreation rather than a serious or practical purpose,sexual activity,sexual activity
en,player,A person taking part in a sport or game,A person taking part in a sport or game,"a person who dates more than one person at a time, usually just for sex or other perks.  Will typically do anything to have sex with someone.  Carries a heavy negative connotation.  Usually used to describe males, but could be used to describe females who act in this manner.  Often pronounced","a person who dates more than one person at a time, usually just for sex or other perks.  Will typically do anything to have sex with someone.  Carries a heavy negative connotation.  Usually used to describe males, but could be used to describe females who act in this manner.  Often pronounced"
en,pluck,Take hold of ( something ) and quickly remove it from its place,Take hold of ( something ) and quickly remove it from its place,to hit,to hit
en,plum,"An oval fleshy fruit which is purple , reddish , or yellow when ripe and contains a flattish pointed stone","An oval fleshy fruit which is purple , reddish , or yellow when ripe and contains a flattish pointed stone",testicle.  Usually used in the plural,testicle.  Usually used in the plural
en,plumber,"A person who fits and repairs the pipes , fittings , and other apparatus of water supply , sanitation , or heating systems","A person who fits and repairs the pipes , fittings , and other apparatus of water supply , sanitation , or heating systems",The male role during the act of sexual intercourse,The male role during the act of sexual intercourse
en,plumbing,"The system of pipes , tanks , fittings , and other apparatus required for the water supply , heating , and sanitation in a building","The system of pipes , tanks , fittings , and other apparatus required for the water supply , heating , and sanitation in a building",the internal portions of some system,the internal portions of some system
en,podger,"A short bar of iron or steel used as a lever , especially for tightening a box spanner","A short bar of iron or steel used as a lever , especially for tightening a box spanner",a fat person,a fat person
en,pogo,"A toy for jumping about on , consisting of a long , spring - loaded pole with a handle at the top and rests for a person's feet near the bottom","A toy for jumping about on , consisting of a long , spring - loaded pole with a handle at the top and rests for a person's feet near the bottom",to dance in a particular style which involves a lot of jumping up and down,to dance in a particular style which involves a lot of jumping up and down
en,point,"The tapered , sharp end of a tool , weapon , or other object","The tapered , sharp end of a tool , weapon , or other object","a hypodermic needle, or anything similar","a hypodermic needle, or anything similar"
en,poke,Jab or prod ( someone or something ) with one's finger or a sharp object,Jab or prod ( someone or something ) with one's finger or a sharp object,a session of sex,a session of sex
en,police,( of a police force ) have the duty of maintaining law and order in or at ( an area or event,( of a police force ) have the duty of maintaining law and order in or at ( an area or event,"added to a standard English word or phrase, to form a phrase meaning people who are rigidly pedantic on the subject in question, and tend to correct others, e.g. grammar police; poetry police","added to a standard English word or phrase, to form a phrase meaning people who are rigidly pedantic on the subject in question, and tend to correct others, e.g. grammar police; poetry police"
en,polished,Shiny as a result of being rubbed,Shiny as a result of being rubbed,inebriated,inebriated
en,pone,"Unleavened maize bread in the form of flat oval cakes or loaves , originally as prepared with water by North American Indians and cooked in hot ashes","Unleavened maize bread in the form of flat oval cakes or loaves , originally as prepared with water by North American Indians and cooked in hot ashes",alternate spelling of pwn,alternate spelling of pwn
en,poop,"The aftermost and highest deck of a ship , especially in a sailing ship where it typically forms the roof of a cabin in the stern","The aftermost and highest deck of a ship , especially in a sailing ship where it typically forms the roof of a cabin in the stern",exclamation of disappointment,exclamation of disappointment
en,pop,Make or cause to make a light explosive sound,Make or cause to make a light explosive sound,term of address for an older male,term of address for an older male
en,pork,"The flesh of a pig used as food , especially when uncured","The flesh of a pig used as food , especially when uncured",police,police
en,porker,A young pig raised and fattened for food,A young pig raised and fattened for food,"n  1. one who eats large quantities of food, usually junk food, very quickly","n  1. one who eats large quantities of food, usually junk food, very quickly"
en,pork pie,"A raised pie made with minced , cooked pork , typically eaten cold","A raised pie made with minced , cooked pork , typically eaten cold",a lie.  Cockney rhyming slang.  Often shortened to porkies,a lie.  Cockney rhyming slang.  Often shortened to porkies
en,poser,A person who poses ; a poseur,A person who poses ; a poseur,"a person who pretends to be a member of a group that they are not actually a member of; wannabe.  For example, by adopting the mode of dress, mannerisms, speech patterns, etc. of the group","a person who pretends to be a member of a group that they are not actually a member of; wannabe.  For example, by adopting the mode of dress, mannerisms, speech patterns, etc. of the group"
en,posho,"( in East Africa ) daily rations consisting typically of maize or rice , given to soldiers or in payment for menial work","( in East Africa ) daily rations consisting typically of maize or rice , given to soldiers or in payment for menial work",posh,posh
en,posse,A body of men summoned by a sheriff to enforce the law,A body of men summoned by a sheriff to enforce the law,a group of people,a group of people
en,postal,Relating to the post,Relating to the post,"violently insane, homicidal","violently insane, homicidal"
en,post up,"Play in a position near the basket , along the side of the key","Play in a position near the basket , along the side of the key",to hang out somewhere,to hang out somewhere
en,pot,"A rounded or cylindrical container , typically of metal , used for cooking","A rounded or cylindrical container , typically of metal , used for cooking",toilet,toilet
en,potato,"A starchy plant tuber which is one of the most important food crops , cooked and eaten as a vegetable","A starchy plant tuber which is one of the most important food crops , cooked and eaten as a vegetable",A word women use around boys or children for use of the word period,A word women use around boys or children for use of the word period
en,potty,A bowl used by small children as a toilet,A bowl used by small children as a toilet,a restroom,a restroom
en,pounce,( of an animal or bird of prey ) spring or swoop suddenly so as to catch prey,( of an animal or bird of prey ) spring or swoop suddenly so as to catch prey,to engage in sexual intercourse,to engage in sexual intercourse
en,pound,"A unit of weight equal to 16 oz . avoirdupois ( 0 . 4536 kg ), or 12 oz . troy ( 0 . 3732 kg","A unit of weight equal to 16 oz . avoirdupois ( 0 . 4536 kg ), or 12 oz . troy ( 0 . 3732 kg","of a car stereo system, to be loud","of a car stereo system, to be loud"
en,powder room,A women's toilet in a public building,A women's toilet in a public building,restroom,restroom
en,power,The ability or capacity to do something or act in a particular way,The ability or capacity to do something or act in a particular way,the remote control for a television,the remote control for a television
en,power nap,A short sleep taken during the working day in order to restore one's mental alertness,A short sleep taken during the working day in order to restore one's mental alertness,a brief nap intended to increase performance,a brief nap intended to increase performance
en,power trip,A self - aggrandizing quest for ever - increasing control over others,A self - aggrandizing quest for ever - increasing control over others,an instance of someone abusing their position of power,an instance of someone abusing their position of power
en,prairie dog,"A gregarious ground squirrel that lives in interconnected burrows which may cover many hectares , native to the grasslands of North America","A gregarious ground squirrel that lives in interconnected burrows which may cover many hectares , native to the grasslands of North America","to need to defecate so badly that the feces is coming out a bit, as a prairie dog looking out of its burrow","to need to defecate so badly that the feces is coming out a bit, as a prairie dog looking out of its burrow"
en,prawn,A marine crustacean which resembles a large shrimp,A marine crustacean which resembles a large shrimp,"an unintelligent person, used in road rage. compare with  idiot","an unintelligent person, used in road rage. compare with  idiot"
en,pree,Sample or taste ( something,Sample or taste ( something,pretty as in quite but not as in attractive,pretty as in quite but not as in attractive
en,prep,Pre - exposure prophylaxis ( the taking of a prescription drug as a means of preventing HIV infection in an HIV - negative person,Pre - exposure prophylaxis ( the taking of a prescription drug as a means of preventing HIV infection in an HIV - negative person,A person that is always happy and wears a certain brand of clothing and is a popular person,A person that is always happy and wears a certain brand of clothing and is a popular person
en,prepend,Add ( something ) to the beginning of something else,Add ( something ) to the beginning of something else,to add something to the beginning; prefix.  The computing variant of append,to add something to the beginning; prefix.  The computing variant of append
en,president,The elected head of a republican state,The elected head of a republican state,to be admired by men and women. To have a lot of money,to be admired by men and women. To have a lot of money
en,press,Move or cause to move into a position of contact with something by exerting continuous physical force,Move or cause to move into a position of contact with something by exerting continuous physical force,to attempt to attract;,to attempt to attract;
en,pressed,"Flattened , shaped , or smoothed by the application of pressure , typically from an iron","Flattened , shaped , or smoothed by the application of pressure , typically from an iron",very upset with something or someone,very upset with something or someone
en,previous,Existing or occurring before in time or order,Existing or occurring before in time or order,a previous criminal charge,a previous criminal charge
en,prick,Make a small hole in ( something ) with a sharp point ; pierce slightly,Make a small hole in ( something ) with a sharp point ; pierce slightly,derisive term for a mean or unkind person; jerk.  Usually used to refer to males,derisive term for a mean or unkind person; jerk.  Usually used to refer to males
en,primo,The leading or upper part in a duet,The leading or upper part in a duet,"attractive, great, flawless; awesome.  Also spelled premo","attractive, great, flawless; awesome.  Also spelled premo"
en,princess,The daughter of a monarch,The daughter of a monarch,"a spoiled, overindulged female","a spoiled, overindulged female"
en,pro,( of a person or an event ) professional,( of a person or an event ) professional,talented,talented
en,proper,Denoting something that is truly what it is said or regarded to be ; genuine,Denoting something that is truly what it is said or regarded to be ; genuine,very,very
en,prosumer,A person who buys electronic goods that are of a standard between those aimed at consumers and professionals,A person who buys electronic goods that are of a standard between those aimed at consumers and professionals,"of a product, having some professional qualities but being aimed primarily at the consumer market","of a product, having some professional qualities but being aimed primarily at the consumer market"
en,prune,"A plum preserved by drying and having a black , wrinkled appearance","A plum preserved by drying and having a black , wrinkled appearance",an old person. used to describe their wrinkles,an old person. used to describe their wrinkles
en,psych,Analyse ( something ) in psychological terms,Analyse ( something ) in psychological terms,said upon fooling someone,said upon fooling someone
en,puddle,"A small pool of liquid , especially of rainwater on the ground","A small pool of liquid , especially of rainwater on the ground",a group of juvenile animals close together,a group of juvenile animals close together
en,puff,"A short , explosive burst of breath or wind","A short , explosive burst of breath or wind",a homosexual male,a homosexual male
en,puffy,( especially of part of the body ) unusually swollen,( especially of part of the body ) unusually swollen,a puffy nipple,a puffy nipple
en,pull,Exert force on ( someone or something ) so as to cause movement towards oneself,Exert force on ( someone or something ) so as to cause movement towards oneself,"To buy liquor, porn, or cigarettes for somebody under the age of 18.  Used in Saskatchewan, unknown in Alberta","To buy liquor, porn, or cigarettes for somebody under the age of 18.  Used in Saskatchewan, unknown in Alberta"
en,pumper,A fire engine that carries a hose and pumps water,A fire engine that carries a hose and pumps water,"drug dealer.  Used in the Dorchester neighborhood of Boston, Massachusetts, USA","drug dealer.  Used in the Dorchester neighborhood of Boston, Massachusetts, USA"
en,punch,Strike with the fist,Strike with the fist,strength,strength
en,punk,"A loud , fast - moving , and aggressive form of rock music , popular in the late 1970s","A loud , fast - moving , and aggressive form of rock music , popular in the late 1970s","a disrespectful, rude, or otherwise unpleasant person","a disrespectful, rude, or otherwise unpleasant person"
en,punt,"A long , narrow flat - bottomed boat , square at both ends and propelled with a long pole , used on inland waters chiefly for recreation","A long , narrow flat - bottomed boat , square at both ends and propelled with a long pole , used on inland waters chiefly for recreation",to violently kick someone a far distance or across a large space. Somewhat like kicking an American football or rugby ball,to violently kick someone a far distance or across a large space. Somewhat like kicking an American football or rugby ball
en,puny,Small and weak,Small and weak,unwell; ill; sick;,unwell; ill; sick;
en,puppy love,"Intense but relatively shallow romantic attachment , associated with adolescents","Intense but relatively shallow romantic attachment , associated with adolescents",young love,young love
en,pusher,A person or thing that pushes something,A person or thing that pushes something,one who sells illegal drugs,one who sells illegal drugs
en,push off,"Use an oar , boathook , etc . to exert pressure so as to move a boat out from a bank","Use an oar , boathook , etc . to exert pressure so as to move a boat out from a bank","to do illegal drugs, especially heroin","to do illegal drugs, especially heroin"
en,puss,"A person's face , mouth , or expression","A person's face , mouth , or expression",face,face
en,put stock in,Have a specified amount of belief or faith in,Have a specified amount of belief or faith in,to trust,to trust
en,quality,The standard of something as measured against other things of a similar kind ; the degree of excellence of something,The standard of something as measured against other things of a similar kind ; the degree of excellence of something,good; excellent;,good; excellent;
en,quarter,Each of four equal or corresponding parts into which something is or can be divided,Each of four equal or corresponding parts into which something is or can be divided,a quarter once (1/4 ounce) of illegal drugs,a quarter once (1/4 ounce) of illegal drugs
en,queen,"The female ruler of an independent state , especially one who inherits the position by right of birth","The female ruler of an independent state , especially one who inherits the position by right of birth","used among gay males for someone who is controlling, uncompromising","used among gay males for someone who is controlling, uncompromising"
en,queen bee,The single reproductive female in a hive or colony of honeybees,The single reproductive female in a hive or colony of honeybees,a woman expressing her leadership; mostly used by females referring to their role as the main and only leader,a woman expressing her leadership; mostly used by females referring to their role as the main and only leader
en,quid,A lump of tobacco for chewing,A lump of tobacco for chewing,1 pound sterling,1 pound sterling
en,rabbit,"A gregarious burrowing plant - eating mammal , with long ears , long hind legs , and a short tail","A gregarious burrowing plant - eating mammal , with long ears , long hind legs , and a short tail","Copper, as electrical wire, stripped or burned clean, then sold as scrap for cash","Copper, as electrical wire, stripped or burned clean, then sold as scrap for cash"
en,rack,"A framework , typically with rails , bars , hooks , or pegs , for holding or storing things","A framework , typically with rails , bars , hooks , or pegs , for holding or storing things",breasts,breasts
en,rag,"A piece of old cloth , especially one torn from a larger piece , used typically for cleaning things","A piece of old cloth , especially one torn from a larger piece , used typically for cleaning things",A nasty or mean female,A nasty or mean female
en,rage,Violent uncontrollable anger,Violent uncontrollable anger,a fun activity or occasion,a fun activity or occasion
en,rail,"A bar or series of bars fixed on upright supports or attached to a wall or ceiling , serving as part of a barrier or used to hang things on","A bar or series of bars fixed on upright supports or attached to a wall or ceiling , serving as part of a barrier or used to hang things on","a line of a snortable drug, such as cocaine","a line of a snortable drug, such as cocaine"
en,raincoat,"A long coat , typically having a belt , made from waterproofed or water - resistant fabric","A long coat , typically having a belt , made from waterproofed or water - resistant fabric",a condom,a condom
en,raise the roof,"Make a great deal of noise , especially through cheering","Make a great deal of noise , especially through cheering","to pump it up, get loud, get excited, etc","to pump it up, get loud, get excited, etc"
en,raisin,A partially dried grape,A partially dried grape,"an elderly person, wrinkled like a raisin","an elderly person, wrinkled like a raisin"
en,ram,An uncastrated male sheep,An uncastrated male sheep,a derogatory term for an unattractive member of the opposite sex,a derogatory term for an unattractive member of the opposite sex
en,random,"Made , done , or happening without method or conscious decision","Made , done , or happening without method or conscious decision",unexpected and surprising,unexpected and surprising
en,rank,A position in the hierarchy of the armed forces,A position in the hierarchy of the armed forces,awful-smelling,awful-smelling
en,rap,"Strike ( a hard surface ) with a series of rapid audible blows , especially in order to attract attention","Strike ( a hard surface ) with a series of rapid audible blows , especially in order to attract attention",one's game,one's game
en,rat,"A rodent that resembles a large mouse , typically having a pointed snout and a long tail . Some kinds have become cosmopolitan and are sometimes responsible for transmitting diseases","A rodent that resembles a large mouse , typically having a pointed snout and a long tail . Some kinds have become cosmopolitan and are sometimes responsible for transmitting diseases",B.action done by a person to ruin another person life by telling on them to authorities.   C.Person that is responsible of some people incarated because they feel low themselves and want people to believe criminals are it.  D.A person that spreads diseases by attack or sexually. E.Person who betrays friendship in any way not considered a missdeed.  F.a person who tells on you to people who didn't need to know G.A adult person that dates and/or considers being friends with underage people,B.action done by a person to ruin another person life by telling on them to authorities.   C.Person that is responsible of some people incarated because they feel low themselves and want people to believe criminals are it.  D.A person that spreads diseases by attack or sexually. E.Person who betrays friendship in any way not considered a missdeed.  F.a person who tells on you to people who didn't need to know G.A adult person that dates and/or considers being friends with underage people
en,ratchet,"A device consisting of a bar or wheel with a set of angled teeth in which a pawl , cog , or tooth engages , allowing motion in one direction only","A device consisting of a bar or wheel with a set of angled teeth in which a pawl , cog , or tooth engages , allowing motion in one direction only","nasty, ghetto, or trifling","nasty, ghetto, or trifling"
en,raw,( of food ) not cooked,( of food ) not cooked,"very good, excellent;","very good, excellent;"
en,razor,"An instrument with a sharp blade or set of blades , used to remove unwanted hair from the face or body","An instrument with a sharp blade or set of blades , used to remove unwanted hair from the face or body",cool; awesome; neat,cool; awesome; neat
en,real,Actually existing as a thing or occurring in fact ; not imagined or supposed,Actually existing as a thing or occurring in fact ; not imagined or supposed,acting true to one's self,acting true to one's self
en,real estate,Property consisting of land or buildings,Property consisting of land or buildings,"any limited resource measured in units of area.  For example, the area available for components on the surface of an integrated circuit, the amount of floorspace in an equipment room, and the amount of space on a computer desktop","any limited resource measured in units of area.  For example, the area available for components on the surface of an integrated circuit, the amount of floorspace in an equipment room, and the amount of space on a computer desktop"
en,ream,500 ( formerly 480 ) sheets of paper,500 ( formerly 480 ) sheets of paper,to yell at,to yell at
en,rear,"The back part of something , especially a building or vehicle","The back part of something , especially a building or vehicle",buttocks,buttocks
en,rebate,"A partial refund to someone who has paid too much for tax , rent , or a utility","A partial refund to someone who has paid too much for tax , rent , or a utility",a term in skateboarding when you allow an additional turn to somebody in order that they may attempt their trick again.  Usually said when skating a mini ramp where skateboarders take turns  dropping in,a term in skateboarding when you allow an additional turn to somebody in order that they may attempt their trick again.  Usually said when skating a mini ramp where skateboarders take turns  dropping in
en,rebound,Bounce back through the air after hitting something hard,Bounce back through the air after hitting something hard,"the period of time immediately after the end of a relationship, during which time the members of the relationship are incapable of entering into a new relationship in a healthy way","the period of time immediately after the end of a relationship, during which time the members of the relationship are incapable of entering into a new relationship in a healthy way"
en,recognize,Identify ( someone or something ) from having encountered them before ; know again,Identify ( someone or something ) from having encountered them before ; know again,"to understand, comprehend","to understand, comprehend"
en,red,"Of a colour at the end of the spectrum next to orange and opposite violet , as of blood , fire , or rubies","Of a colour at the end of the spectrum next to orange and opposite violet , as of blood , fire , or rubies",mean; spiteful; cruel,mean; spiteful; cruel
en,red herring,"A dried smoked herring , which is turned red by the smoke","A dried smoked herring , which is turned red by the smoke",an argument used to distract someone from the real issue,an argument used to distract someone from the real issue
en,reefer,A person who reefs a sail,A person who reefs a sail,a marijuana cigarette;,a marijuana cigarette;
en,reinvent the wheel,Waste a great deal of time or effort in creating something that already exists,Waste a great deal of time or effort in creating something that already exists,"to invent a solution to a problem that has already been solved, or to implement yet another solution to a solved problem.  While the term is usually used pejoratively, it is recognized that many tools have evolved over the years.  (Cars don\'t have stone wheels, for example.)","to invent a solution to a problem that has already been solved, or to implement yet another solution to a solved problem.  While the term is usually used pejoratively, it is recognized that many tools have evolved over the years.  (Cars don\'t have stone wheels, for example.)"
en,rep,"A fabric with a ribbed surface , used in curtains and upholstery","A fabric with a ribbed surface , used in curtains and upholstery",reputation,reputation
en,represent,"Be entitled or appointed to act or speak for ( someone ), especially in an official capacity","Be entitled or appointed to act or speak for ( someone ), especially in an official capacity","From inner-city urban Black culture.  You betta represent.  or  You gotta represent  means that one should be publicly candid about one\'s social stratum or geographical milieu of origin,  however humble.  It means one should acknowledge,  and be an exemplar of,  one\'s roots,  not guilefully trying to dissemble this (even though one\'s personal fortunes have since improved)","From inner-city urban Black culture.  You betta represent.  or  You gotta represent  means that one should be publicly candid about one\'s social stratum or geographical milieu of origin,  however humble.  It means one should acknowledge,  and be an exemplar of,  one\'s roots,  not guilefully trying to dissemble this (even though one\'s personal fortunes have since improved)"
en,retarded,"Less advanced in mental , physical , or social development than is usual for one's age","Less advanced in mental , physical , or social development than is usual for one's age","bad, of poor quality","bad, of poor quality"
en,revert,"Return to ( a previous state , practice , topic , etc","Return to ( a previous state , practice , topic , etc",reply.  An error in word choice commonly seen among non-native English speakers from the Indian sub-continent,reply.  An error in word choice commonly seen among non-native English speakers from the Indian sub-continent
en,rib,"Each of a series of slender curved bones articulated in pairs to the spine ( twelve pairs in humans ), protecting the thoracic cavity and its organs","Each of a series of slender curved bones articulated in pairs to the spine ( twelve pairs in humans ), protecting the thoracic cavity and its organs",to make fun of,to make fun of
en,rice,"A swamp grass which is widely cultivated as a source of food , especially in Asia","A swamp grass which is widely cultivated as a source of food , especially in Asia","a modified, imported Japanese car","a modified, imported Japanese car"
en,ricer,A utensil with small holes through which boiled potatoes or other soft food can be pushed to form particles of a similar size to grains of rice,A utensil with small holes through which boiled potatoes or other soft food can be pushed to form particles of a similar size to grains of rice,"A distastefully modified vehicle, commonly of Asian origin.  Usually recognized by gratuitous display of the color yellow, performance parts stickers, large non-functional rear spoiler, extreme negative camber, 'fart tip', and lack of, or faux engine modifications","A distastefully modified vehicle, commonly of Asian origin.  Usually recognized by gratuitous display of the color yellow, performance parts stickers, large non-functional rear spoiler, extreme negative camber, 'fart tip', and lack of, or faux engine modifications"
en,rich,Having a great deal of money or assets ; wealthy,Having a great deal of money or assets ; wealthy,funny,funny
en,ride on,Depend on,Depend on,to constantly criticize,to constantly criticize
en,rig,Provide ( a sailing boat ) with sails and rigging,Provide ( a sailing boat ) with sails and rigging,a needle used to inject drugs,a needle used to inject drugs
en,right,"Morally good , justified , or acceptable","Morally good , justified , or acceptable",total,total
en,righteous,Morally right or justifiable,Morally right or justifiable,"perfection, the ultimate in it's category","perfection, the ultimate in it's category"
en,rim,"The upper or outer edge of an object , typically something circular or approximately circular","The upper or outer edge of an object , typically something circular or approximately circular",can also be used as an insult similar to Blow me!,can also be used as an insult similar to Blow me!
en,ringer,A person or device that rings something,A person or device that rings something,any athlete who benefits from dishonestly conferred advantages,any athlete who benefits from dishonestly conferred advantages
en,rinse,"Wash ( something ) with clean water to remove soap , detergent , dirt , or impurities","Wash ( something ) with clean water to remove soap , detergent , dirt , or impurities",fellatio,fellatio
en,riot,A violent disturbance of the peace by a crowd,A violent disturbance of the peace by a crowd,something or someone extremely funny,something or someone extremely funny
en,ripped,( of clothes or fabric ) badly torn,( of clothes or fabric ) badly torn,muscular with extremely low body fat,muscular with extremely low body fat
en,ripper,A tool that is used to tear or break something,A tool that is used to tear or break something,"a party, where there will be alcohol","a party, where there will be alcohol"
en,river,"A large natural stream of water flowing in a channel to the sea , a lake , or another river","A large natural stream of water flowing in a channel to the sea , a lake , or another river",the last card in Texas Hold'em,the last card in Texas Hold'em
en,roach,"An edible Eurasian freshwater fish of the carp family , popular with anglers . It can hybridize with related fishes , notably rudd and bream","An edible Eurasian freshwater fish of the carp family , popular with anglers . It can hybridize with related fishes , notably rudd and bream","Noun. Someone who is unclean, usually unkempt and foul-smelling. Originated in Eastabuchie,  MS at Victory Ranch Boys Home, around 1990","Noun. Someone who is unclean, usually unkempt and foul-smelling. Originated in Eastabuchie,  MS at Victory Ranch Boys Home, around 1990"
en,roadkill,A killing of an animal on the road by a vehicle,A killing of an animal on the road by a vehicle,the corpse of an animal killed by a motor vehicle,the corpse of an animal killed by a motor vehicle
en,road rage,Sudden violent anger provoked in a motorist by the actions of another driver,Sudden violent anger provoked in a motorist by the actions of another driver,"anger experienced while driving, due to other drivers","anger experienced while driving, due to other drivers"
en,road trip,"A journey made by car , bus , etc","A journey made by car , bus , etc",a trip taken in a motor vehicle.  Usually involves at least one overnight stay,a trip taken in a motor vehicle.  Usually involves at least one overnight stay
en,roast,"Cook ( food , especially meat ) by prolonged exposure to heat in an oven or over a fire","Cook ( food , especially meat ) by prolonged exposure to heat in an oven or over a fire",used in response to a person making fun of another,used in response to a person making fun of another
en,roasted,( of food ) cooked by prolonged exposure to heat in an oven or over a fire,( of food ) cooked by prolonged exposure to heat in an oven or over a fire,under the influence of marijuana to the extent of significant impairment,under the influence of marijuana to the extent of significant impairment
en,rock,"The solid mineral material forming part of the surface of the earth and other similar planets , exposed on the surface or underlying the soil","The solid mineral material forming part of the surface of the earth and other similar planets , exposed on the surface or underlying the soil",of the rock and roll genre of music,of the rock and roll genre of music
en,rock and roll,"A type of popular dance music originating in the 1950s , characterized by a heavy beat and simple melodies . Rock and roll was an amalgam of black rhythm and blues and white country music , usually based around a twelve - bar structure and an instrumentation of guitar , double bass , and drums","A type of popular dance music originating in the 1950s , characterized by a heavy beat and simple melodies . Rock and roll was an amalgam of black rhythm and blues and white country music , usually based around a twelve - bar structure and an instrumentation of guitar , double bass , and drums","to initiate an action.  Popularized during the Vietnam war, when US soldiers also used the phrase synonymously with fully automatic fire for their rifles","to initiate an action.  Popularized during the Vietnam war, when US soldiers also used the phrase synonymously with fully automatic fire for their rifles"
en,rock star,A famous and successful singer or performer of rock music,A famous and successful singer or performer of rock music,someone who fucks all night beyond belief,someone who fucks all night beyond belief
en,rodent,"A gnawing mammal of an order that includes rats , mice , squirrels , hamsters , porcupines , and their relatives , distinguished by strong constantly growing incisors and no canine teeth . They constitute the largest order of mammals","A gnawing mammal of an order that includes rats , mice , squirrels , hamsters , porcupines , and their relatives , distinguished by strong constantly growing incisors and no canine teeth . They constitute the largest order of mammals",a female with no class or standards.  From hood rat,a female with no class or standards.  From hood rat
en,roger,Your message has been received ( used in radio communication,Your message has been received ( used in radio communication,to have sex.  British slang,to have sex.  British slang
en,roll,Move in a particular direction by turning over and over on an axis,Move in a particular direction by turning over and over on an axis,to use Ecstasy (MDMA),to use Ecstasy (MDMA)
en,rollicking,Exuberantly lively and amusing,Exuberantly lively and amusing,"exciting, fun, happy, etc","exciting, fun, happy, etc"
en,rook,"A gregarious Eurasian crow with black plumage and a bare face , nesting in colonies in treetops","A gregarious Eurasian crow with black plumage and a bare face , nesting in colonies in treetops",abbreviated form of rookie,abbreviated form of rookie
en,rooster,A male domestic fowl ; a cock,A male domestic fowl ; a cock,a person who wakes up early in the morning; early riser,a person who wakes up early in the morning; early riser
en,root,"The part of a plant which attaches it to the ground or to a support , typically underground , conveying water and nourishment to the rest of the plant via numerous branches and fibres","The part of a plant which attaches it to the ground or to a support , typically underground , conveying water and nourishment to the rest of the plant via numerous branches and fibres",a session of sex,a session of sex
en,rope,"A length of thick strong cord made by twisting together strands of hemp , sisal , nylon , or similar material","A length of thick strong cord made by twisting together strands of hemp , sisal , nylon , or similar material",a spurt of semen,a spurt of semen
en,rough,Having an uneven or irregular surface ; not smooth or level,Having an uneven or irregular surface ; not smooth or level,Of an unpleasant nature,Of an unpleasant nature
en,round on,Make a sudden verbal attack on,Make a sudden verbal attack on,Ignore me,Ignore me
en,royal,Having the status of a king or queen or a member of their family,Having the status of a king or queen or a member of their family,"complete, total","complete, total"
en,royally,By a king or queen,By a king or queen,very; really; extremely,very; really; extremely
en,rubber,A tough elastic polymeric substance made from the latex of a tropical plant or synthetically,A tough elastic polymeric substance made from the latex of a tropical plant or synthetically,a condom,a condom
en,rubber stamp,A handheld device for inking and imprinting a message or design on a surface,A handheld device for inking and imprinting a message or design on a surface,to approve without debate or significant thought,to approve without debate or significant thought
en,rude,Offensively impolite or bad - mannered,Offensively impolite or bad - mannered,very cool,very cool
en,rule,One of a set of explicit or understood regulations or principles governing conduct or procedure within a particular area of activity,One of a set of explicit or understood regulations or principles governing conduct or procedure within a particular area of activity,to be excellent,to be excellent
en,rumble,"Make a continuous deep , resonant sound","Make a continuous deep , resonant sound",a brawl,a brawl
en,run,"Move at a speed faster than a walk , never having both or all the feet on the ground at the same time","Move at a speed faster than a walk , never having both or all the feet on the ground at the same time",a trip to acquire something.  Used with a noun,a trip to acquire something.  Used with a noun
en,run into,Collide with,Collide with,"to come into close contact with someone, in an unplanned way","to come into close contact with someone, in an unplanned way"
en,saccharin,A sweet - tasting synthetic compound used in food and drink as a substitute for sugar,A sweet - tasting synthetic compound used in food and drink as a substitute for sugar,"excellent, fun; sweet.","excellent, fun; sweet."
en,sack,"A large bag made of a strong material such as hessian , thick paper , or plastic , used for storing and carrying goods","A large bag made of a strong material such as hessian , thick paper , or plastic , used for storing and carrying goods",testicles.  Sentence implies to be masculine and not feminine,testicles.  Sentence implies to be masculine and not feminine
en,sad,Feeling or showing sorrow ; unhappy,Feeling or showing sorrow ; unhappy,of poor quality,of poor quality
en,safe,Protected from or not exposed to danger or risk ; not likely to be harmed or lost,Protected from or not exposed to danger or risk ; not likely to be harmed or lost,attractive,attractive
en,safety,"The condition of being protected from or unlikely to cause danger , risk , or injury","The condition of being protected from or unlikely to cause danger , risk , or injury",marijuana,marijuana
en,sappy,( of a plant ) containing a lot of sap,( of a plant ) containing a lot of sap,dramatic and emotional; cliche; often related to plots in movies and songs -- planned sadness followed by resolve; ex. most movies from the 1980s,dramatic and emotional; cliche; often related to plots in movies and songs -- planned sadness followed by resolve; ex. most movies from the 1980s
en,sauce,A liquid or semi - liquid substance served with food to add moistness and flavour,A liquid or semi - liquid substance served with food to add moistness and flavour,"sexual activity up to the point of, but not including, sexual intercourse","sexual activity up to the point of, but not including, sexual intercourse"
en,sausage,"An item of food in the form of a cylindrical length of minced pork or other meat encased in a skin , typically sold raw to be grilled or fried before eating","An item of food in the form of a cylindrical length of minced pork or other meat encased in a skin , typically sold raw to be grilled or fried before eating",a derogatory term for a male; especially one of low intelligence level and large muscles,a derogatory term for a male; especially one of low intelligence level and large muscles
en,savage,"( of an animal or force of nature ) fierce , violent , and uncontrolled","( of an animal or force of nature ) fierce , violent , and uncontrolled","cool, very nice, in good quality","cool, very nice, in good quality"
en,sawbuck,A sawhorse,A sawhorse,a ten dollar bill,a ten dollar bill
en,scam,Swindle,Swindle,a fraudulent business scheme; swindle,a fraudulent business scheme; swindle
en,scandalous,Causing general public outrage by a perceived offence against morality or law,Causing general public outrage by a perceived offence against morality or law,"taboo, immoral, worthy of causing a scandal.  Not slang.  Scandalous is attested since the 1590s","taboo, immoral, worthy of causing a scandal.  Not slang.  Scandalous is attested since the 1590s"
en,scene,The place where an incident in real life or fiction occurs or occurred,The place where an incident in real life or fiction occurs or occurred,the sphere of activity of a group of people with some shared characteristic,the sphere of activity of a group of people with some shared characteristic
en,schmooze,Talk intimately and cosily ; gossip,Talk intimately and cosily ; gossip,"to interact socially with people, usually for future gains","to interact socially with people, usually for future gains"
en,school,An institution for educating children,An institution for educating children,"to strongly defeat during a competitive activity. Etymology: someone that was schooled has been taken to school.  That is, taught how to do something.  And then they are badly beaten in the process","to strongly defeat during a competitive activity. Etymology: someone that was schooled has been taken to school.  That is, taught how to do something.  And then they are badly beaten in the process"
en,scoop,"A utensil resembling a spoon , with a short handle and a deep bowl , used for removing dry or semi - solid substances from a container","A utensil resembling a spoon , with a short handle and a deep bowl , used for removing dry or semi - solid substances from a container",a ride in a motor vehicle,a ride in a motor vehicle
en,scope,The extent of the area or subject matter that something deals with or to which it is relevant,The extent of the area or subject matter that something deals with or to which it is relevant,"to see, look at","to see, look at"
en,score,"The number of points , goals , runs , etc . achieved in a game or by a team or an individual","The number of points , goals , runs , etc . achieved in a game or by a team or an individual",exclamation of happiness;,exclamation of happiness;
en,scran,Food,Food,food or a meal.  From north-west England,food or a meal.  From north-west England
en,scrap,"A small piece or amount of something , especially one that is left over after the greater part has been used","A small piece or amount of something , especially one that is left over after the greater part has been used",a dirty person who looks like crap,a dirty person who looks like crap
en,scratch,Score or mark the surface of ( something ) with a sharp or pointed object,Score or mark the surface of ( something ) with a sharp or pointed object,money.  Usually a small amount,money.  Usually a small amount
en,screw,"A short , slender , sharp - pointed metal pin with a raised helical thread running round it and a slotted head , used to join things together by being rotated so that it pierces wood or other material and is held tightly in place","A short , slender , sharp - pointed metal pin with a raised helical thread running round it and a slotted head , used to join things together by being rotated so that it pierces wood or other material and is held tightly in place","an expression of anger.  Roughly, let (one) be screwed","an expression of anger.  Roughly, let (one) be screwed"
en,screwed,( of a bolt or other device ) having a helical ridge or thread running around the outside,( of a bolt or other device ) having a helical ridge or thread running around the outside,in trouble or in a bad situation,in trouble or in a bad situation
en,scrip,"A provisional certificate of money subscribed to a bank or company , entitling the holder to a formal certificate and dividends","A provisional certificate of money subscribed to a bank or company , entitling the holder to a formal certificate and dividends",a prescription for medicine,a prescription for medicine
en,scroll,A roll of parchment or paper for writing on,A roll of parchment or paper for writing on,the portion of a neighborhood in which drugs are sold and prostitutes offer their services.  Often referred to as the dope scroll,the portion of a neighborhood in which drugs are sold and prostitutes offer their services.  Often referred to as the dope scroll
en,scrub,"Rub ( someone or something ) hard so as to clean them , typically with a brush and water","Rub ( someone or something ) hard so as to clean them , typically with a brush and water","a man with no class.  For example: possessing little money, lacking in transportation, without a place to live, etc.  Popularized by the song No Scrubs on TLC\'s 1999 album FanMail","a man with no class.  For example: possessing little money, lacking in transportation, without a place to live, etc.  Popularized by the song No Scrubs on TLC\'s 1999 album FanMail"
en,scud,Move fast in a straight line because or as if driven by the wind,Move fast in a straight line because or as if driven by the wind,an unattractive female,an unattractive female
en,scum,A layer of dirt or froth on the surface of a liquid,A layer of dirt or froth on the surface of a liquid,a bad person or group,a bad person or group
en,second,Constituting number two in a sequence ; coming after the first in time or order ; 2nd,Constituting number two in a sequence ; coming after the first in time or order ; 2nd,a brief period of time more than a second,a brief period of time more than a second
en,see a man about a dog,Said euphemistically when leaving to go to the toilet or keep an undisclosed appointment,Said euphemistically when leaving to go to the toilet or keep an undisclosed appointment,to defecate,to defecate
en,seed money,Money allocated to initiate a project,Money allocated to initiate a project,money used to start a business,money used to start a business
en,seedy,Sordid and disreputable,Sordid and disreputable,"unusual, strange, weird","unusual, strange, weird"
en,select,Carefully choose as being the best or most suitable,Carefully choose as being the best or most suitable,"Outstanding, fine quality, excellent, or even more general usage - awesome","Outstanding, fine quality, excellent, or even more general usage - awesome"
en,senioritis,"A supposed affliction of students in their final year of high school or college , characterized by a decline in motivation or performance","A supposed affliction of students in their final year of high school or college , characterized by a decline in motivation or performance",burnout or simple laziness experienced during the final year of school before graduation,burnout or simple laziness experienced during the final year of school before graduation
en,septic tank,"A tank , typically underground , in which sewage is collected and allowed to decompose through bacterial activity before draining by means of a soakaway","A tank , typically underground , in which sewage is collected and allowed to decompose through bacterial activity before draining by means of a soakaway",Cockney rhyming slang meaning American i.e. septic tank - yank.  Used by character Joe Mangle in the Australian soap opera Neighbors circa 1993,Cockney rhyming slang meaning American i.e. septic tank - yank.  Used by character Joe Mangle in the Australian soap opera Neighbors circa 1993
en,serve,Perform duties or services for ( another person or an organization,Perform duties or services for ( another person or an organization,To make a pass at something,To make a pass at something
en,session,"A meeting of an official body , especially a legislature , council , or court of law , to conduct its business","A meeting of an official body , especially a legislature , council , or court of law , to conduct its business",a period of time during which one engages sexually with another person,a period of time during which one engages sexually with another person
en,sexy,Sexually attractive or exciting,Sexually attractive or exciting,sexually attractive,sexually attractive
en,shack,A roughly built hut or cabin,A roughly built hut or cabin,to spend the night with someone,to spend the night with someone
en,shady,Situated in or full of shade,Situated in or full of shade,related to immorality or illegality,related to immorality or illegality
en,shaft,"A long , narrow part or section forming the handle of a tool or club , the body of a spear or arrow , or similar","A long , narrow part or section forming the handle of a tool or club , the body of a spear or arrow , or similar",a penis,a penis
en,shag,"A carpet or rug with a long , rough pile","A carpet or rug with a long , rough pile",a session of sex,a session of sex
en,shake,( of a structure or area of land ) tremble or vibrate,( of a structure or area of land ) tremble or vibrate,"noun: a poor-quality of marijuana, usually referring to the shaken-off weed found at the bottom of the bag, the pot dust sold at lower prices because of the high content of seeds and stems","noun: a poor-quality of marijuana, usually referring to the shaken-off weed found at the bottom of the bag, the pot dust sold at lower prices because of the high content of seeds and stems"
en,shank,"A person's leg , especially the part from the knee to the ankle","A person's leg , especially the part from the knee to the ankle",a knife,a knife
en,shark,"A long - bodied chiefly marine fish with a cartilaginous skeleton , a prominent dorsal fin , and toothlike scales . Most sharks are predatory , although the largest kinds feed on plankton , and some can grow to a large size","A long - bodied chiefly marine fish with a cartilaginous skeleton , a prominent dorsal fin , and toothlike scales . Most sharks are predatory , although the largest kinds feed on plankton , and some can grow to a large size",to attempt to attract someone romantically or sexually; flirt; pick up,to attempt to attract someone romantically or sexually; flirt; pick up
en,sharp,( of an object ) having an edge or point that is able to cut or pierce something,( of an object ) having an edge or point that is able to cut or pierce something,used to describe well cut clothes,used to describe well cut clothes
en,shazam,"Used to introduce an extraordinary deed , story , or transformation","Used to introduce an extraordinary deed , story , or transformation",interjection suggesting something happens automatically or as if by magic,interjection suggesting something happens automatically or as if by magic
en,shed,"A simple roofed structure used for garden storage , to shelter animals , or as a workshop","A simple roofed structure used for garden storage , to shelter animals , or as a workshop","a male\'s protruding belly, creating a cover or shed for his genitals","a male\'s protruding belly, creating a cover or shed for his genitals"
en,sheep,"A domesticated ruminant mammal with a thick woolly coat and ( typically only in the male ) curving horns . It is kept in flocks for its wool or meat , and is proverbial for its tendency to follow others in the flock","A domesticated ruminant mammal with a thick woolly coat and ( typically only in the male ) curving horns . It is kept in flocks for its wool or meat , and is proverbial for its tendency to follow others in the flock","a person who follows or mimics others, without thought","a person who follows or mimics others, without thought"
en,sheer,Nothing other than ; unmitigated ( used for emphasis,Nothing other than ; unmitigated ( used for emphasis,"amazing, cool, wicked, etc","amazing, cool, wicked, etc"
en,shine,( of the sun or another source of light ) give out a bright light,( of the sun or another source of light ) give out a bright light,To not show up to an event,To not show up to an event
en,shoot,Kill or wound ( a person or animal ) with a bullet or arrow,Kill or wound ( a person or animal ) with a bullet or arrow,to ejaculate,to ejaculate
en,short,Measuring a small distance from end to end,Measuring a small distance from end to end,out of luck;,out of luck;
en,shot,The firing of a gun or cannon,The firing of a gun or cannon,broken,broken
en,shotgun,A smooth - bore gun for firing small shot at short range,A smooth - bore gun for firing small shot at short range,the passenger seat in a vehicle.,the passenger seat in a vehicle.
en,shout,"( of a person ) utter a loud cry , typically as an expression of a strong emotion","( of a person ) utter a loud cry , typically as an expression of a strong emotion",To treat someone to something.  (from New Zealand),To treat someone to something.  (from New Zealand)
en,shove off,Push away from the shore in a boat,Push away from the shore in a boat,to leave,to leave
en,show,"Be , allow , or cause to be visible","Be , allow , or cause to be visible","of a pregnant woman, to be visibly pregnant","of a pregnant woman, to be visibly pregnant"
en,shrapnel,"Fragments of a bomb , shell , or other object thrown out by an explosion","Fragments of a bomb , shell , or other object thrown out by an explosion",coins,coins
en,shred,Tear or cut into shreds,Tear or cut into shreds,"to perform an athletic sport such as surfing, skiing, or skateboarding well","to perform an athletic sport such as surfing, skiing, or skateboarding well"
en,shredded,Torn or cut into shreds,Torn or cut into shreds,muscular,muscular
en,shredder,A machine or other device for shredding something,A machine or other device for shredding something,One who excels in an activity,One who excels in an activity
en,shrimping,The activity or occupation of fishing for shrimps,The activity or occupation of fishing for shrimps,the sexual practice of toe sucking,the sexual practice of toe sucking
en,siberia,"An extremely cold , barren , or inhospitable place","An extremely cold , barren , or inhospitable place","send (one) to Siberia - to punish by not talking to them, to cut off, to leave out in the cold","send (one) to Siberia - to punish by not talking to them, to cut off, to leave out in the cold"
en,sick,Affected by physical or mental illness,Affected by physical or mental illness,great; amazing; cool; awesome,great; amazing; cool; awesome
en,sike,"A small stream or rill , typically one that flows through marshy ground and is often dry in summer","A small stream or rill , typically one that flows through marshy ground and is often dry in summer",alternate spelling of,alternate spelling of
en,sim,"A smart card inside a mobile phone , carrying an identification number unique to the owner , storing personal data , and preventing operation if removed","A smart card inside a mobile phone , carrying an identification number unique to the owner , storing personal data , and preventing operation if removed","a person who is so like everyone around him or her that they seem like a simulation or made of plastic.  AKA a mirror face, serial, or normie","a person who is so like everyone around him or her that they seem like a simulation or made of plastic.  AKA a mirror face, serial, or normie"
en,simmer,( of water or food that is being heated ) stay just below boiling point while bubbling gently,( of water or food that is being heated ) stay just below boiling point while bubbling gently,to calm down. Note: usually used to warn someone that they need to calm down,to calm down. Note: usually used to warn someone that they need to calm down
en,sing,"Make musical sounds with the voice , especially words with a set tune","Make musical sounds with the voice , especially words with a set tune",to tell the authorities details of a crime; rat out,to tell the authorities details of a crime; rat out
en,single,Only one ; not one of several,Only one ; not one of several,"When a married couple's children are out of town visiting Grandma for a couple of weeks, allowing parents to go out and party","When a married couple's children are out of town visiting Grandma for a couple of weeks, allowing parents to go out and party"
en,sister,A woman or girl in relation to other daughters and sons of her parents,A woman or girl in relation to other daughters and sons of her parents,form of address for a female used by a close friend,form of address for a female used by a close friend
en,six,"Equivalent to the product of two and three ; one more than five , or four less than ten ; 6","Equivalent to the product of two and three ; one more than five , or four less than ten ; 6",back,back
en,skank,Reggae music suitable for dancing the skank to,Reggae music suitable for dancing the skank to,a dirty or promiscuous female,a dirty or promiscuous female
en,skate,An ice skate or roller skate,An ice skate or roller skate,to leave,to leave
en,skeet,A shooting sport in which a clay target is thrown from a trap to simulate the flight of a bird,A shooting sport in which a clay target is thrown from a trap to simulate the flight of a bird,"generally displeasing.  Primarily a St. Louis, MO, USA term","generally displeasing.  Primarily a St. Louis, MO, USA term"
en,sketchy,Not thorough or detailed,Not thorough or detailed,"of questionable character, strange","of questionable character, strange"
en,ski,"Each of a pair of long , narrow pieces of hard , flexible material , typically pointed and turned up at the front , fastened under the feet for travelling over snow","Each of a pair of long , narrow pieces of hard , flexible material , typically pointed and turned up at the front , fastened under the feet for travelling over snow",to perform a handjob on two men at the same time,to perform a handjob on two men at the same time
en,skid,"( of a vehicle ) slide , typically sideways or obliquely , on slippery ground or as a result of stopping or turning too quickly","( of a vehicle ) slide , typically sideways or obliquely , on slippery ground or as a result of stopping or turning too quickly",unattractive,unattractive
en,skid mark,A long black mark left on a road surface by the tyres of a skidding vehicle,A long black mark left on a road surface by the tyres of a skidding vehicle,feces smears left in the toilet bowl after flushing,feces smears left in the toilet bowl after flushing
en,skin,The thin layer of tissue forming the natural outer covering of the body of a person or animal,The thin layer of tissue forming the natural outer covering of the body of a person or animal,a cigarette rolling paper,a cigarette rolling paper
en,skinner,A person who skins animals or prepares skins,A person who skins animals or prepares skins,A skinny person who isn't as weak as they appear,A skinny person who isn't as weak as they appear
en,skinny,( of a person or part of their body ) unattractively thin,( of a person or part of their body ) unattractively thin,"very good, excellent;","very good, excellent;"
en,skip,"Move along lightly , stepping from one foot to the other with a hop or bounce","Move along lightly , stepping from one foot to the other with a hop or bounce",to leave,to leave
en,skirt,A woman's outer garment fastened around the waist and hanging down around the legs,A woman's outer garment fastened around the waist and hanging down around the legs,a female.,a female.
en,skive,Pare ( the edge of a piece of leather or other material ) so as to reduce its thickness,Pare ( the edge of a piece of leather or other material ) so as to reduce its thickness,to purposefully not attend school with no formal reason.  UK origin,to purposefully not attend school with no formal reason.  UK origin
en,skivvy,A lightweight high - necked long - sleeved garment,A lightweight high - necked long - sleeved garment,the inside info;,the inside info;
en,skull,A bone framework enclosing the brain of a vertebrate ; the skeleton of a person's or animal's head,A bone framework enclosing the brain of a vertebrate ; the skeleton of a person's or animal's head,fellatio,fellatio
en,skunky,Like a skunk,Like a skunk,stinky,stinky
en,skyrocket,A rocket designed to explode high in the air as a signal or firework,A rocket designed to explode high in the air as a signal or firework,to increase very quickly,to increase very quickly
en,slab,"A large , thick , flat piece of stone or concrete , typically square or rectangular in shape","A large , thick , flat piece of stone or concrete , typically square or rectangular in shape","street, from slab (large piece) of concrete","street, from slab (large piece) of concrete"
en,slack,Not taut or held tightly in position ; loose,Not taut or held tightly in position ; loose,tolerance,tolerance
en,slag,Stony waste matter separated from metals during the smelting or refining of ore,Stony waste matter separated from metals during the smelting or refining of ore,a subservient person or worker bee,a subservient person or worker bee
en,slam dunk,A shot in which a player thrusts the ball down through the basket,A shot in which a player thrusts the ball down through the basket,a sure thing,a sure thing
en,slap,Hit or strike with the palm of the hand or a flat object,Hit or strike with the palm of the hand or a flat object,loud music,loud music
en,slash,"Cut with a wide , sweeping movement , typically using a knife or sword","Cut with a wide , sweeping movement , typically using a knife or sword",local slash; term for local lager or beer when in a foreign country,local slash; term for local lager or beer when in a foreign country
en,sleazy,"( of a person or situation ) sordid , corrupt , or immoral","( of a person or situation ) sordid , corrupt , or immoral",similar to those of a prostitute or promiscuous person,similar to those of a prostitute or promiscuous person
en,sledge,"A vehicle on runners for conveying loads or passengers over snow or ice , often pulled by draught animals","A vehicle on runners for conveying loads or passengers over snow or ice , often pulled by draught animals","to separate oneself from a female quickly due to obvious psychological problems and move on quickly for better dating prospects.  From popular comedian Tommy Sledge who say\'s I moved on, it\'s my job it\'s what I do","to separate oneself from a female quickly due to obvious psychological problems and move on quickly for better dating prospects.  From popular comedian Tommy Sledge who say\'s I moved on, it\'s my job it\'s what I do"
en,sleeper,A person or animal who is asleep or who sleeps in a specified way,A person or animal who is asleep or who sleeps in a specified way,something successful that initially wasn't successful,something successful that initially wasn't successful
en,sliced,( of food ) cut into slices,( of food ) cut into slices,"having large, rippling muscles and extremely low body fat","having large, rippling muscles and extremely low body fat"
en,slick,Done or operating in an impressively smooth and efficient way,Done or operating in an impressively smooth and efficient way,you out-did someone in something,you out-did someone in something
en,slide,Move smoothly along a surface while maintaining continuous contact with it,Move smoothly along a surface while maintaining continuous contact with it,to leave,to leave
en,sling,A flexible strap or belt used in the form of a loop to support or raise a hanging weight,A flexible strap or belt used in the form of a loop to support or raise a hanging weight,to sell,to sell
en,slip,Lose one's footing and slide unintentionally for a short distance,Lose one's footing and slide unintentionally for a short distance,to decline in one's talent or skill,to decline in one's talent or skill
en,slit,"A long , narrow cut or opening","A long , narrow cut or opening",female genitals,female genitals
en,slope,A surface of which one end or side is at a higher level than another ; a rising or falling surface,A surface of which one end or side is at a higher level than another ; a rising or falling surface,an Asian person.  Derogatory,an Asian person.  Derogatory
en,slug,A tough - skinned terrestrial mollusc which typically lacks a shell and secretes a film of mucus for protection . It can be a serious plant pest,A tough - skinned terrestrial mollusc which typically lacks a shell and secretes a film of mucus for protection . It can be a serious plant pest,a commuter who hitchhikes a ride with an unknown driver at a designated pickup point.  Often used to take advantage of High Occupancy Vehicle (HOV) lanes during commute hours,a commuter who hitchhikes a ride with an unknown driver at a designated pickup point.  Often used to take advantage of High Occupancy Vehicle (HOV) lanes during commute hours
en,slush,Partially melted snow or ice,Partially melted snow or ice,"a promiscuous female, who is easy to take to bed","a promiscuous female, who is easy to take to bed"
en,slut,A woman who has many casual sexual partners,A woman who has many casual sexual partners,a promiscuous person,a promiscuous person
en,slutty,( with reference to a woman ) sexually promiscuous or provocative in a way that is considered in bad taste,( with reference to a woman ) sexually promiscuous or provocative in a way that is considered in bad taste,distastefully revealing,distastefully revealing
en,sly,Having or showing a cunning and deceitful nature,Having or showing a cunning and deceitful nature,For someone to exert themselves for the benefit of others in their social circle is 'sly',For someone to exert themselves for the benefit of others in their social circle is 'sly'
en,smack,"A sharp slap or blow , typically one given with the palm of the hand","A sharp slap or blow , typically one given with the palm of the hand",excellent,excellent
en,smart,"( of a person ) clean , tidy , and well dressed","( of a person ) clean , tidy , and well dressed",insolent or snide,insolent or snide
en,smoke,"A visible suspension of carbon or other particles in air , typically one emitted from a burning substance","A visible suspension of carbon or other particles in air , typically one emitted from a burning substance",a cigarette,a cigarette
en,smooth,"Having an even and regular surface ; free from perceptible projections , lumps , or indentations","Having an even and regular surface ; free from perceptible projections , lumps , or indentations",without any unwanted events,without any unwanted events
en,smut,A small flake of soot or other dirt or a mark left by one,A small flake of soot or other dirt or a mark left by one,promiscuous female,promiscuous female
en,snack,A small amount of food eaten between meals,A small amount of food eaten between meals,"attractive female or male.  Quality of being a snack - snackiness.  Potential of being a snack - snackability.  Adjective forms - snacky, snackilicious.  v.  snack (as in, Man, I\'d love to snack on him for a bit!)  Variation:  n. snackycakes (pet name)","attractive female or male.  Quality of being a snack - snackiness.  Potential of being a snack - snackability.  Adjective forms - snacky, snackilicious.  v.  snack (as in, Man, I\'d love to snack on him for a bit!)  Variation:  n. snackycakes (pet name)"
en,snag,An unexpected or hidden obstacle or drawback,An unexpected or hidden obstacle or drawback,A powwow hook up,A powwow hook up
en,snap,"Break suddenly and completely , typically with a sharp cracking sound","Break suddenly and completely , typically with a sharp cracking sound",an exclamation of surprise or disappointment; damn; darn; shit,an exclamation of surprise or disappointment; damn; darn; shit
en,snapper,A marine fish that is typically reddish and is valued as food,A marine fish that is typically reddish and is valued as food,A female,A female
en,snatch,Quickly seize ( something ) in a rude or eager way,Quickly seize ( something ) in a rude or eager way,female genitalia,female genitalia
en,sneak,Move or go in a furtive or stealthy way,Move or go in a furtive or stealthy way,to acquire discretely,to acquire discretely
en,snip,"Cut ( something ) with scissors or shears , typically with small quick strokes","Cut ( something ) with scissors or shears , typically with small quick strokes",to perform a vasectomy,to perform a vasectomy
en,snipe,"A wading bird of marshes and wet meadows , with brown camouflaged plumage , a long straight bill , and typically a drumming display flight","A wading bird of marshes and wet meadows , with brown camouflaged plumage , a long straight bill , and typically a drumming display flight",partially smoke cigarette,partially smoke cigarette
en,snort,"An explosive sound made by the sudden forcing of breath through one's nose , used to express indignation , derision , or incredulity","An explosive sound made by the sudden forcing of breath through one's nose , used to express indignation , derision , or incredulity",a gulp of alcohol,a gulp of alcohol
en,snow,Atmospheric water vapour frozen into ice crystals and falling in light white flakes or lying on the ground as a white layer,Atmospheric water vapour frozen into ice crystals and falling in light white flakes or lying on the ground as a white layer,cocaine,cocaine
en,snowball,"A ball of packed snow , especially one made for throwing at other people for fun","A ball of packed snow , especially one made for throwing at other people for fun","a sexual practice where a person performs fellatio on a male until the male ejaculates, then spits the semen into the male's mouth","a sexual practice where a person performs fellatio on a male until the male ejaculates, then spits the semen into the male's mouth"
en,snowbird,The snow bunting,The snow bunting,a person who spends the winter in a warm place,a person who spends the winter in a warm place
en,sock,"A garment for the foot and lower part of the leg , typically knitted from wool , cotton , or nylon","A garment for the foot and lower part of the leg , typically knitted from wool , cotton , or nylon",to hit,to hit
en,sod,Cover with sods or pieces of turf,Cover with sods or pieces of turf,bastard.  From Sodomite,bastard.  From Sodomite
en,solid,Firm and stable in shape ; not liquid or fluid,Firm and stable in shape ; not liquid or fluid,difficult,difficult
en,son,A boy or man in relation to either or both of his parents,A boy or man in relation to either or both of his parents,friend; dude,friend; dude
en,sophomore slump,A decline in academic performance during a student's second year of university,A decline in academic performance during a student's second year of university,a lack of success during a second attempt of something,a lack of success during a second attempt of something
en,sound,Vibrations that travel through the air or another medium and can be heard when they reach a person's or animal's ear,Vibrations that travel through the air or another medium and can be heard when they reach a person's or animal's ear,"good, great, fantastic, etc","good, great, fantastic, etc"
en,soup,"A liquid dish , typically savoury and made by boiling meat , fish , or vegetables etc . in stock or water","A liquid dish , typically savoury and made by boiling meat , fish , or vegetables etc . in stock or water","something worthless, hopeless, useless, etc.  Derived from the common United States military phrase Ate up like a soup sandwich","something worthless, hopeless, useless, etc.  Derived from the common United States military phrase Ate up like a soup sandwich"
en,soused,"( of food , especially fish ) preserved in pickle or a marinade","( of food , especially fish ) preserved in pickle or a marinade",inebriated,inebriated
en,sow,Plant ( seed ) by scattering it on or in the earth,Plant ( seed ) by scattering it on or in the earth,an overweight female.  From the non-slang definition of sow: a female pig,an overweight female.  From the non-slang definition of sow: a female pig
en,spade,"A tool with a sharp - edged , typically rectangular , metal blade and a long handle , used for digging or cutting earth , sand , turf , etc","A tool with a sharp - edged , typically rectangular , metal blade and a long handle , used for digging or cutting earth , sand , turf , etc",to flirt with a person,to flirt with a person
en,spam,"Irrelevant or unsolicited messages sent over the Internet , typically to a large number of users , for the purposes of advertising , phishing , spreading malware , etc","Irrelevant or unsolicited messages sent over the Internet , typically to a large number of users , for the purposes of advertising , phishing , spreading malware , etc",off-topic messages posted to an internet forum,off-topic messages posted to an internet forum
en,spank,"Slap with one's open hand or a flat object , especially on the buttocks as a punishment","Slap with one's open hand or a flat object , especially on the buttocks as a punishment",really sharp and clean looking,really sharp and clean looking
en,spanking,( especially of a horse or its gait ) lively ; brisk,( especially of a horse or its gait ) lively ; brisk,an emphatic and comprehensive win,an emphatic and comprehensive win
en,special,"Better , greater , or otherwise different from what is usual","Better , greater , or otherwise different from what is usual","retarded, or simply unintelligent","retarded, or simply unintelligent"
en,spew,Expel large quantities of ( something ) rapidly and forcibly,Expel large quantities of ( something ) rapidly and forcibly,vomit,vomit
en,spider,"An eight - legged predatory arachnid with an unsegmented body consisting of a fused head and thorax and a rounded abdomen . Spiders have fangs which inject poison into their prey , and most kinds spin webs in which to capture insects","An eight - legged predatory arachnid with an unsegmented body consisting of a fused head and thorax and a rounded abdomen . Spiders have fangs which inject poison into their prey , and most kinds spin webs in which to capture insects",a male,a male
en,spike,"A thin , pointed piece of metal , wood , or another rigid material","A thin , pointed piece of metal , wood , or another rigid material",to secretly put alcohol in a non-alcoholic beverage,to secretly put alcohol in a non-alcoholic beverage
en,spill,"Cause or allow ( liquid ) to flow over the edge of its container , especially unintentionally","Cause or allow ( liquid ) to flow over the edge of its container , especially unintentionally",to talk; utter; confess (often seen as spill the beans),to talk; utter; confess (often seen as spill the beans)
en,spinner,A person occupied in making thread by spinning,A person occupied in making thread by spinning,a petite female.,a petite female.
en,spit,"Eject saliva forcibly from one's mouth , sometimes as a gesture of contempt or anger","Eject saliva forcibly from one's mouth , sometimes as a gesture of contempt or anger",to rhyme or rap,to rhyme or rap
en,spoiler,A person or thing that spoils something,A person or thing that spoils something,anything that ruins a person's pleasure of figuring out something unknown to them,anything that ruins a person's pleasure of figuring out something unknown to them
en,sport,An activity involving physical exertion and skill in which an individual or team competes against another or others for entertainment,An activity involving physical exertion and skill in which an individual or team competes against another or others for entertainment,affectionate form of address for a male child,affectionate form of address for a male child
en,spot,"A small round or roundish mark , differing in colour or texture from the surface around it","A small round or roundish mark , differing in colour or texture from the surface around it",a place to hang out or party,a place to hang out or party
en,spread,"Open out ( something ) so as to extend its surface area , width , or length","Open out ( something ) so as to extend its surface area , width , or length",an impressive buffet of food,an impressive buffet of food
en,spud,A short length of pipe that is used to connect two components or that takes the form of a projection from a fitting to which a pipe may be screwed,A short length of pipe that is used to connect two components or that takes the form of a projection from a fitting to which a pipe may be screwed,"noun, means acting like a vegetable, dense, not too alert","noun, means acting like a vegetable, dense, not too alert"
en,spyware,Software that enables a user to obtain covert information about another's computer activities by transmitting data covertly from their hard drive,Software that enables a user to obtain covert information about another's computer activities by transmitting data covertly from their hard drive,software that lets third parties monitor a user\'s activities and personal data.  From spy + software,software that lets third parties monitor a user\'s activities and personal data.  From spy + software
en,square,A plane figure with four equal straight sides and four right angles,A plane figure with four equal straight sides and four right angles,with debts settled; even,with debts settled; even
en,squat,Crouch or sit with one's knees bent and one's heels close to or touching one's buttocks or the back of one's thighs,Crouch or sit with one's knees bent and one's heels close to or touching one's buttocks or the back of one's thighs,"anything, used in the negative to mean nothing","anything, used in the negative to mean nothing"
en,squawk,"( of a bird ) make a loud , harsh noise","( of a bird ) make a loud , harsh noise",to confess a crime,to confess a crime
en,squeaker,A person or thing that squeaks,A person or thing that squeaks,"(n., adj.) A fart which is short in duration, high in pitch, and usually does not smell.  It is the result of tight or strangely angled butt cheeks","(n., adj.) A fart which is short in duration, high in pitch, and usually does not smell.  It is the result of tight or strangely angled butt cheeks"
en,squeeze,"Firmly press ( something soft or yielding ), typically with one's fingers","Firmly press ( something soft or yielding ), typically with one's fingers",the primary focus of one's romantic life,the primary focus of one's romantic life
en,squelch,Make a soft sucking sound such as that made by treading heavily through mud,Make a soft sucking sound such as that made by treading heavily through mud,to steal,to steal
en,squid,"An elongated , fast - swimming cephalopod mollusc with eight arms and two long tentacles , typically able to change colour","An elongated , fast - swimming cephalopod mollusc with eight arms and two long tentacles , typically able to change colour","someone lacking in ability or skill, especially in a sport or activity","someone lacking in ability or skill, especially in a sport or activity"
en,stack,"A pile of objects , typically one that is neatly arranged","A pile of objects , typically one that is neatly arranged",thousand dollars,thousand dollars
en,stacked,( of a number of things ) put or arranged in a stack or stacks,( of a number of things ) put or arranged in a stack or stacks,large breasted,large breasted
en,stallion,An uncastrated adult male horse,An uncastrated adult male horse,"an extremely handsome, well built man - usually a stripper - whose body is in great shape","an extremely handsome, well built man - usually a stripper - whose body is in great shape"
en,stand up,"( of an argument , claim , evidence , etc .) remain valid after close scrutiny or analysis","( of an argument , claim , evidence , etc .) remain valid after close scrutiny or analysis","to skip a pre-arranged meeting, especially a date","to skip a pre-arranged meeting, especially a date"
en,starfish,"A marine echinoderm ( invertebrate ) with five or more radiating arms . The undersides of the arms bear tube feet for locomotion and , in predatory species , for opening the shells of molluscs","A marine echinoderm ( invertebrate ) with five or more radiating arms . The undersides of the arms bear tube feet for locomotion and , in predatory species , for opening the shells of molluscs",the anus,the anus
en,stat,( in a medical direction or prescription ) immediately,( in a medical direction or prescription ) immediately,statistic,statistic
en,stay,Remain in the same place,Remain in the same place,have sex,have sex
en,steal,Take ( another person's property ) without permission or legal right and without intending to return it,Take ( another person's property ) without permission or legal right and without intending to return it,to hit someone (usually in the face),to hit someone (usually in the face)
en,steamer,"A ship , boat , or locomotive powered by steam","A ship , boat , or locomotive powered by steam",feces;,feces;
en,steaming,Giving off steam,Giving off steam,very drunk,very drunk
en,stellar,Relating to a star or stars,Relating to a star or stars,"very good, excellent;","very good, excellent;"
en,step,An act or movement of putting one leg in front of the other in walking or running,An act or movement of putting one leg in front of the other in walking or running,to step up to a fight,to step up to a fight
en,stewed,( of food ) cooked slowly in liquid in a closed dish or pan,( of food ) cooked slowly in liquid in a closed dish or pan,drunk,drunk
en,stick,A thin piece of wood that has fallen or been cut off a tree,A thin piece of wood that has fallen or been cut off a tree,a person who lives in a rural area,a person who lives in a rural area
en,sticky,Tending or designed to stick to things on contact,Tending or designed to stick to things on contact,in computing: persistent,in computing: persistent
en,stiff,Not easily bent or changed in shape ; rigid,Not easily bent or changed in shape ; rigid,to not leave a gratuity,to not leave a gratuity
en,stinger,"An insect or animal that stings , such as a bee or jellyfish","An insect or animal that stings , such as a bee or jellyfish",Feces,Feces
en,stink,Have a strong unpleasant smell,Have a strong unpleasant smell,a commotion,a commotion
en,stole,"A woman's long scarf or shawl , especially of fur or similar material , worn loosely over the shoulders","A woman's long scarf or shawl , especially of fur or similar material , worn loosely over the shoulders","to punch or attack, typically with no prior warning","to punch or attack, typically with no prior warning"
en,stomp,"Tread heavily and noisily , typically in order to show anger","Tread heavily and noisily , typically in order to show anger",to defeat,to defeat
en,stoner,A person or thing that weighs a specified number of stone,A person or thing that weighs a specified number of stone,a person who frequently smokes marijuana,a person who frequently smokes marijuana
en,stooge,A subordinate used by another to do unpleasant routine work,A subordinate used by another to do unpleasant routine work,a person who is silly.  From The Three Stooges,a person who is silly.  From The Three Stooges
en,straight,Extending or moving uniformly in one direction only ; without a curve or bend,Extending or moving uniformly in one direction only ; without a curve or bend,fine; okay,fine; okay
en,strat,A Fender Stratocaster electric guitar,A Fender Stratocaster electric guitar,strategy,strategy
en,strawberry,A sweet soft red fruit with a seed - studded surface,A sweet soft red fruit with a seed - studded surface,"a prostitute, or one who sells or barters sexual services","a prostitute, or one who sells or barters sexual services"
en,streak,"A long , thin line or mark of a different substance or colour from its surroundings","A long , thin line or mark of a different substance or colour from its surroundings",to run naked,to run naked
en,street,"A public road in a city , town , or village , typically with houses and buildings on one or both sides","A public road in a city , town , or village , typically with houses and buildings on one or both sides",Hip with an ultra-sharp edge,Hip with an ultra-sharp edge
en,stringer,"A longitudinal structural piece in a framework , especially that of a ship or aircraft","A longitudinal structural piece in a framework , especially that of a ship or aircraft",a freelance reporter or local correspondent who gets paid by the story.,a freelance reporter or local correspondent who gets paid by the story.
en,stroll,Walk in a leisurely way,Walk in a leisurely way,"an area, such as a particular street, where prostitutes solicit customers","an area, such as a particular street, where prostitutes solicit customers"
en,struggle,Make forceful or violent efforts to get free of restraint or constriction,Make forceful or violent efforts to get free of restraint or constriction,"to be in disarray, to look slovenly","to be in disarray, to look slovenly"
en,stubby,Short and thick,Short and thick,"nice looking or pretty.  From Oakland, California","nice looking or pretty.  From Oakland, California"
en,stuffed,( of a dead animal ) having the skin filled with material to restore the original shape and appearance,( of a dead animal ) having the skin filled with material to restore the original shape and appearance,feeling extremely full after eating,feeling extremely full after eating
en,stump,The bottom part of a tree left projecting from the ground after most of the trunk has fallen or been cut down,The bottom part of a tree left projecting from the ground after most of the trunk has fallen or been cut down,to leave a person without an answer,to leave a person without an answer
en,stunt double,A trained professional who stands in for an actor in order to perform dangerous or physically demanding stunts,A trained professional who stands in for an actor in order to perform dangerous or physically demanding stunts,a look-a-like; doppelganger,a look-a-like; doppelganger
en,stupid,Having or showing a great lack of intelligence or common sense,Having or showing a great lack of intelligence or common sense,styling.,styling.
en,sty,A pigsty,A pigsty,"a pig sty, i.e. an extremely messy or dirty place","a pig sty, i.e. an extremely messy or dirty place"
en,styling,"The way in which something is made , designed , or performed","The way in which something is made , designed , or performed","very good, excellent;","very good, excellent;"
en,suave,"( especially of a man ) charming , confident , and elegant","( especially of a man ) charming , confident , and elegant",adj. Acting a certain way that has a sophisticated charm.  2. Substitute for the word cool,adj. Acting a certain way that has a sophisticated charm.  2. Substitute for the word cool
en,submarine,"A warship with a streamlined hull designed to operate completely submerged in the sea for long periods , equipped with a periscope and typically armed with torpedoes or missiles","A warship with a streamlined hull designed to operate completely submerged in the sea for long periods , equipped with a periscope and typically armed with torpedoes or missiles",to destroy,to destroy
en,sucker,A flat or concave organ enabling an animal to cling to a surface by suction,A flat or concave organ enabling an animal to cling to a surface by suction,an imbecile,an imbecile
en,sugar,"A sweet crystalline substance obtained from various plants , especially sugar cane and sugar beet , consisting essentially of sucrose , and used as a sweetener in food and drink","A sweet crystalline substance obtained from various plants , especially sugar cane and sugar beet , consisting essentially of sucrose , and used as a sweetener in food and drink",name for an attractive friend,name for an attractive friend
en,suit,"A set of outer clothes made of the same fabric and designed to be worn together , typically consisting of a jacket and trousers or a jacket and skirt","A set of outer clothes made of the same fabric and designed to be worn together , typically consisting of a jacket and trousers or a jacket and skirt","pejorative term used for management / consulting / executive types, who are more likely to wear business suits than the average worker","pejorative term used for management / consulting / executive types, who are more likely to wear business suits than the average worker"
en,sunshine,"Direct sunlight unbroken by cloud , especially over a comparatively large area","Direct sunlight unbroken by cloud , especially over a comparatively large area",form of address for a cowardly male person,form of address for a cowardly male person
en,sup,Take ( drink or liquid food ) by sips or spoonfuls,Take ( drink or liquid food ) by sips or spoonfuls,"a greeting, similar to What\'s going on?  A shortened version of","a greeting, similar to What\'s going on?  A shortened version of"
en,super,( of a manufactured product ) very good ; superfine,( of a manufactured product ) very good ; superfine,a landlord.  From superintendent,a landlord.  From superintendent
en,surface,The outside part or uppermost layer of something,The outside part or uppermost layer of something,"in a computing user interface, to present something to the user.  Often used in reference to settings","in a computing user interface, to present something to the user.  Often used in reference to settings"
en,suspect,"Have an idea or impression of the existence , presence , or truth of ( something ) without certain proof","Have an idea or impression of the existence , presence , or truth of ( something ) without certain proof",questionable,questionable
en,swag,A curtain or piece of fabric fastened so as to hang in a drooping curve,A curtain or piece of fabric fastened so as to hang in a drooping curve,an approximation or educated guess.  Acronym of scientific wild-assed guess.  Contrast with the less-precise wag (wild-assed guess),an approximation or educated guess.  Acronym of scientific wild-assed guess.  Contrast with the less-precise wag (wild-assed guess)
en,swagger,Walk or behave in a very confident and arrogant or self - important way,Walk or behave in a very confident and arrogant or self - important way,"a person's style, attitude, general demeanor","a person's style, attitude, general demeanor"
en,swallow,"Cause or allow ( something , especially food or drink ) to pass down the throat","Cause or allow ( something , especially food or drink ) to pass down the throat",to swallow a man's ejaculate during oral sex,to swallow a man's ejaculate during oral sex
en,swap,Take part in an exchange of,Take part in an exchange of,"to move information between one\'s memory and some other source of information, e.g. a book.  (These respectively correspond to fast-access memory and slower storage referred to in the origin section below.)","to move information between one\'s memory and some other source of information, e.g. a book.  (These respectively correspond to fast-access memory and slower storage referred to in the origin section below.)"
en,sway,Move or cause to move slowly or rhythmically backwards and forwards or from side to side,Move or cause to move slowly or rhythmically backwards and forwards or from side to side,To hit with great force; knock out,To hit with great force; knock out
en,sweat,"Moisture exuded through the pores of the skin , typically in profuse quantities as a reaction to heat , physical exertion , fever , or fear","Moisture exuded through the pores of the skin , typically in profuse quantities as a reaction to heat , physical exertion , fever , or fear",to worry,to worry
en,sweet,"Having the pleasant taste characteristic of sugar or honey ; not salt , sour , or bitter","Having the pleasant taste characteristic of sugar or honey ; not salt , sour , or bitter","good, excellent, fun; cool","good, excellent, fun; cool"
en,sweetness,The quality of being sweet,The quality of being sweet,interjection of delight;,interjection of delight;
en,sweet pea,"A climbing plant of the pea family , widely cultivated for its colourful fragrant flowers","A climbing plant of the pea family , widely cultivated for its colourful fragrant flowers","form of address for a person, usually female","form of address for a person, usually female"
en,swell,"( especially of a part of the body ) become larger or rounder in size , typically as a result of an accumulation of fluid","( especially of a part of the body ) become larger or rounder in size , typically as a result of an accumulation of fluid","good, cool","good, cool"
en,swerve,Change or cause to change direction abruptly,Change or cause to change direction abruptly,(adj) 1. Good-looking (,(adj) 1. Good-looking (
en,sword fight,A combat using swords as weapons,A combat using swords as weapons,a gathering with many more males than females,a gathering with many more males than females
en,system,A set of things working together as parts of a mechanism or an interconnecting network ; a complex whole,A set of things working together as parts of a mechanism or an interconnecting network ; a complex whole,a computer system,a computer system
en,ta,( in the UK ) Territorial Army,( in the UK ) Territorial Army,thank you.  Used predominantly in the UK and Australia,thank you.  Used predominantly in the UK and Australia
en,tackle,The equipment required for a task or sport,The equipment required for a task or sport,the male genitalia.  Also known as wedding tackle,the male genitalia.  Also known as wedding tackle
en,taco,"A Mexican dish consisting of a folded or rolled tortilla filled with various mixtures , such as seasoned mince , chicken , or beans","A Mexican dish consisting of a folded or rolled tortilla filled with various mixtures , such as seasoned mince , chicken , or beans",a vulva,a vulva
en,tag,A label attached to someone or something for the purpose of identification or to give other information,A label attached to someone or something for the purpose of identification or to give other information,Wow!,Wow!
en,take,Lay hold of ( something ) with one's hands ; reach for and hold,Lay hold of ( something ) with one's hands ; reach for and hold,to defeat in a fight.  Always used in a question or affirmation,to defeat in a fight.  Always used in a question or affirmation
en,take off,( of an aircraft or bird ) become airborne,( of an aircraft or bird ) become airborne,to begin,to begin
en,talent,Natural aptitude or skill,Natural aptitude or skill,attractive women and/or men,attractive women and/or men
en,talk back,Reply defiantly or insolently,Reply defiantly or insolently,to sass,to sass
en,tang,"A strong taste , flavour , or smell","A strong taste , flavour , or smell",female genitals,female genitals
en,tank,"A large receptacle or storage chamber , especially for liquid or gas","A large receptacle or storage chamber , especially for liquid or gas","go belly up, go bankrupt","go belly up, go bankrupt"
en,tap,A device by which a flow of liquid or gas from a pipe or container can be controlled,A device by which a flow of liquid or gas from a pipe or container can be controlled,to have sex with,to have sex with
en,tarnation,Used as a euphemism for damnation,Used as a euphemism for damnation,"damnation.  Used in expressions such as, How in tarnation..., What in tarnation..., etc","damnation.  Used in expressions such as, How in tarnation..., What in tarnation..., etc"
en,tart,An open pastry case containing a sweet or savoury filling,An open pastry case containing a sweet or savoury filling,"A person, usually female, that is a show-off or just a stupid bimbo","A person, usually female, that is a show-off or just a stupid bimbo"
en,tasty,"( of food ) having a pleasant , distinct flavour","( of food ) having a pleasant , distinct flavour","really good, attractive, or just cool","really good, attractive, or just cool"
en,tat,Make ( a decorative mat or edging ) by tying knots in thread and using a small shuttle to form lace,Make ( a decorative mat or edging ) by tying knots in thread and using a small shuttle to form lace,breast.  Variant of,breast.  Variant of
en,tax,"A compulsory contribution to state revenue , levied by the government on workers' income and business profits , or added to the cost of some goods , services , and transactions","A compulsory contribution to state revenue , levied by the government on workers' income and business profits , or added to the cost of some goods , services , and transactions",to make a person pay,to make a person pay
en,teach,Impart knowledge to or instruct ( someone ) as to how to do something,Impart knowledge to or instruct ( someone ) as to how to do something,form of address for a teacher,form of address for a teacher
en,tear,Pull ( something ) apart or to pieces with force,Pull ( something ) apart or to pieces with force,to leave quickly,to leave quickly
en,tear into,Attack verbally,Attack verbally,to aggressively criticize,to aggressively criticize
en,tele,A Fender Telecaster electric guitar,A Fender Telecaster electric guitar,a hotel,a hotel
en,ten,Equivalent to the product of five and two ; one more than nine ; 10,Equivalent to the product of five and two ; one more than nine ; 10,"a very attractive person.  A person who, on a scale of 0 to 10, is the best","a very attractive person.  A person who, on a scale of 0 to 10, is the best"
en,tender,"Showing gentleness , kindness , and affection","Showing gentleness , kindness , and affection",Very cool,Very cool
en,text,"A book or other written or printed work , regarded in terms of its content rather than its physical form","A book or other written or printed work , regarded in terms of its content rather than its physical form",to obtain information under false pretense.  From pretext,to obtain information under false pretense.  From pretext
en,textbook,A book used as a standard work for the study of a particular subject,A book used as a standard work for the study of a particular subject,quintessential; classic,quintessential; classic
en,the,Denoting one or more people or things already mentioned or assumed to be common knowledge,Denoting one or more people or things already mentioned or assumed to be common knowledge,"when emphasized, indicates that the following noun is an exemplary example","when emphasized, indicates that the following noun is an exemplary example"
en,thick,With opposite sides or surfaces that are far or relatively far apart,With opposite sides or surfaces that are far or relatively far apart,having a nice body.  Usually used towards females,having a nice body.  Usually used towards females
en,thing,"An object that one need not , cannot , or does not wish to give a specific name to","An object that one need not , cannot , or does not wish to give a specific name to",a penis,a penis
en,thinspiration,( especially in the context of anorexia nervosa ) used in reference to something or someone that serves as motivation for a person seeking to maintain a very low body weight,( especially in the context of anorexia nervosa ) used in reference to something or someone that serves as motivation for a person seeking to maintain a very low body weight,inspirational material for keeping one's self thin,inspirational material for keeping one's self thin
en,thirsty,Feeling a need to drink,Feeling a need to drink,desperate,desperate
en,thoroughbred,"( of a horse ) of pure breed , especially of a breed originating from English mares and Arab stallions and widely used as racehorses","( of a horse ) of pure breed , especially of a breed originating from English mares and Arab stallions and widely used as racehorses",a woman with a perfect physique.  Usually referring to a stripper.  The perfect 10.  A woman whose physical features are as finely toned as a race horse,a woman with a perfect physique.  Usually referring to a stripper.  The perfect 10.  A woman whose physical features are as finely toned as a race horse
en,throat,The passage which leads from the back of the mouth of a person or animal,The passage which leads from the back of the mouth of a person or animal,to forcefully penetrate a person's throat with a penis or dildo,to forcefully penetrate a person's throat with a penis or dildo
en,tiger,"A very large solitary cat with a yellow - brown coat striped with black , native to the forests of Asia but becoming increasingly rare","A very large solitary cat with a yellow - brown coat striped with black , native to the forests of Asia but becoming increasingly rare",various poker hands,various poker hands
en,tilt,Move or cause to move into a sloping position,Move or cause to move into a sloping position,"house, apartment, home, place you live","house, apartment, home, place you live"
en,tin,"A silvery - white metal , the chemical element of atomic number 50","A silvery - white metal , the chemical element of atomic number 50",badge carried by law enforcement officials,badge carried by law enforcement officials
en,ting,"A sharp , clear ringing sound , such as that made when a glass is struck by a metal object","A sharp , clear ringing sound , such as that made when a glass is struck by a metal object",thing,thing
en,tinkle,"Make or cause to make a light , clear ringing sound","Make or cause to make a light , clear ringing sound",a telephone call,a telephone call
en,tiny,Very small,Very small,"poor quality, disappointing, the opposite of massive","poor quality, disappointing, the opposite of massive"
en,tip,The pointed or rounded end or extremity of something slender or tapering,The pointed or rounded end or extremity of something slender or tapering,the glans (head) of the penis,the glans (head) of the penis
en,tipsy,Slightly drunk,Slightly drunk,drunk,drunk
en,tired,In need of sleep or rest ; weary,In need of sleep or rest ; weary,"outdated, tacky","outdated, tacky"
en,tit,A small songbird that searches acrobatically for insects among foliage and branches,A small songbird that searches acrobatically for insects among foliage and branches,breast.  Likely from the word teat,breast.  Likely from the word teat
en,toast,"Sliced bread browned on both sides by exposure to radiant heat , such as a grill or fire","Sliced bread browned on both sides by exposure to radiant heat , such as a grill or fire",permanently broken,permanently broken
en,toaster,An electrical device for making toast,An electrical device for making toast,an underpowered computer,an underpowered computer
en,toilet,"A fixed receptacle into which a person may urinate or defecate , typically consisting of a large bowl connected to a system for flushing away the waste into a sewer","A fixed receptacle into which a person may urinate or defecate , typically consisting of a large bowl connected to a system for flushing away the waste into a sewer","inadequate, displeasing, or of poor quality","inadequate, displeasing, or of poor quality"
en,tomfoolery,Foolish or silly behaviour,Foolish or silly behaviour,misbehavior,misbehavior
en,tongue,"The fleshy muscular organ in the mouth of a mammal , used for tasting , licking , swallowing , and ( in humans ) articulating speech","The fleshy muscular organ in the mouth of a mammal , used for tasting , licking , swallowing , and ( in humans ) articulating speech",to French kiss,to French kiss
en,tool,"A device or implement , especially one held in the hand , used to carry out a particular function","A device or implement , especially one held in the hand , used to carry out a particular function",penis,penis
en,toolbox,A box or container for keeping tools in,A box or container for keeping tools in,a group of,a group of
en,toot,"A short , sharp sound made by a horn , trumpet , or similar instrument","A short , sharp sound made by a horn , trumpet , or similar instrument",to flatulate; fart.  Childish,to flatulate; fart.  Childish
en,top,"The highest or uppermost point , part , or surface of something","The highest or uppermost point , part , or surface of something",great; excellent;,great; excellent;
en,topper,A machine that cuts the tops of weeds,A machine that cuts the tops of weeds,"a person who is well-know for being on other people's post on Facebook, a soon as they post","a person who is well-know for being on other people's post on Facebook, a soon as they post"
en,toss,Throw ( something ) somewhere lightly or casually,Throw ( something ) somewhere lightly or casually,to eject from an establishment,to eject from an establishment
en,tosser,A person or thing that tosses something,A person or thing that tosses something,"a general insult; jerk, asshole.  Literally: one who masturbates","a general insult; jerk, asshole.  Literally: one who masturbates"
en,touch,Come into or be in contact with,Come into or be in contact with,to shoot,to shoot
en,tourney,"A tournament , especially a medieval joust","A tournament , especially a medieval joust",shortened form of the word tournament,shortened form of the word tournament
en,train wreck,A collision or other accident involving a train,A collision or other accident involving a train,the event in which a DJ is playing records (spinning) and doesn\'t properly match beat tempos while transitioning (crossfading) from one track to another,the event in which a DJ is playing records (spinning) and doesn\'t properly match beat tempos while transitioning (crossfading) from one track to another
en,trans,"Denoting or relating to a molecular structure in which two particular atoms or groups lie on opposite sides of a given plane in the molecule , in particular denoting an isomer in which substituents at opposite ends of a carboncarbon double bond are also on opposite sides of the bond","Denoting or relating to a molecular structure in which two particular atoms or groups lie on opposite sides of a given plane in the molecule , in particular denoting an isomer in which substituents at opposite ends of a carboncarbon double bond are also on opposite sides of the bond",abbreviated form of transgendered,abbreviated form of transgendered
en,trap,"A device or enclosure designed to catch and retain animals , typically by allowing entry but not exit or by catching hold of a part of the body","A device or enclosure designed to catch and retain animals , typically by allowing entry but not exit or by catching hold of a part of the body",a place where illegal drug transactions take place.  Generally considered to be the ghetto or a specific place in the ghetto like a certain corner or parking lot of a store.  Most often linked but not limited to the sale of crack/cocaine,a place where illegal drug transactions take place.  Generally considered to be the ghetto or a specific place in the ghetto like a certain corner or parking lot of a store.  Most often linked but not limited to the sale of crack/cocaine
en,trash,Waste material ; refuse,Waste material ; refuse,a low-class person,a low-class person
en,treadmill,"A large wheel turned by the weight of people or animals treading on steps fitted into its inner surface , formerly used to drive machinery","A large wheel turned by the weight of people or animals treading on steps fitted into its inner surface , formerly used to drive machinery",something that requires a never-ending series of tasks to be performed,something that requires a never-ending series of tasks to be performed
en,tree,"A woody perennial plant , typically having a single stem or trunk growing to a considerable height and bearing lateral branches at some distance from the ground","A woody perennial plant , typically having a single stem or trunk growing to a considerable height and bearing lateral branches at some distance from the ground",a large penis,a large penis
en,trick,A cunning act or scheme intended to deceive or outwit someone,A cunning act or scheme intended to deceive or outwit someone,cool,cool
en,trifling,Unimportant or trivial,Unimportant or trivial,"ugly, disgusting, struggling, etc","ugly, disgusting, struggling, etc"
en,trill,"A quavering or vibratory sound , especially a rapid alternation of sung or played notes","A quavering or vibratory sound , especially a rapid alternation of sung or played notes",extremely cool; awesome to see; very enjoyable;,extremely cool; awesome to see; very enjoyable;
en,trim,Make ( something ) neat or of the required size or form by cutting away irregular or unwanted parts,Make ( something ) neat or of the required size or form by cutting away irregular or unwanted parts,women,women
en,trip,Catch one's foot on something and stumble or fall,Catch one's foot on something and stumble or fall,the period of time during which a person is under the influence of LSD,the period of time during which a person is under the influence of LSD
en,troll,( in folklore ) an ugly creature depicted as either a giant or a dwarf,( in folklore ) an ugly creature depicted as either a giant or a dwarf,an unattractive female or one with a bad reputation,an unattractive female or one with a bad reputation
en,trooper,A private soldier in a cavalry or armoured unit,A private soldier in a cavalry or armoured unit,one who handles adversity well,one who handles adversity well
en,trunk,The main woody stem of a tree as distinct from its branches and roots,The main woody stem of a tree as distinct from its branches and roots,buttocks,buttocks
en,try,Make an attempt or effort to do something,Make an attempt or effort to do something,"to test another's apparent strengths; to determine what kinds and quantities of dominance can be taken from another.  This is applied in almost every competitive sphere of life, from social influence to athletic fitness to any specified field of competence","to test another's apparent strengths; to determine what kinds and quantities of dominance can be taken from another.  This is applied in almost every competitive sphere of life, from social influence to athletic fitness to any specified field of competence"
en,tsk tsk,Used to express disapproval or annoyance,Used to express disapproval or annoyance,an admonishment,an admonishment
en,tuff,"A light , porous rock formed by consolidation of volcanic ash","A light , porous rock formed by consolidation of volcanic ash","very good, unique,","very good, unique,"
en,tug,Pull ( something ) hard or suddenly,Pull ( something ) hard or suddenly,a session of masturbation,a session of masturbation
en,tump,A small rounded hill or mound ; a tumulus,A small rounded hill or mound ; a tumulus,tip + dump.  Used in southeast Texas,tip + dump.  Used in southeast Texas
en,tunnel of love,A fairground amusement for couples involving a train - or boat - ride through a darkened tunnel,A fairground amusement for couples involving a train - or boat - ride through a darkened tunnel,a vagina,a vagina
en,turf,Grass and the surface layer of earth held together by its roots,Grass and the surface layer of earth held together by its roots,"the area claimed by a person, group, gang, etc","the area claimed by a person, group, gang, etc"
en,tush,"Expressing disapproval , impatience , or dismissal","Expressing disapproval , impatience , or dismissal",the buttocks,the buttocks
en,twang,A strong ringing sound such as that made by the plucked string of a musical instrument or a released bowstring,A strong ringing sound such as that made by the plucked string of a musical instrument or a released bowstring,"of a female, the wearing of only a thin, light shirt along with no undergarments.  a twang is such a walk","of a female, the wearing of only a thin, light shirt along with no undergarments.  a twang is such a walk"
en,tweak,Twist or pull ( something ) sharply,Twist or pull ( something ) sharply,crystal methamphetamine,crystal methamphetamine
en,tweed,"A rough - surfaced woollen cloth , typically of mixed flecked colours , originally produced in Scotland","A rough - surfaced woollen cloth , typically of mixed flecked colours , originally produced in Scotland",marijuana.  From weed,marijuana.  From weed
en,tween,Any of a class of compounds used especially as emulsifiers and surfactants . They are derivatives of fatty acid esters of sorbitan,Any of a class of compounds used especially as emulsifiers and surfactants . They are derivatives of fatty acid esters of sorbitan,a person who is between being a young child and a teenager,a person who is between being a young child and a teenager
en,twiddle,"Twist , move , or fiddle with ( something ), typically in a purposeless or nervous way","Twist , move , or fiddle with ( something ), typically in a purposeless or nervous way","to change something in a small, mindless way","to change something in a small, mindless way"
en,twig,A slender woody shoot growing from a branch or stem of a tree or shrub,A slender woody shoot growing from a branch or stem of a tree or shrub,a small person,a small person
en,twinkie,A small finger - shaped sponge cake with a synthetic cream filling,A small finger - shaped sponge cake with a synthetic cream filling,A young attractive girl,A young attractive girl
en,twist,"Form into a bent , curling , or distorted shape","Form into a bent , curling , or distorted shape",a woman.  Used similarly as,a woman.  Used similarly as
en,twisted,Forced out of its natural or proper shape ; crumpled,Forced out of its natural or proper shape ; crumpled,sadistic; messed up,sadistic; messed up
en,um,Expressing hesitation or a pause in speech,Expressing hesitation or a pause in speech,"interjection used to express thought, or pause in speech.  Also umm","interjection used to express thought, or pause in speech.  Also umm"
en,underwhelm,Fail to impress or make a positive impact on ( someone ); disappoint,Fail to impress or make a positive impact on ( someone ); disappoint,to not impress.  The opposite of overwhelm,to not impress.  The opposite of overwhelm
en,unholy,Sinful ; wicked,Sinful ; wicked,very bad,very bad
en,unit,An individual thing or person regarded as single and complete but which can also form an individual component of a larger or more complex whole,An individual thing or person regarded as single and complete but which can also form an individual component of a larger or more complex whole,a person who is just not right primarily due to frequent and hard drug use in the past.  Tommy Chong would be considered a unit,a person who is just not right primarily due to frequent and hard drug use in the past.  Tommy Chong would be considered a unit
en,unreal,Imaginary or illusory,Imaginary or illusory,"amazing, unimaginable","amazing, unimaginable"
en,upstairs,On or to an upper floor of a building,On or to an upper floor of a building,"in the head, brain","in the head, brain"
en,up to speed,Operating at full speed or at an expected rate or level,Operating at full speed or at an expected rate or level,knowing enough to start performing a task,knowing enough to start performing a task
en,use,"Take , hold , or deploy ( something ) as a means of accomplishing or achieving something ; employ","Take , hold , or deploy ( something ) as a means of accomplishing or achieving something ; employ",to habitually take a drug or drink alcohol,to habitually take a drug or drink alcohol
en,vanilla,A substance obtained from vanilla pods or produced artificially and used to flavour foods or to impart a fragrant scent to cosmetic preparations,A substance obtained from vanilla pods or produced artificially and used to flavour foods or to impart a fragrant scent to cosmetic preparations,"bland, boring, normal","bland, boring, normal"
en,vast,Of very great extent or quantity ; immense,Of very great extent or quantity ; immense,cool or anything good,cool or anything good
en,vent,"An opening that allows air , gas , or liquid to pass out of or into a confined space","An opening that allows air , gas , or liquid to pass out of or into a confined space",to verbally release one's stored up negative emotions,to verbally release one's stored up negative emotions
en,verb,"A word used to describe an action , state , or occurrence , and forming the main part of the predicate of a sentence , such as hear , become , happen","A word used to describe an action , state , or occurrence , and forming the main part of the predicate of a sentence , such as hear , become , happen","to use a noun as a verb.  In English, this usually requires only adding the proper conjugation ending: -s, -ed, or -ing","to use a noun as a verb.  In English, this usually requires only adding the proper conjugation ending: -s, -ed, or -ing"
en,vert,"Green , as a heraldic tincture","Green , as a heraldic tincture",an unintelligent soldier.  Used by Bravo Company Soldiers to describe other soldiers in Afghanistan,an unintelligent soldier.  Used by Bravo Company Soldiers to describe other soldiers in Afghanistan
en,vet,A veterinary surgeon,A veterinary surgeon,to review for correctness,to review for correctness
en,vexed,( of a problem or issue ) difficult and much debated ; problematic,( of a problem or issue ) difficult and much debated ; problematic,very angry,very angry
en,vicious,Deliberately cruel or violent,Deliberately cruel or violent,"Awesome, cool, wicked sweet","Awesome, cool, wicked sweet"
en,viper,"A venomous snake with large hinged fangs , typically having a broad head and stout body , with dark patterns on a lighter background","A venomous snake with large hinged fangs , typically having a broad head and stout body , with dark patterns on a lighter background",archaic term for a marijuana smoker.  Originated among black jazz musicians of the 1930s,archaic term for a marijuana smoker.  Originated among black jazz musicians of the 1930s
en,vixen,A female fox,A female fox,a sexually provocative female,a sexually provocative female
en,vlog,A personal website or social media account where a person regularly posts short videos,A personal website or social media account where a person regularly posts short videos,"video log, running series of short videos posted online","video log, running series of short videos posted online"
en,wad,"A mass or lump of a soft material , used for padding , stuffing , or wiping","A mass or lump of a soft material , used for padding , stuffing , or wiping","A large amount of paper money, usually in a wallet or pants pocket.  Sometimes referred to as a wad of dough","A large amount of paper money, usually in a wallet or pants pocket.  Sometimes referred to as a wad of dough"
en,wag,( especially with reference to an animal's tail ) move or cause to move rapidly to and fro,( especially with reference to an animal's tail ) move or cause to move rapidly to and fro,"to not attend school or work, without permission","to not attend school or work, without permission"
en,wail,"A prolonged high - pitched cry of pain , grief , or anger","A prolonged high - pitched cry of pain , grief , or anger",to sing well,to sing well
en,wart,"A small , hard , benign growth on the skin , caused by a virus","A small , hard , benign growth on the skin , caused by a virus",a small piece of a design that doesn't work as well as the rest of the design,a small piece of a design that doesn't work as well as the rest of the design
en,waste,"Use or expend carelessly , extravagantly , or to no purpose","Use or expend carelessly , extravagantly , or to no purpose",a worthless person.  Possibly from waste of flesh or waste of time,a worthless person.  Possibly from waste of flesh or waste of time
en,wasted,Used or expended carelessly or to no purpose,Used or expended carelessly or to no purpose,extremely drunk,extremely drunk
en,watering hole,A waterhole from which animals regularly drink,A waterhole from which animals regularly drink,"a bar, pub","a bar, pub"
en,way,"A method , style , or manner of doing something ; an optional or alternative form of action","A method , style , or manner of doing something ; an optional or alternative form of action",very,very
en,weak,Lacking the power to perform physically demanding tasks ; having little physical strength or energy,Lacking the power to perform physically demanding tasks ; having little physical strength or energy,inadequate or displeasing,inadequate or displeasing
en,weasel,"A small , slender carnivorous mammal related to , but smaller than , the stoat","A small , slender carnivorous mammal related to , but smaller than , the stoat",a devious or sneaky person,a devious or sneaky person
en,wedge,"A piece of wood , metal , etc . having one thick end and tapering to a thin edge , that is driven between two objects or parts of an object to secure or separate them","A piece of wood , metal , etc . having one thick end and tapering to a thin edge , that is driven between two objects or parts of an object to secure or separate them",epic,epic
en,wee,Little,Little,penis,penis
en,wet,Covered or saturated with water or another liquid,Covered or saturated with water or another liquid,"very good, excellent;","very good, excellent;"
en,what,Asking for information specifying something,Asking for information specifying something,used for intimidation.  Short for What are you going to do about it? or What can you do about it?,used for intimidation.  Short for What are you going to do about it? or What can you do about it?
en,whatever,"Used to emphasize a lack of restriction in referring to any thing or amount , no matter what","Used to emphasize a lack of restriction in referring to any thing or amount , no matter what","Used for almost anything anymore.  (1) I don\'t care,  (2) Yeah right! (sarcasm)  (3) Tacked at the end of a listing of things, like etc","Used for almost anything anymore.  (1) I don\'t care,  (2) Yeah right! (sarcasm)  (3) Tacked at the end of a listing of things, like etc"
en,what the hell,"Used to express anger , contempt , or disbelief","Used to express anger , contempt , or disbelief",a statement of acceptance,a statement of acceptance
en,whelp,A puppy,A puppy,"well, in the speech filler sense","well, in the speech filler sense"
en,whiff,A smell that is only smelt briefly or faintly,A smell that is only smelt briefly or faintly,"while playing a sport, to miss the ball / puck","while playing a sport, to miss the ball / puck"
en,whip,"A strip of leather or length of cord fastened to a handle , used for flogging or beating a person or for urging on an animal","A strip of leather or length of cord fastened to a handle , used for flogging or beating a person or for urging on an animal",a car,a car
en,whipped,Having been flogged or beaten with a whip,Having been flogged or beaten with a whip,extremely obedient to one's significant other.  Also pussy-whipped,extremely obedient to one's significant other.  Also pussy-whipped
en,white,"Of the colour of milk or fresh snow , due to the reflection of all visible rays of light ; the opposite of black","Of the colour of milk or fresh snow , due to the reflection of all visible rays of light ; the opposite of black",cocaine,cocaine
en,white bread,"Bread that is light in colour , made with flour that has been through a refining process","Bread that is light in colour , made with flour that has been through a refining process","bland, uninspired, boring, or insipid.  Especially used to describe  middle-American mores, people, etc.  Derogatory description of things that are naively wholesome, suburban, and middle class","bland, uninspired, boring, or insipid.  Especially used to describe  middle-American mores, people, etc.  Derogatory description of things that are naively wholesome, suburban, and middle class"
en,whitey,With a whitish tinge,With a whitish tinge,"to have a bad reaction to drugs or food.  Could involve passing out, vomiting.  Derived from the pale complexion of those who whitey","to have a bad reaction to drugs or food.  Could involve passing out, vomiting.  Derived from the pale complexion of those who whitey"
en,whoa,"Used to express surprise , interest , or alarm , or to command attention","Used to express surprise , interest , or alarm , or to command attention",exclamation of surprise or amazement,exclamation of surprise or amazement
en,whoosh,Move quickly or suddenly with a rushing sound,Move quickly or suddenly with a rushing sound,"onomatopoeia representation of something rushing by.  In particular, used to suggest that something (usually a joke) has gone over (one's) head","onomatopoeia representation of something rushing by.  In particular, used to suggest that something (usually a joke) has gone over (one's) head"
en,whore,A prostitute,A prostitute,to act as a prostitute,to act as a prostitute
en,wicked,Evil or morally wrong,Evil or morally wrong,"very good, excellent; cool; awesome","very good, excellent; cool; awesome"
en,wide open,Fully open,Fully open,"of a task, performing it as fast as physically possible","of a task, performing it as fast as physically possible"
en,widger,A spatula used in gardening to transplant seedlings,A spatula used in gardening to transplant seedlings,male genitalia.  British slang,male genitalia.  British slang
en,wig,"A covering for the head made of real or artificial hair , typically worn by judges and barristers in law courts or by people trying to conceal their baldness","A covering for the head made of real or artificial hair , typically worn by judges and barristers in law courts or by people trying to conceal their baldness",Head,Head
en,wile,Lure ; entice,Lure ; entice,very.  Northern Ireland slang,very.  Northern Ireland slang
en,win,Be successful or victorious in ( a contest or conflict,Be successful or victorious in ( a contest or conflict,some amount of a good thing.  Contrast with fail,some amount of a good thing.  Contrast with fail
en,windy,Characterized by or exposed to strong winds,Characterized by or exposed to strong winds,"a lie, fib, or exaggeration; tall tale","a lie, fib, or exaggeration; tall tale"
en,wingman,A pilot whose aircraft is positioned behind and outside the leading aircraft in a formation,A pilot whose aircraft is positioned behind and outside the leading aircraft in a formation,a best friend; sidekick; partner in crime,a best friend; sidekick; partner in crime
en,winner,A person or thing that wins something,A person or thing that wins something,a loser.  Sarcastic usage,a loser.  Sarcastic usage
en,withdrawal,The action of withdrawing something,The action of withdrawing something,strong desire for something not had or experienced in a while,strong desire for something not had or experienced in a while
en,wizard,( in legends and fairy tales ) a man who has magical powers,( in legends and fairy tales ) a man who has magical powers,interjection used to indicate that something is cool.  Originated in Britain.  Popularized in modern slang by the movie Juno,interjection used to indicate that something is cool.  Originated in Britain.  Popularized in modern slang by the movie Juno
en,wolverine,"A heavily built short - legged carnivorous mammal with a long brown coat and a bushy tail , native to northern tundra and forests in Eurasia and North America","A heavily built short - legged carnivorous mammal with a long brown coat and a bushy tail , native to northern tundra and forests in Eurasia and North America",Clothing that fits extremely well. A compliment to a man,Clothing that fits extremely well. A compliment to a man
en,womyn,Non - standard spelling of women adopted by some feminists in order to avoid the word ending - men,Non - standard spelling of women adopted by some feminists in order to avoid the word ending - men,woman,woman
en,woo,"Seek the favour , support , or custom of","Seek the favour , support , or custom of",vagina,vagina
en,woody,( of an area of land ) covered with trees,( of an area of land ) covered with trees,An Erection,An Erection
en,woof,The barking sound made by a dog,The barking sound made by a dog,"depending on the inflection of the tone it can mean anything from wow to sexy, hot, intense","depending on the inflection of the tone it can mean anything from wow to sexy, hot, intense"
en,woofer,A loudspeaker designed to reproduce low frequencies,A loudspeaker designed to reproduce low frequencies,term used for a bad smell,term used for a bad smell
en,word,"A single distinct meaningful element of speech or writing , used with others ( or sometimes alone ) to form a sentence and typically shown with a space on either side when written or printed","A single distinct meaningful element of speech or writing , used with others ( or sometimes alone ) to form a sentence and typically shown with a space on either side when written or printed",seriously,seriously
en,wordsmith,A skilled user of words,A skilled user of words,a talented writer,a talented writer
en,work,Activity involving mental or physical effort done in order to achieve a purpose or result,Activity involving mental or physical effort done in order to achieve a purpose or result,"drugs or something that a hustler, person would sell on the streets","drugs or something that a hustler, person would sell on the streets"
en,wow,"Slow pitch fluctuation in sound reproduction , perceptible in long notes","Slow pitch fluctuation in sound reproduction , perceptible in long notes","an exclamation of delight, surprise or amazement","an exclamation of delight, surprise or amazement"
en,wreck,The destruction of a ship at sea ; a shipwreck,The destruction of a ship at sea ; a shipwreck,"a person highly intoxicated by alcohol and/or drugs, to the point where they act severely out of the norm","a person highly intoxicated by alcohol and/or drugs, to the point where they act severely out of the norm"
en,wrecked,Having been wrecked,Having been wrecked,severely under the influence of drugs,severely under the influence of drugs
en,wrecker,A person or thing that wrecks something,A person or thing that wrecks something,"Tow truck, or pick-up vehicle used to collect damaged cars","Tow truck, or pick-up vehicle used to collect damaged cars"
en,wrench,A sudden violent twist or pull,A sudden violent twist or pull,"a mechanic, originally on motorcycles, but now any kind of repairman","a mechanic, originally on motorcycles, but now any kind of repairman"
en,wretched,( of a person ) in a very unhappy or unfortunate state,( of a person ) in a very unhappy or unfortunate state,another word for cool or bad ass,another word for cool or bad ass
en,x,The twenty - fourth letter of the alphabet,The twenty - fourth letter of the alphabet,the drug Ecstasy (MDMA),the drug Ecstasy (MDMA)
en,y,The twenty - fifth letter of the alphabet,The twenty - fifth letter of the alphabet,yes.  Used in text-based communication such as instant messaging,yes.  Used in text-based communication such as instant messaging
en,y2k,Year 2000 ( with reference to the millennium bug,Year 2000 ( with reference to the millennium bug,the year 2000,the year 2000
en,yak,"A large domesticated wild ox with shaggy hair , humped shoulders , and large horns , used in Tibet as a pack animal and for its milk , meat , and hide","A large domesticated wild ox with shaggy hair , humped shoulders , and large horns , used in Tibet as a pack animal and for its milk , meat , and hide",Cognac,Cognac
en,yale,A type of lock with a latch bolt and a flat key with a serrated edge,A type of lock with a latch bolt and a flat key with a serrated edge,Cocaine. Because students at Yale University are presumably rich and can afford to buy cocaine,Cocaine. Because students at Yale University are presumably rich and can afford to buy cocaine
en,yap,"Give a sharp , shrill bark","Give a sharp , shrill bark",mouth,mouth
en,yard sale,A sale of miscellaneous second - hand items held in the garden of a private house,A sale of miscellaneous second - hand items held in the garden of a private house,"a fall on a ski slope in which one's equipment comes off.  The hat, poles, skis, etc. are scattered about, resembling a yard sale","a fall on a ski slope in which one's equipment comes off.  The hat, poles, skis, etc. are scattered about, resembling a yard sale"
en,yarn,"Spun thread used for knitting , weaving , or sewing","Spun thread used for knitting , weaving , or sewing",a story or tale,a story or tale
en,yawn,Involuntarily open one's mouth wide and inhale deeply due to tiredness or boredom,Involuntarily open one's mouth wide and inhale deeply due to tiredness or boredom,spoken to indicate something is boring,spoken to indicate something is boring
en,yellow fever,"A tropical virus disease affecting the liver and kidneys , causing fever and jaundice and often fatal . It is transmitted by mosquitoes","A tropical virus disease affecting the liver and kidneys , causing fever and jaundice and often fatal . It is transmitted by mosquitoes",attraction to Asian people,attraction to Asian people
en,yes,Used to give an affirmative response,Used to give an affirmative response,a celebratory exclamation,a celebratory exclamation
en,yip,"A short , sharp cry or yelp , especially of excitement or delight","A short , sharp cry or yelp , especially of excitement or delight","complaint, disagreement, or argument","complaint, disagreement, or argument"
en,yippee,Expressing wild excitement or delight,Expressing wild excitement or delight,exclamation of joy,exclamation of joy
en,young,Having lived or existed for only a short time,Having lived or existed for only a short time,Small or tight fitting clothes,Small or tight fitting clothes
en,z,Denoting a third unknown or unspecified person or thing,Denoting a third unknown or unspecified person or thing,"In the example sentence, a z-bag is a bag containing an ounce of something - marijuana in this case","In the example sentence, a z-bag is a bag containing an ounce of something - marijuana in this case"
en,zen,A Japanese school of Mahayana Buddhism emphasizing the value of meditation and intuition rather than ritual worship or study of scriptures,A Japanese school of Mahayana Buddhism emphasizing the value of meditation and intuition rather than ritual worship or study of scriptures,"to be at peace... back to wholeness, so to speak","to be at peace... back to wholeness, so to speak"
en,zip,Fasten with a zip,Fasten with a zip,anything,anything
en,zippo,"A type of cigarette lighter with a hinged lid , using petrol as fuel","A type of cigarette lighter with a hinged lid , using petrol as fuel",nothing,nothing
en,zoned,"Divided into zones , in particular ( of land ) designated for a particular type of use or development","Divided into zones , in particular ( of land ) designated for a particular type of use or development",very intoxicated; spacey.  Also zoned out.  A zone trooper is someone apt to be in this state,very intoxicated; spacey.  Also zoned out.  A zone trooper is someone apt to be in this state
en,zounds,Expressing surprise or indignation,Expressing surprise or indignation,exclamation of amazement,exclamation of amazement
en,amoeboid,Denoting or characteristic of an amoeba,Denoting or characteristic of an amoeba,having no definitive shape,having no definitive shape
en,ash,The powdery residue left after the burning of a substance,The powdery residue left after the burning of a substance,"dry, dead, or dirty skin","dry, dead, or dirty skin"
en,ball,"A solid or hollow spherical or egg - shaped object that is kicked , thrown , or hit in a game","A solid or hollow spherical or egg - shaped object that is kicked , thrown , or hit in a game",a great time,a great time
en,banana,A long curved fruit which grows in clusters and has soft pulpy flesh and yellow skin when ripe,A long curved fruit which grows in clusters and has soft pulpy flesh and yellow skin when ripe,a penis,a penis
en,bar,"A long rigid piece of wood , metal , or similar material , typically used as an obstruction , fastening , or weapon","A long rigid piece of wood , metal , or similar material , typically used as an obstruction , fastening , or weapon","in computing, an example or placeholder variable.  Used in the same way as foo and","in computing, an example or placeholder variable.  Used in the same way as foo and"
en,barn door,The large door of a barn,The large door of a barn,the fly (zipper) on one's pants,the fly (zipper) on one's pants
en,beyond,At or to the further side of,At or to the further side of,utterly unknown to a person,utterly unknown to a person
en,bird,"A warm - blooded egg - laying vertebrate animal distinguished by the possession of feathers , wings , a beak , and typically by being able to fly","A warm - blooded egg - laying vertebrate animal distinguished by the possession of feathers , wings , a beak , and typically by being able to fly","a female.  Usually, but not always, used in reference to an attractive female.","a female.  Usually, but not always, used in reference to an attractive female."
en,bite,( of a person or animal ) use the teeth to cut into something,( of a person or animal ) use the teeth to cut into something,"an instance of someone biting, as described in the verb forms relating to copying and plagiarism","an instance of someone biting, as described in the verb forms relating to copying and plagiarism"
en,bluey,Almost or partly blue,Almost or partly blue,a male with red hair.  Australian term,a male with red hair.  Australian term
en,bookmark,"A strip of leather , card , or other material , used to mark one's place in a book","A strip of leather , card , or other material , used to mark one's place in a book","to take note of, for future reference","to take note of, for future reference"
en,bootleg,"( of alcoholic drink or a recording ) made , distributed , or sold illegally","( of alcoholic drink or a recording ) made , distributed , or sold illegally","anything cheap, second-rate, or cheesy, regardless of whether its stolen or copied, especially by teenagers","anything cheap, second-rate, or cheesy, regardless of whether its stolen or copied, especially by teenagers"
en,bouncer,A person employed by a nightclub or similar establishment to prevent troublemakers and other unwanted people entering or to eject them from the premises,A person employed by a nightclub or similar establishment to prevent troublemakers and other unwanted people entering or to eject them from the premises,"security, generally at a club, bar, or party","security, generally at a club, bar, or party"
en,bra,An undergarment worn by women to support the breasts,An undergarment worn by women to support the breasts,alternate pronunciation of bro,alternate pronunciation of bro
en,brick,"A small rectangular block typically made of fired or sun - dried clay , used in building","A small rectangular block typically made of fired or sun - dried clay , used in building","very cold.  Usually only used to describe the temperature of a place, e.g. the weather or indoors in a particular location","very cold.  Usually only used to describe the temperature of a place, e.g. the weather or indoors in a particular location"
en,brown,"Of a colour produced by mixing red , yellow , and blue , as of dark wood or rich soil","Of a colour produced by mixing red , yellow , and blue , as of dark wood or rich soil",black tar heroin,black tar heroin
en,bully,A person who habitually seeks to harm or intimidate those whom they perceive as vulnerable,A person who habitually seeks to harm or intimidate those whom they perceive as vulnerable,a bull terrier dog,a bull terrier dog
en,burner,A person or thing that burns,A person or thing that burns,a handgun,a handgun
en,bust,A woman's chest as measured around her breasts,A woman's chest as measured around her breasts,an event with a displeasing outcome,an event with a displeasing outcome
en,butter,A pale yellow edible fatty substance made by churning cream and used as a spread or in cooking,A pale yellow edible fatty substance made by churning cream and used as a spread or in cooking,"very good, excellent;","very good, excellent;"
en,caboose,"A railway wagon with accommodation for the train crew , typically attached to the end of the train","A railway wagon with accommodation for the train crew , typically attached to the end of the train",the buttocks,the buttocks
en,canker,A destructive fungal disease of apple and other trees that results in damage to the bark,A destructive fungal disease of apple and other trees that results in damage to the bark,not well,not well
en,card,"A piece of thick , stiff paper or thin pasteboard , in particular one used for writing or printing on","A piece of thick , stiff paper or thin pasteboard , in particular one used for writing or printing on","to ask for a person\'s identification (e.g. driver\'s license) for proof of age.  (In New York, the term was proofed.)","to ask for a person\'s identification (e.g. driver\'s license) for proof of age.  (In New York, the term was proofed.)"
en,chat,Talk in a friendly and informal way,Talk in a friendly and informal way,yuck; gross,yuck; gross
en,cheese,"A food made from the pressed curds of milk , firm and elastic or soft and semi - liquid in texture","A food made from the pressed curds of milk , firm and elastic or soft and semi - liquid in texture",an attractive male,an attractive male
en,chief,A leader or ruler of a people or clan,A leader or ruler of a people or clan,sarcastic term for someone who thinks they have superiority over you but does not,sarcastic term for someone who thinks they have superiority over you but does not
en,circus,"A travelling company of acrobats , clowns , and other entertainers which gives performances , typically in a large tent , in a series of different places","A travelling company of acrobats , clowns , and other entertainers which gives performances , typically in a large tent , in a series of different places","something resembling a circus, especially loud and disorderly","something resembling a circus, especially loud and disorderly"
en,come over,( of a feeling or manner ) begin to affect ( someone,( of a feeling or manner ) begin to affect ( someone,to visit a person's residence,to visit a person's residence
en,cone,A solid or hollow object which tapers from a circular or roughly circular base to a point,A solid or hollow object which tapers from a circular or roughly circular base to a point,fellatio,fellatio
en,cooler,A container for keeping food or bottles cool,A container for keeping food or bottles cool,more cool,more cool
en,creep,Move slowly and carefully in order to avoid being heard or noticed,Move slowly and carefully in order to avoid being heard or noticed,an annoying person,an annoying person
en,croak,A characteristic deep hoarse sound made by a frog or a crow,A characteristic deep hoarse sound made by a frog or a crow,to stop functioning,to stop functioning
en,crucify,"Put ( someone ) to death by nailing or binding them to a cross , especially as an ancient punishment","Put ( someone ) to death by nailing or binding them to a cross , especially as an ancient punishment",to punish,to punish
en,cruise,"Sail about in an area without a precise destination , especially for pleasure","Sail about in an area without a precise destination , especially for pleasure",to leave,to leave
en,cuckoo,"A long - tailed , medium - sized bird , typically with a grey or brown back and barred or pale underparts . Many cuckoos lay their eggs in the nests of small songbirds","A long - tailed , medium - sized bird , typically with a grey or brown back and barred or pale underparts . Many cuckoos lay their eggs in the nests of small songbirds",crazy,crazy
en,cuddy,"A small room or compartment , especially on a boat","A small room or compartment , especially on a boat",a close friend;,a close friend;
en,dash,Run or travel somewhere in a great hurry,Run or travel somewhere in a great hurry,to leave,to leave
en,doorknob,A handle on a door that is turned to release the latch,A handle on a door that is turned to release the latch,"a moron, a foolish person.  May well be regional, as I've heard it in western Canada but not elsewhere","a moron, a foolish person.  May well be regional, as I've heard it in western Canada but not elsewhere"
en,drama,"A play for theatre , radio , or television","A play for theatre , radio , or television",a constant source of interpersonal conflict,a constant source of interpersonal conflict
en,dump truck,A dumper truck,A dumper truck,a polite way to say dumb fuck,a polite way to say dumb fuck
en,dust,"Fine , dry powder consisting of tiny particles of earth or waste matter lying on the ground or on surfaces or carried in the air","Fine , dry powder consisting of tiny particles of earth or waste matter lying on the ground or on surfaces or carried in the air",to leave.  UK slang,to leave.  UK slang
en,earworm,A catchy song or tune that runs continually through a person's mind,A catchy song or tune that runs continually through a person's mind,a song or song fragment that gets stuck in one's head.  The literal English translation of the German term used to describe this phenomenon,a song or song fragment that gets stuck in one's head.  The literal English translation of the German term used to describe this phenomenon
en,edged,"( of an object , area , or surface ) having an outside edge or boundary of a specified kind","( of an object , area , or surface ) having an outside edge or boundary of a specified kind",drunk,drunk
en,epic,"A long poem , typically one derived from ancient oral tradition , narrating the deeds and adventures of heroic or legendary figures or the past history of a nation","A long poem , typically one derived from ancient oral tradition , narrating the deeds and adventures of heroic or legendary figures or the past history of a nation",impressive,impressive
en,ersatz,"( of a product ) made or used as a substitute , typically an inferior one , for something else","( of a product ) made or used as a substitute , typically an inferior one , for something else",imitation,imitation
en,everything,All things,All things,"very good, in the speaker's opinion","very good, in the speaker's opinion"
en,fab,A microchip manufacturing plant,A microchip manufacturing plant,fabulous,fabulous
en,fail,Be unsuccessful in achieving one's goal,Be unsuccessful in achieving one's goal,failing or simply generally bad,failing or simply generally bad
en,fall out,"( of the hair , teeth , etc .) become detached and drop out","( of the hair , teeth , etc .) become detached and drop out",to react with overwhelming laughter,to react with overwhelming laughter
en,federated,( of a country or organization ) set up as a single centralized unit within which each state or division keeps some internal autonomy,( of a country or organization ) set up as a single centralized unit within which each state or division keeps some internal autonomy,totally stoned,totally stoned
en,flake,"A small , flat , very thin piece of something , typically one which has broken away or been peeled off from a larger piece","A small , flat , very thin piece of something , typically one which has broken away or been peeled off from a larger piece",a person who does not show up or call or do whatever you were supposed to be,a person who does not show up or call or do whatever you were supposed to be
en,flange,"A projecting flat rim , collar , or rib on an object , serving for strengthening or attachment or ( on a wheel ) for maintaining position on a rail","A projecting flat rim , collar , or rib on an object , serving for strengthening or attachment or ( on a wheel ) for maintaining position on a rail",Noun meaning woman or vagina.  I've just heard that this is what my boyfriend calls me.  Possibly British slang,Noun meaning woman or vagina.  I've just heard that this is what my boyfriend calls me.  Possibly British slang
en,flossy,Of or like floss,Of or like floss,looking one's best; dressed up,looking one's best; dressed up
en,fried,( of food ) cooked in hot fat or oil,( of food ) cooked in hot fat or oil,"under the influence of drugs, often LSD (acid)","under the influence of drugs, often LSD (acid)"
en,frisky,Playful and full of energy,Playful and full of energy,physically affectionate due to desire of sexual activity,physically affectionate due to desire of sexual activity
en,from scratch,"From the very beginning , especially without making use of or relying on any previous work for assistance","From the very beginning , especially without making use of or relying on any previous work for assistance",from basic ingredients; not pre-prepared,from basic ingredients; not pre-prepared
en,fry,"Cook ( food ) in hot fat or oil , typically in a shallow pan","Cook ( food ) in hot fat or oil , typically in a shallow pan","to die by the electric chair, or to kill by the electric chair","to die by the electric chair, or to kill by the electric chair"
en,full,Containing or holding as much or as many as possible ; having no empty space,Containing or holding as much or as many as possible ; having no empty space,good,good
en,gaff,"A stick with a hook or barbed spear , for landing large fish","A stick with a hook or barbed spear , for landing large fish","a place of residence.  British slang common in London and points east, with an underworld flavor","a place of residence.  British slang common in London and points east, with an underworld flavor"
en,gash,"A long , deep cut or wound","A long , deep cut or wound",bad or ill,bad or ill
en,get off,"Go to sleep , especially after some difficulty","Go to sleep , especially after some difficulty",to kiss passionately;,to kiss passionately;
en,good,To be desired or approved of,To be desired or approved of,without need or desire for something or to do something in particular; fine,without need or desire for something or to do something in particular; fine
en,governor,An official appointed to govern a town or region,An official appointed to govern a town or region,one's superior,one's superior
en,handle,Feel or manipulate with the hands,Feel or manipulate with the hands,pseudonym,pseudonym
en,hanger,A person who hangs something,A person who hangs something,a breast that is large enough to hang due to gravity,a breast that is large enough to hang due to gravity
en,heavy,Of great weight ; difficult to lift or move,Of great weight ; difficult to lift or move,good,good
en,honker,A person or thing that honks,A person or thing that honks,nose,nose
en,hooray,Used to express joy or approval,Used to express joy or approval,exclamation of excitement or delight,exclamation of excitement or delight
en,hot,Having a high degree of heat or a high temperature,Having a high degree of heat or a high temperature,stolen,stolen
en,in a heartbeat,Instantly ; immediately,Instantly ; immediately,quickly,quickly
en,j,( in titles ) Journal ( of,( in titles ) Journal ( of,"shortened form of joint, i.e. a hand-rolled marijuana cigarette","shortened form of joint, i.e. a hand-rolled marijuana cigarette"
en,jagoff,"( chiefly in western Pennsylvania ) a stupid , irritating , or contemptible person","( chiefly in western Pennsylvania ) a stupid , irritating , or contemptible person",an insulting exclamation,an insulting exclamation
en,jam,Squeeze or pack tightly into a specified space,Squeeze or pack tightly into a specified space,a song,a song
en,jerk,"A quick , sharp , sudden movement","A quick , sharp , sudden movement",to date,to date
en,juice,The liquid obtained from or present in fruit or vegetables,The liquid obtained from or present in fruit or vegetables,"gossip, secret information","gossip, secret information"
en,kick off,( of a football match ) be started or resumed by a player kicking the ball from the centre spot,( of a football match ) be started or resumed by a player kicking the ball from the centre spot,to die,to die
en,killer,A person or thing that kills,A person or thing that kills,"very good, excellent, impressive; cool; awesome","very good, excellent, impressive; cool; awesome"
en,kind,A group of people or things having similar characteristics,A group of people or things having similar characteristics,"very nice, unique, beautiful","very nice, unique, beautiful"
en,kip,( in leather - making ) the hide of a young or small animal,( in leather - making ) the hide of a young or small animal,a short nap,a short nap
en,kosher,"( of food , or premises in which food is sold , cooked , or eaten ) satisfying the requirements of Jewish law","( of food , or premises in which food is sold , cooked , or eaten ) satisfying the requirements of Jewish law",fine; okay,fine; okay
en,lewd,Crude and offensive in a sexual way,Crude and offensive in a sexual way,a sexual or pornographic image,a sexual or pornographic image
en,line,"A long , narrow mark or band","A long , narrow mark or band","a single serving of a powder drug (especially cocaine,) arranged in a line for snorting","a single serving of a powder drug (especially cocaine,) arranged in a line for snorting"
en,lip,Either of the two fleshy parts which form the upper and lower edges of the opening of the mouth,Either of the two fleshy parts which form the upper and lower edges of the opening of the mouth,back-talk; sass; attitude,back-talk; sass; attitude
en,massage,"The rubbing and kneading of muscles and joints of the body with the hands , especially to relieve tension or pain","The rubbing and kneading of muscles and joints of the body with the hands , especially to relieve tension or pain",to transform data so that it's easier to process,to transform data so that it's easier to process
en,mellow,"( especially of a sound , flavour , or colour ) pleasantly smooth or soft ; free from harshness","( especially of a sound , flavour , or colour ) pleasantly smooth or soft ; free from harshness",one's relaxed mood,one's relaxed mood
en,melon,"The large round fruit of a plant of the gourd family , with sweet pulpy flesh and many seeds","The large round fruit of a plant of the gourd family , with sweet pulpy flesh and many seeds",a head,a head
en,mob,"A large crowd of people , especially one that is disorderly and intent on causing trouble or violence","A large crowd of people , especially one that is disorderly and intent on causing trouble or violence","to go, usually as a group","to go, usually as a group"
en,nick,A small cut or notch,A small cut or notch,condition.  Usually in reference to physical condition,condition.  Usually in reference to physical condition
en,noodle,"A very thin , long strip of pasta or a similar flour paste , eaten with a sauce or in a soup","A very thin , long strip of pasta or a similar flour paste , eaten with a sauce or in a soup","a geek, weirdo","a geek, weirdo"
en,obscure,Not discovered or known about ; uncertain,Not discovered or known about ; uncertain,"bizarre, absurd, mind-blowing","bizarre, absurd, mind-blowing"
en,off,Away from the place in question ; to or at a distance,Away from the place in question ; to or at a distance,leaving,leaving
en,on,Physically in contact with and supported by ( a surface,Physically in contact with and supported by ( a surface,performing well,performing well
en,oral,Spoken rather than written ; verbal,Spoken rather than written ; verbal,oral sex,oral sex
en,piledriver,A machine for driving piles into the ground,A machine for driving piles into the ground,defecation,defecation
en,place,"A particular position , point , or area in space ; a location","A particular position , point , or area in space ; a location",a residence,a residence
en,pog,"A cardboard or plastic disc printed with a design or picture , collected or swapped by children or used in games","A cardboard or plastic disc printed with a design or picture , collected or swapped by children or used in games",to look at something,to look at something
en,popper,( in fishing ) an artificial lure which makes a popping sound when moved over the surface of the water,( in fishing ) an artificial lure which makes a popping sound when moved over the surface of the water,"someone who pretends to be someone they're not, usually in dress and speech;","someone who pretends to be someone they're not, usually in dress and speech;"
en,pumpkin,"A large rounded orange - yellow fruit with a thick rind , the flesh of which can be used in sweet or savoury dishes","A large rounded orange - yellow fruit with a thick rind , the flesh of which can be used in sweet or savoury dishes",affectionate form of address for a loved one,affectionate form of address for a loved one
en,quack,The characteristic harsh sound made by a duck,The characteristic harsh sound made by a duck,one who is crazy or extremely fucked up,one who is crazy or extremely fucked up
en,question mark,A punctuation mark (?) indicating a question,A punctuation mark (?) indicating a question,an un-evaluated person or thing,an un-evaluated person or thing
en,quick,Moving fast or doing something in a short time,Moving fast or doing something in a short time,quickly,quickly
en,rad,"A unit of absorbed dose of ionizing radiation , corresponding to the absorption of 0 . 01 joule per kilogram of absorbing material","A unit of absorbed dose of ionizing radiation , corresponding to the absorption of 0 . 01 joule per kilogram of absorbing material",great; awesome; cool.  Somewhat antiquated - more commonly used in the 1980s.  From radical,great; awesome; cool.  Somewhat antiquated - more commonly used in the 1980s.  From radical
en,rave,"Talk incoherently , as if one were delirious or mad","Talk incoherently , as if one were delirious or mad",Something that is fashionable or trendy,Something that is fashionable or trendy
en,rental,An amount paid or received as rent,An amount paid or received as rent,a parent,a parent
en,retard,Delay or hold back in terms of progress or development,Delay or hold back in terms of progress or development,an unintelligent person,an unintelligent person
en,ride,"Sit on and control the movement of ( an animal , typically a horse","Sit on and control the movement of ( an animal , typically a horse",a sexual partner,a sexual partner
en,rip,Tear or pull ( something ) quickly or forcibly away from something or someone,Tear or pull ( something ) quickly or forcibly away from something or someone,a rip-off,a rip-off
en,rock out,Perform rock music loudly and vigorously,Perform rock music loudly and vigorously,to perform music enthusiastically,to perform music enthusiastically
en,runner,"A person that runs , especially in a specified way","A person that runs , especially in a specified way",a promiscuous female;,a promiscuous female;
en,scat,Improvised jazz singing in which the voice is used in imitation of an instrument,Improvised jazz singing in which the voice is used in imitation of an instrument,feces;,feces;
en,schizophrenic,"Having , relating to , or characteristic of schizophrenia","Having , relating to , or characteristic of schizophrenia",prone to rapidly changing one's mind,prone to rapidly changing one's mind
en,scream,"Give a long , loud , piercing cry or cries expressing extreme emotion or pain","Give a long , loud , piercing cry or cries expressing extreme emotion or pain",to be strongly in agreement,to be strongly in agreement
en,screw up,"( of the muscles of one's face or around one's eyes ) contract , typically so as to express emotion or because of bright light","( of the muscles of one's face or around one's eyes ) contract , typically so as to express emotion or because of bright light",a person who makes many mistakes.  Hyphenated,a person who makes many mistakes.  Hyphenated
en,sell,Give or hand over ( something ) in exchange for money,Give or hand over ( something ) in exchange for money,to convince,to convince
en,sell out,An event for which all tickets are sold,An event for which all tickets are sold,someone who reports a person or group to the authorities (e.g. police) after associating with that person or group;,someone who reports a person or group to the authorities (e.g. police) after associating with that person or group;
en,sham,A thing that is not what it is purported to be,A thing that is not what it is purported to be,fake,fake
en,sharp as a tack,Extremely clever or astute,Extremely clever or astute,very smart,very smart
en,shovelware,Software or online content that has been added to a CD or placed on the Internet without having been altered so as to suit the new medium,Software or online content that has been added to a CD or placed on the Internet without having been altered so as to suit the new medium,low-quality software.  Often collected and sold on low-priced CDs or DVDs,low-quality software.  Often collected and sold on low-priced CDs or DVDs
en,skater,"A person who skates , especially on ice","A person who skates , especially on ice",one eighth of an ounce of marijuana.  From eight + skater.  Also sk8r or sk8er,one eighth of an ounce of marijuana.  From eight + skater.  Also sk8r or sk8er
en,slam,"Shut ( a door , window , or lid ) forcefully and loudly","Shut ( a door , window , or lid ) forcefully and loudly",poetry recital,poetry recital
en,slant,Slope or lean in a particular direction ; diverge or cause to diverge from the vertical or horizontal,Slope or lean in a particular direction ; diverge or cause to diverge from the vertical or horizontal,a person of East/Southeast Asian descent; a person with slanted eyes,a person of East/Southeast Asian descent; a person with slanted eyes
en,sloppy,Careless and unsystematic ; excessively casual,Careless and unsystematic ; excessively casual,To be drunk or high,To be drunk or high
en,slow,"Moving or operating , or designed to do so , only at a low speed ; not quick or fast","Moving or operating , or designed to do so , only at a low speed ; not quick or fast",unintelligent,unintelligent
en,smash,Violently break ( something ) into pieces,Violently break ( something ) into pieces,"a successful thing, especially a movie","a successful thing, especially a movie"
en,smell,The faculty or power of perceiving odours or scents by means of the organs in the nose,The faculty or power of perceiving odours or scents by means of the organs in the nose,to understand,to understand
en,snake,"A long limbless reptile which has no eyelids , a short tail , and jaws that are capable of considerable extension . Some snakes have a venomous bite","A long limbless reptile which has no eyelids , a short tail , and jaws that are capable of considerable extension . Some snakes have a venomous bite",to steal,to steal
en,snowflake,"A flake of snow , especially a feathery ice crystal , typically displaying delicate sixfold symmetry","A flake of snow , especially a feathery ice crystal , typically displaying delicate sixfold symmetry",A person who thinks they are perfect and unique when in fact they are not and are like everyone else,A person who thinks they are perfect and unique when in fact they are not and are like everyone else
en,soft,"Easy to mould , cut , compress , or fold ; not hard or firm to the touch","Easy to mould , cut , compress , or fold ; not hard or firm to the touch",Effeminate.  Easy-going.  Repressed.  Womanly,Effeminate.  Easy-going.  Repressed.  Womanly
en,sparky,Lively and high - spirited,Lively and high - spirited,"used to describe someone crazy, alive, and full of energy","used to describe someone crazy, alive, and full of energy"
en,sprout,( of a plant ) put out shoots,( of a plant ) put out shoots,"of a person, to become taller quickly","of a person, to become taller quickly"
en,steamed,( of food ) cooked by steaming,( of food ) cooked by steaming,angry,angry
en,stone,"Hard solid non - metallic mineral matter of which rock is made , especially as a building material","Hard solid non - metallic mineral matter of which rock is made , especially as a building material",complete or completely; wholly; perfect or perfectly,complete or completely; wholly; perfect or perfectly
en,stretch,( of something soft or elastic ) be made or be capable of being made longer or wider without tearing or breaking,( of something soft or elastic ) be made or be capable of being made longer or wider without tearing or breaking,a period of time,a period of time
en,strop,"A device , typically a strip of leather , for sharpening razors","A device , typically a strip of leather , for sharpening razors",a temper tantrum,a temper tantrum
en,stuff,"Matter , material , articles , or activities of a specified or indeterminate kind that are being referred to , indicated , or implied","Matter , material , articles , or activities of a specified or indeterminate kind that are being referred to , indicated , or implied",The male or female genitalia,The male or female genitalia
en,stunt,Prevent from growing or developing properly,Prevent from growing or developing properly,to show off.  Even if a chain you have on isn't real you can still stunt or be a stunna,to show off.  Even if a chain you have on isn't real you can still stunt or be a stunna
en,suck,Draw into the mouth by contracting the muscles of the lips and mouth to make a partial vacuum,Draw into the mouth by contracting the muscles of the lips and mouth to make a partial vacuum,to be bad at a particular subject or action,to be bad at a particular subject or action
en,swirl,Move in a twisting or spiralling pattern,Move in a twisting or spiralling pattern,"an interracial relationship, or those brave enough to have one","an interracial relationship, or those brave enough to have one"
en,tail,"The hindmost part of an animal , especially when prolonged beyond the rest of the body , such as the flexible extension of the backbone in a vertebrate , the feathers at the hind end of a bird , or a terminal appendage in an insect","The hindmost part of an animal , especially when prolonged beyond the rest of the body , such as the flexible extension of the backbone in a vertebrate , the feathers at the hind end of a bird , or a terminal appendage in an insect",attractive females,attractive females
en,taint,A trace of a bad or undesirable substance or quality,A trace of a bad or undesirable substance or quality,perineum,perineum
en,tall,"Of great or more than average height , especially ( with reference to an object ) relative to width","Of great or more than average height , especially ( with reference to an object ) relative to width",under the influence of marijuana;,under the influence of marijuana;
en,thug,"A violent person , especially a criminal","A violent person , especially a criminal",form of address for a friend,form of address for a friend
en,tinfoil hat,Used in allusion to the belief that wearing a hat made from tinfoil will protect one against government surveillance or mind control by extraterrestrial beings,Used in allusion to the belief that wearing a hat made from tinfoil will protect one against government surveillance or mind control by extraterrestrial beings,"metaphorically, a hat made of tinfoil that people who subscribe to conspiracy theories wear, to prevent electromagnetic signals from being beamed into their brain","metaphorically, a hat made of tinfoil that people who subscribe to conspiracy theories wear, to prevent electromagnetic signals from being beamed into their brain"
en,topless,( of a woman ) having the breasts uncovered,( of a woman ) having the breasts uncovered,without any clothing covering the torso.  Not slang,without any clothing covering the torso.  Not slang
en,track,"A rough path or road , typically one beaten by use rather than constructed","A rough path or road , typically one beaten by use rather than constructed",a place where prostitutes gather to find clients,a place where prostitutes gather to find clients
en,track record,The best recorded performance in a particular athletics event at a particular track,The best recorded performance in a particular athletics event at a particular track,a behavioral or performance record,a behavioral or performance record
en,trump,"( in bridge , whist , and similar card games ) a playing card of the suit chosen to rank above the others , which can win a trick where a card of a different suit has been led","( in bridge , whist , and similar card games ) a playing card of the suit chosen to rank above the others , which can win a trick where a card of a different suit has been led",to flatulate; break wind,to flatulate; break wind
en,tunnel vision,Defective sight in which objects cannot be properly seen if not close to the centre of the field of view,Defective sight in which objects cannot be properly seen if not close to the centre of the field of view,preoccupation with a single thing,preoccupation with a single thing
en,turn on,Suddenly attack physically or verbally,Suddenly attack physically or verbally,something one finds sexually exciting.  Hyphenated,something one finds sexually exciting.  Hyphenated
en,twitter,( of a bird ) give a call consisting of repeated light tremulous sounds,( of a bird ) give a call consisting of repeated light tremulous sounds,"the perineum.  From, The skin between your twat and your shitter","the perineum.  From, The skin between your twat and your shitter"
en,virgin,A person who has never had sexual intercourse,A person who has never had sexual intercourse,"a person who has no knowledge of, or who has never experienced, a particular thing or event","a person who has no knowledge of, or who has never experienced, a particular thing or event"
en,wash,"Clean with water and , typically , soap or detergent","Clean with water and , typically , soap or detergent","a barter-like agreement, typically between friends and/or family","a barter-like agreement, typically between friends and/or family"
en,welfare,"The health , happiness , and fortunes of a person or group","The health , happiness , and fortunes of a person or group","bad, stupid, ugly, etc","bad, stupid, ugly, etc"
en,winky,Relating to or characterized by winking,Relating to or characterized by winking,a penis,a penis
en,wood,"The hard fibrous material that forms the main substance of the trunk or branches of a tree or shrub , used for fuel or timber","The hard fibrous material that forms the main substance of the trunk or branches of a tree or shrub , used for fuel or timber",an erection,an erection
en,workaround,A method for overcoming a problem or limitation in a program or system,A method for overcoming a problem or limitation in a program or system,a method of accomplishing something that is otherwise prevented due to a bug,a method of accomplishing something that is otherwise prevented due to a bug
en,yahoo,Expressing great joy or excitement,Expressing great joy or excitement,a weird person,a weird person
en,yard,A unit of linear measure equal to 3 feet ( 0 . 9144 metre,A unit of linear measure equal to 3 feet ( 0 . 9144 metre,one hundred dollars,one hundred dollars
en,yea,Yes,Yes,spelling variant of yeah,spelling variant of yeah
en,yellow,"Of the colour between green and orange in the spectrum , a primary subtractive colour complementary to blue ; coloured like ripe lemons or egg yolks","Of the colour between green and orange in the spectrum , a primary subtractive colour complementary to blue ; coloured like ripe lemons or egg yolks",any of a number of drugs whose capsules / pills are yellow in color,any of a number of drugs whose capsules / pills are yellow in color
en,yessum,Used as a polite form of assent addressed to a woman,Used as a polite form of assent addressed to a woman,yes ma\'am,yes ma\'am
en,yonder,At some distance in the direction indicated ; over there,At some distance in the direction indicated ; over there,over there,over there
en,yow,Used to express pain or shock,Used to express pain or shock,a general exclamation,a general exclamation
en,zany,Amusingly unconventional and idiosyncratic,Amusingly unconventional and idiosyncratic,"comical, wacky","comical, wacky"
ru,абзац,paragraph,абзац,"Эвфемистическое выражение, обозначающее крайне неприятную или безвыходную ситуацию, полный провал или неудачное завершение чего-либо.","Euphemism forпиздец(similar pronunciation, especially the ending), literallyparagraph(from the German wordAbsatz— paragraph)."
ru,абрек,young man,молодой мужчина,"Человек, происходящий с Кавказа; слово заимствовано из осетинского или черкесского языков, где означает молодого мужчину или хорошего человека.","Person from the Caucasus region, comes from the Ossetianабрегor Circassianабрекwhich both mean “bloke, good man”."
ru,автозак,special vehicle for transporting detainees or prisoners,автомобиль для перевозки задержанных или заключённых,"специальный автомобиль, предназначенный для перевозки задержанных или заключённых",Prisoner transport vehicle (автомобиль для перевозкизаключённых).
ru,автоксива,car driving license,водительское удостоверение,"Водительское удостоверение, подтверждающее право управления транспортным средством.","Driver’s license, see alsoксива."
ru,ага,aha,восклицание внезапного понимания или обнаружения,"Разговорное слово, употребляемое для выражения согласия или подтверждения.","Yeah, right. Sign of agreement or confirmation."
ru,агрофюрер,agro leader,аграрный лидер,"Пренебрежительное прозвище президента Белоруссии Александра Лукашенко, подчёркивающее его прошлое в сельском хозяйстве и сравнивающее его авторитарный стиль управления с диктаторским.","The Belarussian president Lukashenko, mocked as being anagricultural Führer. Allusion to Alexander Grigoryevich’s past job as the secretary of a state farm in the 1980s."
ru,адназначна,unambiguous,ясный и недвусмысленный,"Фонетически изменённая форма слова «однозначно», употребляемая в разговорной речи и сленге для выражения полной уверенности или согласия.","Phonetic rendering ofоднозначно(unambiguously), a word often used by politicians, especially Vladimir Zhirinovsky."
ru,адстой,no standard meaning,Без стандартного значения,"Сленговое слово, обозначающее что-то крайне плохое, некачественное, никчёмное или неприятное.","Misspelling ofотстой, which means “sediment” but has gained the colloquial meaning “bullshit, crap” (the words carries a notion close to “left over, discarded”). Sometimes writtenацтой, атстой."
ru,АЖ/КЗ,abbreviated expression,"сокращённое выражение, обозначающее упрощённую форму слова","Сокращённое выражение, используемое для выражения одобрения автора и его креативного поста, противоположное по значению КГ/АМ.","Short forаффтар жжот, креатифф зачотный(the author rules, the post is great). Antonym ofКГ/АМ."
ru,азер,Azerbaijani person,Азербайджанец,"Человек, принадлежащий к азербайджанскому народу.",Azerbaijani.
ru,акробат,acrobat,акробат,Пассивный гомосексуалист в тюремном или жаргонном употреблении.,Passive homosexual. In standard Russian “acrobat”.
ru,албанский,Albanian,албанский,"Слово, изначально означавшее «албанский», используется для обозначения русского интернет-сленга начала XXI века и ироничного упоминания искажённого русского языка. Появилось как шутка после случая, когда американцу, не понявшему русский текст, предложили выучить албанский. Фраза «учи албанский» применяется к тем, кто делает ошибки в русском языке или использует этот сленг. Иногда пишется как «олбанский».","Although the initial meaning is “Albanian”, this has come to mean Russian language in general or an internet based youth slang popular in the early 21stcentury in particular. The origin of this new meaning is the naive ignorance of an American livejournal user confronted with a script he could not read (Russian). Eventually he was told to “learn Albanian” and the sentenceучи албанскийis now used as an invitation to people making mistakes in Russian or in this jargon. Sometimes writtenолбанский."
ru,алик,male given name Alexey,мужское имя Алексей,"Человек, который часто и в больших количествах употребляет алкогольные напитки.",Alcoholic.
ru,алканить,to behave like an alcoholic,Вести себя как алкоголик,Пить алкоголь в больших количествах до сильного опьянения.,"To get pissed, to get wasted."
ru,алкарик,alcoholic drinker,пьющий алкогольные напитки человек,"Человек, часто употребляющий алкоголь и склонный к пьянству.","Drunkard, alcoholic."
ru,алкаш,drunkard,"пьяница, человек, часто употребляющий алкоголь в больших количествах","Человек, регулярно и в больших количествах употребляющий алкогольные напитки.",Alcoholic.
ru,алконавт,alcohol navigator,"алкогольный навигатор, указывающий направление алкоголю","Шутливое или ироничное название человека, часто злоупотребляющего алкоголем, которого сравнивают с космонавтом из-за его «путешествий» в состоянии опьянения.","Alcoholic, “alconaut”, the cross-breed of alcoholic and cosmonaut)."
ru,алкота,alcohol group,"Алкогольная группа, группа людей, связанных с алкоголем","Группа людей, часто употребляющих алкоголь и склонных к пьянству.","Drunks, collective noun."
ru,аллора,hello there,Привет там,"Пренебрежительное название итальянца, заимствованное из итальянского языка; использовалось в позднесоветское время среди людей, нелегально торговавших с иностранцами.","Spic, wog, Italian. Loaned from Italianallora(“then”). Also calledаллерик, аллорец, аллорник. Used in the late Soviet times by individuals trading illegally with foreigners."
ru,амара,Amara,Амара (имя или собственное имя),"Женщина, занимающаяся проституцией; проститутка.","Whore, prostitute. Probably a Yiddish deformation of Frenchamour."
ru,америкосы,American people,"американец, гражданин США","Разговорное, обычно пренебрежительное название граждан Соединённых Штатов Америки.","Yankees, citizens of the United States of America. Also known asАмерикашкиorпиндосы."
ru,амортизатор,shock absorber,"амортизатор, механическое устройство для поглощения ударов и вибраций","Женская грудь, особенно крупная или заметно выделяющаяся.",Tits;
ru,анаша,a type of hemp plant,растение конопли,"Наркотическое вещество, получаемое из конопли, также известное как марихуана.","Marijuana, cannabis, hemp. Loaned from Kazakhнаше."
ru,анашист,anarchist,анархист,"Человек, употребляющий марихуану или предпочитающий анашу.","Pot-head, consumer of marijuana;"
ru,АПВС?,Why do you ask?,Почему ты спрашиваешь?,"Шутливое сокращение от фразы «А почему вы спрашиваете?», употребляемое в ответ на вопрос для выражения интереса к причине его задавания.","Short forА пачиму ви спгашиваете?, which isа почему вы спрашиваете?pronounced with a supposedly Jewish accent. Loosely similar to WUU2 (what are you up to?)."
ru,арбуз,watermelon,"арбуз, большой зелёный фрукт с полосками, красной сочной мякотью и чёрными семенами внутри",Сленговое обозначение миллиарда рублей или долларов.,Billion;
ru,армянская королева,Armenian queen,армянская королева,"Жаргонное выражение, обозначающее пассивного гомосексуала, подвергшегося сексуальному унижению.","Passive homosexual, literally an “Armenian queen” (Armenians are rumoured to be fond of sodomy)."
ru,аська,instant messaging program,программа мгновенного обмена сообщениями,"Программа для мгновенного обмена сообщениями ICQ, широко используемая в компьютерном сленге.",The instant messaging program ICQ (computer slang).
ru,атасный,"terrible, critical","страшный, ключевой","Очень хороший, выдающийся, вызывающий восхищение.","Cool, neat, brilliant, great, splendid."
ru,атошник,ATO participant,участник антитеррористической операции,"украинский военнослужащий, проходивший службу в Донбассе в период с 2014 по 2022 год в рамках антитеррористической операции",Ukrainian soldier who served between 2014 and 2022 in the Donbass as part of the anti-terrorism operation (АТО — анти-террористическая операция).
ru,афедрон,a container for holding powder,Контейнер для порошка,"Задняя часть тела, ягодицы; в устаревшем значении — анус. Заимствовано из греческого языка и используется как более изящное обозначение этой части тела.","Bum, backside, the initial and now obsolete meaning is “the anus”. It is borrowed from the Greek word αφεδρών (anus) and is not quite a slang word but rather and elegant way of referring to the anatomy."
ru,афтар,author,автор,"Искажённая форма слова «автор», используемая в интернете для обозначения человека, написавшего сообщение, пост или комментарий.","Author, deformation ofавтор. Alternate orthography:аффтар. The author is usually the writer of an internet post (in a blog or on a forum)."
ru,аффтар жжот,author burns,автор горит,"Выражение, применяемое для похвалы автора за его яркое, остроумное или оригинальное высказывание или действие.","“The author rules”, one of the highest sign of respect and widely used appreciative comment. In proper Russian it should read:автор зажигает(i.e. the author sets on fire)."
ru,ахуеть,to be amazed or stunned,чувствовать удивление или шок,"Испытывать сильное удивление, поражение или шок.",Phonetic spelling ofохуеть.
ru,ахуй,to be stunned or shocked,чувствовать шок или удивление,"Сильное удивление, потрясение или эмоциональный шок.","State of big surprise, being awe-struck, experiencing an emotional schock. Derived fromохуеть."
ru,ахулиард,"no standard meaning, transliteration of a slang term","Нет стандартного значения, транслитерация сленгового слова","Очень большое количество, огромная сумма, несметное число, сопоставимое с хулиардом.","Incredibly big amount, very large sum, bazillion, comparable toхулиард."
ru,аццкий,hellish,адский,"Сленговое слово, производное от слова «адский», используется для описания чего-либо очень сильного, ярко выраженного, как в положительном, так и в отрицательном смысле.","Derived fromадский— hellish. It can convey both the meaning of something which is good, strong or the opposite meaning of something bad."
ru,б/п,without exaggeration,без преувеличения,"Без преувеличения, честно, без обмана.","Honestly, no kidding. Short forбез пизды."
ru,баба,woman,женщина,"Женщина, чаще взрослая, слово употребляется с оттенком пренебрежения.","Woman, usually older woman, slightly derogative."
ru,бабай,grandfather,"дедушка, пожилой мужчина из старшего поколения","Пожилой мужчина, обычно происходящий из восточных или центральноазиатских регионов.",Central Asian.
ru,бабки,grandmothers,бабушки,"Разговорное слово, обозначающее деньги.","Dough, money. Also known asбабульки. The name supposedly comes from the imperial banknotes bearing the portrait of Catherine II, which were called by the more criminal and less respectful “grannies”."
ru,бабломёт,money throwing device,машина для бросания денег,"Банкомат, автоматическое устройство для выдачи наличных денег.","Cash dispenser, ATM, “dough-launcher”. Also calledбабкомёт."
ru,бабник,womanizer,"мужчина, часто меняющий женщин в качестве партнёров","Мужчина, который часто меняет любовных партнерш.","Womaniser, skirt chaser."
ru,бабосики,little bucks,"Маленькие деньги, небольшая сумма денег","Деньги, особенно наличные.","Dosh, money."
ru,бабосы,large bags,"Большой мешок, предназначенный для хранения вещей.","Разговорное обозначение денег, наличных средств.","Money, dough."
ru,бабоукладчик,hair setter,прибор для укладки волос,"Алкогольный напиток с мягким вкусом и высокой крепостью, который используют для соблазнения женщин; так иногда называют такие напитки, как амаретто, мартини или бейлис.","Alcoholic beverage used to get women into bed, as a rule the strength of the drink is not perceptible at first. Amaretto or Martini are sometimes called that way."
ru,бавовна,cotton,хлопок,"Ироничное слово, обозначающее взрыв, возникшее из-за ошибочного перевода слова «хлопок» с русского на украинский; используется в СМИ как эвфемизм для описания взрывов.","Explosion. Ironical term that was created from a mistaken translation of Russian into Ukrainian: Russian authorities tend to call any major explosion aхлопок(clap), in this case the homographхлопок(coton) was translated. The mistake has replaced the euphemism in some media."
ru,базар,market,рынок,"Пустые разговоры, ненужные обсуждения.","Chatter, banter."
ru,базарить,"to market, to trade",совершать торговые операции,"разговаривать, вести беседу, болтать","To chatter, to talk."
ru,байстрюк,a child born out of wedlock,ребёнок вне брака,"Человек, рожденный вне брака; слово употребляется в оскорбительном значении.",Bastard. Ukrainian word meaning “illegitimate child” also used in Russian.
ru,бакинские,related to Baku city,Связанный с городом Баку,"Шутливое и ироническое название американских долларов, образованное от слова «бакс» и не имеющее отношения к городу Баку или Азербайджану.","Greenback, American Dollar. Ironical deformation ofбакс(means in fact “from Baku” but has nothing to do whatsoever with Azerbaijan)."
ru,бакс,buck,самец оленя,"Разговорное название доллара США; существительное мужского рода, во множественном числе — баксы.","Buck, US-Dollar. Loan word from American English (“bucks”), but it is considered as a singular in Russian. Plural isбаксы."
ru,балда,a simpleton or fool,простой человек или дурак,"Грубое разговорное слово, обозначающее мужской половой член; вариант слова «елда».","Dick, penis. Variant ofелда;"
ru,балдеть,to be numb or dazed,чувствовать онемение или оцепенение,"Испытывать сильное удовольствие, наслаждаться чем-либо.","To dig something, to strongly appreciate something."
ru,бандер,Bander,"бандер — транслитерация, не имеющая буквального значения","Мужчина, который управляет борделем; сутенёр.","Pimp, male manager of a brothel."
ru,"бандеровцы, бандерлоги",followers of Stepan Bandera,сторонник Степана Бандеры,"Украинские националисты, выступающие против российского влияния, преимущественно из Западной Украины; название происходит от имени Степана Бандеры, символа украинского независимого движения. В российской медиа-среде термин часто используется как обозначение фашистов.","Ukrainian nationalists with a strong aversion of Russian rule, usually from Western Ukraine. Named after Stepan Bandera (1909-1959), founder of the Ukrainian insurgent army (UPA) and the Organisation of Ukrainian Nationalists (OUN), symbol of Ukrainian independentism. Having collaborated with the Germans during WWII he is seen by Russian media as a synonym for fascism. The name is sometimes misspeltбендеры, бендеровцыand is used in the surreal compoundжидобандеровцы(implying the supposed Ukrainian fascists cooperate with Jewish forces)."
ru,бандерша,female member of the Banderist movement,участница движения Бандер,"Женщина, управляющая публичным домом.","Madam, female manager of a brothel;"
ru,бандерша,female member of the Banderist movement,участница движения Бандер,"Женщина, управляющая публичным домом.","Madam, female manager of a brothel;"
ru,банчить,to sell in small batches,продавать мелкими партиями,"Продавать что-либо, чаще всего незаконно; первоначально означало продавать наркотики мелкими партиями.","To sell, often not legally, initially means to sell drugs in small quantities."
ru,бараться,to struggle or strive,усилие или борьба,Совершать половой акт.,"To copulate. In old Russian the verb meant “to battle” and comes from a Slavic root meaning “to penetrate, to touch, to feel” (compare Bulgarianбарам, Macedonianбара)."
ru,бардак,messy room,беспорядочная комната,"Состояние полного беспорядка, неорганизованности или хаоса в делах или в каком-либо месте.","Brothel — figuratively means disorder, mess, chaos. Stems from the Frenchbordelwith a Russian suffix. The figurative meaning is more commonly used:"
ru,бардачный,related to a brothel,Прокурорский,"Характеризующийся беспорядком, неорганизованностью, хаотичностью.","Chaotic, unruly, disorderly."
ru,бардачок,small compartment or glove box in the front part of a car,бардачок автомобиля,Небольшой ящик или отделение в передней части салона автомобиля для хранения различных мелких предметов.,Glove compartment.
ru,барсук,badger,"Барсук, вид млекопитающего",Опытный гомосексуал в тюремной среде.,Experienced homosexual.
ru,барыга,small-scale trader,"Мелкий торговец, занимающийся куплей-продажей.","Человек, занимающийся незаконной торговлей товарами, часто крадеными или запрещёнными, например наркотиками.","Fence, seller of stolen goods, drug peddler."
ru,басран,no standard meaning,Без стандартного значения,"Пренебрежительное обозначение человека, которого считают никчёмным и бесполезным.","Git, useless individual."
ru,батончик,small loaf of bread,булочка из муки и воды,"Молодая проститутка, обычно девушка подросткового возраста.",Young prostitute (literally “small bun”).
ru,башка,head,голова,"Разговорное слово, обозначающее голову человека.","Head, probably borrowed from a Turkic language (Turkishbaş— head)."
ru,башли,no standard meaning,Без стандартного значения,"Деньги, наличные средства.","Dough, money."
ru,башлять,to shell out,оплачивать деньги,"Отдавать деньги, платить.","To give money, to pay."
ru,без пизды,without pussy,без половых органов,"Совершенно честно, без обмана и преувеличений.","No strings attached, no shit, honestly. Sometimes shortened toб/п."
ru,безмудый,without wisdom,без ума,"Мужчина, лишённый мужских половых признаков, кастрированный.","Emasculated, eunuch, castrated;"
ru,белокурва,blonde woman,Блондинка,"Женщина со светлыми волосами, которую считают глупой или легкомысленной.","Blond airhead, bimbo."
ru,берлять,to eat or chew food,есть или жевать пищу,Есть или жевать пищу.,"Munch, eat."
ru,беспонтовый,without points,нет очков,"Неинтересный, скучный, низкого качества или бесполезный; изначально применялось к веществу, не оказывающему эффекта.","Without interest, boring, badly done, useless. Initially drug addicts’ slang for a drug showing no effect."
ru,бздение,the act of producing or releasing gas from the digestive system,Отхождение газов из пищеварительной системы,Выход газов из кишечника через анальное отверстие.,"Farting, passing gas;"
ru,бздёнок,a small fart,небольшой выброс газа,"Человек, который часто пускает газы; устаревшее пренебрежительное выражение.",Person who farts frequently (obsolete).
ru,бздеть,to be afraid or scared,страх или боязнь,незаметно выпускать газы из кишечника,To fart silently;
ru,бздех,to fart quietly,тихо выпускать газ из кишечника,Тихое выделение газов из кишечника.,Passing of gas during a silent fart.
ru,бзднуть,to make a sudden movement or to startle,внезапное движение или испуг,Незаметно выпустить газы из кишечника.,To fart. Seeбздеть(ipf).
ru,бздун,coward,трус,"Оскорбительное прозвище для человека, который часто пускает газы.",Farter;
ru,бздун,coward,трус,"Оскорбительное прозвище для человека, который часто пускает газы.",Farter;
ru,бздюх,intestinal gas expelled through the anus,"газ, выходящий из прямой кишки","Грубое разговорное слово, обозначающее газы, выделяемые через анус с характерным звуком и запахом.",Fart.
ru,бикса,bitch,собака (самка),"Пренебрежительное обозначение женщины, которая ведёт себя вызывающе или распущенно.",Slut. Probably a loan from Tatarbüka(lady).
ru,бич,whip,"кнут, длинный предмет для управления животными или в качестве инструмента","Человек, не имеющий постоянного места жительства и средств к существованию.","Bum, homeless person."
ru,блат,network of connections,сеть связей между людьми,"Термин уголовного жаргона, обозначающий наличие связей или покровительства в преступной или неформальной среде.","Thieves’ lingo (loaned from Yiddish בלאַט [blat], gangster or criminal);"
ru,блат (по ~у),network of connections,сеть связей,"Использование личных связей, знакомств или неофициальных договорённостей для получения преимуществ.","Through relations, connexions, with kick-backs."
ru,блеать,bleat,блеяние овцы,"Искажённая форма грубого слова, используемая для выражения сильных эмоций или усиления высказывания.",Deformation ofблядь.
ru,блевать,to vomit,рвота,Испытывать тошноту и извергать содержимое желудка через рот.,"To puke, to barf, to vomit."
ru,блевотина,vomit,рвотные массы,"Массы, выброшенные из желудка через рот при рвоте.","Puke, vomit."
ru,блин,pancake,"блин, плоская круглая еда","Смягчённое восклицание, выражающее удивление, раздражение или другие сильные эмоции.",Euphemism forблядь. Means “pancake” in standard Russian.
ru,блохастик,little flea-covered one,покрытое маленькими блохами,"Собака, обычно бездомная или плохо ухоженная.","Fleabag, dog."
ru,бля,damn,"слово, выражающее проклятие или сильные эмоции","Восклицание, сокращённая форма грубого слова, употребляемое для выражения удивления, раздражения или других сильных эмоций.","Exclamation, contraction ofблядь."
ru,блядивый,related to prostitution,связанный с проституцией,"Склонный к распущенному, вызывающему и аморальному поведению.","Perverted, whore-like."
ru,блядина,prostitute,"женщина, занимающаяся проституцией","Грубое и оскорбительное слово для обозначения женщины, которую говорящий считает ведущей беспорядочную половую жизнь; более резкая форма слова блядь.","Slut. Emphatic form ofблядь. As its name is pronounced almost the same way, the French baby food producer “blédina” did not quite meet its expectations on the Russian market."
ru,блядки,female dogs,собака (самка),"Сексуальные отношения с женщинами за деньги или случайные связи на одну ночь без эмоциональной привязанности, главным образом ради физического контакта; не включает сексуальные отношения с постоянным партнёром.","Sex with women of negotiable affection or one night stands. The emotional relationship is unimportant, the physical contact is the main aspect, it should therefore not be used to describe sex with a long time partner."
ru,блядовской,related to prostitutes or prostitution,связанный с проститутками или проституцией,"Относящийся к проституткам или проституции; крайне вульгарный, непристойный.","Slutty, related to prostitutes or prostitution. Seeблядский."
ru,блядовство,prostitution,заниматься проституцией,"Поведение, характеризующееся крайней распущенностью и чрезмерной сексуальной активностью.",Sluttiness. Seeблядство.
ru,блядофон,whore phone,Телефон проститутки,"Мобильный телефон, используемый для общения с любовницами или женщинами, предоставляющими интимные услуги, обычно с целью скрыть это от супруга.","Mobile phone used to contact lovers or ladies of negotiable affection, usually so as not to arouse suspicion of the spouse."
ru,блядоход,whore boat,корабль проститутки,"Грубое уничижительное слово для обозначения мужчины, который постоянно и намеренно ищет случайные сексуальные связи.",Word composed ofблядьandход(walk) which is interpreted in different ways:
ru,блядоход,whore boat,корабль проститутки,"Грубое уничижительное слово для обозначения мужчины, который постоянно и намеренно ищет случайные сексуальные связи.",Word composed ofблядьandход(walk) which is interpreted in different ways:
ru,блядоход,whore boat,корабль проститутки,"Грубое уничижительное слово для обозначения мужчины, который постоянно и намеренно ищет случайные сексуальные связи.",Word composed ofблядьandход(walk) which is interpreted in different ways:
ru,блядский,related to a prostitute,связанный с проституткой,"Используется для выражения сильного недовольства, раздражения или презрения по отношению к чему-либо; служит для усиления негативной оценки.","Having the attributes of a prostitute, figuratively used to emphasise."
ru,блядство,prostitution,проституция,"Поведение и образ жизни, отличающиеся распущенностью, вульгарностью и демонстративной сексуальностью, ассоциирующиеся с образом жизни проститутки.",Habits and life-style reminiscent of those of a prostitute;
ru,блядство,prostitution,проституция,"Поведение и образ жизни, отличающиеся распущенностью, вульгарностью и демонстративной сексуальностью, ассоциирующиеся с образом жизни проститутки.",Habits and life-style reminiscent of those of a prostitute;
ru,блядствовать,to behave like a prostitute,Вести себя как проститутка,"Постоянно вступать в случайные половые связи, часто менять сексуальных партнёров.",To whore around. Seeблядовать.
ru,блядунья,a woman who behaves promiscuously,легкомысленная женщина,"Пренебрежительное обозначение девушки, которую считают легкомысленной и ведущей беспорядочную половую жизнь.","Small-time slut, easy and worthless girl. Pejorative deformation ofблядь."
ru,блядушка,little female dog,маленькая сука,"Уничижительное уменьшительно-ласкательное слово, образованное от грубого термина, обозначающее женщину легкого поведения.",Spunk-dustbin. Disrespectful diminutive variant ofблядь.
ru,блядь,prostitute,проститутка,"Грубое и оскорбительное слово, обозначающее женщину, ведущую беспорядочную половую жизнь; также используется как ругательство в адрес женщины.","Whore, slut, bitch, woman of light virtue, promiscuous woman. Historically the noun means “lie, heresy, mistake” (and блѧдь can be found with this meaning in religious literature), and by extension a lost woman."
ru,"блядь (не ~, а честная давалка)",whore,проститутка,"О женщине, которая часто употребляет ругательство «блядь», но не является проституткой, а ведёт себя откровенно и свободно в интимных отношениях, руководствуясь чувствами, а не корыстью.","“Not prostitute, but honest slut”, to be used when somebody makes too frequent a use of the expletiveблядьin his speech."
ru,бляздец,no literal meaning,без буквального значения,"Грубое просторечное слово, выражающее сильное удивление или недоверие, образованное от нецензурных выражений.","Expression of surprise, disbelief. Combination ofблядьandпиздец."
ru,бляндинка,a woman with blonde hair,женщина с золотыми волосами,"Женщина со светлыми волосами, характеризующаяся вызывающим или распущенным поведением.","Slut, tramp (блядь + блондинка)."
ru,бляпашлифсенахуймудаки,No standard meaning; a combination of offensive words,Нет стандартного значения; сочетание нескольких оскорбительных слов,"Грубое нецензурное выражение, выражающее сильное раздражение и злость по отношению к окружающим, объединяющее несколько оскорбительных слов и пожелание уйти.","Expression of exasperation and anger with the users around. Contraction ofбля, пошли все нахуй,мудаки(“damn, go all fuck yourselves, dickheads”) which is sometimes shortened asБПФНМ."
ru,блять,prostitute,проститутка,"Грубое нецензурное слово, употребляемое для выражения раздражения, удивления или других сильных эмоций.",Deformation ofблядь.
ru,бляха-муха,tin fly,оловянная муха,"Восклицание, выражающее удивление или раздражение; смягчённая форма ругательства.","Exclamation of surprise, expletive.Бляха(which actually means “steel plate”) is a euphemism forблядь,муха(a fly) is added as rhyming slang."
ru,бодун,hangover,похмелье,"Плохое самочувствие после чрезмерного употребления алкоголя, сопровождающееся головной болью, жаждой и слабостью.","Hangover,быть с бодуна— to have a hangover."
ru,болван,a block of wood,деревянный брусок,"Человек, характеризующийся глупостью и ограниченностью.","Idiot, stupid."
ru,болт,bolt,болт,"Грубое разговорное слово, обозначающее мужской половой член.",Penis — “bolt” in standard Russian.
ru,болт (забить ~),bolt,болт,"Сознательно игнорировать что-либо, проявлять безразличие.","To ignore, not to give a shit about something. Euphemism forхуй забить."
ru,бомбануть,to explode bomb,взрыв бомбы,"Внезапно сильно разозлиться или возмутиться, проявляя чрезмерную эмоциональную реакцию, агрессию или ненависть.","To experience sudden severe irritation, resentment, accompanied by overreaction, hatred or retaliatory aggression."
ru,бомбила,bombila,"транслитерация ""бомбила"", без стандартного значения","Частный водитель, перевозящий пассажиров без официального разрешения, часто нарушающий правила дорожного движения и использующий старые автомобили.","Illegal cab driver. As Caucasians often earn money working this way in Moscow, often disregarding the highway code, and driving cars past their prime, these taxis are also known asшахид-такси(шахидis loaned from Arabic شَهيد šahīd, martyr, and has been made well-known through suicide bombings)."
ru,бомбить,"to bomb, to explode","бомба, взрыв",Заниматься частным извозом на личном автомобиле без официальной лицензии.,"To moonlight as a taxi without licence and in a private car, “literally to bomb”. The driver is calledбомбила."
ru,бомж,homeless person,бездомный человек,"Человек, не имеющий постоянного жилья и средств к существованию.","Hobo, homeless person. Short forбез определённого места жительства(without defined residence)."
ru,бомжатник,a place where homeless people live,приют для бездомных,"Грязное, захламлённое или неухоженное помещение, иногда служащее приютом для бездомных.","Dump, pigpen, shelter for the homeless."
ru,бомж-пакет,homeless person bag,мешок бездомного,"Пакет с лапшой быстрого приготовления, обычно азиатского происхождения.","Instant noodles, usually of Asian origin."
ru,Бонжурия,Good day,"приветствие из французского слова ""bonjour""","Шутливое название Франции, образованное от французского слова «бонжур».","France, also calledстрана Бонжурия(the land of bonjour)."
ru,ботаник (ботан),botanist,ботаник,"Человек, который много времени посвящает учебе и науке, обычно не интересуется модой или развлечениями.","A book worm, nerd, geek."
ru,ботать по фене,study using Fenya,Использовать Феню для обучения,разговаривать на жаргоне преступников,"Speak cant, speak in the cryptolect ot the criminal underworld, s.феня."
ru,боянист,accordion player,аккордеонист,"Пользователь, который часто публикует давно известные шутки, выдавая их за новые.",User repeatedly posting old jokes (баяны) as though they were new.
ru,"братан (братуха, брачо)",brother,брат,Очень близкий друг или товарищ.,"Bro, brother, friend, associate."
ru,брехня,falsehood,ложное утверждение или неправдивая речь,"Преднамеренное искажение правды, ложное утверждение или обман.",Lie.
ru,брушить,to brush,Чистить или наносить с помощью щетки.,"Выполнять работу, заниматься трудовой деятельностью.",To work.
ru,брюлики,small diamonds,маленький алмаз,ювелирные украшения с драгоценными камнями,"Bling, jewellery."
ru,бубен,tambourine,бубенчик,"Человек, вызывающий раздражение или желание нанести удар.","Face, especially the kind that is waiting for a fist to hit it."
ru,бубенцы,small bells,"маленький колокольчик, издающий звонкий звук","Разговорное слово, обозначающее мужские яички.",Testicles. Literally “small metallic bells”.
ru,бугага,onomatopoeia for loud laughter,звукоподражание громкому смеху,"Выражение смеха, применяемое для передачи весёлой или насмешливой реакции.",Symbolises laughter (ha-ha-ha).
ru,бугор,bump,выпуклость,"Сленговое слово, обозначающее зарубежные, преимущественно западные страны.","Overseas, foreign countries.За бугром: abroad (mainly Western countries). The word comes from Russian cant and the mound (бугор) refers to the Ural, criminals sentenced to time in Siberia were over the mound —за бугром."
ru,будка,doghouse,будка для собаки,"Разговорное выражение, обозначающее лицо человека.",Face (“booth”).
ru,булкотряс,a device that shakes or vibrates a bulk or mass,устройство для встряхивания или вибрации большого количества предметов,"Ночной клуб, место для танцев и развлечений.","Night club, “bun-shaker”."
ru,бульбаш,potato,картофель,"Пренебрежительное прозвище белоруса, образованное от слова «бульба» (картофель), широко выращиваемого в Беларуси.","Belarusian, derived from the Belarusian wordбульба(potato) which was widely cultivated in Belarus as a result of Stolypin agrarian reforms (early 20th century)."
ru,бумер,boomer,"человек, издающий грохот или взрывной звук",Разговорное название автомобиля марки BMW.,"BMW, beamer, car from the Bayerische Motoren Werke AG. Sometimes also calledбомбаorбимер."
ru,бундес,federal,"федеральный, относящийся к федеративному государству","Сленговое обозначение гражданина Федеративной Республики Германия, использовавшееся среди теневых торговцев и спекулянтов, общавшихся с иностранными туристами в поздний советский период.","Western German, in the slang of shady dealers with foerign tourists in the late Soviet union."
ru,бункерный дед,bunker old man,Старик в бункере,"Прозвище Владимира Путина, указывающее на его изоляцию и уход от публичной жизни после начала пандемии коронавируса в 2020 году.","Nickname of Vladimir Putin, the “grandpa in the bunker”, who has shunned the public since the outbreak of the covid-virus in March 2020."
ru,буферастая,buffered or padded,буферный или заполненный,Женщина с большой грудью.,Big-tittied.
ru,бухарик,a person who drinks alcohol,пьяница,"Человек, регулярно употребляющий алкоголь в больших количествах.","Drunk, alcoholic."
ru,бухарь,January,январь — первый месяц года,"Шутливое название января, обусловленное большим количеством праздников и частым употреблением алкоголя в начале месяца.",Ironical name for January. Due to the numerous holidays in early January this month offers many opportunities to drink;
ru,бухарь,January,январь — первый месяц года,"Шутливое название января, обусловленное большим количеством праздников и частым употреблением алкоголя в начале месяца.",Ironical name for January. Due to the numerous holidays in early January this month offers many opportunities to drink;
ru,бухать,to drink,пить алкоголь,Употреблять алкогольные напитки в больших количествах с целью опьянения.,"To get drunk. Perfective:бухнуть. The initial meaning of the verb is to make a loud noise, to hit something heavily."
ru,бухло,liquor,алкогольный напиток,Разговорное обозначение алкогольных напитков.,"Booze, alcoholic beverages."
ru,бухой,drunk,пьяный,"Находящийся в состоянии опьянения, пьяный.","Drunk, pissed."
ru,быдлостан,country of cattle,страна коров,"Место, характеризующееся отсталостью, скукой и низким уровнем развития, где проживают ограниченные и некультурные люди.","Backward place, boring and behind the times area populated by Philistines."
ru,бычара,bull,бык,"Грубый, агрессивный человек, склонный к запугиванию или хулиганству.","Rough-mannered peasant, bully (literally “bull”)."
ru,бычить,to behave like a bull,Вести себя как бык,"Грубо и агрессивно возражать, скандалить или вести себя вызывающе по отношению к кому-либо.","To bitch, protest, make a scandal."
ru,бэушный,previously used,Ранее использованный,"Ранее использовавшийся, не новый, подержанный.","Second hand, used, derived from the short form ofбывший в употреблении (б/у)."
ru,валить,"to fell, to knock down","срубить, повалить",Быстро уходить из какого-либо места.,To run away.
ru,варзуха,a type of plant or herb,Растение или травянистое растение,"Ягодицы, задняя часть туловища.",Arse.
ru,варик,variant,"Вариант, обозначающий другой выбор или форму","Разговорное сокращённое слово, обозначающее вариант, часто употребляемое в речи молодёжи.","Variant, short forвариант, used by youths."
ru,ватник,quilted cotton-padded jacket,"стёганая хлопковая куртка, обычно для тепла","Оскорбительное обозначение человека с выраженными пророссийскими, патриотическими или националистическими взглядами, поддерживающего политику российских властей.","Russian patriot and nationalist, outspoken follower of Putin, who aims to compensate his meaningless life by glorifying the motherland. This insulting term derives from the name of a iconic soviet padded uniform jacket issued during WWII."
ru,вату катать,roll cotton wool,крутить вату,"Бездельничать, проводить время впустую.","To waste time, hang around."
ru,вафлёрка,waffle maker,вафельница,"Женщина, которая выполняет мужчине оральный секс.",Fellatrix.
ru,вафли ловить,catch waffles,Поймать вафлю,"Проводить время без дела, ничего не предпринимать, проявлять пассивность.","To stay with a gaping mouth, literally “to catch flying dicks”."
ru,вафлю ловить,catch a waffle,Поймать вафлю,Подключаться к сети Wi-Fi или улавливать её сигнал.,To get wi-fi (Russianвайфай) signal.
ru,вдувать,to blow into,вдувать воздух,"Грубое выражение, означающее вступление в половую связь с кем-либо.","Fuck, screw. Perfective:вдуть."
ru,вездеход,all-terrain vehicle,вездеход,"Документ, дающий право свободно проходить или проезжать в различные места или учреждения практически без ограничений.","Highly official identification document giving almost universal access, for example the ID of an assistant to a member of parliament."
ru,вентиль,valve,"клапан, устройство для управления потоком жидкости","Грубое разговорное слово, обозначающее мужской половой член.","Prick, penis (“valve”)."
ru,вертухай,a person who turns or rotates,вращающийся человек,"Сленговое обозначение охранника или надзирателя, обычно работающего в тюрьме или исправительном учреждении.","Overseer, guard, warden."
ru,вжарить,to fry or to cook by frying,приготовление пищи методом жарки или обжаривания,Заняться половым актом.,"To fuck, screw."
ru,вздрючить,to whip or beat thoroughly,тщательно бить или избивать,"Заняться сексом с кем-либо, обычно в грубой или агрессивной форме.","Fuck, screw."
ru,взъёбка,a difficult or strenuous physical effort,тяжёлый физический труд,Грубое замечание или резкое выражение недовольства с использованием нецензурной лексики.,A cussing out.
ru,видик,video cassette recorder,видеомагнитофон,"Видеомагнитофон, устройство для воспроизведения и записи видеокассет.","VCR, sometimes also writtenвидак."
ru,вискарь,whiskey,"Виски, вид крепкого спиртного напитка",Разговорное название алкогольного напитка виски.,Whisky.
ru,вкуривать,to inhale or sniff in,вдыхать или нюхать,Понимать суть или разбираться в чём-либо.,"To dig, understand. Perfective:вкурить."
ru,влом,to break or crack,сломать или треснуть,Отсутствие желания или лень выполнять какое-либо действие.,"Can’t be bothered, too lazy to do something."
ru,вляпаться в говно,to step into feces,наступить в навоз,"Неожиданно оказаться в трудной или неприятной ситуации, из которой очень сложно выйти.","To get unexpectedly into a difficult situation, to get stuck between a rock and a hard place."
ru,вмазаться,to hit or to strike,ударять или стучать,Ввести наркотическое вещество внутривенно с помощью шприца.,"To shoot drugs, to inject narcotics in the vein."
ru,вмандячить,to put into madness,привести кого-то или что-то в безумное состояние,Нанести сильный удар по кому-либо или чему-либо.,To hit.
ru,водовка,water bottle,бутылка для воды,Разговорное название водки.,Vodka.
ru,водяра,water,вода,"Разговорное слово, обозначающее водку.",Vodka.
ru,волосянка,hairy area,волосатая область,"Волосы, растущие в области лобка.",Pubic hair.
ru,воронок,funnel,"воронка, состоящая из широкого отверстия, постепенно сужающейся трубки, используемая для направления потока жидкости или мелких частиц","Полицейский автомобиль, используемый для перевозки заключённых.","Police car, vehicle for the transportation of prisoners. Also calledчёрный ворон."
ru,впендюрить,to insert forcefully,вставлять с усилием,"Грубо или резко вставить или ввести что-либо, часто с агрессивным или шутливым оттенком.","To screw, fuck (to insert). Imperfective:впендюривать."
ru,впиздячить,to hit forcefully,сильно ударить,Нанести кому-либо очень сильный удар.,To hit.
ru,впиздячиться,to hit hard,сильный удар,Сильно и внезапно столкнуться с чем-либо.,To smash into.
ru,врезать,to cut into or carve,"врезать, вырезать","Нанести сильный удар кому-либо, обычно рукой или кулаком.","To hit, beat."
ru,врубаться,to switch on,"открыть, включить",Начинать понимать или разбираться в чем-либо.,"To understand, to catch on."
ru,всратый,covered in excrement,покрытый экскрементами,"Очень плохой, низкого качества, вызывающий раздражение или недовольство.",Shitty.
ru,всраться,to defecate,дефекация,Сильно нуждаться в чем-либо или очень чего-то хотеть; обычно употребляется в пренебрежительном смысле с отрицанием для выражения отсутствия интереса или необходимости.,"To be in dire need of something, to want it badly. Usually used in a derogatory way with a negation."
ru,встояка,standing position,поза стояния,"Половой акт, осуществляемый в положении стоя.",Sex in an upright position.
ru,всуки,Armed Forces of Ukraine,Вооружённые силы Украины,"Оскорбительное прозвище Вооружённых сил Украины, образованное путём объединения аббревиатуры ВСУ и грубого ругательства, используемое сторонниками российского вторжения для унижения противников.","Insulting name for the Ukrainian armed forces, used by supporters of the Russian invasion to disparage their opponents. Combination of the Russian acroynmВСУ(short forВооружённые Силы Украины) andсука. Sometimes writtenВСУки."
ru,втюриться,to get stuck,"застрять, застревать в чём-то",Внезапно и сильно влюбиться.,To fall in love.
ru,вундервафля,wonder waffle,чудесный вафельный пирог,"Секретное супероружие, существование или эффективность которого вызывает сомнения.","Secret superweapon, that either does not exist or does not perform as intended. Neologism combining the GermanWunderwaffeand Russianвафля."
ru,вхуячивать,to hit hard or strike forcefully,сильно ударять или резко сталкиваться,"Работать с максимальной отдачей, прилагать предельные усилия.",To work hard.
ru,вшивый,infested with lice,быть заражённым вшами,"Очень плохой, ничтожный, вызывающий раздражение или презрение.","Lousy, worthless, rotten."
ru,въебать,to hit forcefully,сильно ударить,Нанести очень сильный удар кому-либо.,"To punch, hit violently."
ru,въебаться,to hit hard,сильный удар,"Сильно столкнуться с чем-либо, попасть в аварию, обычно на автомобиле.","To hit something violently, to have an accident (in an automobile)."
ru,въехать,to drive in,заезжать автомобилем,"Понять или осознать суть чего-либо, разобраться в ситуации.","To understand, to get it."
ru,выблядок,born out of wedlock,незамужняя мать,"Человек, рожденный вне брака; также презрительное или оскорбительное обозначение подлого или неприятного человека.","Bastard, in the direct and figurative meaning."
ru,выебать,to fuck,половой акт,Грубо и вульгарно совершить половой акт с кем-либо.,"To screw, to fuck (see alsoебать);"
ru,выебон,showing off,"похвастаться, проявить заметное поведение","Показное, вызывающее поведение или поступок, направленные на привлечение внимания и выделение себя среди других.","Show-off, trick, prank, something out of the ordinary."
ru,выёбываться,to show off or act arrogantly,проявлять или вести себя высокомерно,"Вести себя вызывающе, дерзко или хвастливо, стремясь продемонстрировать своё превосходство и раздражая окружающих.",To show off — derived from the verbебать.
ru,выпендрёж,showing off,"проявлять себя, привлекать внимание","Поведение, направленное на привлечение внимания окружающих и демонстрацию своих достоинств, часто сопровождающееся хвастовством или желанием выделиться.","Boasting, bragging, capriciousness."
ru,выпердыш,to fart,пускать газы,"Оскорбительное слово, обозначающее человека, который выпускает газы; также уничижительное название чего-либо незначительного или неприятного.","Farter, common insult for somebody passing gas."
ru,выпердыш,to fart,пускать газы,"Оскорбительное слово, обозначающее человека, который выпускает газы; также уничижительное название чего-либо незначительного или неприятного.","Farter, common insult for somebody passing gas."
ru,выпивон,a small drink,рюмка,"Алкогольные напитки, спиртные изделия, а также застолье с употреблением алкоголя.","Liquor, alcoholic drinks, drinking party."
ru,выпиздить,to take out forcibly,насильно увезти или вынести,Грубо и резко выгнать или удалить кого-либо из какого-либо места.,"To get rid of somebody, to eject someone."
ru,вякнуть,to make a small or insignificant sound,издать тихий или незначительный звук,"Грубо или дерзко сказать что-либо, обычно неожиданно или неуместно.","Pipe up, bark."
ru,галоша,rubber overshoe,резиновые бахилы,Сленговое название презерватива; изначально слово обозначает резиновую накладку для обуви.,Condom. Initially means a rubber shoe protection (“galosh”).
ru,ганджа,hemp plant,конопляное растение,"Марихуана, наркотическое средство, получаемое из растения конопли.","Marihuana, ganja (from Sanskrit गांजा, gañjā, meaning hemp)."
ru,ганджубас,no standard Chinese meaning,нет стандартного китайского значения,Разговорное название конопли или марихуаны.,"Hemp, cannabis."
ru,гандон,condom,презерватив,"Грубое нецензурное слово, обозначающее презерватив; также используется как оскорбительное прозвище для человека.",Condom;
ru,гандон,condom,презерватив,"Грубое нецензурное слово, обозначающее презерватив; также используется как оскорбительное прозвище для человека.",Condom;
ru,гасить,"to extinguish, to put out",погасить,"Лишать кого-либо жизни, убивать.",To kill.
ru,гаситься,to extinguish,"погаснуть, потухнуть","исчезать, скрываться, избегать общения или контактов","To ghost, go into hiding, disappear and avoid contact."
ru,гебня,last letters of KGB,последние несколько букв КГБ,"Пренебрежительное название российских спецслужб, образованное от последних букв аббревиатуры КГБ; используется для обозначения репрессивного аппарата власти, связанного с КГБ или его бывшими сотрудниками.","Russian secret services, pejorative name derived from the last letters of the acronymКГБ. Often used with the adjectiveкровавая гебня, variants areгэбня, гэбуха, гэбьё. It can be used to describe the machinery of power of the KGB colonel Putin."
ru,гейропа,Europe,Европа,"Оскорбительное прозвище Европы, образованное слиянием слов «гей» и «Европа», используется для насмешки над толерантностью, предполагаемой доминирующей ролью ЛГБТ и декадентским образом жизни в Европе.","Europe, insulting blend ofгейandЕвропаused to mock a gay friendly or even gay controlled, decandent Europe."
ru,гелик,off-road vehicle,внедорожник,"Сленговое название автомобиля Mercedes-Benz G-класса, образованное от немецкого слова Geländewagen с добавлением русского суффикса -ик.","Mercedes G-class, apocope of the German designationGeländewagen(terrain-vehicle) with the Russian suffix-ик."
ru,геморрой,hemorrhoids,"геморрой, медицинское заболевание анального отверстия","Сложная или неприятная ситуация, вызывающая трудности и неудобства.","Problem, trouble (“haemorrhoids”)."
ru,гёрла,girl,девочка,"Молодая женщина или девушка; разговорное слово, заимствованное из английского языка, иногда употребляемое в изменённой форме герлица.","Lass, broad, chick, the word is loaned from English “girl”. Sometimes altered toгерлица."
ru,глюки,glitches,неисправность или мелкая ошибка,"Нарушения восприятия или искажения реальности, часто временные и субъективные, вызывающие сомнения в правильности увиденного или услышанного.","Hallucination, optical illusion."
ru,гнать,to drive or to chase,прогонять или преследовать,"Говорить быстро и много, часто преувеличивая или отклоняясь от темы.",To talk a lot;
ru,гнать,to drive or to chase,прогонять или преследовать,"Говорить быстро и много, часто преувеличивая или отклоняясь от темы.",To talk a lot;
ru,гнида,louse egg,вшиное яйцо,"Презрительное слово для обозначения подлого, низкого человека; изначально означало яйцо вши.","Louse, despicable individual. The initial meaning of the word is “nit” (lice eggs)."
ru,гниломудый,rotten-minded,гнилой мозг,"Оскорбительное обозначение мужчины, считающегося слабым, немощным или трусливым.","Impotent, literally “with rotten nuts”."
ru,говённый,made of dung,Сделанный из навоза,"Очень низкого качества, вызывающий неудовлетворение или раздражение.","Shitty, lousy (derived fromговно). Sometimes writtenговеный."
ru,говнецо,little feces,маленький кал,"Уменьшительно-ласкательное слово от «говно», обозначающее что-то неприятное, незначительное или раздражающее.",Little piece of shit. Diminutive form ofговно.
ru,говнище,large amount of feces,Большое количество навоза,"Очень плохая, отвратительная вещь или ситуация, характеризующаяся крайне низким качеством.","Major crap, superlative ofговно."
ru,говно,feces,"фекалии, выделения","Фекалии; слово, обозначающее экскременты, обычно используется в прямом значении, а не как ругательство.","Shit. General Slavic term that appears also, amongst others, in Polish,gówno. Usually used in the direct meaning (faeces) and not as an expletive."
ru,говно вопрос,shit question,проблема с дерьмом,"Очень просто, не вызывает затруднений; выполнить просьбу или ответить на вопрос не составляет труда.","Of course, not worth asking. Literally “Shit question”."
ru,говнодавы,heavy-duty boots,тяжёлые ботинки для защиты ног,"Тяжёлая и грубая обувь, предназначенная для ношения в грязной местности.","Heavy footwear, “shit-crushers”."
ru,говнюк,small piece of dung,маленький кусок навоза,"Грубое оскорбительное слово, обозначающее человека, вызывающего раздражение или презрение.",Bastard — literally “shitter”.
ru,говняный,covered with feces,покрытый навозом,"Очень низкого качества, неприятный, вызывающий сильное недовольство или отвращение.",Shitty. See alsoговённый
ru,голоёбица,bare female,обнажённая женщина,Сцены группового секса с большим количеством обнажённых участников в порнографических фильмах.,Groupsex scenes with many naked participants in porn flicks;
ru,голоёбица,bare female,обнажённая женщина,Сцены группового секса с большим количеством обнажённых участников в порнографических фильмах.,Groupsex scenes with many naked participants in porn flicks;
ru,голожопый,bare-bottomed,голая задница,"Человек, находящийся в крайней бедности, не имеющий средств к существованию.","Poor, shabby, miserable (“butt-naked”, seeжопа)."
ru,голубой,light blue,светло-голубой цвет,Мужчина с гомосексуальной ориентацией.,"Male homosexual, queer, fag — Literally “light blue”."
ru,гомосек,homosexual man,мужчина-гомосексуалист,Мужчина-гомосексуал; слово может употребляться как оскорбительное или уничижительное обозначение.,Male homosexual. Also used as a general insult.
ru,гомосятина,homosexuality,гомосексуалист,"Пренебрежительное слово, используемое для обозначения гомосексуалов или всего, что связано с гомосексуальностью.",Negative term for describing gays as a whole or for actions or things perceived as queer.
ru,гондон,condom,презерватив,Презерватив; также используется как грубое оскорбление в адрес неприятного или презренного человека.,"Condom. Derived from the English or identical German word, which both come most probably from Latincondon, recipient. Can also be used figuratively for a despicable person."
ru,гониво,nonsense,Бессмысленные слова,"бессмысленная, скучная и неинтересная речь или разговор","Chatter, boring talk."
ru,гонять,to drive or to chase,водить или преследовать,"Говорить что-либо несущественное, неинтересное или бессмысленное.","To chatter, utter uninteresting speeches, to speak."
ru,гопник,young man from a lower social background,Молодые люди из низших социальных слоев,"Молодой человек из социально неблагополучной среды, обычно небрежно одетый, склонный к грубому поведению и часто собирающийся в компаниях с такими же людьми.","Chav, redneck, bum, lout (without meaningful own opinion, usually found in groups, shabby)."
ru,гопота,a group of young people,группа молодых людей,"грубые, агрессивные или асоциальные люди, склонные к хулиганскому поведению","Riff-raff, hooligans."
ru,гребанный,related to rowing or paddling,Связанный с греблей или веслами,"Слово, употребляемое для выражения раздражения или недовольства в более мягкой форме.",Euphemistic variant forёбанный.
ru,грёбаный,fucked,быть испорченным,"Слово, употребляемое для выражения раздражения или недовольства, а также для усиления отрицательной оценки, являясь смягчённой формой грубого ругательства.",Euphemism forёбаный.
ru,гребать,to row,гребля,Иметь половой контакт.,To copulate.
ru,грины,green,зелёный,"Сленговое слово, обозначающее доллары США.","US-Dollar, stems from English “green”."
ru,грохнуть,to crash or to knock down,ударять или сбивать с ног,Совершить убийство кого-либо.,To kill.
ru,груз 200,cargo 200,товар 200,"Военный термин, обозначающий перевозку тела погибшего военнослужащего в цинковом гробу; также употребляется как эвфемизм для обозначения погибшего солдата.","Military slang for the transport of a coffin, also used as a ephemism for fallen soldier, lit. “cargo 200”. Derives from the number of a directive issued in 1984 during the Afghan war and made widely known by a 2007 film of the same name."
ru,грузить,"to load, to burden","грузить, нагружать","Утомлять кого-либо длительными и неинтересными разговорами, говорить бессмысленные или навязчивые вещи.","To bore someone to death by talking, to speak rubbish (literally “to load”)."
ru,гузно,excrement,отходы жизнедеятельности,"Разговорное название ягодиц, задней части человеческого тела.",Arse.
ru,гумозно,rubbery,"резиновый, эластичный и мягкий","скучный, утомительный, не вызывающий интереса","Tedious, boring, uninteresting (sometimes writtenгомозноorгуммозно)."
ru,гундосить,to speak in a hoarse or guttural voice,говорить хриплым или горловым голосом,"Говорить неясно и неразборчиво, бормотать или ворчать.","Grumble, mutter, mumble."
ru,гусарский насморк,hussar's runny nose,Сопли офицера,Шутливое или разговорное название венерического заболевания гонорея.,"Tripper, gonorrhoea (“Hussar’s cold (= running nose)”)."
ru,"да разъебись ты блядским трипиздопроебом, остохуетелое пиздострашилише, залупоглазая ящерица!",No standard Chinese meaning; literal Russian phrase with vulgar words,Нет стандартного китайского значения; буквальное значение — русская фраза с грубой лексикой.,"Крайне грубая и эмоционально насыщенная фраза, употребляемая для очень резкого и оскорбительного требования уйти.","Offensive phrase with heavy emotional content, and little meaning. Can be used to tell someone to leave in a rather rude fashion."
ru,давалка,a woman who gives or offers,дающая женщина,"Женщина, которая легко соглашается на интимные отношения.","Woman of light virtue, easy girl, “giver”."
ru,давать,to give,"давать, передавать что-либо другому человеку","Соглашаться на сексуальные отношения, позволять кому-либо вступить в интимную связь; обычно употребляется в отношении женщин.","To put out, consent to have sex, to let somebody get it. Usually used in relation to women."
ru,даги,Dagestani person,Дагестанец,"Человек, родом из Дагестана или проживающий в Дагестане; в разговорной речи часто обозначает выходца из Дагестана.",Dagestani (ethnic group from the North-Eastern Caucasus).
ru,данунах,no such word,Такого слова нет,"Разговорное выражение, употребляемое для выражения недоверия или удивления, когда сказанному трудно поверить.","Mark of disbelief, contraction ofда ну нахуй(well you don’t say… that cannot be)."
ru,Даунбасс,Donbass,Донбасс,"Унизительное прозвище Донбасса, употребляемое проукраинскими активистами для обозначения территорий, контролируемых сепаратистами, образованное слиянием слов «Донбасс» и «даун».","Disparaging nickname of the separatist Donbass region, usually used by pro-Ukrainian activists. Combination ofДонбассandдаун(person with Down-syndrom)."
ru,двустволка,double-barreled gun,Двуствольное ружьё,"Женщина или девушка, употребляется обычно в ироничном или пренебрежительном значении.","Woman, girl;"
ru,двустволка,double-barreled gun,Двуствольное ружьё,"Женщина или девушка, употребляется обычно в ироничном или пренебрежительном значении.","Woman, girl;"
ru,двухсотить,to transport cargo 200,"перевозка ""груза 200""","Убивать или уничтожать противника, особенно в военном контексте; термин происходит от выражения «груз 200», обозначающего транспортировку тел погибших.","To kill, snuff, slay. Military slang derived from the euphemistic administrative termгруз 200."
ru,делать ноги,to make legs,делать ноги,"Быстро уходить или убегать, чтобы избежать опасности или неприятностей.","To run away, to flee."
ru,дерево,tree,"дерево, растение с стволом и ветвями","Человек, который медленно соображает, плохо справляется с заданиями, глуп или неумел.","Moron, idiot."
ru,деревянные,wooden,Деревянный,Разговорное название российских рублей.,Roubles (“wooden ones”).
ru,дерьмо,feces,фекалии,"Грубое слово, обозначающее что-то очень плохое, низкого качества или вызывающее недовольство; используется как ругательство.","Shit, can sometimes be used as an expletive."
ru,дерьмовщик,a person who deals with feces,работник по уборке навоза,"Человек, выполняющий грязную или унизительную работу; обычно используется в переносном смысле как оскорбление.",Shithouse cleaner. Seeдерьмопрят. Usually used figuratevely as an insult.
ru,дерьмовый,covered with feces,покрытый навозом,"Очень низкого качества, сделанный неаккуратно.","Poorly made, shitty, damned."
ru,дерьмократ,democrat,демократ,"Уничижительное название политика-демократа, которого считают негодяем или нечестным человеком.","Rotten politician, a cross ofдемократandдерьмо."
ru,дешманский,cheap and low quality,дешёвый и низкокачественный,"Изготовленный из очень дешёвых материалов, характеризующийся низким качеством.","Cheap, made from the most inexpensive material."
ru,дикан,wild man,дикарь,Разговорное название монеты номиналом десять рублей или десять копеек.,Ten roubles or kopecks.
ru,динамистка,female dynamo,женский генератор,"Женщина, которая играет чувствами мужчин и может быть мошенницей. В определённых кругах отказ в ласках воспринимается так же спокойно, как и согласие на них.","Woman, toying with men, female crook."
ru,динамить,to evade or avoid responsibility,избегать ответственности,"Вести себя с мужчинами так, чтобы вызывать у них интерес и ожидания, но сознательно не выполнять обещания, не приходить на встречи, предъявлять завышенные материальные требования и использовать их внимание и ресурсы без намерения строить серьёзные отношения.","To toy (with men). Behaviour of young women who get a kick of using their power over men through psychological means (wilfully turning up late or not at all for dates, high demands of expensive nature, refusal to reward with intercourse…). A group of young ladies behaving in such a manner is often calledОбщество Динамо(Company Dynamo — in fact the name of a sport club)."
ru,днивниг,diary,"дневник, записная книжка для личных мыслей и событий","Искажённое слово «дневник», обозначающее дневник или блог.","Diary or blog, deformation ofдневник."
ru,догонять,to catch up,"догнать, настичь","Начинать понимать что-либо, осознавать смысл происходящего.","To get something, to understand."
ru,доебать,to pester or bother persistently,постоянно надоедать или беспокоить,"Довести начатое дело до конца, добиться желаемого результата, завершить что-либо.","To obtain something, to finish, to conclude, to screw to the end."
ru,дойки,milk udders,молочная грудь,"Разговорное, вульгарное обозначение женской груди.",Boobs. Plural ofдойка(milking).
ru,долбать,to hammer or to drill,Сверление или забивание молотком,"Заниматься сексом, вступать в половой контакт.","To fuck, have sex, screw."
ru,долбёжка,repeated hammering or pounding,повторное стучание или удар,Грубый и интенсивный половой акт с быстрыми и сильными движениями.,"Fuck, sex. Variant:долбёж."
ru,долбить,to hammer or to drill,стучать или сверлить,"постоянно и настойчиво выполнять какое-либо действие, часто вызывая раздражение или усталость",To annoy;
ru,долбить,to hammer or to drill,стучать или сверлить,"постоянно и настойчиво выполнять какое-либо действие, часто вызывая раздражение или усталость",To annoy;
ru,долбогномы,no direct standard meaning; a compound of Russian slang elements,Составное слово из элементов русского сленга без прямого стандартного значения,"Оскорбительное слово, обозначающее человека с низким уровнем интеллекта или непривлекательной внешностью; вариант термина для глупого человека. Иногда употребляется в отношении людей невысокого роста, в том числе политиков.","Wanker. Insult deriding the intellect or appearance of the victim, variant ofдолбоёб. Sometimes refers to Putin and Medvedev, both being small."
ru,долбоёб,foolish person,глупый человек,"Глупый и недалёкий человек, часто упрямый; используется как грубое ругательство.","Moron, idiot, dumbass. Similar toопесдолandраспиздяй, but with added stubbornness."
ru,долбоебизм,extreme foolishness,крайняя глупость,"Крайняя степень глупости или неразумного, нелепого поведения.",Stupidity.
ru,домбаец,no standard meaning; transliteration of a Russian slang term,Без стандартного значения; транслитерация русского сленга,"Оскорбительное прозвище для корейцев, распространённое преимущественно на Дальнем Востоке России; женская форма — домбайка.","Ethnic slur for Koreans, mostly used in Far East Russia. Female:домбайка."
ru,дон,don,"дон (транслитерация, без особого значения)","Слово-паразит, используемое для выражения неуверенности или заполнения паузы в разговоре, часто встречающееся в речи под влиянием чеченского языка.","So to say, like. Chechen idiomatic structure use extensively by Ramzan Kadyrov in his speeches in Russian, leading some to nickname him Дон-дон."
ru,доставать,to take out,достать,"раздражать, надоедать, действовать на нервы","To be annoying, to get on the nerves."
ru,дохуя,a lot,много,Очень большое количество чего-либо; вульгарное просторечное выражение.,"A fucking lot, orthographic variant ofдо хуя."
ru,дохуярд,up to a lot,обозначает большое количество,"Очень большое, вымышленное количество, значительно превышающее хулиард; образовано от выражения до хуя.","Fucking big amount, gazillion, imagniary figure derived fromдо хуя. More thanхулиард."
ru,драндулет,old-fashioned or outdated vehicle,устаревшее транспортное средство,"Старое, изношенное или неисправное транспортное средство.","Rust bucket, run down car (or other means of transportation)."
ru,драпать,"to tear off, to rip","рвать, разрывать","Быстро убегать, стремительно покидать место, обычно чтобы избежать опасности или неприятностей.",To run away.
ru,драть,to scratch or to tear,царапать или рвать,Иметь половой контакт с кем-либо.,"To fuck, to screw;"
ru,дрисня,feces or stool,фекалии или кал,"Состояние, при котором у человека наблюдается жидкий стул или понос.","Liquid stool, the runs, diarrhoea."
ru,дрочение,to rub or stroke,трение или поглаживание,Самостоятельное получение сексуального удовлетворения посредством мастурбации.,"Wanking, masturbation."
ru,дрочер,one who masturbates,"человек, занимающийся мастурбацией","Оскорбительное прозвище для человека, который часто занимается мастурбацией или регулярно посещает порносайты.","Wanker, internet porn consumer. This depreciating name reportedly comes from the designation of adult website visitors by webmasters of those sites."
ru,дрочёр,a person who masturbates,"человек, который часто мастурбирует","Человек, который часто мастурбирует; используется как оскорбительное слово.","Wanker, rare variant ofдрочер."
ru,дрочилка,a device or tool for rubbing,устройство или инструмент для трения,"Предмет, материал или человек, используемые для мастурбации; может означать порнографические материалы, специальные игрушки для взрослых или человека, выполняющего ручную стимуляцию.","Masturbatory aid, depending on the context this could be pornographic materials, toys for the discerning adults or somebody performing a hand job."
ru,дрочить,to rub or stroke,трение или поглаживание,Самостоятельно стимулировать половые органы для достижения сексуального удовлетворения.,"To jack off, to spank the monkey."
ru,дрыхнуть,to snore,"храп, звук, издаваемый во сне",Спать крепко или долгое время.,To sleep.
ru,дрыщ,thin person,худой человек,"Оскорбительное слово, обозначающее человека с очень худым и слабым телосложением.","Derogatory term for a slim, or skinny, person."
ru,дрючиться,to beat or thrash,бить или хлестать,"Заниматься половым актом, вступать в сексуальные отношения.","To screw, have sex with."
ru,дрючка,a stick or rod used for beating,дубинка,"Женщина, часто вступающая в случайные половые связи; проститутка.","Slut, whore."
ru,дубак,extreme cold,крайний холод,"Очень сильный холод, чрезвычайно низкая и неприятная температура воздуха.","Freezing cold, unpleasantly low temperature (which makes one as stiff as oak)."
ru,дуло,barrel or muzzle of a gun,ствол или дуло оружия,Грубое или шутливое название мужского полового члена.,"Prick, penis."
ru,дупа,buttocks,ягодицы,"Грубое слово, обозначающее ягодицы; также употребляется в переносном значении для описания сильного опьянения.",Arse. Can also be used figuratively as a point in a scale of advanced inhebriation:пьяный в дупу.
ru,дупло,hollow or cavity in a tree,дупло на дереве,"Разговорное обозначение ягодиц, задней части тела человека.","Ass, backside."
ru,дурак,fool,глупый человек,"Человек, проявляющий глупость или недостаток ума.","Idiot, stupid."
ru,дуроёб,foolish person,глупый человек,"Человек, проявляющий глупость или крайнюю неразумность.","Idiot, dickhead;"
ru,дуроскоп,a device for receiving television broadcasts,приёмник телевизионного сигнала,"Телевизор, упоминаемый с ироническим или пренебрежительным оттенком.",Television.
ru,дурь,foolishness; nonsense,глупый; чепуха,"Наркотические вещества, в частности гашиш и марихуана, иногда любые другие наркотики.","Hashish, Marijuana, sometimes drugs in general."
ru,дуть,to blow,выдыхать воздух,"Принимать наркотические вещества путём курения, чаще всего марихуану.",To smoke dope (“to blow”).
ru,духопёр,spirit blower,дуватель,"Грубое сленговое слово, обозначающее мужской половой орган.","Prick, penis;"
ru,духопёр,spirit blower,дуватель,"Грубое сленговое слово, обозначающее мужской половой орган.","Prick, penis;"
ru,душман,enemy,враг,"Сленговое слово, означающее противника или вражеского бойца, использовавшееся советскими военнослужащими во время войны в Афганистане.","Afghan, term used during the war in Afghanistan (1979-89). Loaned from Dari (دشمن dušman, enemy), sometimes shortened toдухin Russian."
ru,душнила,a person who emits smoke,"человек, выпускающий дым","Человек, который ведет себя скучно, занудно или чрезмерно педантично.","Bore, uninteresting or pedantic person."
ru,душный,"stuffy, suffocating",душный,"Вызывающий скуку, создающий тяжёлую или напряжённую атмосферу, вызывающий чувство дискомфорта.",Boring (“stuffy”).
ru,дымоход,chimney,дымоход,"Анус, задний проход.","Anus, chocolate chute (“stove pipe”)."
ru,дырка,hole,дыра или отверстие,"Сленговое слово, обозначающее отверстие или щель, часто употребляемое как эвфемизм для женских половых органов.","Hole or slit, euphemism for female genitalia."
ru,дырка глупая,stupid hole,глупая дыра,"Оскорбительное выражение, употребляемое для обозначения глупой молодой женщины.",Stupid young girl (“stupid hole”).
ru,ёб вас,fuck you,"грубое оскорбительное выражение, используемое для выражения презрения или гнева к другим","Грубое нецензурное выражение, применяемое для выражения презрения или агрессии по отношению к собеседникам.",Go fuck yourselves (lit. “I fucked you”).
ru,ёб твою мать,fuck your mother,Заниматься сексом с твоей матерью,"Грубое нецензурное выражение, применяемое для выражения сильных эмоций, таких как удивление, раздражение, злость или недовольство.","I have intimate knowledge of your mother! — very commonly used, it is so often said that it can mean, depending on the context, anything between “how do you do?” (rarely) and “go to hell” (a tad more often), mostly it is used to denote surprise and disbelief.ёбis an obsolete form of the past tense, correct conjugation of the verbебатьin the past tense isебал, ебала, etc.."
ru,ебабельна,a place for sexual intercourse,место для полового акта,"Обладающая внешней привлекательностью, вызывающей сексуальное влечение.",Screwable.
ru,ёбалды,no standard meaning,Без стандартного значения,"Грубое разговорное слово, обозначающее мужские яички.","Bollocks, testicles."
ru,ебалом щёлкать,to snap with the mouth,издавать щелкающий звук ртом,"Бездействовать, отвлекаться или упускать возможность из-за невнимательности.",To yawn or talk useless nonsense.
ru,ебальник,face,"лицо, означающее человеческое лицо","Грубое и вульгарное слово, обозначающее лицо человека.","Mug, face — seeебало."
ru,ебанат,fucked person,"тот, кого используют","Человек, проявляющий глупость, неадекватное поведение или вызывающий сильное раздражение.","Plonker, idiot, dumbass. Seeебонат."
ru,ебанатик,a person who is mentally disturbed,человек с психическими проблемами,"Человек, который ведет себя крайне странно, нелепо или глупо.","Eccentric, loony, retard."
ru,ёбанной матери (до ~),fucking mother,грубое обращение к матери,в очень большом количестве,A lot;
ru,ёбанной матери (до ~),fucking mother,грубое обращение к матери,в очень большом количестве,A lot;
ru,ёбанный,fucked,быть занятым сексом,"Грубое ругательное прилагательное, выражающее сильное раздражение, недовольство или негативную оценку.",Adjective derived from the verbебать1. Bad;
ru,ёбанный в рот (жопу),fucked in the mouth (ass),быть введённым во рту (заднице),"Грубое нецензурное выражение, выражающее сильное раздражение или презрение к человеку.",Despicable individual.
ru,ебанутость,extreme craziness,крайнее безумие,"Крайняя степень неадекватного, абсурдного или глупого поведения или состояния.","Stupidity, idiotism."
ru,ебанутый,fucked,занимающийся сексом (в пассивной роли),"Человек, проявляющий крайнюю глупость, безумие или неадекватное поведение.","Stupid, idiotic, moronic, crazy."
ru,ебануть,to ejaculate,"эякуляция, физиологическое выделение спермы","Нанести сильный удар или выполнить мощное действие, часто с применением силы или оружия.",To hit;
ru,ебануться,to hit oneself,ударять себя,"Испытывать сильное изумление, быть ошеломлённым или потрясённым происходящим.",Reflexive form ofебануть;
ru,ебануться,to hit oneself,ударять себя,"Испытывать сильное изумление, быть ошеломлённым или потрясённым происходящим.",Reflexive form ofебануть;
ru,ёбаный,fucked,половой акт,"Грубое нецензурное слово, используемое для усиления негативной оценки или выражения сильных эмоций, таких как раздражение, злость или презрение.",Fucked-up.
ru,ебарёк,little fucker,"Маленькое слово «操», обозначающее прозвище человека.","Уменьшительно-ласкательная форма от слова «ебарь»; человек, с которым кто-то состоит в сексуальных отношениях.",Fucker. Diminutive form ofёбарь.
ru,ебаришка,a small object or thing,небольшой предмет или вещь,"Человек, вызывающий неприязнь или отвращение своим поведением.",Despicable person (with a pejorative suffix: “small time fucker”).
ru,ёбарь,a person who engages in sexual intercourse,"человек, с которым вступают в половую связь","Мужчина, с которым вступают в половые отношения; слово употребляется в уничижительном значении.","Fucker (male engaging in sexual intercourse, pejorative)."
ru,ебасос,face,"лицо, обозначающее человеческое лицо","Грубое или шутливое слово для обозначения лица или человека, которого считают глупым.","Face, dimwit."
ru,ебаторий,a place for sexual intercourse,место для полового акта,"Ситуация, характеризующаяся запутанностью, сложностями или неприятностями, вызывающая дополнительные проблемы или хлопоты.","Problems, superfluous matter."
ru,ебаторно,no standard Chinese meaning,нет стандартного китайского значения,"очень сложно, запутанно или утомительно","Tedious, fucking unpleasant."
ru,ебать,to f***,быть занятым сексом,"Грубое разговорное слово, обозначающее совершать половой акт.","To fuck, screw, copulate;"
ru,ебать его в рот,fuck him in the mouth,Его рот трогать.,"Грубое выражение, выражающее полное безразличие или пренебрежение к кому-либо или чему-либо.",“The hell with him”.
ru,ебать мозги,to fuck brains,возиться с мозгом,"раздражать или утомлять кого-либо чрезмерными разговорами, назойливыми рассуждениями или нравоучениями",To get on the nerves (literally “to screw the brains”).
ru,ебать му-му,to have sex with a cow,Заниматься сексом с коровой,"Грубое выражение, означающее тратить время впустую или заниматься бессмысленными делами.","To waste time on a useless activity, to get on the nerves, to be dishonest."
ru,ебать-копать!,to fuck to dig,половой акт и копать,"Грубое разговорное восклицание, выражающее сильное удивление, раздражение или недовольство.",Expletive defying precise translation — roughly meaning “damned!”.
ru,ебаться-сраться,to have sexual intercourse and to fight,заниматься сексом и ссориться,"Грубое восклицание, выражающее сильное удивление или изумление.","Colourful expression of surprise, “dang!”."
ru,ебать-тарахтеть!,to have sex - to rattle,половой акт - издавать щелкающий звук,"Грубое восклицание, выражающее сильное удивление или возмущение.",Expletive defying precise translation — roughly meaning “damned!”.
ru,ебеня,a remote and desolate place,глухое и пустынное место,"Очень удалённое, глухое место, расположенное далеко от населённых пунктов и цивилизации.","Bumblefuck, far off place away from the blessings of civilisation."
ru,ебистика,related to sexual intercourse,Связанный с половым актом,"Скучное и утомительное занятие, связанное с множеством хлопот и организационных сложностей.","Something boring and tiresome (the ending reminds of the name of scientific classes at university), seeебаться."
ru,ебическая сила,fucking strength,ебическая сила — чертовская сила,"Восклицание, выражающее сильное удивление и разочарование.",Exclamation of surprise and disappointment.
ru,ёбкая,foolish or silly,глупый или дурацкий,"Очень сексуально привлекательная, вызывающая сильное сексуальное влечение.","Hot, horny."
ru,еблан,fool,глупый человек,"Грубое оскорбление, обозначающее глупого, неадекватного или раздражающего человека.",Dickhead. seeебанутый.
ru,ебланить,to act foolishly or idiotically,вести себя глупо или как дурак,"Смущённо и неуверенно пытаться познакомиться с девушками, в основном ограничиваясь взглядами.",Look at girls while shyly trying to hit on them.
ru,еблет,face,лицо,"Лицо, рот.","Face, mouth. Variants:еблетень, еблетка, еблец, еблецо."
ru,ебливая,full of sexual activity,полный сексуальной активности,"Обладающая ярко выраженной сексуальной привлекательностью, вызывающая сильное сексуальное влечение.",Hot;
ru,ебливая,full of sexual activity,полный сексуальной активности,"Обладающая ярко выраженной сексуальной привлекательностью, вызывающая сильное сексуальное влечение.",Hot;
ru,ебло,face,"лицо, часть головы человека","Грубое и вульгарное обозначение лица, более резкое, чем слово ебало.","Face, almost equivalent toебало, but slightly more vulgar."
ru,еблом щелкать,click with the face,нажимать лицом,"Бездействовать, медлить, тратить время впустую.","To chatter, to yawn (“to click with the kisser”)."
ru,ёбнутый,"crazy, insane","сумасшедший, психически ненормальный","Человек с неадекватным, странным или безумным поведением.","Moron, loony. Seeебанатик."
ru,ёбнуть,to hit forcefully,сильно ударить,Сильно ударить кого-либо или что-либо.,Hit somebody or something;
ru,ёбнуться,to hit oneself,ударить себя,"Получить травму в результате удара, упасть или сильно удариться о что-либо.",To hit oneself;
ru,ебня,a mess or chaotic situation,беспорядок,Грубое разговорное обозначение полового акта.,"A fuck, shag."
ru,ебота,to work or to do something,работать или делать что-либо,Грубое разговорное обозначение полового акта.,"A fuck, shag."
ru,еботня,sexual intercourse,"половой акт, телесный контакт между полами","Утомительная и неблагодарная тяжелая работа или занятие, не приносящее пользы.","Tiresome and ungrateful hard work, something useless."
ru,еботуха,fucker,усилительная частица грубого стиля,"грубое разговорное обозначение полового акта, секса","A fuck, sex, shag;"
ru,еботуха,fucker,усилительная частица грубого стиля,"грубое разговорное обозначение полового акта, секса","A fuck, sex, shag;"
ru,ебошить,to hit or strike forcefully,сильно бить или стучать,"Сильно бить, наносить удары; выполнять какое-либо действие с большой интенсивностью или усердием.","Hit, beat up;"
ru,ебошить,to hit or strike forcefully,сильно бить или стучать,"Сильно бить, наносить удары; выполнять какое-либо действие с большой интенсивностью или усердием.","Hit, beat up;"
ru,ебун,to have sex,заниматься половым актом,"человек, часто вступающий в половые отношения; сексуальный партнёр","Fucker, sex partner;"
ru,ебун,to have sex,заниматься половым актом,"человек, часто вступающий в половые отношения; сексуальный партнёр","Fucker, sex partner;"
ru,ебучий,fucking,усилительная частица грубого стиля,"Грубое усиливающее прилагательное, выражающее раздражение, злость или презрение.","Fucking, damn, sodding."
ru,ебучка,fucking (vulgar intensifier),усилительная частица грубого стиля,Непривлекательное лицо.,"Face, usually none to pretty;"
ru,еврик,Eureka,"Эврика, восклицание при открытии или вдохновении","Разговорное название евро, валюты Европейского союза; употребляется с оттенком шутки или иронии.",Euro (currency). Pun referring also toеврей(Jew).
ru,едальня,dining place,место для еды,"Неформальное название любого заведения, где подают пищу.","Eatery, any place serving food."
ru,едрить,to hit or strike,ударять или стучать,"Грубое восклицание, выражающее раздражение или удивление, часто употребляемое как эвфемизм вместо нецензурного слова.",To copulate.
ru,ежу понятно,clear to a hedgehog,Для ежика понятно,"Совершенно очевидно, понятно без объяснений.","It goes without saying, “it’s understandable for the hedgehog”."
ru,елдак,a type of traditional Russian felt hat,традиционная русская войлочная шапка,Грубое разговорное обозначение мужского полового члена.,"Dick, prick. Variant forелда."
ru,ёпта,an exclamation expressing surprise or unexpectedness,"междометие, выражающее удивление или неожиданность","Восклицание, выражающее удивление или неожиданность; употребляется в разговорной речи как эмоциональная реакция.","Exclamation of surprise, also written asйопта, йопт, йоптваюorйобз. Derived fromёб твою мать."
ru,жаба,toad,"жаба, вид земноводного",Непривлекательная девушка.,Unattractive girl.
ru,жабить,to hoard or accumulate,накопление или хранение,"Редактировать и изменять изображения на компьютере, обычно с целью создания забавного эффекта.","Edit and modify pictures on the computer, often to produce a funny effect. The verb comes from the ironical Russian nickname for Photoshop —Фотожаба, after aphaeresis and suffixation."
ru,жарить,to fry,Готовить пищу с использованием масла и нагрева,Заниматься половым актом.,To copulate.
ru,жахач,no standard meaning,Без стандартного значения,"Разговорное обозначение полового акта, секса.","Sex, fuck."
ru,жахнуть,to hit or strike,ударять или стучать,Выпить рюмку водки одним глотком.,To drink a shot of vodka;
ru,жахнуть,to hit or strike,ударять или стучать,Выпить рюмку водки одним глотком.,To drink a shot of vodka;
ru,жёлтый домик,yellow small house,жёлтый маленький домик,разговорное название психиатрической больницы,"Loony bin, psychiatric hospital (“yellow house”)."
ru,жеребила,mare,кобыла,"Лесбиянка с мужеподобными манерами, предпочитающая активную роль в отношениях.","Butch, active lesbian."
ru,жертва аборта,victim of abortion,"Пострадавший от аборта, человек, переживший аборт.","Презрительное выражение, обозначающее крайне глупого или никчёмного человека.","Despicable individual, useless idiot — literally “abortion victim”."
ru,жесть,sheet metal,металлический лист,"Сленговое слово, означающее нечто очень впечатляющее, шокирующее или вызывающее сильные эмоции; искажённая форма слова «жёстко».","Impressive, awe-inspiring, distortion of “жёстко” (hard, tough). Can also be written asжостко, жосско, жозенько."
ru,жжот,burns,гореть,"Сленговое искажённое написание слова «жжёт», употребляется для выражения восхищения или одобрения, означает, что кто-то или что-то отлично справляется с задачей.","Rules, misspelling ofжжёт(“burns, sets on fire” in standard Russian). See alsoаффтар."
ru,жид,a Jew,еврей,"Оскорбительное название еврея, связанное с антисемитскими стереотипами; ранее использовалось как нейтральное обозначение евреев в русском языке до XVIII века и сохраняется в некоторых других славянских языках.","Kike, Yid. Insulting name for Jews, in line with all anti-Semitic clichés (although it was the standard name for Jews in Russia until the 18th century and still is in other Slavic languages)."
ru,жидовия,Jewish land,земля евреев,Пренебрежительное название Израиля.,"Israel, depreciating name."
ru,жмур,to close one's eyes,закрыть кому-то глаза,"Умерший человек, труп.","Stiff, corpse."
ru,жмурик,someone who closes their eyes,человек с закрытыми глазами,"Умерший человек, труп.","Stiff, deceased individual."
ru,жопа,"buttocks, the rear part of the human body","ягодицы, задняя часть тела человека","Ягодицы, задняя часть тела человека; слово обычно не считается вульгарным.","Backside, arse. Note that the word is not perceived as being vulgar. Diminutives:жопка, жопочка. Superlative:жопища. See:голожопый,хитрожопый,черножопый."
ru,жопа,"buttocks, the rear part of the human body","ягодицы, задняя часть тела человека","Ягодицы, задняя часть тела человека; слово обычно не считается вульгарным.","Backside, arse. Note that the word is not perceived as being vulgar. Diminutives:жопка, жопочка. Superlative:жопища. See:голожопый,хитрожопый,черножопый."
ru,"жопа с ручкой, жопа на колёсиках","butt with a handle, butt on wheels","зад с ручкой, зад с колесами","Человек, не обладающий никакими навыками, бесполезный или глупый.","Useless git, dumbass."
ru,жопень,buttocks,ягодицы,"Очень крупная, заметная ягодица.","Fat arse, big bum."
ru,жоперский,related to the buttocks,относящийся к ягодицам,"Очень плохой, неудачный, вызывающий раздражение или недовольство; служит эвфемизмом для грубого слова, обозначающего нечто крайне плохое.","Shitty, fucked-up, bad. Used as a euphemism forхуевый."
ru,жопища,buttocks,ягодицы,"Очень большая, массивная ягодица; увеличительная форма слова жопа.","Big bum, large arse. Superlative ofжопа."
ru,жополиз,butt licker,"человек, который лижет задницу","Человек, который льстит начальству или влиятельным лицам, стараясь им угодить.","Brown-nose, arse-kisser."
ru,жопочник,buttocks person,человек с ягодицами,"Гомосексуалист; человек, который стремится получить выгоду, льстя и подлизываясь к начальству или влиятельным лицам.","Fag, queer, homosexual. Arse-kisser."
ru,жопушка,little buttock,маленькая ягодица,"Уменьшительно-ласкательное слово, обозначающее маленькую или милую ягодицу.","Small ass, diminutive form ofжопа."
ru,жратва,"food, meal","Еда, пища","Еда, пища; слово используется в пренебрежительном или грубом значении.","Food, meal (negative). Also referred to asжрачка."
ru,жрачка,food,еда,"разговорное слово, обозначающее еду или пищу","Grub, food."
ru,жучить,"to bug, to eavesdrop","Установить жучок, подслушивать","Совершать половой акт (грубо, вульгарно). Первоначально означало придираться, подвергать резкой критике.",To copulate. Initial meaning: to nag and make harsh criticism.
ru,забугорный,relating to foreign countries,Иностранный,"Относящийся к зарубежным странам, иностранный, привезённый из-за границы.","Foreign, imported."
ru,завафлить,to cover with a waffle,покрытый вафлями,Совершить эякуляцию на лицо другого человека.,Ejaculate in the face.
ru,завинтить,to screw in,вкручивать,"Совершить половой акт, заняться сексом.","Screw, fuck."
ru,зависать,to hang or to suspend,Подвешивать или приостанавливать,Прекращать работу или переставать отвечать на действия пользователя (о компьютере или программе).,To freeze (regarding computers);
ru,загнать,to drive in,загонять,"Продать что-либо, особенно быстро или по низкой цене.","To flog, to sell."
ru,загнуть,to bend or fold,сгибать или складывать,"Сказать что-то неправдоподобное или преувеличенное, обмануть.",To con;
ru,загнуть,to bend or fold,сгибать или складывать,"Сказать что-то неправдоподобное или преувеличенное, обмануть.",To con;
ru,загреметь,to make a loud noise,издавать очень громкий звук,"Попасть в трудную или неприятную ситуацию, часто в тюрьму или под строгие меры наказания.",To end up between a rock and a hard place.
ru,заделать,to seal up or close,запечатать или закрыть,Совершить половой акт.,"Fuck, screw."
ru,задница,"buttocks, lower part of the human torso","ягодицы, нижняя часть туловища человека","Ягодицы, нижняя часть туловища человека.","Bum, arse, backside."
ru,задолбать,to exhaust or tire out,"изнурять, утомлять","сильно надоесть, раздражать, действовать на нервы","Be a pain in the neck, get on the nerves."
ru,задолбаться,to become very tired or fed up,стать очень уставшим или надоевшим,"Испытать сильную усталость или раздражение из-за чего-либо, быть очень утомлённым чем-то.",To be fed up with.
ru,задрать,to raise or lift up,поднимать,Вызывать раздражение или надоедать.,Get on the nerves.
ru,задубеть,to become numb or stiff,Онеметь или затвердеть,"Ощущать сильный холод, замерзать.","To freeze, to experience discomfortingly low temperatures."
ru,заёб,to be tired or exhausted,чувствовать усталость или истощение,Внезапная нелепая мысль или временное помутнение рассудка.,"Sudden incongruous idea, temporary mental disorder."
ru,заебательский,causing annoyance or irritation,вызывать раздражение или гнев,"Очень хороший, отличный, впечатляющий.","Great, brilliant, awesome."
ru,заебать,to cover or fill completely,покрывать или полностью заполнять,"Сильно надоесть, раздражать, вызывать усталость или раздражение своим поведением или присутствием.","To get on one’s nerves, to bore, to be a pain in the neck."
ru,заебаться,to have sex repeatedly,многократное половое сношение,"Очень сильно устать, вымотаться.",To get tired.
ru,заебашить,to hit hard or strike forcefully,сильно ударить,"Совершить действие быстро, неожиданно, резко или грубо, в зависимости от контекста: ударить, начать, включить, сделать, выпить и т. д.","Perform an action quickly, unexpectedly, brutally and suddenly (depending on the context for example: to hit, to begin, to turn on, to do, to drink…)."
ru,заебок,fucked,Был занят сексом,"Очень хорошо, отлично, классно.","Awesome, neat."
ru,зажать,to clamp or squeeze tightly,плотно зажать или сжать,"Присвоить себе что-либо, скрыть или не отдавать другим.","To appropriate, to hog, to hide."
ru,зажигалка,lighter,зажигалка,"Девушка, которая привлекает внимание и вызывает интерес, но не вступает в интимные отношения.","Temptress, cock-teaser."
ru,Зажопинск,to the ass town,город до ягодиц,"Шутливое или ироничное название для удалённого, захолустного или малопривлекательного населённого пункта.","Hicksville, dump. Ironical name for supposedly godforsaken places."
ru,заказать,to order; to request,заказывать; просить,Дать поручение или оплатить убийство кого-либо по найму.,"Put out an assassination contract on somebody (depends on the context, normally the verb means “to order”)."
ru,заклеить,to glue or stick,приклеивать или закреплять,Начать разговор с кем-либо с целью познакомиться или произвести впечатление.,To chat up.
ru,залететь,to fly in,влететь,"Неожиданно забеременеть, обычно без предварительного планирования.","Get knocked up, become pregnant (usually unplanned)."
ru,заложить,to mortgage or pledge,залог,"Сообщить о действиях или планах кого-либо, предать его, выдать.",Betray.
ru,залупа,foreskin,"Кожа, покрывающая головку мужского полового члена","Грубое и оскорбительное слово, обозначающее крайнюю часть мужского полового органа; употребляется как ругательство для обозначения неприятного или глупого человека.","Dick head, jerk — really means the end of the penis."
ru,замкадыш,resident beyond the Moscow Ring Road,житель за МКАДом,"Слегка уничижительное обозначение жителей Москвы, проживающих за пределами Московской кольцевой автомобильной дороги (МКАД).","Slightly insulting name for people living in Moscow outside the MKAD (Moscow Automobile Ring Road, about 10 miles from city centre). Alludes to the wordвыкидыш(miscarriage)."
ru,заморочка,a small twist or complication,небольшое запутанное обстоятельство,"сложная или запутанная ситуация, проблема","Problem, mind boggling situation."
ru,замудоханный,beaten up,"побитый, раненный","Очень уставший, измотанный.","Tired, exhausted."
ru,замутить,to tangle or entangle,обвязывать или запутывать,"Организовать что-либо, начать какое-либо дело, часто проявляя инициативу или предприимчивость.",To organise something;
ru,замутить,to tangle or entangle,обвязывать или запутывать,"Организовать что-либо, начать какое-либо дело, часто проявляя инициативу или предприимчивость.",To organise something;
ru,зануда,a boring person,скучный человек,"Человек, который утомляет окружающих скучными разговорами, портит удовольствие другим и часто раздражает своим поведением.","Bore, fun spoiler, moron."
ru,западло,to be unfair or mean,"обозначает, что что-то несправедливо или жестоко","неприятно, стыдно или неловко делать что-либо","Embarrassing, awkward, causing discomfort."
ru,запарить,to steam or to cook by steaming,готовить на пару,"Досаждать, раздражать, действовать на нервы.","To annoy, get on the nerves."
ru,запариться,to steam or to cook with steam,готовить на пару,Испытывать усталость или раздражение из-за продолжительной или утомительной деятельности.,To be fed up.
ru,запарка,steaming or boiling,"парение, кипячение",Состояние сильной занятости и спешки из-за большого объёма работы.,"Rush, stressfully high workload."
ru,запендюрить,to hang or suspend something,"висеть, подвешивать","Совершить половой акт, особенно анальный, грубо или внезапно.","Fuck, screw."
ru,запивон,a drink consumed alongside vodka,"Напиток, употребляемый с водкой","Слабоалкогольный или безалкогольный напиток, употребляемый для запивания водки.",Juice or drink with less alcohol content used to wash down vodka.
ru,засаживать,to plant or to seat someone,"сажать, посадить кого-либо","Совершать половой акт, особенно энергично или с усилием.","Fuck, screw."
ru,засранец,someone who is dirty with excrement,запачканный экскрементами человек,"Грубое ругательное слово, обозначающее человека, которого сравнивают с тем, кто испачкался испражнениями; женская форма — засранка.",Bastard — literally “someone who soils himself with faeces”. Female variant:засранка.
ru,зассать,to urinate oneself,самостоятельно мочиться,"Испугаться, струсить; буквально означает «описаться от страха»; см. также приссать.","To be frightened, to chicken — means “to wet oneself [out of fear]”; seeприссать."
ru,застукать,to catch or seize,схватить или арестовать,Поймать кого-либо на месте преступления или в момент совершения проступка.,Catch red handed.
ru,захуярить,to hit hard or strike forcefully,сильно ударять или стучать,"Сделать что-либо, выполнить действие, часто с усилием или решительностью.",To do something;
ru,захуярить,to hit hard or strike forcefully,сильно ударять или стучать,"Сделать что-либо, выполнить действие, часто с усилием или решительностью.",To do something;
ru,зачот,credit pass,зачёт пройден,"Разговорное выражение, обозначающее одобрение или похвалу, происходящее от термина, используемого в университете для оценки экзамена с двумя возможными результатами — зачёт (прошёл) или незачёт (не прошёл).",Form of praise referring to university exams with two possible results —зачет — не зачет/ “passed — failed”. Alternative spelling:зачод.
ru,зачотный,creditable,достойный похвалы,"Очень хороший, аккуратный.","Very good, neat."
ru,зашибись,to knock down,сбить с ног,"Отлично, замечательно, очень хорошо; эвфемизм для слова заебись.","Neat, awesome, very good, euphemism forзаебись."
ru,зашквар,over the scale,превышать шкалу,"Что-то постыдное, вызывающее стыд или чувство неловкости.","Something shameful, shocking, cringey."
ru,зашквариться,to exceed the scale,"превышать шкалу, выходить за пределы измерения","Поступить так, что вызывает стыд или осуждение, вести себя неподобающе.","To cover onself in shame, to behave in an inappropriate manner."
ru,звездёж,star spinning,звезда вращение,"Ложь, чепуха. Эвфемизм для грубого слова, обозначающего ложь.","Lies, bullshit. Euphemism forпиздёж."
ru,звякнуть,to make a ringing sound,издавать звонок,позвонить по телефону,"Give a ring, phone."
ru,здоровский,great; excellent,отличный; превосходный,"Отличный, замечательный, превосходный.","Cool, neat, brilliant."
ru,зек,prisoner,"заключённый, человек, находящийся под стражей","Заключённый, осуждённый. Сокращение от «заключённый красноармеец» — термин 1930-х годов, первоначально обозначавший арестованных солдат Красной армии, позднее политкорректно изменённый. Также использовалось для обозначения заключённых, принудительно работавших на Беломорканале. Может писаться как зэк или зека.","Inmate, prisoner. Abbreviation ofзаключенный каналоармеец— a name from the 1930s referring to the prisoners forced to work on the White Sea Canal, the acronym initially referred to arrested soldiers of the red army (заключённый красноармеец) before its meaning was polit-corrected. Can also be writtenзэкorзека."
ru,зелень,greenery,зелёное растение или лист,"Деньги, наличные, доллары.","Money, greenbacks, bucks;"
ru,зенки,eyes,глаз,"Глаза (разговорное, сленговое выражение).",Eyes.
ru,зерба,Zerba,"зэрба (транслитерация, без конкретного значения)","Разговорное название, употребляемое в отношении лиц кавказской национальности.",Azerbaijani. Also calledзербодorзербут.
ru,зетник,letter Z person,Человек с буквой Z в имени,"Человек, поддерживающий российскую армию в войне против Украины. Термин имеет негативную окраску, в то время как положительными аналогами являются «Z-патриот» или «турбопатриот». Эти слова связаны с использованием буквы Z в качестве тактического опознавательного знака некоторыми российскими войсками. В определённом смысле это обновлённая форма слова «ватник», появившаяся после февраля 2022 года.","A person supporting the Russian army in the war against Ukraine. This term has a negative connotation, with the positive equivalent being “Z-patriot” (Z-патриот) or “turbo-patriot” (турбопатриот). These terms refer to the use of the letter Z as a tactical recognition symbol by some Russian troops. In a way, an update form of theватникthat appeared after February 2022."
ru,зетнутый,punched,получить удар кулаком,"Приверженец российской военной агрессии против Украины; оскорбительное обозначение, используемое противниками, связанное с использованием буквы Z как символа агрессии.",Supporter of the Russian war on Ukraine. Insulting term used by their opponents alluding to the use of the letter Z as a symbol of aggression.
ru,зиговать,to perform a Nazi salute,Сделать нацистское приветствие,"Совершать нацистское приветствие, происходящее от немецкого слова Sieg (победа, на кириллице зиг). Во время вторжения в Украину в 2022 году многие подразделения российской армии были отмечены латинской буквой Z, что привело к появлению обновлённой формы слова зиговать, означающей громкую поддержку фашистской агрессии Владимира Путина.","Do a nazi salute, derived from GermanSieg(in cyrillics зиг). During the invasion of Ukraine in 2022 many units of the Russian military were marked with a latin Z which led to an updated form:zиговать, for loud support of the fascist aggression by Vladimir Putin."
ru,злоебучая,very angry or aggressive,очень злой или агрессивный,"Разг. Очень привлекательная, сексуальная.","“Hot”, sexy,"
ru,злоебучая,very angry or aggressive,очень злой или агрессивный,"Разг. Очень привлекательная, сексуальная.","“Hot”, sexy,"
ru,зомбоящик,zombie box,коробка с зомби,Разговорное название телевизора или телевизионного канала.,"Telly, television."
ru,зудить,to itch,чувствовать зуд,заниматься сексом,To have sex;
ru,зудить,to itch,чувствовать зуд,заниматься сексом,To have sex;
ru,зырить,to glance or look briefly,бросить взгляд,"Смотреть пристально, пялиться.","To look, stare."
ru,зэк,prisoner,заключённый,"Разговорное обозначение заключённого, осуждённого лица. Женская форма: зэчка.",Convict. Seeзек. Female form:зэчка.
ru,зяма,winter,зима — холодное время года в году,Пренебрежительное сленговое обозначение еврея.,"Kike, Jew (derogative term)."
ru,идиот,idiot,дурак,"Пренебрежительное обозначение человека, считающегося глупым или неспособным правильно оценивать ситуацию.",Idiot.
ru,измудохать,to exhaust or wear out completely,"истощать, изнурять","Избить очень сильно, нанести значительный ущерб пострадавшему.","To beat up utterly — implies substantial damage to the victim, seeотпиздить."
ru,изъёб,extraction,"извлекать, вынимать","Большие усилия, граничащие с извращением.","Great efforts, close to perversity."
ru,изя,Israel,"Израиль, название государства","Пренебрежительное сокращённое прозвище, образованное от имени Израиль, используемое в русском языке для обозначения еврея.","Ikey, Yid, Jew (Russian short form of the first name Israel used in a derogative way)."
ru,имхо,in my humble opinion,Моё скромное мнение,"Сленговое сокращение от английского выражения IMHO («по моему скромному мнению»). Иногда объясняется как аббревиатура фразы «Имею Мнение, Хуй Оспоришь», что означает «у меня есть мнение, которое ты не сможешь оспорить».",Russian transliteration of IMHO (“in my humble opinion”). Sometimes explained as the acronym ofИмею Мнение Хуй Оспоришь(meaning loosely “I have an opinion which you cannot contest”).
ru,инет,internet,интернет,Разговорное сокращение от слова «интернет».,Internet.
ru,интердевочка,inter-girl,международная девушка,"Проститутка, которая спит с иностранцами за твердую валюту (устаревшее).",Prostitute sleeping with foreigners for hard currency (obsolete).
ru,интим,intimate,"близкий, указывающий на тесные отношения или контакт","Секс или всё, что с ним связано (например, секс-шопы).",Sex or anything linked to it (sex shops…).
ru,ипать,to have sexual intercourse,заниматься половым актом,"Разговорное грубое выражение, означающее половой акт; альтернативное написание слова ебать.","Screw, fuck, alternate spelling ofебать."
ru,ипацца,to have sex,заниматься половым актом,"Разговорное и искажённое слово, обозначающее половой акт или какое-либо утомительное занятие.",Deformed spelling ofебаться(slang verb for intercourse or some tedious activity).
ru,ипливая,full of threads,полный ниток,"Разговорное, жаргонное прилагательное, обозначающее привлекательную и сексуально желанную женщину; фонетический вариант слова ""ебливая"".","Hot, fuckable, phonetic variant ofебливая."
ru,испацтула,from under the chair,Из-под стула,"Сленг, искажённое выражение «из под стула», означающее, что человек упал со стула от смеха. Используется как форма похвалы в ответ на комментарии или публикации выше.","ROFL, deformation ofиз под стула(from under the chair), implying that the person writing fell of his chair from laughing. Form of praise for the comments or posts above."
ru,испиздить,to thoroughly use up or exhaust,израсходовать полностью,"Совершить избиение, избить кого-либо (разговорное, грубое выражение).",To beat up (deformation ofизбить).
ru,испиздячить,to thoroughly damage or ruin,полностью испортить или разрушить,"Избить, нанести телесные повреждения, испортить внешний вид.","To beat up, injure, deface."
ru,исхуячить,to smash or break forcefully,разбить с силой,"Сильно избить, нанести сильные удары.",To beat up;
ru,ихтамнет,they are not there,Их там нет,"Русский человек, часто военнослужащий, участвующий в боевых действиях на территории бывшего СССР. Сокращение от фразы «их там нет», используемой российскими официальными лицами для отрицания своего участия. Альтернативная форма: ихтамнету.","Russian individual, often military personnel, fighting in a conflict zone of the former USSR. Contraction of the phraseих там нет(they aren’t there) used by Russian officials to deny any involvement. Alternative form:ихтамнету."
ru,йа,first person singular pronoun I,"местоимение первого лица единственного числа ""я""","местоимение первого лица единственного числа я, переданное фонетической транскрипцией.","I, phonetic spelling ofя."
ru,йад,poison,ядовитое вещество,"Яд, искажённое написание слова «яд». Обычно употребляется в выражении «выпей йаду» (выпей яд) для подчёркивания несогласия с чьим-либо мнением, подразумевая, что этот человек должен добровольно покинуть этот мир.","Poison, deformed spelling ofяд. Usually used in the sentenceвыпей йаду(drink poison) to underline one’s disagreement with the opinion of somebody else (who should therefore rather leave this vale of tear voluntarily)."
ru,йепля,"no standard meaning, transliteration of a slang term","Нет стандартного значения, транслитерация сленгового слова","Сленговое обозначение полового акта, разговорное и искажённое написание слова «ебля».","Sex, intercourse, alternate spelling ofебля."
ru,йопта,I f*** your mother,Я трахаю твою мать,"Восклицание удивления, также пишется как йопт, йоптваю или йобз. Происходит от выражения ёб твою мать.","Exclamation of surprise, also written asйопт, йоптваюorйобз. Derived fromёб твою мать."
ru,йух,no standard meaning; reverse spelling of a vulgar word,Отсутствие стандартного значения; обратное написание грубого слова,"Сленговое слово, представляющее собой обратное написание грубого слова «хуй». Используется в шутливом или ироничном контексте, например, в выражении, где оно заменяет слово «юг».","South (юг), this word is particularly amusing because it is actuallyхуйspelt backwards. Gives a second meaning to the harmless sentence:"
ru,кабысдох,kabysdok,"кабысдох — транслитерация, без стандартного значения",Небольшая или больная собака.,Small or sick dog.
ru,кадрёж,frame or shot in photography or film,кадр (в фотографии или кино),"Разговорное выражение, обозначающее процесс знакомства с целью завязывания романтических или сексуальных отношений.",Pick-up.
ru,кадрить,to frame or to shoot a frame,композиция или съемка одного кадра,Разговаривать с кем-либо с целью познакомиться или завязать романтические отношения.,"To chat up, get acquainted."
ru,каждый дрочит как он хочет,everyone masturbates as they want,Каждый человек занимается мастурбацией по своему желанию.,"Выражение означает, что каждый поступает или действует по-своему, по собственному усмотрению.",Means “each finds his way”; Literally “everyone masturbates at it pleases him”.
ru,кайф,"mood, pleasure, atmosphere","настроение, радость, атмосфера","Эйфорическое удовольствие, крайнее удовлетворение, состояние опьянения или наркотического возбуждения. Слово заимствовано из арабского كَيف (keyf), означающего «настроение, удовольствие, атмосфера». В русский язык вошло в 1821 году благодаря Юзефу Юлиану Сёнковскому, описывавшему своё путешествие по Египту.","Euphoric pleasure, extreme satisfaction, substance-induced high. From the Arabic word كَيف (keyf) meaning “mood, pleasure, atmosphere”. The word was introduced into Russian in 1821 by Józef Julian Sękowski in his accounts of his journey through Egypt."
ru,кайф (ловить ~),"pleasure, enjoyment","приятный, наслаждение","Получать удовольствие, наслаждаться, испытывать эйфорию (в том числе под воздействием наркотиков или алкоголя).","Enjoy, appreciate, to be high (including under the influence of drugs or alcohol)."
ru,кайфануть,to get high,получить высокое ощущение,"Испытывать сильное удовольствие, наслаждаться чем-либо интенсивно.",To enjoy intensely.
ru,кайфовать,to enjoy or to feel pleasure,наслаждаться или чувствовать удовольствие,"Испытывать сильное удовольствие, находиться в состоянии эйфории.","To be high, experience intensive pleasure."
ru,кайфово,"pleasant, enjoyable","приятный, доставляющий удовольствие","Отлично, здорово, очень хорошо.","Cool, brilliant, very neat."
ru,кайфолом,pleasure breaker,нарушитель радости,"Человек, который портит удовольствие или настроение другим, происходит от слова кайф.","Party-pooper, buzzkill, derived fromкайф."
ru,камент,commentary,"комментарий, объяснение основного содержания","Сообщение, оставленное в ответ на основной пост в блоге или на форуме; правильный русский термин — комментарий.","Comment, message posted on a blog or a forum as a reply to the lead post. Correct Russian term:комментарий."
ru,канарейка,canary,"канарейка, маленькая жёлтая птица",Разговорное название полицейской машины.,Police car (“canary”).
ru,капец,"end, finish, or complete","завершение, окончание, конец","Крайне неблагоприятное событие, катастрофа, конец чего-либо. Эвфемизм для грубого слова пиздец.","Disaster, catastrophe, end. Euphemism forпиздец."
ru,капуста,cabbage,капуста,"Деньги, наличные средства.","Money, dough (“cabbage”)."
ru,каркалык,fraud,мошенничество,"Сленговое обозначение пениса, употребляемое в идиоматическом выражении на каркалык, заимствованное из татарского слова, означающего мошенничество, через русский жаргон. Вариант: каркалыга.","Penis, used in the idiomatic expressionна каркалык, loaned from the Tartar word for fraud through Russian cant. Variant:каркалыга."
ru,касарик,small form of the word kosar,"уменьшительно-ласкательная форма слова ""косарь""","Тысяча рублей, разговорное слово, образованное от уменьшительно-ласкательной формы слова косарь.","Thousand, a grand, phonetic rendering of the diminutive ofкосарь."
ru,катя,Catherine,"Екатерина, обычно имя, часто относится к Екатерине II","Сленговое название ста рублей, связано с дореволюционными банкнотами, на которых был изображён портрет Екатерины II. От этого слова происходит выражение «пол-кати» — пятьдесят рублей.","Hundred roubles, alludes to the tsarist banknotes bearing the portrait of Catherine II. Variant:катёвая. From this word derivesпол-кати(fifty)."
ru,кацап,a peasant from the Cossack regions,Крестьянин из казачьего региона,"Разговорное, обычно уничижительное название русских, часто употребляемое в контексте противостояния между русскими и украинцами.","Russian, Great-Russian. Usually used in a somewhat insulting way, often in the context of a confrontation between Russians and Ukrainians."
ru,квасить,to ferment,брожение,"Разг. пить алкогольные напитки, особенно в больших количествах.","To piss up, to drink."
ru,кекс,cake,торт,"Разговорное слово, обозначающее мужчину, парня.",Bloke;
ru,кент,a close companion or buddy,близкий товарищ или друг,"Приятель, друг.","Pal, friend."
ru,кидалово,throwing or tossing,Бросать или кидать,"Обман, мошенничество, связанное с выманиванием денег или имущества.",Rip-off.
ru,кинуть,to throw,"бросать, кидать что-либо","Обмануть, провести кого-либо с целью получить выгоду.",To con.
ru,кинуть по мылу,throw by soap,бросать мыло,Отправить что-либо по электронной почте.,To send by email.
ru,киска,kitten,котёнок,"Привлекательная молодая женщина (в разговорной речи, стандартное значение — «котёнок»).",Attractive young lady (standard meaning: “kitten”);
ru,киска,kitten,котёнок,"Привлекательная молодая женщина (в разговорной речи, стандартное значение — «котёнок»).",Attractive young lady (standard meaning: “kitten”);
ru,кит,whale,"кит, крупное морское млекопитающее","Сленговое, уничижительное сокращение от слова «китаец». В стандартном русском языке слово означает «кит» — крупное морское млекопитающее.","Chinese, derogatory abbreviation ofкитаец. In standard Russian the word means “whale”."
ru,китаёза,Chinese person,"китаец, человек из Китая",Пренебрежительное или разговорное обозначение китайца.,"Chinaman, Chinese;"
ru,китаёза,Chinese person,"китаец, человек из Китая",Пренебрежительное или разговорное обозначение китайца.,"Chinaman, Chinese;"
ru,классно,cool; nice; great,крутой; хороший; отличный,"Отлично, замечательно.","Neat, brilliant."
ru,клёво,"cool, neat","прохладный, аккуратный","Отлично, замечательно, здорово, классно.","Awesome, brilliant, great, neat."
ru,клеить,to glue or stick,склеивать или приклеивать,Разговаривать с кем-либо с целью познакомиться или завязать романтические отношения.,"To chat up, get acquainted."
ru,клюшка,hockey stick,хоккейная клюшка,Непривлекательная женщина. Буквально означает «хоккейная клюшка».,Unattractive woman. Literally “ice hockey club”.
ru,кляп,"gag, an object used to cover the mouth",затычка для рта,"Сленг: мужской половой орган; буквально означает «кляп» — предмет, закрывающий рот.",Penis — lit. “gag (obstructing the mouth)”.
ru,книжка,book,"книга, состоящая из скрепленных листов бумаги",Сленговое название самокрутки или сигареты с марихуаной.,"Joint, spliff."
ru,кобёл,male dog,кобель,"Женщина-лесбиянка с мужеподобным внешним видом и поведением, активная в отношениях.","Butch, active lesbian."
ru,кожаной флейте (играть на ~),play a leather flute,играть на кожаном дудочке,Выполнять оральный секс (фелляцию).,To perform a fellatio;
ru,козёл,male goat,козёл,"Пренебрежительное обращение к человеку, означающее глупого или неразумного человека.","Moron, idiot;"
ru,кокос,coconut,"кокос, тропический фрукт с твердой оболочкой, внутри белая мякоть и жидкость","Разговорное: янки, гражданин США. Вероятно, искажённое слово от Америкос.","Yank, citizen of the USA. Probably a deformation ofАмерикос;"
ru,кокос,coconut,"кокос, тропический фрукт с твердой оболочкой, внутри белая мякоть и жидкость","Разговорное: янки, гражданин США. Вероятно, искажённое слово от Америкос.","Yank, citizen of the USA. Probably a deformation ofАмерикос;"
ru,кокушки,cockscombs,петушиный гребень,"Разговорное, жаргонное обозначение мужских половых желез (яичек).","Balls, nuts, testicles."
ru,колбасина,sausage,колбаса,"Разговорное, жаргонное обозначение мужского полового члена, сравниваемого с колбасой.",Penis — “the sausage”.
ru,колбасники,sausage makers,колбасник,Этническое уничижительное прозвище для немцев.,Ethnic slur for Germans.
ru,колдырить,to be homeless or vagrant,бездомный или бродячий,"пить алкоголь, употреблять спиртное",To booze.
ru,колеса,wheels,колесо,"таблетки наркотического вещества, экстази","drug tablets, XTC;"
ru,колокольчики,little bells,маленький колокольчик,"Разговорное название яичек, образованное метафорой «колокольчики».",Testicles (“the bells”).
ru,колорад,Colorado potato beetle,Колорадский картофельный жук,"Пророссийский активист, носящий георгиевскую ленточку (или похожую ленточку советского гвардейца) в качестве символа. Чёрно-оранжевые полосы ленточки сравниваются с надкрыльями колорадского жука (Leptinotarsa decemlineata).","Pro-Russian activist wearing the distinctive Saint-George ribbon (or the similar soviet guard ribbon) as a rallying sign. The black and orange stripes of the ribbon are likened to the elytron of the Colorado potato beetle (Leptinotarsa decemlineata, in Russianколорадский жук)."
ru,колорадская лента,Colorado beetle ribbon,лента колорадского жука,"Георгиевская лента (или похожая ленточка советской гвардии), используемая как символ поддержки пророссийских сил в конфликте на Украине. Черно-оранжевые полосы ленты сравнивают с надкрыльями колорадского жука (Leptinotarsa decemlineata).","Saint-George ribbon (or the similar soviet guard ribbon) used as a rallying sign by pro-Russian forces in the Ukraine conflict. The black and orange stripes of the ribbon are likened to the elytron of the Colorado potato beetle (Leptinotarsa decemlineata, in Russianколорадский жук)."
ru,командир,commander,"командир, офицер, ответственный за руководство и управление","Разговорное обращение к водителю автомобиля, иронически сравнивающее его с командиром.",Driver (“commander”).
ru,конец,"end, tip, conclusion","конец, вершина, окончание",Сленговое обозначение полового члена.,Penis (“the end”).
ru,коноёбиться,to be closely associated with horses,Тесно связанный с лошадью,"Проводить время впустую, без пользы, бездельничать. При буквальном значении подразумевается тесная связь с лошадьми.","To waste time, hang around uselessly. Implies intimate relationship with horses, if taken in the direct meaning."
ru,кончать,to finish or to end,завершить действие,Сленг: совершить эякуляцию; буквально означает завершить или закончить действие. Вид совершенный: кончить.,"To come, to ejaculate. Literally to end/finish. Perfective:Кончить."
ru,коньки отбросить,to throw away skates,Выбросить коньки,"умереть, скончаться","To go meet one’s maker, to decease, to join the choir invisible."
ru,копыта откинуть,hoof to throw off,Отбросить копыта (ноги животного),"умереть, скончаться","To pass on, to be pushing up the daisies, to kick the bucket."
ru,корабль,ship,"лодка, средство передвижения по воде","Единица измерения марихуаны, обозначающая количество, помещающееся в коробке спичек, достаточно для четырёх-пяти косяков. Происходит от слова коробка.","Unit for measuring marijuana, represents the amount that fits in a box of matches, enough for four to five spliffs. Derived fromкоробка(box)."
ru,корефан,core fan,ядро фанатов,"Приятель, друг.","Buddy, pal, friend."
ru,корма,stern or rear part of a ship,корма корабля,"Разговорное обозначение ягодиц, задней части тела.",Arse.
ru,коровка,little cow,"теленок, маленькая корова",Пассивная лесбиянка; буквально «маленькая корова».,Passive lesbian. Literally “little cow”.
ru,корыто,washbasin or laundry tub,умывальник или таз для стирки,"Разговорное, сленговое обозначение женских половых органов. В литературном русском языке — корыто, умывальная или стиральная ванна.","Furry hoop, vagina, female genitalia. In standard Russian “trough, washing tub”."
ru,косарь,a thousand,тысяча,"Разговорное обозначение тысячи рублей. Иногда пишется как касарь. От этого слова образовано выражение полкосаря, означающее пятьсот рублей.",Thousand (monetary unit). Sometimes writtenкасарь. From this word derivesполкосаряfor five hundred.
ru,косая,slanting or oblique,наклонённый или косой,"Разговорное название денежной суммы в тысячу рублей. Сленговое слово, употреблявшееся уже в начале XX века, также встречаются варианты косуха, косуля.","Thousand (monetary unit). Cant word already mentioned in the early 20thcentury (along with the alternative formsкосуха, косуля)."
ru,косить,to mow,косить траву,"Избегать выполнения чего-либо, уклоняться.","To dodge, try to evade;"
ru,космонавт,cosmonaut,космонавт,Ироничное название сотрудников полиции в полном противор Riot снаряжении.,Ironical name for police forces in full anti-riot gear (“cosmonaut”).
ru,косой,slanting or oblique,наклонный,"Пьяный, находящийся в состоянии сильного алкогольного опьянения.","Wasted, pissed up, drunk."
ru,косяк,joint,сигарета с марихуаной,Сленговое обозначение самокрутки с марихуаной.,"Joint, spliff."
ru,котэ,cat,"кот, это слово обозначает распространённое домашнее животное","Разговорное, искажённое написание слова «кот», распространённое в интернет-среде для обозначения этого популярного животного.","Cat, trandy misspelling of one of the Internet’s most popular animal."
ru,красава,handsome guy,Красивый мужчина,"Форма похвалы, часто с лёгкой иронией, применимая к представителям обоих полов (хотя преимущественно к мужчинам), аналогичная словам молодец и красавица.","Attaboy, attagirl. Form of praise, often a little ironical, applicable to both sexes (though mainly to men) akin to the standardмолодецandкрасавица."
ru,краски,paints,краска,Менструация.,Menstruation.
ru,красная,red,красный цвет,"Пять тысяч рублей, название происходит от цвета банкнот номиналом 5000 рублей, выпускаемых с 2006 года. Ранее так называли советские банкноты номиналом 10 рублей (выпуск 1961 года).","Five thousand roubles, refers to the colour of 5000 rouble banknotes issued since 2006. In the past it was used for the Soviet ten rouble notes (1961 issue)."
ru,кретин,cretin,кретин — человек с умственной отсталостью из-за гипотиреоза,"Пренебрежительное обозначение человека с низким уровнем интеллекта или умственными недостатками; идиот, дурак.","Idiot, retard. From Frenchcrétin."
ru,криатифф,creative,творческий,"Публикация или сообщение, обладающее предполагаемой или реальной творческой ценностью (поэзия, литература и т.п.). Слово образовано от «креатив».","Post, message of some supposed or real creative value (poetry, literature…). Derived fromкреатив. Alternate spelling:креатиф, криатиф."
ru,кринжуха,cringe,"съёживаться, отступать","Что-то неловкое, вызывающее смущение или чувство стыда. Русифицированное существительное от английского слова cringe, также называется кринжатина. Соответствующее прилагательное — кринжовый.","Something awkward, embarrassing, cringy. Russification of the English nouncringe, also calledкринжатина. The matching adjective isкринжовый."
ru,криповый,creepy,жуткий,"Разговорное прилагательное, обозначающее нечто жуткое, вызывающее страх или дискомфорт.","Creepy, russified form of that very same English adjective."
ru,кросавчег,handsome guy,красивый мужчина,"Искажённое слово красавчик (красивый мужчина или щёголь), обычно используемое в слегка ироничном значении для выражения похвалы.",Deformation ofкрасавчик(handsome man or dandy) usually used as a slightly ironic form of praise. Alternate spelling:кросафчег.
ru,круто,"steep, precipitous","крутой, обрывистый","Разговорное прилагательное, означающее «здорово», «классно», «отлично». Изначально означает «крутой» в буквальном смысле — «обрывистый», «крутой склон».","Cool, neat, great, literally “steep”. The adjectiveкрутойis used with the same meaning."
ru,крымнашист,Crimea is ours,Крым наш,Сторонник российской аннексии Крыма в 2014 году. Термин образован от часто повторяемого лозунга «Крым наш».,Partisan of the Russian annexion of Crimea in 2014. Derived from the much repeated chorus celebrating said annexion:Крым наш(Crimea is ours).
ru,крыша,roof,"крыша, покрытие здания сверху","Человек, обеспечивающий защиту или покровительство, обычно за плату; буквально означает «крыша».","Godfather, protection (persons in charge of security for a fee). Literally “roof”."
ru,крышевать,to cover or shelter,покрывать или защищать,"Требовать или получать деньги за защиту бизнеса или деятельности, действовать как покровитель или «крыша» для кого-либо.","Extort protection money, “shield” a business (seeкрыша)."
ru,крякнуться,to make a quacking sound,издавать квакающий звук,"умереть, скончаться","To kick the bucket, push up the daisies, die."
ru,ксива,document,документ,"Документ, удостоверяющий личность, паспорт.","ID, passport. Loaned from Hebrew כְתִבֶת (ksiwes)."
ru,ктонть,someone,некто,"Сокращённая форма слова кто-нибудь, означающая кто-то, кто-либо.","Contraction ofкто-нибудь(someone, anybody). Alternate spelling:ктонить."
ru,Кузьмич,son of Kuzma,Кузьмич — сын Кузьмы.,"Прозвище простого русского мужчины из сельской местности, мобилизованного в российскую армию, вторгшуюся в Украину, аналогичное британскому «Томми». Это отчество, означающее «сын Кузьмы», первоначально использовалось в несколько пренебрежительном смысле активными футбольными болельщиками (ультрас) для обозначения пассивных поклонников их клубов.","Nickname for the simple Russian man from the countryside mobilised in the Russian army invading Ukraine, similar to the British Tommy. This patronym, meaning son of Kuzma, was first used somewhat derogatory by active football fans (ultras) to describe passive supporters of their clubs."
ru,кумар,intense craving or desire,сильное желание,густой дым в помещении,Thick smoke in a room.
ru,курва,whore,проститутка,"Женщина, занимающаяся проституцией; распутная женщина.","Prostitute, slut;"
ru,курвёнок,little prostitute,молодая проститутка,"Пренебрежительное обращение к молодому человеку, обозначающее его как негодяй, подлец, ничтожный парень.","Bastard, son of a bitch, worthless lad."
ru,курвища,a derogatory term for a woman considered promiscuous or immoral,"уничижительное название женщины, считающейся распущенной или безнравственной","Пренебрежительное, усиленное обозначение женщины, считающейся распутной или развратной, превосходная степень от слова курва.",Hyperdrive whore. Superlative ofкурва.
ru,курите мою трубку,smoke my pipe,"буквально означает ""вдыхай мою трубку""","Фразеологическое выражение, являющееся приглашением (в переносном, но иногда и в прямом смысле) к оральному сексу; буквально означает «курите мою трубку».","Invitation (figurative, but could be direct) to perform a fellatio — literally “smoke my pipe”."
ru,кусок,a piece,"кусок, пластина",Разговорное обозначение денежной суммы в размере тысячи единиц валюты.,Thousand (monetary unit).
ru,кутак,fist,кулак,"Сленговое, вульгарное обозначение мужского полового члена, заимствованное из татарского языка.","Prick, penis. Loaned from Tatarкутак(obscene name for the penis)."
ru,кутить,to revel or carouse,веселье или развлечение,"Весело проводить время, устраивать праздники или вечеринки.",To party.
ru,лабать,to play (a musical instrument),исполнять (музыкальный инструмент),"Играть музыку на музыкальном инструменте, часто на гитаре.","To play music on an instrument, often guitar."
ru,лабусы,good (plural accusative form in Latvian),"множественное винительное число слова ""labs"" в латышском языке, означающее ""хороший""","Разговорное обозначение латышей, иногда включающее также латышей. Происходит от латышского слова labus (винительный падеж множественного числа от labs — хороший). Часто путается с словом лабасы.","Latvians, sometimes understood to include Latvians as well. Derives from Latvianlabus(accusative plural oflabs— good). Often confused withлабасы."
ru,лабух,musician,музыкант,"Музыкант, играющий в ресторане или кафе, часто в развлекательных заведениях.",Musician.
ru,лайба,liba,Лайба,Разговорное название автомобиля.,Car.
ru,лайкнуть,to like,выражать симпатию,"Выражать одобрение или симпатию к чему-либо в социальных сетях, поставив отметку «нравится»; заимствовано из английского языка.","To like, loaned from English."
ru,лакшовка,a type of small bird,вид маленькой птицы,"Разговорное название женщины, занимающейся проституцией, часто с оттенком пренебрежения.",Popular prostitute.
ru,ланьет,oral cavity,ротовая полость,"Сленг, обозначающий оральный секс, направленный на женские гениталии.","Muff diving, carpet munching, cunnilingus."
ru,лапать,to touch or grab with hands,трогать рукой или хватать,Прикосновение руками с целью ласкать или возбуждать эрогенные зоны.,"To feel up, to pet, manually stimulate erogenous zones."
ru,лахудра,old woman,старая женщина,"Пренебрежительное название старой женщины, обычно с оттенком колдовства или злобы.","Hag, witch;"
ru,лахудра,old woman,старая женщина,"Пренебрежительное название старой женщины, обычно с оттенком колдовства или злобы.","Hag, witch;"
ru,левак,leftist,"левая сторона, левая политика","Неофициальный доход, получаемый вне установленного порядка.",An unofficial income.
ru,легавый,pointer dog,указательная охотничья собака,"Разговорное название полицейского, происходящее от выражения легавая собака (охотничья собака).","Policeman, derived fromлегавая собака(hunting dog)."
ru,лельки,dolls,кукла,"Разговорное, устаревшее обозначение женской груди.","Tits, boobies (old fashioned)."
ru,лепить,to mold or sculpt,лепить или вырезать,"Говорить бессмыслицу, нести чепуху.",To talk nonsense.
ru,либераст,liberal,либерал,"Оскорбительное прозвище, используемое для обозначения либерала с негативным оттенком, подразумевающее связь с педофилами.","Liberal, insulting variant implying a collusion with pæderasts."
ru,лизаться,to lick each other,взаимное лизание,"Целоваться, обычно с проявлением нежности и страсти.",To kiss.
ru,лизун,licker,"человек, который лижет","разговорное, уничижительное: мужчина, который занимается оральным сексом с женщиной.","Carpet-muncher, man performing oral sex on a woman."
ru,лимон,lemon,лимон,Сленговое обозначение миллиона рублей. Название возникло из-за жёлтого цвета советской банкноты номиналом в один миллион рублей 1921 года.,"Million (monetary unit, literally “Lemon”). The name comes from the yellow colour of a 1921 one million rouble soviet banknote."
ru,литрбол,liter ball,"шар, измеряемый в литрах","Разговорное название пьяного застолья, пирушки с употреблением большого количества алкоголя, особенно водки. Также встречается вариант бутыльбол.","Piss-up, drunken feast (“litre-ball”). Also calledбутыльбол(“bottle-ball”)."
ru,литруха,one-liter bottle,бутылка объемом один литр,"Бутылка объёмом один литр (примерно 1,75 пинты), часто содержащая водку.","One litre (1.75 pints) bottle, often vodka."
ru,лоботряс,forehead shaker,"человек, который трясет лбом","Пренебрежительное обозначение человека, считающегося глупым или ленивым, бездельником.","Idiot, git."
ru,ломануться,to break or crack,сломать или треснуть,Резко и быстро двинуться в каком-либо направлении.,To get moving.
ru,лох,salmon that remain in rivers during winter after spawning,"лосось, оставшийся в реке после нереста зимой","Наивный человек, жертва мошенничества, простофиля. Первоначально слово обозначало лососей, которые остаются в реках на зиму после нереста, затем вошло в криминальный жаргон со значением «(наивный) крестьянин». Возможно, на слово повлияли немецкое Loch (дыра) или польское łoch (сокращение от włoch — валах, румын). Производные формы: лохан, лохарь, лохня, лохушка.","Naive person, scam victim, sucker. Initially the name of salmons that remain in rivers for the winter after spawning it entered the criminal jargon with the meaning “(naive) peasant”. The German wordLoch(Hole) or Polishłoch(short forwłoch— Walachian, Romanian) may also have influenced the Russian word. Derivated forms:лохан, лохарь, лохня, лохушка."
ru,лохануть,to make a mistake or blunder,совершать ошибку,"Обмануть кого-либо, провести кого-либо, заставить поверить в ложное или невыгодное.",To con someone.
ru,лохануться,to make a mistake or blunder,совершать ошибку,"попасться на обман, быть обманутым или потерпеть неудачу из-за собственной ошибки или невнимательности",To get scammed.
ru,лохматка,shaggy or hairy woman,волосатая женщина,"Разговорное название женских половых органов, подчёркивающее наличие волос в области лобка.","Hairy pussy, female genitalia."
ru,лохматый сейф,shaggy safe,Пушистый сейф,"вульгарное сленговое выражение, обозначающее женские гениталии, буквально переводится как «лохматый сейф».","Beaver, cunt, female genitalia (translates literally as “the hairy safe”)."
ru,лохмы,tangled hair,запутанные волосы,"Густые, неопрятные, спутанные волосы, напоминающие мохнатую кисть или метлу.","Mop, unkempt hair."
ru,лохотрон,scam,"обман, мошенничество","Мошенничество, обман с целью получения денег, часто связанный с финансовыми пирамидами или спекулятивными схемами.",Scam.
ru,лошара,a type of fish called 'loach',"Рыба, называемая «окунь»","Неспособный человек, неудачник, простак (происходит от слова лох).","Failure, silly bugger (derived fromлох)."
ru,Луганда,Luhansk region,Луганская область,"Ироническое название контролируемого повстанцами Луганского региона, сравниваемого с якобы слаборазвитым африканским государством Уганда.","Ironical name of the rebel-controlled Lugansk region, likened to the supposedly underdeveloped African state of Uganda."
ru,луноход,moon rover,луноход,Сленговое название полицейской машины.,Police car (“Lunar explorer”).
ru,лындить,to be lazy; to loaf around,ленивый; бездельничающий,заниматься половым актом,Copulate.
ru,лытдыбр,diary,дневник,"Слово, образованное транслитерацией латинскими буквами русского слова «дневник» при наборе на клавиатуре с переключённым английским языком. Используется для обозначения записи в блоге или тексте, имеющего характер дневниковой записи, описывающего события дня, встречи, разговоры, впечатления и подобные личные заметки.",Russian rendering of the Latin letters that one gets when typing in Cyrillicдневникon a Russian/English keyboard with the keyboard toggled to English (i.e. “lytdybr”).
ru,лягушатник,frog pond keeper,Сторож лягушачьего пруда,Пренебрежительное сленговое обозначение француза.,"Frog, Frenchman."
ru,лям,strap or belt,ремень или пояс,Сленговое обозначение миллиона рублей.,Million (monetary unit).
ru,ляхи,Poles,поляк,"Разговорное устаревшее название поляков, связанное с мифическим основателем Польши, Лехом.","Poles, Pollacks. Old fashioned term alluding to the mystical founder of Poland, Lech."
ru,майданутый,Independence Square,"Площадь Независимости — известная общественная площадь в Киеве, столице Украины.","Приверженец Оранжевой революции 2004 года, а позже участник протестов против Януковича в 2013–2014 годах. Пренебрежительное прозвище, образованное от названия Майдан Незалежности (Площадь Независимости в Киеве), места собраний активистов, которые в российской официальной медиа изображаются как иностранно управляемые, опасные ультранационалистические радикалы.","Supporter of the orange revolution 2004, later protester against Yanukovich in 2013-14. Slur derived fromМайдан Незалежності(Independence square in Ukrainian), the meeting place of activists portrayed in Russian official media as foreign-driven, dangerous ultranationalist radicals. The same derivation can be found inмайдануться, замайдаться, майдавошка, майдан с вами, майдай отсюда…"
ru,майдаун,Maidan down,Майдан даун (человек с синдромом Дауна),"Приверженец протестов на Майдане в Киеве и про-западного правительства, оскорбительное прозвище, образованное сочетанием слов «Майдан» и «даун» (человек с синдромом Дауна), часто употребляемое противниками этих изменений.","Supporter of the Maidan protest (Kiev) and of the pro-western governement. Insult combiningМайданandдаун(person with Down-syndrom), commonly used by opponents to the changes."
ru,макаронник,pasta maker,работник по производству пасты,Пренебрежительное сленговое обозначение итальянца.,"Italian, spic, wob."
ru,малофья,little thread,тонкая ниточка,Сперма.,Sperm.
ru,малыш,little child,ребёнок,Небольшой половой член.,Small prick.
ru,манда,female genitalia,женские репродуктивные органы,"Грубое сленговое обозначение женских половых органов, часто употребляется вместо слова пизда, но не используется в производных глагольных формах.","Pussy, cunt —пиздаis more frequently used.Мандаcan replaceпиздаin most phrases but not in derived verbal forms."
ru,мандёж,fabrication,"выдумывать, сочинять","Ложь, глупость, ошибка.","Lie, stupidity, mistake;"
ru,мандошить,to do something reluctantly or with disgust,неохотно или с отвращением делать что-либо,"бить, наносить удары","To hit, beat up."
ru,мандюк,no standard Chinese meaning,нет стандартного китайского значения,Пренебрежительное обозначение глупого или неприятного человека.,"Idiot, dickhead."
ru,мандячить,to behave erratically,вести себя неадекватно или нестабильно,"Бить, избивать.","To hit, beat up."
ru,мандяшить,to decorate or embellish,украшать или украшение,"Бить, избивать.","To hit, beat up."
ru,маркоташки,market bags,рыночный пакет,"Грудь, обычно небольшого размера.","Breasts, usually small ones."
ru,маркоташник,mark bag maker,Изготовитель маркировочных пакетов,Пренебрежительное сленговое обозначение гомосексуального мужчины.,"Fag, queer, homosexual."
ru,маруха,no standard Chinese meaning; transliteration of Russian word,Транслитерация русского слова,"любовница, подруга, возлюбленная","Lover, mistress, girlfriend;"
ru,матюгальник,swear jar,банка для грязных слов,"Устройство для усиления и передачи звука, например мегафон или громкоговоритель.","Megaphone, loudspeaker."
ru,махач,"fight, brawl","драться, ссориться","Драка, потасовка, обычно возникающая после игровых столкновений или конфликтных ситуаций на поле.",Fight.
ru,мацать,to touch or feel,трогать или чувствовать,"Обнимать, ласкать, трогать, щупать.","To hug, to pet, to feel up."
ru,медвед,bear,медведь,"Популярное искажённое написание слова медведь (медведь — медведь), см. также превед.","Popular misspelling ofмедведь(bear), see alsoпревед."
ru,мензурка,measuring cup,мерный стакан,"Стеклянный сосуд, обычно цилиндрической формы, используемый для измерения или хранения жидкости.",Glass. Comes via GermanMensurfrom Latinmensura(measure).
ru,мент,short coat cloak,короткий плащ,"Разговорное название полицейского, часто употребляется, когда сотрудники полиции находятся вне слышимости. Заимствовано из польского языка, где мент использовался как сленг для обозначения солдат или охранников; первоначально это венгерское слово, обозначающее короткое пальто-накидку, также называемое «меховая аттила», которая была частью формы полицейских.","Policeman, the fuzz — quite often used, if police officers are out of earshot. Loaned from Polish, wherementehas been used as slang for soldiers or guards (initially it is a Hungarian word for a short coat-cape, also called “fur attila” that was part of policemen’s uniform)."
ru,ментовка,mentovka,"ментовка — слово, образованное от «мент» с суффиксом, буквального значения не имеет, является транслитерацией.",Разговорное название полицейской машины или отделения полиции.,"Police car, also calledментовоз;"
ru,ментовка,mentovka,"ментовка — слово, образованное от «мент» с суффиксом, буквального значения не имеет, является транслитерацией.",Разговорное название полицейской машины или отделения полиции.,"Police car, also calledментовоз;"
ru,месилово,kneading or pounding,мять или колотить,Групповая драка.,Group fight.
ru,месить,to knead or mix,мять или смешивать,"бить, избивать кого-либо",To beat up.
ru,метёлка,broom,метла,"Разговорное обозначение девушки, женщины.","Gal, bird, girl (“whisk, brush”)."
ru,минет,blowjob,оральный секс,"Сленговое обозначение орального секса, выполняемого женщиной мужчине.",Fellatio. From Frenchfaire minette— to perform oral sex on a lady.
ru,минетчик,a person who performs oral sex,исполнитель орального секса,"Мужчина, выполняющий оральный секс на мужчине.","Fellator, male performing oral sex on a man."
ru,минетчица,female performing oral sex,"женщина, выполняющая оральный секс","Женщина, выполняющая оральный секс мужчине.","Fellatrix, female performing oral sex on a man."
ru,миньет,oral sex,"оральный секс, стимулирование половых органов ртом","Сленговое обозначение орального секса, при котором мужчина получает стимуляцию полового члена ртом.",Fellatio. Seeминет.
ru,миньетка,little one,"маленький, указывающий на меньший размер или возраст индивида","Сленговое обозначение женщины, выполняющей оральный секс.",Fellatrix.
ru,миньетчик,a person who performs oral sex,исполнитель орального секса,"Мужчина, выполняющий оральный секс.",Man performing oral sex.
ru,мля,no direct Chinese equivalent,нет прямого китайского аналога,"Эвфемизм для грубого слова ""бля"".",Euphemism forбля.
ru,мобик,mobile phone,мобильный телефон,"Призванный по мобилизации солдат, вынужденный призывник. Сам процесс мобилизации критически переосмысляется как «могилизация».","Mobilised soldier, forced conscript. The mobilisation (мобилизация) itself gets reccoined to grave-making (могилизация) by critical minds."
ru,мозгоёб,brain fucker,"мозг + грубый глагол, буквальное значение — грубое действие над мозгом","Человек, который раздражает и обычно ненадёжен. Женский род: мозгоёбка.",Somebody who gets on one’s nerves and is generally unreliable. Female:мозгоёбка.
ru,мозгоебатель,brain fucker,"Человек, который испортил мозг.","Человек, который надоедает, раздражает или докучает другим своим поведением или разговорами.","Bore, pain in the ass."
ru,мозгоёбство,brain fuck,"мозг + грубое слово ""fuck"" (буквально: грубое обращение с мозгом)","Утомительная, скучная работа или занятие, вызывающее раздражение и усталость; разговор или деятельность, требующие больших умственных усилий, но не приносящие удовлетворения.","Tiresome job, tedious activity (lit. “brain screwing”). Variant:мозгоебательство."
ru,мозгоёбствовать,to engage in brain activity,заниматься умственной деятельностью,"Действовать раздражающе, надоедать, докучать.","To get on the nerves, be a pain in the arse."
ru,монопенисуально,single penis,одинокий пенис,"Безразличный, малоинтересный; псевдонаучный эвфемизм, образованный от греческого μονος и латинского penis, означающий однообразие или однообразное отношение.","Indifferent, of little interest. Pseudoscientific euphemism forоднохуйственно, made up from Greek μονος and Latinpenis."
ru,моргалы,eyelids,веко глаза,Глаза.,Eyes.
ru,морда,"muzzle, snout, face of an animal",морда,"Лицо, морда.","Face, snout."
ru,морковка,carrot,"Морковь, оранжевый корнеплод.","Разговорное обозначение девушки, обычно в районах секс-туризма (Юго-Восточная Азия, Куба, иногда просто за границей). В стандартном русском языке слово означает «морковь».","Broad, girl, usually in sex tourism areas (South-East Asia, Cuba, sometimes simply abroad). In standard Russian the word means “carrot”."
ru,москаль,Muscovite,"Москвич, житель Москвы","Пренебрежительное название русского человека, употребляемое в украинском, польском и белорусском языках, а иногда и в русском (обычно с целью придать высказыванию украинский колорит). Изначально термин относился к москвичам и/или солдатам без негативного оттенка, но приобрёл его в XVIII веке с расширением Российской империи на запад. В украинском языке существует глагол москалить, означающий «обманывать» (в торговле).","Derogatory name for Russian, used in Ukrainian, Polish and Belarusian but also sometimes in Russian (usually to add a quaint Ukrainian note). Historically the term was used for Muscovites, and/or soldiers, without negative undertones but acquired that meaning as the Russian empire expanded westwards in the 18th century. The Ukrainian verbмоскалитьmeans “to cheat” (in trade)."
ru,Москвабад,Moscow + -bad (suffix),Москва + суффикс -бад,Ироничное и уничижительное название Москвы как города с большим числом мигрантов из Центральной Азии.,An ironic and derogatory term for Moscow as a city with a high population of migrants from Central Asia.
ru,мотовка,a spool or bobbin,катушка для ниток или пряжи,"Человек, который бездумно тратит деньги.",Money waster.
ru,мохнатка,little bush,маленький кустарник,"Разговорное название женских половых органов, буквально означающее «маленький кустик».","Pussy, beaver (lit. “the little bush”)."
ru,мочить,"to wet, to moisten","смачивать, увлажнять","Убить, физически устранить. Буквально означает «мочить», происходит из русского жаргона, где «мокрая сделка» означает дело с применением насилия и кровопролития.","To kill, to eliminate physically. Literally ”to wet”, derives from Russian cant in which a ”wet deal” way a business involving blood spilling."
ru,мразь,frost,Иней — кристаллизованный холодный водяной пар.,"Пренебрежительное обозначение человека, вызывающего отвращение или презрение из-за своих поступков или характера.",Scum.
ru,муда (мудя),wise person,умный человек,"Разговорное грубое слово, обозначающее мужские половые органы (яички). Встречаются редкие формы единственного числа «мудо» и устаревшее двойственное число «муде».","Bollocks, testicles. You may encounter the rare singularмудоor the obsolete dualмуде."
ru,мудак,a male goat,козёл,"Грубое оскорбительное слово, обозначающее неприятного, глупого или подлого человека.","Bastard, dickhead."
ru,мудацкий,"foolish, idiot-like","глупый, как дурак","Глупый, идиотский.","Moronic, stupid."
ru,мудачьё,group of fools,группа дураков,"Группа идиотов, собирательное число от слова мудак.","Group of idiots, collective numeral ofмудак."
ru,мудёж,"nonsense, meaningless talk",бессмысленные слова,"Ложь, обман.",Lie.
ru,мудистика,study of mud or mud science,изучение почвы или почвоведение,"Бюрократическая чепуха, сложное и неинтересное задание.","Bureaucratic non-sense, complicated and uninteresting task."
ru,мудоёб,no standard Chinese meaning; transliteration of Russian slang,Отсутствует стандартное китайское значение; транслитерация русского сленга,"Грубое сленговое оскорбление, обозначающее идиота или скучного человека.","Idiot, bore."
ru,мудозвон,a person who rings a bell,звонарь,"Разговорчивый и надоедливый человек, который постоянно болтает без умолку; буквально «звонящий яичком». Термин образован по аналогии со словом пустозвон.",Tiresome chatter mouth — literally “a testicle ringer”. Built in analogy withпустозвон.
ru,мудохать,to bother or to mess with,беспокоить или мешать,"бить, избивать","To hit, beat up."
ru,мульт,cartoon,мультфильм,Сленговое обозначение миллиона (денежной единицы).,Million (monetary unit);
ru,мульт,cartoon,мультфильм,Сленговое обозначение миллиона (денежной единицы).,Million (monetary unit);
ru,мурло,face,"лицо, обозначающее человеческое лицо",Грубое или пренебрежительное обозначение лица человека.,Face.
ru,мусор,garbage; trash,мусор; отходы,"Разговорное пренебрежительное обозначение полицейского. Слово также означает «мусор», но это значение заимствовано из иврита (םוּסָר — maser — заключение, арест).","Policeman. Although the word also means “garbage” this meaning is borrowed from Hebrew (םוּסָר — maser — imprisonment, arrest)."
ru,мусоровоз,garbage truck,мусоровоз,Разговорное название полицейской машины.,Police car (“fuzz-mobile”).
ru,мутить,to stir or mix,мешать или смешивать,"делать что-либо, обычно с оттенком неформального или не совсем официального действия",To do something;
ru,мутить,to stir or mix,мешать или смешивать,"делать что-либо, обычно с оттенком неформального или не совсем официального действия",To do something;
ru,мухлёж,cheating or fraud,обман или мошенничество,"Обман, мошенничество.","Deceipt, cheating."
ru,мухой,like a fly,Как муха,"Очень быстро, как можно скорее.","Quickly, asap."
ru,мухой (под),like a fly,Как муха,"Пьяный, находящийся в состоянии сильного алкогольного опьянения.","Drunk, wasted."
ru,мухосранск,fly excrement town,город муховых экскрементов,"Вымышленный сельский населённый пункт, удалённый от современных городов и цивилизации.",Fictional country side settlement far off modern times and civilisation.
ru,му-хрю,moo-oink,имитация звуков коровы и свиньи,"Выражение, объединяющее звуки, имитирующие голоса коровы и свиньи, используется для обозначения пустой, несущественной информации или болтовни.","And so on and so forth, bla-bla-bla. The expression unites the Russian sounds rendering the voice of the cow and the pig."
ru,мырки,soft meows,мягкое мяуканье кошки,"Этнические жители Центральной Азии. Заимствованное из киргизского языка слово, которым жители столицы обозначают сельское население южной Киргизии, воспринимаемое как грубоватые крестьяне.","Ethnical central Asians. Loan word from Kirghiz, where the word is used by residents of the capital to describe the country-side population of south Kirghizia (that are perceived as rough-mannered peasants)."
ru,мять,to crumple; to crush; to wrinkle,мять; дробить; мять в комок,"грубое разговорное выражение, означающее заниматься сексом (буквально «мять», «сминать»)}","To fuck (literally “to wrinkle, to crush”)."
ru,набить морду,to stuff the face,заполнить лицо,"нанести кому-либо сильные удары, избить",To beat up.
ru,навар,"fat, grease","жир, сало","Прибыль, доход, выгода.","Gain, pickings, income."
ru,нагонять волну,to create or generate waves,создавать или производить волны,усиливать напряжённость или эмоциональное напряжение в ситуации,To further stress a situation.
ru,надраться,to get drunk,пить вино,Напиться до сильного опьянения.,"To piss up, to get wasted."
ru,надуть барабан,inflate drum,"надувной барабан, надувать барабан","Забеременеть, стать беременной.","To knock up, to get pregnant;"
ru,надыбать,to find or obtain something,найти или получить что-либо,"Найти, раздобыть что-либо.","To find, to get hold of."
ru,наёб,to deceive or cheat,обман или мошенничество,"Мошенничество, обман с целью получения выгоды.","Fraud, scam."
ru,наебаловка,"deception, cheating","обман, мошенничество","Мошенничество, обман, связанный с получением выгоды обманным путём, часто в особо крупных размерах.",Scam.
ru,наебалово,deception or cheating,обманывать или жульничать,"Мошенничество, обман, введение в заблуждение с целью получить выгоду.",Scam.
ru,наебать,to deceive or cheat,обманывать или жульничать,"Обмануть, провести кого-либо с целью получения выгоды.",To con —Меня вчера наебали на штуку“I was conned out of one thousand rouble yesterday”.
ru,наебениться,to deceive oneself,обманывать себя,"Опьянеть, сильно напиться; часто употребляется с указанием напитка, например, наебался водкой — сильно напился водкой.",To get drunk — often followed by the relevant drink:Наебался водкой— “got wasted on vodka”; seeнахуячиться.
ru,наёбка,deception or cheating,обманывать или жульничать,"Шутка или поддразнивание, часто с оттенком обмана или насмешки.","Joke, tease."
ru,наебнуть,to cheat or deceive,обман или мошенничество,"ударить, нанести удар",To hit;
ru,наебнуться,to deceive or cheat,обманывать или жульничать,"Падать, ударяться, ломаться — обычно используется для обозначения неожиданного и сильного падения.","To fall down, to hit oneself, to break down — mostly used for unexpected and heavy fall."
ru,наебошиться,to deceive oneself thoroughly,полностью обмануть себя,"Опьянеть, сильно напиться.","To get drunk, wasted."
ru,наёбщик,a person who cheats or deceives,обманщик,"Мошенник, обманщик, человек, занимающийся обманом или вымогательством.","Crook, con-artist."
ru,наёбывать,to cheat or deceive,обман или мошенничество,"Обманывать, мошенничать, вводить в заблуждение с целью получить выгоду.","To cheat, con."
ru,наезд,ride on,сидеть сверху,"незаконное или агрессивное вмешательство, давление, запугивание или нападение на кого-либо","Raid, shakedown, bullying."
ru,нажираться,to get drunk,напиться,"Пьянеть, напиваться, обычно в значительной степени.",To get pissed.
ru,накачивать,to pump up,"надувать, увеличивать",Заниматься половым актом.,"To fuck, have sex, screw."
ru,наколоть,to prick or to stab,укол или прокол,"Обмануть, провести кого-либо с целью получения выгоды.",To con.
ru,накуриться,to get high by smoking,возбуждение через курение,Получить состояние опьянения или наркотического возбуждения.,To get high.
ru,нализаться,to lick oneself,лизать себя,"Напиться, сильно опьянеть.",To get drunk.
ru,напиздить,to talk nonsense,говорить ерунду,"Разговорное выражение, означающее украсть что-либо.",To steal.
ru,напиздюкаться,to get beaten up,быть избитым,"Напиться, опьянеть.","To piss up, to get drunk."
ru,напиздяшиться,to get covered in something,покрытый чем-либо,"Напиться, сильно опьянеть.","To piss up, to get drunk."
ru,нарик,drug addict,наркоман,"Наркоман, человек, злоупотребляющий наркотиками.",Drug addict.
ru,насрать (мне ~),to defecate,дефекация,выражение полного безразличия к чему-либо,I do not care about it.
ru,насрать в компот,to defecate in compote,испражняться в варенье,"Сделать что-то назло кому-либо, специально навредить или досадить.",To do something to spite someone (“shit in the fruit juice”).
ru,"нассать (в рот ~, чтоб морем пахло?)",to urinate,мочеиспускание,"Грубый способ спросить, было ли что-то понято.",Rude way of asking whether something was understood.
ru,натурал,natural,естественный,"Прямой мужчина, гетеросексуал. Термин, используемый гомосексуалами и бисексуалами.","Straight man, heterosexual. Term used by homosexuals and bisexuals."
ru,натуралка,natural woman,естественная женщина,"Женщина, которая испытывает романтическое или сексуальное влечение к представителям противоположного пола; женская форма слова «натурал».","Straight woman, feminine ofнатурал."
ru,натянуть глаз на жопу (кому),pull eye onto buttocks,Перенести глаза на ягодицы,Жестоко избить кого-либо.,To beat up.
ru,нафиг,to hell,Иди в ад,"в значении «прочь», «далеко», употребляется для выражения решительного отторжения или удаления",Far away;
ru,нах,no direct standard meaning; literal translation 'to the penis',к пенису,"Сокращённая форма слова нахуй, употребляется в разговорной речи для выражения сильного раздражения или решительного отказа.",Short forнахуй.
ru,нахрюкаться,to make a pig-like grunting sound,"Издавать хрюкающий звук, как свинья","Опьянеть, сильно напиться.",To get drunk.
ru,нахуй,to the penis,к мужскому половому органу,"Грубое, оскорбительное выражение, означающее приказ уйти, отстать.","Fuck off, get lost. Insulting negative reply."
ru,нахуйник,to the penis,направление на пенис,Презерватив.,Condom. Literally “on-cock-er”.
ru,нахуя,why the hell,почему (с усилением),"Сленговое выражение, используемое для выражения недоумения или вопроса о причине или цели чего-либо, аналогично фразе ""зачем это нужно"".",What the fuck for. See alsoна хуя.
ru,нахуяриться,to hit hard or strike forcefully,сильно ударять или резко сталкиваться,"Совершать что-либо бесполезное, излишнее.","To do something useless, superfluous;"
ru,нахуяриться,to hit hard or strike forcefully,сильно ударять или резко сталкиваться,"Совершать что-либо бесполезное, излишнее.","To do something useless, superfluous;"
ru,нахуячиться,to hit or strike forcefully,сильно ударять или сталкиваться,"Напиться до сильного опьянения, обычно с указанием напитка, например: «нахуячиться водкой» — сильно напиться водкой.","To get pissed, to binge, to drink too much — usually followed by the means of inebriation:Нахуячился водкой— “he got wasted on vodka”; see alsoнаебениться."
ru,не ебёт,does not have sexual intercourse,воздерживаться от половых отношений,"Не имеет значения, совершенно безразлично; буквально означает «не занимается половым актом».","Does not matter, literally “does not copulate” — Ex:Меня это не ебёт— “I don’t give a damn”."
ru,невъебенный,impossible to have sex with,неспособный к половому акту,"Очень большой, огромный — используется для описания чего-то, что произвело впечатление на говорящего своими размерами. В буквальном смысле означает ""невозможно трахнуть"".","Very big, huge — used to describe something that impressed the speaker by its dimensions. Literally “unfuckable”."
ru,невъебический,not fuckable,непригодный для секса,"Очень впечатляющий, невероятный, удивительный.","Fucking awesome, unbelievable, astounding."
ru,невъебучий,not fuckable,непригодный для полового акта,"Редкий вариант слова невъебический, обозначающий что-то очень плохое, некачественное или неудовлетворительное.",Rare variant ofневъебический.
ru,недоёб,insufficient sexual satisfaction,недостаток сексуального удовлетворения,"Сексуальное неудовлетворение, ощущение, что человек не получает достаточного количества интимного внимания или ласк.","Sexual frustration, feeling of not getting one’s fair share of hanky-panky."
ru,недоёбанный,not fully milked,не полностью выдоено,"Пренебрежительное обозначение глупого или неразумного человека, подразумевающее, что с ним не обращались должным образом.","Idiot, stupid (who has not been fucked properly)."
ru,недоёбок,unfinished or incomplete person,незавершённый человек,"Пренебрежительное обозначение человека, считающегося глупым или недоразвитым, с оттенком незавершённости или неполноценности.","Moron, idiot (who has not been finished properly)."
ru,немчура,German people,"немец, человек из Германии",Пренебрежительное сленговое название немцев.,"Krauts, insulting way of naming Germans."
ru,непруха,bad luck,неудача,"Невезение, неудача.",Bad luck.
ru,нестояк,not standing,не стоять,"Неспособность мужчины к эрекции, импотенция.",Impotence. Also calledнестоячка.
ru,нефиговый,not trivial,не мелкий,"Серьёзный, не шуточный. Противоположность слову «фиговый».","Serious, not for laughs. Opposite ofфиговый."
ru,"ни людей, ни блядей!",neither people nor prostitutes,"ни людей, ни проституток","Выражение, означающее полное отсутствие людей и какой-либо активности в месте.","There’s no one around, nothing happens (“no person, no whore”)."
ru,ниасилил,did not manage to finish,не смог выполнить,"Сленговое выражение, означающее, что человек не смог прочитать или осилить весь текст, обычно используется в комментариях после длинных и утомительных постов. Является искажением фразы «не осилил». Причины, по которым текст не был прочитан полностью, могут быть объяснены подробно.","I could not read it all, a comment usually posted after long and tedious posts. Deformation ofне осилил. The reason why a post has not been read entirely can be explained in detail."
ru,ниасилил патамушто вайна и мир,could not handle because of War and Peace,не справляться из-за «Войны и мира»,"Не смог прочитать или справиться с чем-то из-за его большой длины или сложности, сравнивая с романом «Война и мир» Льва Толстого.",I could not read it because it is as long as “war and peace” (by Count Leo Tolstoy).
ru,ниибаццо,not fuck,не + делать (употреблять),"Очень сильно, серьезно. Креативное написание слова неебаться, иногда также встречается написание ниибадцо, неебаццо.","Very much, seriously. Creative spelling ofнеебаться, also sometimes writtenниибадцо, неебаццо."
ru,нипадеццки,not childlike,не детский,"Разговорное выражение, означающее «очень сильно», «серьёзно», является деформацией фразы «не по-детски».","Seriously, deformation ofне по-детски(not childishly)."
ru,нихуя,nothing at all,"совсем нет, ничего нет","Ничего, совсем ничего; употребляется для усиления отрицания.","Fuck all, seeни хуя."
ru,нихуяшеньки,not a damn thing,совсем нет,"Совершенно ничего, совсем ничего. Происходит от выражения ни хуя.","Bugger all, nothing. Derived fromни хуя."
ru,ништяк,a tasty or good thing,вкусная или хорошая вещь,"Отлично, замечательно, превосходно.","Cool, brilliant, splendid."
ru,ночная бабочка,night butterfly,ночная бабочка,"Женщина, занимающаяся проституцией, обычно в ночное время.",Prostitute (Night-time butterfly).
ru,няшечка,cute little one,милый маленький парень,"Ласковое обращение, означающее «милый» или «милая». Происходит от японского звукоподражания ニャー/にゃあ (nyā), обозначающего «мяу», используемого в аниме для передачи чувства нежности и эмоций.","Sweetie. Derives from the Japanese onomatopoeia ニャー/にゃあ (nyā), equivalent of the “meow” made by English-speaking cats, and used in anime to transmit a feel of sweetness and emotion."
ru,няшка,cute person,милый человек,"Приятный, милый человек, вызывающий симпатию.","Cutie, seeняшечка."
ru,няшный,cute,милый,"Милый, симпатичный, вызывающий умиление.","Sweet, cute, seeняшечка."
ru,обабить,to make old woman,Сделать женщиной постарше,"Превратить девушку во взрослую женщину, лишить её девственности.","To turn a girl into a woman, to take her virginity;"
ru,обабить,to make old woman,Сделать женщиной постарше,"Превратить девушку во взрослую женщину, лишить её девственности.","To turn a girl into a woman, to take her virginity;"
ru,обалденный,stunning; amazing,потрясающий,"Очень хороший, замечательный, превосходный.","Awesome, brilliant, great."
ru,обалдеть,to become stunned or dazed,стать шокированным или растерянным,Выражать сильное удивление или восхищение; испытывать изумление. Синоним слова офигеть.,"To be impressed, to experience awe. Synonym ofофигеть."
ru,обассака,to urinate on oneself,самостоятельно мочиться,"Сленговое выражение, обозначающее нечто чрезвычайно смешное, до такой степени, что человек может «обоссаться» от смеха. Иногда пишется как абассака или обоссака. Происходит от глагола обоссаться.","Something outstandingly funny (to the extent that the reader could wet himself), sometimes writtenабассакаorобоссака. Comes fromобоссаться(to wet oneself)."
ru,обдирать,to peel or strip off,снимать или отделять,"Обобрать кого-либо, взять у него деньги или имущество насильственным или обманным путём.",To rob.
ru,обдрочиться,to masturbate thoroughly,тщательно заниматься мастурбацией,"Сленг. Мастурбировать, заниматься онанизмом.","To jerk off, masturbate."
ru,обезьянник,monkey house,Обезьяний дом,Камера в тюрьме с решётками вместо стен; полицейская машина для перевозки подозреваемых или заключённых.,"Jail cell with bars instead of walls, police car for the transport of suspects or inmates (“monkey’s cage”)."
ru,оберблядь,upper whore,верхняя проститутка,"Пренебрежительное сленговое выражение, обозначающее крайнюю степень распущенности, образованное с помощью немецкого приставки ober и слова блядь.","Major whore, slut-puppy. Superlative ofблядьconstructed with the German prefixober."
ru,обидеть,to offend or hurt someone's feelings,оскорбить или задеть чьи-то чувства,Совершить насильственные действия сексуального характера и унизить другого заключённого.,To rape and debase a fellow inmate.
ru,облом,"break off, interruption","прервать, разорвать связь","Неудача, провал, неприятность; иногда используется с суффиксом для усиления значения.","Fiasco, bad luck. Sometimes extended with a suffix toобломинго."
ru,обломиться,to break off,"разорвать, сломать",Совершить ошибку или принять неправильное решение; неудачно выполнить какое-либо дело. Несовершенный вид: обламываться.,"To cock up something, make a wrong decision. Imperfective:обламываться."
ru,обмудок,brain,мозг,Пренебрежительное жаргонное обозначение глупого или раздражающего человека.,"Moron, dickhead."
ru,обнулёныш,reset person,"Сброшенный человек, человек, которого перенастроили или обнулили.","Прозвище, образованное от слова «обнулённый», обозначающее Владимира Путина после внесения в конституцию изменений в 2020 году, которые позволили ему обнулить счётчик предыдущих президентских сроков и оставаться у власти до 2036 года.","Putin, the “nullified one”, since the modification of the constitution 2020 allowing him to govern until 2036 by nullifying the count of past presidential mandates."
ru,обнулить,reset to zero,"сбросить в ноль, вернуть к исходному состоянию","Уничтожить, убить.","To kill, destroy."
ru,обоссать (как два пальца ~),to urinate (like two fingers),"писать, как двумя пальцами","Очень легко, без труда; выражение имеет оттенок детской речи и используется как ответ на вызов. Иногда используется эвфемизм «как два пальца об асфальт».","Easily, without problem — has a bit of a childish note to it (answer to a dare).А это сможешь?(Can you match this?) —Как два пальца обоссать!. Sometimes the euphemismкак два пальца об асфальтis used instead."
ru,обоссать(ся),to urinate,мочеиспускание,"мочиться, описаться","To pee, to wet (oneself)."
ru,обоссаться можно,can urinate oneself,мочь помочиться самостоятельно,"Выражение, означающее, что ситуация очень смешная или комичная, используется с иронией или для усиления комического эффекта.","Literally “you’d wet yourself” — to underscore the comic of a situation, or ironically."
ru,объёб,to have sex,заниматься половым актом,"Мошенничество, обман.","Fraud, scam."
ru,объебать,to thoroughly defeat or overwhelm,полностью победить или подавить,"Обмануть, провести, обхитрить.","To con, to cheat, to trick."
ru,объёбка,overcut,чрезмерное разрезание,"Мошенничество, нечестный бизнес.","Fraud, unfair business."
ru,овца,sheep,"Овца, домашнее животное","Женщина, девушка (разговорное, пренебрежительное обращение).","Woman, girl (sheep)."
ru,овцемобиль,sheep car,овечий автомобиль,"Разговорное название автомобиля, которым управляет женщина.",Car driven by a woman (sheepmobile).
ru,огонь,fire,огонь,"Очень хороший, классный, отличный.","Hot, neat, awesome."
ru,однохуйственно,one dick like,Как пенис,"Равнозначный, одинаково низкого качества.","Equal, of the same poor quality (similar toодинаково)."
ru,околевать,to become numb or stiff,стать онемевшим или жестким,"Очень сильно замерзать, испытывать сильный холод. Совершенный вид: околеть.","To freeze one’s balls off, to be very cold. Perfective:околеть."
ru,олбанский,Olban language,язык орбан,Интернет-сленг с творческим подходом к орфографии.,Internet slang with a creative approach to orthography. Seeалбанский.
ru,опёздол,no standard Chinese meaning; transliteration of a Russian slang word,Транслитерация русского сленга без стандартного китайского значения,"Пренебрежительное обозначение глупого, недалёкого человека.","Idiot, moron."
ru,опизденеть,to become late or delayed,опаздывать или задерживаться,"Испытывать сильное удивление, быть поражённым; см. также охуеть.","To be gobsmacked, amazed. seeохуеть."
ru,орк,orc,зверь человек,"Пренебрежительное прозвище российских солдат, появившееся в 2014 году у украинских военных. Термин вдохновлён негативным образом орков из произведений Толкина. С 2022 года слово вышло за рамки армейского сленга и стало широко использоваться, в том числе официальными лицами.","Russian soldier, derogative nicknamed given in 2014 by Ukrainian soldiers to their opponents, the inspiration comes from the less than positive image associated with orcs in Tolkien’sLord of the rings. In 2022 the term has gone from being army slang to being used widely even by official figures."
ru,остоёбело,to be fed up,чувствовать усталость или раздражение,"Сленговое выражение, обозначающее сильное чувство скуки, раздражения или усталости от чего-либо.",Boring — can be used in the expressionМне это всё остоёбло— “All this is boring me to a major extent”.
ru,остохуеть,to be stunned or shocked,чувствовать шок или удивление,"Раздражаться, уставать от чего-либо или кого-либо.","To tire, get on somebody’s nerves."
ru,отбарабанить,to drum off,бить барабан палочками,заниматься сексом,"To screw, to have sex."
ru,отбарать,to take away,"забирать, отнимать","грубое сленговое выражение, означающее заниматься сексом, часто с оттенком насилия или принуждения","Fuck, rape."
ru,отбуцкать,to kick with a boot,ударить ботинком,"Ударить ногой, пнуть. Неологизм, образованный от английского слова «boots»; в разговорном русском языке «буцы» — это футбольные бутсы.","Kick, hit with the feet. Neologism constructed around the English root “boots” (in colloquial Russianбуцыis a name for football shoes)."
ru,отвали,fall off,упасть вниз,"Грубое выражение, означающее 'уйди', 'отстань'.","Get lost, piss off."
ru,отдрючивать,to whip or beat thoroughly,полностью бичевать или бить,"грубое разговорное выражение, означающее заниматься сексом или сильно изнурять, изматывать кого-либо или что-либо","Fuck, screw;"
ru,отдрючивать,to whip or beat thoroughly,полностью бичевать или бить,"грубое разговорное выражение, означающее заниматься сексом или сильно изнурять, изматывать кого-либо или что-либо","Fuck, screw;"
ru,отдрючить,to whip or beat thoroughly,тщательно бить или избивать,"грубое сленговое выражение, означающее заняться сексом с кем-либо","Fuck, screw."
ru,отдубасить,to beat thoroughly,"тщательно бить, полностью ударять","Сильно избить, нанести побои.",To beat up.
ru,откидываться,to recline or lean back,откидываться назад,умереть,To die.
ru,отлить,to pour off,выливать,"Неформальное выражение, означающее помочиться. Вид несовершенный: отливать.","To take a leak, to piss. Imperfective:отливать."
ru,отмазать,to erase or wipe off,стереть,"Помогать кому-либо, предоставлять алиби или оправдание. Возвратный глагол отмазаться означает, что человек избегает неприятностей самостоятельно, без посторонней помощи. Несовершенный вид: отмазывать.","To help out, provide an alibi, give an excuse. The reflexive verbотмазатьсяimplies that one escapes trouble without external help. Imperfective:отмазывать."
ru,отмазка,excuse or justification,предлог или причина,"Отговорка, оправдание или предлог, используемые для уклонения от ответственности или объяснения своих действий.","Excuse, alibi, pretext."
ru,отморозок,frostbite,"Обморожение, повреждение кожи и тканей из-за холода","Грубый, бесцеремонный человек, часто проявляющий агрессию или неадекватное поведение.","Idiot, jerk."
ru,отмочить,to soak or to wet thoroughly,замачивать или полностью намочить,"Сделать что-то необычное, оригинальное, часто с юмором или неожиданным эффектом.",To do something rather original.
ru,отодрать,to tear off,"оторвать, оторвать","заниматься половым актом, иметь сексуальные отношения","Bang, fuck, screw."
ru,отпиздить,to hit or strike,ударять или стучать,"Ненормативное выражение, означающее сильно избить кого-либо; синоним выражения «дать пизды», но с более сильным оттенком причинения боли; см. также «отмудохать».",To beat up — synonym ofдать пиздыbut also more hurtful to the receiving part; seeотмудохать.
ru,отсасывать,to suck off,"всасывать, втягивать","Совершать оральный секс, сосать (вульгарное выражение). Совершенный вид: отсосать.","To blow, fellate. Perfective:отсосать."
ru,отсос,suck,сосать,"Сленговое обозначение орального секса, при котором мужчина получает стимуляцию полового члена ртом.","Blow job, fellatio."
ru,отсосать,to suck off,"всасывать, втягивать","вульгарное сленговое выражение, означающее оральный секс (минет)",To blow.
ru,оттрахать (обтрахать),to thoroughly rub or scrape,тщательно вытирать или соскребать,"грубое разговорное выражение, означающее заниматься половым актом","Fuck, screw."
ru,отхерачить (охерачить),to hit hard,ударить сильно,Сильно избить кого-либо.,"To beat up, to beat the shit out of someone."
ru,отхуесосить,to suck a penis,сосать член полностью,"Грубое, жаргонное выражение, означающее сильно и резко отругать кого-либо.",To scold;
ru,отхуесосить,to suck a penis,сосать член полностью,"Грубое, жаргонное выражение, означающее сильно и резко отругать кого-либо.",To scold;
ru,отхуячить,to hit hard,сильно ударить,"грубое разговорное выражение, означающее заниматься сексом или сильно ударить кого-либо","To fuck, have sex, screw;"
ru,отхуячить,to hit hard,сильно ударить,"грубое разговорное выражение, означающее заниматься сексом или сильно ударить кого-либо","To fuck, have sex, screw;"
ru,отшить,to sew off,"зашивать, сшивать","Отказать, отвергнуть чьи-либо романтические или любовные попытки, дать понять, что чувства не взаимны.","To rebuff, send packing, reject romantic advances."
ru,отъебать,to beat off,"ударять, отбивать","грубое разговорное выражение, означающее заниматься половым актом","To fuck, have sex ;"
ru,отъебать,to beat off,"ударять, отбивать","грубое разговорное выражение, означающее заниматься половым актом","To fuck, have sex ;"
ru,отъебаться,to have sexual intercourse,заниматься половым актом,"Прекратить надоедать, оставить в покое, не тревожить.","To leave alone, not to disturb."
ru,офигеть,to be stunned,чувствовать шок,Выражать сильное удивление или изумление.,"To be surprised, astounded — seeохуеть."
ru,офисный планктон,office plankton,офисный планктон,"Ироничное название офисных работников, подчёркивающее их незначительную роль, сравнимую с планктоном.","White collar office worker, “office plankton”. Ironical name underlining the minor role of office clercs, comparable to plankton."
ru,оффтоп,off topic,отклонение от темы,"Термин, заимствованный из английского выражения off topic, означающий сообщение или комментарий, не относящийся к теме обсуждения.","Off topic, borrowed from the English expression. Written in Cyrillicоффтопикseems to be a diminutive (with the -икending) and was therefore shortened to a more serious lookingоффтоп."
ru,охренеть,to become numb or stunned,Онеметь или быть потрясённым,"Испытывать сильное удивление, изумление, быть поражённым чем-либо неожиданным.","To be baffled, stunned, surprised."
ru,охуевание,extreme astonishment,крайнее удивление,"Крайнее удивление, изумление.","Unbelievable surprise, astonishment."
ru,охуение,extreme astonishment,крайнее удивление,"Сильное эмоциональное переживание, состояние изумления или потрясения; крайне неадекватное поведение.","Intense emotional experience, gobsmacking feeling, extremely inadequate behaviour."
ru,охуенно,fucking,половой акт (усилительная частица),"Очень хорошо, потрясающе — см. охуительно.","Fucking great, gobsmacking — seeохуительно."
ru,охуенный,extremely strong or powerful,Чрезвычайно сильный или мощный,"Отличный, превосходный, очень хороший.",Fantastic;
ru,охуенный,extremely strong or powerful,Чрезвычайно сильный или мощный,"Отличный, превосходный, очень хороший.",Fantastic;
ru,охуенчик,a strong exclamation expressing surprise or disbelief,сильное восклицание удивления или недоверия,"Разговорное выражение, обозначающее что-то очень хорошее, классное, производное от слова ""охуеть"".","Something neat, awesome, derived fromохуеть."
ru,охуеть,to become stunned or shocked,стать потрясённым или удивлённым,"Резко удивиться или возмутиться, действовать так, что вызывает критику или неодобрение.","To blow the fuses, to act in a way that will draw criticism;"
ru,охуеть,to become stunned or shocked,стать потрясённым или удивлённым,"Резко удивиться или возмутиться, действовать так, что вызывает критику или неодобрение.","To blow the fuses, to act in a way that will draw criticism;"
ru,охуёшка,a strong exclamation expressing surprise or shock,сильное восклицание удивления или шока,"Сленговое выражение, обозначающее нечто изумительное, потрясающее; в зависимости от контекста может иметь как положительную, так и отрицательную окраску.","Something amazing, gobsmacking (depending on the context it can be both positive or negative). Sometimes writtenохуйошка."
ru,охуительно,extremely good,"очень хорошо, крайне положительно","Очень хорошо, чертовски положительно — происходит от слова хуй; употребляется как антоним к слову хуево.","Good, fucking positive — derived fromхуй; used as an antonym toхуево."
ru,охуительный,extremely f***ed,крайне быть управляемым,"Очень хороший, превосходный, великолепный.","Brilliant, magnificent, splendid."
ru,очепятка,typo,опечатка,"Опечатка, ошибка при наборе текста. Слово ""очепятка"" является намеренно искажённым вариантом слова ""опечатка"".","Typing error, misspelling. It is the wordопечатка(misspelling) misspelt on purpose."
ru,очко,point; eye,точка; глаз,Сленговое обозначение ануса.,Anus;
ru,очко (щупать ~),eye,глаз,Сленг: анальное отверстие.,To bugger (“pet the little eye”).
ru,очковать,to wear glasses,"Носить очки, предназначенные для коррекции зрения","Бояться, проявлять трусость.","To be afraid, to chicken."
ru,очковтирательство,polishing glasses,протирать очки,"Обман, мошенничество, вводящее в заблуждение поведение с целью получить выгоду.",Scam.
ru,"падла, падло",corpse,труп,"Грубое оскорбление, означающее подлеца, предателя; буквально — «труп».","Bastard, traitor — literally “corpse”."
ru,палить,to burn,гореть,"Разг. Смотреть, замечать, обращать внимание на что-либо.",To shoot;
ru,палить,to burn,гореть,"Разг. Смотреть, замечать, обращать внимание на что-либо.",To shoot;
ru,палку (вставить ~),insert a stick,вставить палку,"Совершить половой акт, буквально «вставить палку».","To copulate, literally “to insert the stick”."
ru,палку кинуть,throw a stick,бросить палку,"Сленговое выражение, означающее вступить в половой акт.",To copulate (“to throw the stick”).
ru,панель,sidewalk,тротуар,"Место, где уличные проститутки ожидают клиентов. Изначально означает тротуар.",Place where street prostitutes wait for clients. Initially means pavement.
ru,папик,sugar daddy,"сахарный папочка, пожилой и обеспеченный мужчина","Старший преступник в организации, обычно среднего возраста, финансово обеспеченный и с избыточным весом.","Senior criminal in an organisation, usually middle aged, financially secure and overweight."
ru,парашют,parachute,парашют,Презерватив.,Condom (“parachute” in standard Russian).
ru,парить,to steam,"пар, процесс образования водяного пара при нагревании","разговаривать навязчиво, уговаривать","To talk up, to coax (“to steam”)."
ru,париться,to steam oneself,парить себя,"Беспокоиться, тревожиться по какому-либо поводу.",To worry.
ru,паршивый,shabby; miserable,ветхий; жалкий,"Очень плохой, никудышный, отвратительный.","Rotten, very bad."
ru,пасть захлопни,jaw snap shut,сжать подбородок,"Грубое выражение, означающее приказ замолчать.",Shut your mouth.
ru,пати,party,"встреча, собрание","Вечеринка, заимствованное из английского слова.","Party, loaned from the English word."
ru,пахать,to plow,пахать землю,"Работать усердно, прилагать большие усилия.",To work hard.
ru,паяльник,soldering iron,паяльный инструмент,Пренебрежительное или разговорное обозначение мужского полового органа.,"Prick, penis (“soldering iron”)."
ru,педик,pederast,педофил,"Пренебрежительное сленговое обозначение гомосексуального мужчины, уменьшительное от греческого слова παιδεραστής.","Homosexual, diminutive derived from the Greek παιδεραστής."
ru,пелотка,pilotka (a type of military side cap),пилотка (военная фуражка),"Женские половые органы, в переносном значении — женщины в целом. Происходит от слова пилотка.","Female genitalia, by extension women in general. Fromпилотка."
ru,пелотка не бритайа,unshaven side cap,небритая фуражка,"Плохой, неинтересный (буквально «небритая пелотка»).","Bad, uninteresting (lit. “unshaved pussy”)."
ru,пендос,"no standard meaning, transliteration of a foreign word","Не имеет стандартного значения, транслитерация заимствованного слова.","Пренебрежительное разговорное обозначение американца, искажённое от слова «пиндос».","Yankee, American, corruption ofпиндос."
ru,пент,cop,полицейский,Сленговое обозначение полицейского. Игра слов связана с изменением названия органов внутренних дел в России в 2011 году (с милиции на полицию) и шутливым применением этого изменения к сленговому слову мент.,"Cop, policeman. This pun mirrors the change of name of the police in Russia in 2011 (fromмилицияtoполиция) and jokingly applies it to the slang wordмент."
ru,"первак, первач",first distillate,первая дистилляция жидкости,Самогон после первой перегонки.,Moonshine after the first distillation.
ru,первый нах,first fuck,"первый, заниматься сексом","Типичный первый комментарий к любому посту, подчеркивающий, что автор оставил первый комментарий. Вероятно, сокращение от выражения ""первый, нахуй"" (я первый, пошёл ты).","Typical first comment to any post, underscoring that the author is the first. Probably a contraction ofпервый, нахуй(I’m first, screw you)."
ru,пердак,anus,анус,"Жаргонное слово, обозначающее ягодицы.","Arse, butt, bum."
ru,пердёж,the act of releasing gas from the rectum,Отхождение газов из прямой кишки,"Выделение газов из прямой кишки, сопровождающееся звуком и запахом.",Fart.
ru,пердеть,to fart,пустить газ из прямой кишки,"Разговорное выражение, означающее выпускать газы из прямой кишки. Совершенный вид: перднуть.",To fart. Perfective:перднуть.
ru,пердила,farter,пускающий газы человек,"Пренебрежительное сленговое обозначение человека, считающегося глупым, неумелым или раздражающим; также используется в нейтральной форме как пердило.","Farter, dumbass, wanker. Also used in the neutral form asпердило."
ru,пердолёт,fart flyer,пердательный аппарат,"Автомобиль, представляющий собой старую или неисправную машину. Название подразумевает, что основным источником движения этого транспортного средства являются выхлопные газы, хотя иногда оно может использоваться и для других способов передвижения.","Car, rust-bucket. The name implies that farting is the main power of the vehicle, it can sometimes be used for other means of locomotion."
ru,пердун,fart person,"человек, который часто пускает газы","Пренебрежительное прозвище, обозначающее человека, который часто пускает газы; часто используется как общее оскорбление, особенно в сочетании с прилагательным «старый».","Farter. Often used as an general insult, especially in connection with the adjectiveстарый(old fart)."
ru,перепихнуться,to have a quick or casual sexual encounter,совершить быстрый или случайный половой контакт,"Заниматься половым актом, переспать с кем-либо.","To fuck, screw."
ru,перепихон,a quick or casual sexual encounter,однократный быстрый или случайный половой контакт,"Сексуальный акт, половой контакт.","Sex, fuck session."
ru,перепихончик,a small or gentle push,легкий толчок,"Половой акт, секс; уменьшительно-ласкательная форма от слова перепихон.","Intercourse, sex. Diminutive ofперепихон."
ru,переть,to push or to shove,толкать или толкаться,"В молодежном сленге означает испытывать сильное увлечение или интерес к чему-либо. Часто употребляется в пассивной конструкции, например: мне прёт от этого — мне это очень нравится, не прёт — не нравится.","To dig, appreciate. Often used in youth slang in following passive construction:мне (не) прёт от этого(“I totally/don’t dig this”)."
ru,переться,to push oneself,толкать себя,"Идти куда-либо, совершать затруднительное или утомительное путешествие.","To go somewhere, to have a cumbersome journey."
ru,перехуярить,to do something excessively or to an extreme degree,делать что-то чрезмерно или в крайней степени,"Наносить сильный удар, избивать, убивать.","To hit with violence, to beat up, to kill."
ru,песдато,no direct standard meaning,нет прямого стандартного значения,"Хорошо, отлично, замечательно. Искажённое написание слова пиздато.","Good, great, brilliant. Corrupted spelling ofпиздато."
ru,песдец,complete failure,полный провал,"Искажённое написание слова пиздец, обозначающего крайнюю степень негативной ситуации или полный провал.",Deformed spelling ofпиздец.
ru,пеструшка,a small colorful bird,небольшая разноцветная птица,"Пренебрежительное сленговое обозначение гомосексуального мужчины, происходящее из русского жаргона.","Fag, queer. Derogative term from Russian cant."
ru,петрушить,to mince or chop finely,измельчать пищу,"грубое разговорное выражение, означающее заниматься сексом, часто с оттенком насилия или принуждения.","To screw, fuck."
ru,пивас,beer,пиво,"Разговорное название пива, уменьшительно-ласкательная форма слова пиво.","Beer. Derived fromпиво, the diminutive formпивасикis also commonly used."
ru,пидар,no standard meaning,Без стандартного значения,"Альтернативное написание слова пидор, употребляемого в разговорной речи как оскорбление.",Aleternative orthography ofпидор(pooftah).
ru,пидарас,a derogatory term for a homosexual man,уничижительное название для гомосексуальных мужчин,Пренебрежительное сленговое обозначение гомосексуального мужчины.,"Queer, poofter. Seeпидорас."
ru,пидор,a derogatory term for a homosexual man,уничижительное слово для обозначения гомосексуальных мужчин,"Пренебрежительное и оскорбительное сленговое слово, используемое для обозначения гомосексуального мужчины.","Faggot, queer."
ru,пидорас,a derogatory term for a male homosexual,уничижительное название для мужчин-гомосексуалов,"Пренебрежительное сленговое обозначение человека, воспринимаемого говорящим с негативной оценкой, обычно в отношении к его сексуальной ориентации.","Queer, poof, faggot or somebody held in a similar low esteem (from the point of view of the one saying it)."
ru,пидорка,knitted headwear,вязаная головной убор,"Сленговое уничижительное название вязаной головного убора, которое не является ни комплиментом для шапки, ни для человека, который её носит.","Wool headwear, the term is neither flattering for the hat nor for the wearer."
ru,пизда,vagina,влагалище,Грубое сленговое обозначение женских половых органов.,"Cunt, female genitalia. The word stems from proto-indoeuropean*písdeh₂, which gave similar or identic terms in most Slavic and Baltic languages."
ru,пизда,vagina,влагалище,Грубое сленговое обозначение женских половых органов.,"Cunt, female genitalia. The word stems from proto-indoeuropean*písdeh₂, which gave similar or identic terms in most Slavic and Baltic languages."
ru,пизда с ушами,vagina with ears,Влагалище с ушами,"Грубое сленговое выражение, обозначающее женщину с ярко выраженной сексуальностью и умением говорить, буквально «пизда с ушами».",Slut — literally a “pussy with ears”.
ru,пиздабол,female genitalia,женские половые органы,"Человек, который часто лжёт или говорит неправду, обманывает, вводит в заблуждение.","Liar, bullshitter."
ru,пиздабольство,talking nonsense,говорить ерунду,"Грубое, вульгарное обозначение лжи, обмана или пустых разговоров.",Bullshit.
ru,пиздаёб,vagina fucker,влагалище и половой акт (словообразование),"Грубое оскорбление, обозначающее глупого или неприятного человека.",Stupid git. Seeпиздоёб.
ru,пизданутый,covered with a vulva,покрытый лобком,"Ненормальный, сумасшедший, странный человек.","Crazy, loony, weirdo."
ru,пиздануться,to hit or strike,ударять или сталкиваться,"Упасть, удариться обо что-либо.","To fall down, to hit something;"
ru,пиздарики,diminutive form of a vulgar term related to female genitalia,уменьшительно-ласкательное от грубого слова для женских половых органов,"Молодёжное сленговое слово, обозначающее то же, что и грубое выражение пиздец, используется для выражения сильного удивления или раздражения.","Youth slang forпиздец, same meaning."
ru,пиздатый,covered with hair,Покрытый волосами,"Хороший, замечательный, отличный.","Good, amazing (seeраспиздатый)."
ru,пизде (в ~),vagina,"влагалище, часть женских половых органов","Находиться в трудной, безвыходной ситуации.",In a difficult situation.
ru,пиздёж,nonsense talk,бессмысленные слова,"Ложь, неправда, часто употребляемая в разговорной речи.",Lie;
ru,пиздёж,nonsense talk,бессмысленные слова,"Ложь, неправда, часто употребляемая в разговорной речи.",Lie;
ru,пиздёныш,diminutive form of a vulgar term for female genitalia,уменьшительно-ласкательная форма грубого слова (обозначающего женский половой орган),"Молодой глупец, болван.","Young idiot, git."
ru,пиздеть,to talk nonsense,говорить ерунду,"Разговориваться, вести непринуждённую беседу, часто о пустяках.",To small-talk —Пойдём попиздим“let’s chat a bit”;
ru,пиздеть,to talk nonsense,говорить ерунду,"Разговориваться, вести непринуждённую беседу, часто о пустяках.",To small-talk —Пойдём попиздим“let’s chat a bit”;
ru,пиздец,female genitalia,женские половые органы,"Сленговое выражение, обозначающее полный провал, катастрофу или конец чего-либо; также может использоваться в положительном значении для описания чего-то впечатляющего. Значение сильно зависит от контекста. Усиленные варианты: полный пиздец (полный провал), феерический пиздец (эпический провал). Эвфемистические варианты: абзац, капец, песдец, песец, пипец (ппц), трындец.","Fiasco, fail, the end of it all, something neat. The meaning can be heavily altered by the context. Can be further defined asполный пиздец(complete fuck-up) orфеерический пиздец(epic fail). Euphemistical variants:абзац,капец,песдец,песец,пипец (ппц),трындец."
ru,пиздить,to steal,воровать вещи,"бить, наносить удары","To hit, to beat up;"
ru,пиздища,very large or big,очень большой или огромный,"Разговорное, грубое обозначение женских половых органов, превосходная степень от слова пизда.","Quiff, cunt, vagina. Superlative ofпизда."
ru,пиздобол,female genitalia and liar,женские половые органы и лжец,"Человек, который много говорит, часто лжёт или преувеличивает.","Chatter-mouth, bullshitter, liar."
ru,пиздобольство,talking nonsense,говорить бессмысленные слова,"Грубое разговорное выражение, обозначающее ложь, чепуху, бессмысленную болтовню.","Bullshit, nonsense."
ru,пиздовато,somewhat related to a vulgar term for female genitalia,"Грубое слово, связанное с женскими половыми органами","Плохой, отстойный, глупый.","Bad, damned, stupid."
ru,пиздовать,to copulate,половой акт,Уходить или ехать куда-либо. Синонимы: пиздрячить и пиздячить.,"To go, or drive, somewhere. Synonym ofпиздрячитьandпиздячить."
ru,пиздой накрыться,to cover with a vulva,покрывать гениталиями,"сломаться, выйти из строя, перестать функционировать, потерпеть неудачу.","To crash, collapse, fail, cease functioning."
ru,пиздокрыл,vagina wing,крылья влагалища,"Разговорное, жаргонное обозначение самолёта.",Aeroplane. seeпиздолёт.
ru,пиздолиз,a person who licks or sucks,"человек, который лижет или сосёт","Пренебрежительное сленговое выражение, обозначающее человека, который льстит или угождает другим, зачастую с целью получить выгоду.",Cunt-licker.
ru,пиздомания,obsession with the word 'pizda',Одержимость словом «пизда»,"Сексуальная одержимость (у мужчин), навязчивое стремление к половым контактам.","Sexual obsession (for men), “cunt-mania”."
ru,пиздорванка,no standard meaning; literal word-by-word translation is 'pizdo-rvanka',пиздо-рванка – без стандартного значения; буквальный перевод слова.,"Женская форма слова пиздорванец, обозначающего грубую или неопрятную девушку.",Female form ofпиздорванец.
ru,пиздострадалец,male person suffering,"мужчина, испытывающий боль","Человек мужского пола, испытывающий болезненные страдания из-за любви к женщине, которая его презирает и манипулирует им.","Sad fuck, idiot in love with a female that despises and manipulates him."
ru,пиздохать,to make a mess or ruin something,испортить или разрушить что-либо,"Бить, наносить удары; избивать.","To hit, beat up;"
ru,пиздохать,to make a mess or ruin something,испортить или разрушить что-либо,"Бить, наносить удары; избивать.","To hit, beat up;"
ru,пиздошить,to hit or break,ударять или ломать,"бить, ломать","To hit, to break;"
ru,пиздошить,to hit or break,ударять или ломать,"бить, ломать","To hit, to break;"
ru,пиздрячить,to beat or to hit repeatedly,повторяющееся ударение или стук,"Уходить далеко, предпринимать трудное или утомительное путешествие; синонимы — пиздовать и пиздячить.","To go far away, to undertake a burdensome journey. Synonym ofпиздоватьandпиздячить."
ru,пизду (во ~),vagina,влагалище,"Выражение, означающее пренебрежение или отказ от чего-либо, аналогичное фразе ""к чёрту"", но с менее грубым оттенком из-за изменённого ударения.","To hell, asв пизду, but the modified accentuation makes it a bit less offensive."
ru,пиздуй,go away,Уходи,"Уходи, убирайся.",Move it!
ru,пиздун,a person who talks a lot,болтун,"Человек, который часто шутит, лжёт или обещает многое, но не выполняет своих обещаний или поступает противоположным образом.","Joker, liar."
ru,пизды (дать ~),female genitalia,женские половые органы,"наносить кому-либо побои, избивать",To beat up somebody.
ru,пизды (с ~ сорваться),female genitalia,женские половые органы,"Внезапно появиться или неожиданно стать агрессивным (неожиданное развитие событий, вероятно связанное с насилием). Вероятно, искажённое выражение «с цепи сорваться».","To turn up unexpected, suddenly or to become suddenly aggressive (unexpected turn of events likely to involve violence). Probably a deformation ofс цепи сорваться."
ru,пиздюк,young child,молодой ребёнок,"Грубое разговорное слово, обозначающее маленького, часто раздражающего или вызывающего ребёнка.",Bastard. This is the word Russians refer to when they use the English expression “peace Duke”;
ru,пиздюк,young child,молодой ребёнок,"Грубое разговорное слово, обозначающее маленького, часто раздражающего или вызывающего ребёнка.",Bastard. This is the word Russians refer to when they use the English expression “peace Duke”;
ru,пиздюли,little pussy cats,котёнок,"Наказания, избиение.","Punishments, beating."
ru,пиздюлина,a small beating,Небольшой удар,"Нечто незначительное, малозначимое.",Something of small importance. Could be loosely translated as “something out of the pussy”.
ru,пиздюрить,to hit repeatedly,повторяющееся ударение,"Двигаться, делать что-либо.","To move, to do something."
ru,пиздюхать,to hit repeatedly,повторять удары,"двигаться, делать что-либо","To move, to do something."
ru,пиздюшонок,diminutive form of a vulgar term for a boy or young man,мальчик (уменьшительно-ласкательное),"Мальчик, парень (множественное число: пиздюшата), см. пиздюк.","Lad, kid (plural:пиздюшата), seeпиздюк."
ru,пиздячить,to chatter or talk incessantly,болтать без остановки,"Бить, избивать.","To hit, beat up;"
ru,пиздячить,to chatter or talk incessantly,болтать без остановки,"Бить, избивать.","To hit, beat up;"
ru,пилить,to saw,"пила, инструмент для распиливания предметов",Раздражающе постоянно упрекать или надоедать кому-либо.,"To nag, pester (“to saw”);"
ru,пиндос,Pontus,Понт — древнегреческое название региона у Чёрного моря,"Пренебрежительное сленговое обозначение американца, гражданина США. Слово происходит от греческого Πόντος (Понт) и изначально было уничижительным прозвищем греков Черноморского региона. В армейском сленге утратило национальный оттенок и в конце 1990-х годов использовалось российскими миротворцами в бывшей Югославии для обозначения американских солдат. Позже слово приобрело общее сленговое значение. США в таком контексте иногда называют Пиндостаном.","Yank, American, citizen of the USA. The word derives from Greek Πόντος (Pontus) and was a derogative nickname for the Black Sea Greeks, it lost its national content when passing into army slang and in the late 1990s was used by Russian blue helmets in former Yugoslavia when referring to American soldiers. It then was adopted with that meaning as common slang. The USA can be called accordinglyПиндостан."
ru,Пиндосия,no standard meaning; transliteration of a derogatory term,Без стандартного значения; транслитерация уничижительного слова,"Пренебрежительное прозвище Соединённых Штатов Америки, происходящее от слова «пиндос».","Unflattering name for the US of A, stems fromпиндос."
ru,Пиндостан,United States of America,Соединённые Штаты Америки,"Пренебрежительное название Соединённых Штатов Америки, образованное от слова пиндос.","Pejorative name for the United States of America, derived fromпиндос."
ru,пирожок,pie,пирожок с начинкой,В просторечии женские половые органы; в литературном русском языке — пирог.,"Pussy, cunt. In standard Russian “pie”."
ru,пистолет,pistol,пистолет,"Разговорное, вульгарное обозначение мужского полового органа.","Wang, prick, cock, penis (“pistol”)."
ru,пиструшня,a small or insignificant thing,маленькая или незначительная вещь,"Событие или предмет, имеющий незначительное значение.",Event or thing of little importance.
ru,писька,small pipe,маленькая трубка,Разговорное детское название половых органов (мужских и женских). Уменьшительная форма: пиписька.,"Genitalia (male and female, infantile language). Diminutive form:Пиписька."
ru,писюлёк,diminutive form of 'penis',уменьшенная форма полового члена,Разговорное обозначение маленького полового члена.,"Weenie, small penis."
ru,писюн,a small penis,маленький мужской половой орган,"Разговорное, жаргонное слово, обозначающее мужской половой орган.","Dick, willie."
ru,пися,peepee,мочеиспускательный канал,Детское разговорное слово для обозначения половых органов.,"Pee-pee, wee-wee, childish term for genitalia."
ru,пихать (пихаться),to push,прилагать усилия,"заниматься сексом (разг., вульг.)","To fuck, have sex, screw. Perfective:пихнуть."
ru,плакалъ,cried,плакал,"«Плакалъ» — разговорное выражение, означающее «я смеялся до слёз». Написание с твёрдым знаком в конце стилизовано под дореволюционную орфографию и может использоваться для передачи забавного иностранного акцента. В современной орфографии правильно писать «плакал».",“(I) cried” — meaning I laughed to tears. Here the deformation is a return to pre-revolution spelling with a finalъ(apparently this is also used to convey the impression of a funny sounding foreign accent). Current orthography should beПлакал.
ru,план,plan,план,"Сленговое обозначение марихуаны, конопли.","Pot, weed."
ru,плюшка,bun,маленькая круглая булочка,Неприятное событие.,Unpleasing event.
ru,пнх,no standard meaning,Без стандартного значения,"Сокращение от грубого выражения, означающего грубое отталкивание или отказ.",Abbreviation ofпошёл нахуй.
ru,победобесие,victory madness,безумие победы,"Навязчивая одержимость культом Победы в Великой Отечественной войне. Пренебрежительный термин, обозначающий тенденцию идеализировать победу, начиная с 2005 года, со стороны режима, не принимавшего участия в этой победе, но стремящегося приписать себе её славу.",Obsession with the cult of the victory in the Great Patriotic War. A derogatory term describing a tendency to idealize the victory since 2005 by a regime that took no part in said victory but seeks to adorn itself with its glory.
ru,подрочить,to do a quick stroke,быстрое поглаживание,"Совершить мастурбацию, заниматься онанизмом.","To jerk off, masturbate."
ru,подстава,setup,"устанавливать, организовывать","Мошенничество, основанное на намеренном создании неудобной ситуации для жертвы (например, инсценировка аварии, в которой жертва кажется виновной).",Racket relying on putting the victim in an uncomfortable situation on purpose (such as a deliberate car crash in which he appears to be guilty).
ru,подъёбка,to lift up,"поднимать, повышать","шутливое поддразнивание, насмешка","Tease, joke;"
ru,подъёбщик,a person who lifts or raises,поднимающий человек,"Человек, который постоянно шутит, подшучивает или насмехается над другими, часто в ироничной или язвительной форме.","Joker, clown."
ru,поебать,to have sex,заниматься половым актом,"Грубое сленговое выражение, означающее безразличие или пренебрежение к чему-либо; также используется в значении «заниматься сексом» в разговорной речи.",To have sex;
ru,поебать,to have sex,заниматься половым актом,"Грубое сленговое выражение, означающее безразличие или пренебрежение к чему-либо; также используется в значении «заниматься сексом» в разговорной речи.",To have sex;
ru,поебаться,to fuck each other,поебаться — совершать половой акт.,Заниматься сексом.,To have sex.
ru,поебень,something related to sexual intercourse,Связанный с половым актом,"Что-то незначительное, не имеющее ценности или важности.","Something worthless, of little importance — seeпиздюлина."
ru,поебон,no standard Chinese meaning,нет стандартного китайского значения,"Сленговое выражение, обозначающее половой акт, секс.","Intercourse, sex."
ru,поеботина,no literal meaning,без буквального значения,"Бессмысленная, пустая, некачественная или банальная вещь, ерунда.","Nonsense, bullshit."
ru,поёбушка,"a diminutive form of the Russian verb 'поёбать', meaning 'to have sex with'","поёбать — уменьшительно-ласкательная форма глагола, означающая ""заниматься сексом с кем-то""","слэнг: сексуальный партнёр, постоянная девушка или любовница.","Fuck-friend, usual sexual partner, girlfriend, shag."
ru,пожар,fire,огонь,"Сленговое выражение, означающее что-то очень классное, замечательное. Происходит от слова огонь.","Cool, brilliant. Derived fromогонь."
ru,поймать на кончик,catch on the tip,ловить на кончике,Заразиться венерическим заболеванием; буквально «поймать что-то на кончике».,To catch a STD — literally “to catch something on the little end”
ru,поллитра,half liter,"пол-литра, единица объема, обозначающая половину литра",Бутылка водки стандартного объёма пол-литра.,"A bottle of vodka, the standard half-litre bottle."
ru,полтинник,fifty,цифра пятьдесят,"Сленговое обозначение денежной суммы пятьдесят, может означать как пятьдесят рублей, так и пятьдесят копеек в зависимости от контекста.",Fifty (monetary unit). Can mean both fifty roubles or kopecks depending on the context.
ru,полтос,halibut,"камбала, крупная морская рыба","Разговорное обозначение пятидесяти рублей, иногда используется для обозначения пятидесяти единиц чего-либо. См. полтинник. Иногда пишется как палтус, полтас.","50 roubles, sometimes simply fifty units of anything. Seeполтинник. Sometimes writtenпалтус, полтас."
ru,полтяха,half a hundred,половина сотни,Разговорное обозначение суммы в 50 рублей.,50 roubles. Seeполтинник.
ru,Поляндия,Poland,Польша,"Ироничное название Польши, образованное от английского топонима.","Poland, ironical name derived from the English toponym."
ru,попа,buttocks,ягодицы,"Разговорное детское слово, обозначающее ягодицы, заднюю часть тела. Уменьшительные формы: попка, попочка.","Butt, backside (childish language). Diminutive forms:попка, попочка."
ru,попадалово,a trap or a predicament,ловушка или затруднительное положение,"Сложная ситуация, в которую человек попал из-за собственных ошибок или внешних обстоятельств.",Difficult situation in which either own mistakes or external situation got oneself into.
ru,попиздеть,to chatter or babble,болтать без умолку,"Разговорно: поговорить, обсудить что-либо, поболтать.","To talk over, to discuss (mutation ofпоговорить)."
ru,порево,pornographic material,порнографические материалы,"Разговорное, жаргонное обозначение порнографических материалов, фильмов с откровенными сценами; слово может быть искажением для обхода автоматических фильтров или заимствованием из воровского жаргона.","Porn, pr0n, skin flicks. Wilful deformation to avoid automated filters or loan word from thieves’ Latin (the word means “girl of light virtue” in it)."
ru,порнуха,pornography,порнографический контент,"Развлекательный контент сексуального характера, обычно в виде видео или изображений.",Porn.
ru,портвешок,small port wine bottle,маленькая бутылка портвейна,"Портвейн. Обычно не настоящий португальский, а креплёное вино, произведённое в России.",Port (wine). Usually not the real Portuguese stuff but a fortified wine produced in Russia.
ru,посрать (сводить ~),to defecate,дефекация,Потерять или повредить что-либо — переходный глагол.,To lose or damage something — transitive.
ru,пофиг,does not matter,неважный,Выражение полного безразличия или отсутствия интереса к чему-либо.,Don’t give a shit. Seeпо фиг.
ru,пофигист,someone who does not care,"человек, которому всё равно","Нигилист, человек с равнодушным отношением к происходящему. Женская форма: пофигистка.","Nihilist, individual of an indifferent turn of mind. Female variant:пофигистка."
ru,пох,no standard meaning,Без стандартного значения,"сленговое выражение, сокращённая форма слова похуй, означающее безразличие или отсутствие заботы о чём-либо.","Don’t give a fuck, short forпохуй."
ru,похабщина,obscenity,непристойные слова,"Грубая, непристойная речь, ругательства, брань.","Filthy language, cursing, swears."
ru,похуй,literally means 'ass' or 'anus',"задница, анус","Выражение полного безразличия, означающее, что что-либо не вызывает никакого интереса или заботы.","Don’t give a damn, can’t be bothered. Expression of utter indifference."
ru,похуизм,complete indifference,полное безразличие,"Полное безразличие, равнодушие к происходящему.",Absolute indifference.
ru,похуист,indifferent person,"человек, равнодушный к окружающему","Нигилист, человек с равнодушным, безразличным отношением к происходящему.","Nihilist, individual of an indifferent turn of mind."
ru,похуистически,in a careless or indifferent manner,"небрежно, безразлично","наречие, обозначающее безразличное, пренебрежительное отношение, равнодушно, без заботы.","indifferently, with disregard, uncaringly, adverb derived fromпохуй."
ru,поц,male reproductive organ,мужской половой орган,"Сленговое слово, обозначающее мужской половой орган; заимствовано из идиша פּוץ, означающего 'член'.","Prick, penis. Loaned from Yiddish פּוץ (= dick, cock), just as Americanputz."
ru,поцреод,pretending patriot,притворный патриот,"Притворяющийся патриотом России человек, обычно имеющий иностранное гражданство и недвижимость за границей. Термин используется российскими ультраправыми для уничижительного обозначения евреев в государственных структурах и лиц, приравниваемых к ним.","Pretend patriot of Russia, usually with foreign citizenship and realty. Used by the Russian far right to disparage Jews in the apparatus and anybody equated to them (cf.поц). Also spelltпоцреот, потцреот, потцреод."
ru,почпокаться,to poke or prod,"тыкать, колоть","Разговорное выражение, означающее заняться сексом.","To screw, to fuck."
ru,пошмариться,to have a nightmare,видеть плохой сон,"Грубое сленговое выражение, означающее заниматься половым актом. Также используется в переносном значении.",To fuck. Also used figuratively.
ru,превед,hello,"привет, слово для приветствия","Искажённое приветствие «привет», являющееся ключевым словом русского интернет-сленга, известного как язык падонков (где «подонок» означает «негодяй», но используется иронично и положительно). Характеризуется искажённой орфографией и употребляется молодёжью на форумах. Термин «превед» происходит от акварели Джона Люри «Bear Surprise», на которой бурый медведь кричит «surprise» паре, занимающейся сексом в лесу. Русский перевод стал очень популярным, и медведь стал символом этого сленга. Фраза «превед медвед» широко распространена и служит приветствием между носителями этого жаргона. Соответствующие смайлики, символизирующие медведя: Y, \o/.","Deformation of привет (“hi”) and most prominent word of the Russian internet slang known asязык падонков(подонокmeaning scumbag, but being used in an ironical but positive way). It is characterised by a deformed orthography and used by youths on forums. The termпреведis taken from a watercolour work by John Lurie (Bear Surprise) in which a brown bear shouts “surprise” at a couple having intercourse in the wild. The Russian translation gained huge popularity and the bear is now the icon of this slang. The sentenceпревед медведis rather popular and a greeting between speakers/writers of the jargon. The corresponding smileys, symbolising the bear, are: Y, \o/."
ru,презик,condom,презерватив,Презерватив.,Condom.
ru,прибор,"instrument, cutlery","инструмент, столовые приборы","Разговорное обозначение мужских половых органов, в частности пениса и яичек; буквально «инструмент, столовые приборы».","Tool, three pieces set, penis and testicles — literally “the tool, the cutlery”."
ru,придурок,foolish person,глупый человек,"Глупый, недалекий человек.","Idiot, stupid."
ru,прикид,estimate; guess; disguise,Оценка; предположение; маскировка,"Одежда, внешний вид, наряд.","Clothing, look."
ru,прикол,a pin or a clip,Булавка или зажим,"Шутка, что-то забавное или необычное, вызывающее смех.","Joke, something funny or amusingly odd."
ru,приколхозить,to attach or fix something,прикреплять,"Прикрепить или установить что-либо быстро и дешево, не соблюдая правильную технологию.","Affix something cheaply, fast rahter than properly."
ru,припиздить,to steal or take something secretly,Тихо взять или украсть что-то.,"Прийти, прибыть куда-либо.","To arrive, to come."
ru,приссать,to urinate on,мочиться на что-то,"Разг. Испугаться, обмочиться от страха; см. также заssать.","To frighten, means “to wet oneself”, seeзассать."
ru,пристибаться,to fasten or attach,фиксировать или соединять,"Надоедать, докучать, раздражать постоянными придирками или замечаниями.","To nag, to get on the nerves."
ru,прифигеть,to become stunned,потрясённый,"Выражать сильное удивление, изумление.","To be astonished, surprised. See alsoофигеть."
ru,прихуеть,to become stunned or speechless,"Остолбенеть, потерять дар речи","Испытывать сильное удивление или шок, быть поражённым до состояния немоты.","To be astonished, dumbfounded."
ru,прихуярить,to hit or strike forcefully,сильно ударять или толкать,"Прикрепить, закрепить что-либо на чем-либо.","To attach, to secure to something;"
ru,пришмандовка,a small or insignificant thing,маленькая или незначительная вещь,"Пренебрежительное жаргонное обозначение женщины, воспринимаемой как распущенная или легкомысленная.","Whore, slag, slut."
ru,проблядь,prostitute,проститутка,"Пренебрежительное обозначение женщины, считающейся крайне распущенной или занимающейся проституцией; превосходная степень от слова блядь.","Slut, whore. Superlative ofблядь."
ru,провафлить,to let something pass by,пропустить что-то мимо себя,"Упустить возможность, не воспользоваться шансом.","To miss out on something, to waste a chance."
ru,проёб,to lose or miss something,потерять или пропустить что-то,"Грубая ошибка, провал, неудача.","Fuck-up, screw-up."
ru,проебать,to lose or waste something,потерять или растратить что-либо,"Потерять, упустить, пропустить, потратить впустую.","To lose, to waste, to miss. Seeпросрать."
ru,проебаться,to lose oneself,потерять себя,"Совершить серьёзную ошибку, провалиться, потеряться.","To screw up, to fuck up, to get lost."
ru,промудоблядская пиздопроебина,No standard Chinese meaning; Russian vulgar phrase,Нет стандартного китайского значения; русская грубая фраза,"Очень оскорбительное выражение, не несущие значимого содержания. Многократное использование грубых слов делает его вульгарным.",Highly offensive expression with little meaningful content. The multiple use of rude terms makes it vulgar.
ru,пропагандон,propaganda person,пропагандист,"Журналист, активно распространяющий официальную пропаганду, часто с негативной коннотацией; слово образовано сочетанием «пропаганда» и грубого жаргонного термина.",Journalist pushing the official propaganda. Creation combiningпропагандаandгандон.
ru,пропердолить,to hit hard or strike forcefully,сильно ударять или резко сталкиваться,"грубое сленговое выражение, означающее заняться сексом, как в прямом, так и в переносном смысле.","To fuck, both literally and figuratively."
ru,пропиздить,to steal by talking,воровать словами,"Разговаривать, болтать.","Chatter, talk."
ru,просадить,to cause to sag or drop,опускать,"Тратить деньги впустую, без пользы или цели.",To waste money.
ru,просрать,to lose by defecating,потерять через дефекацию,"Совершить неудачу, потерпеть поражение, упустить что-либо вследствие неумения или небрежности.",To lose.
ru,профура,"waste, squander","тратить впустую, расточать",Уличная проститутка. Слово происходит из одесского сленга.,Street prostitute. The word comes from the slang of Odessa.
ru,прошкандыбать,to limp or move with difficulty,Шататься или двигаться с трудом,"Идти с трудом, медленно и неуклюже.",To walk with difficulty.
ru,прошляпить,to let slip,"пропустить, упустить","Пропустить, не заметить или опоздать на что-либо.","To miss, to be late."
ru,пукать,to fart,выпускать газ из ануса,Испускать газ из прямой кишки с характерным звуком и запахом.,To fart.
ru,пургу мести,to sweep snow,метла для подметания снега,Говорить ложь без стыда и угрызений совести.,To lie shamelessly.
ru,путинг,Putin meeting,"Путинская встреча, собрание, названное в честь Путина","Встреча, организованная в поддержку Владимира Путина, ироническое название, данное противниками. Аналогично слову «пехтинг», образованному от фамилии депутата Госдумы, возглавлявшего комитет по этике и вынужденного уйти в отставку после раскрытия информации о незадекларированной недвижимости во Флориде в начале 2013 года.","Meeting organised in support of Vladimir Putin. Ironical name given by opponents. In the same way the wordпехтингwas created (meaning more or less shaming), based upon the surname of a state duma deputy heading the ethics committee forced to step down after news of his undeclared Florida real estate was leaked in early 2013."
ru,путинферштеер,Putin understander,Путин понимающий человек,"Западный политик, проявляющий чрезмерное сочувствие или понимание в отношении Владимира Путина; заимствованное из немецкого слово Putinversteher, обычно употребляется в уничижительном смысле.","Western politician with too much empathy for Vladimir Putin. Transliteration of GermanPutinversteher(person understanding Putin), usually used in a derogatory sense."
ru,путлер,Putin + Hitler,Путин + Гитлер,"Оскорбительное искажённое прозвище, образованное от фамилии Путина с отсылкой к Гитлеру. Иногда используется в расширенной форме Владольф Путлер.","Insulting deformation of Putin’s last name, alluding to Hitler. Sometimes expanded toВладольф Путлер."
ru,пушка,cannon,пушка,"Оружие, в частности огнестрельное.",Gun.
ru,пшек,wheat grain,зерно пшеницы,Пренебрежительное разговорное название поляков.,"Pole, condescending name for persons from Poland."
ru,пьянка,drinking party,пьянка,"Вечеринка с употреблением алкоголя, обычно в неформальной обстановке; в офисной среде может называться корпоративом или корпоративной вечеринкой.","Party, drinking session. In office terms it can be calledкорпоративorкорпоративная вечеринка."
ru,пятифан,five fan,"цифра пять и единица ""fan""",Разговорное обозначение суммы в пятьсот рублей. Иногда используется для обозначения пяти или пяти тысяч рублей. Также встречается написание пятифон.,Five hundred roubles. Sometimes used for five or five thousand roubles. Also writtenпятифон.
ru,пятихат,five hundred,цифра пятьсот,"Разговорное обозначение суммы в 500 рублей. В некоторых регионах также используется форма пятикат, связанная с прозвищем для 100 рублей — катя.","500 roubles. Regionally alsoпятикат, referring to the nickname for hundred roublesкатя."
ru,пяточка,heel of a shoe,задник обуви,"Небольшая часть самокрутки или сигареты с наркотическим веществом, обычно её конец или «пятка».","Short joint, little spliff, butt of a cigarette containing drugs."
ru,разборка,disassembly,"разборка, процесс разъединения объекта","столкновение, перестрелка, драка","Showdown, shoot-out, fight."
ru,разводить,to separate or to part ways,разделять или отделять,"Обманывать, мошенничать, вводить в заблуждение с целью получить выгоду. Совершенный вид: развести.","To cheat, to con. Perfective:развести."
ru,раздолбай,scatterbrain,рассеянный человек,"Пренебрежительное обращение к человеку, характеризующемуся глупостью, некомпетентностью или неосторожностью.","Dumbass, retard, idiot."
ru,раздолбать,to break apart,разделять или ломать что-либо,"Разрушить, испортить, привести в негодность.","Fuck up, destroy."
ru,разъебай,to scatter or break apart,рассеивать или разбивать,"Бесполезный человек, ни на что не годный.","Useless git, do no good"
ru,разъебай,to scatter or break apart,рассеивать или разбивать,"Бесполезный человек, ни на что не годный.","Useless git, do no good"
ru,разъебайство,to break apart carelessly,неосторожно сломать или разобрать,"Ненадёжность, безответственность, пренебрежение правилами.","Unreliability, irresponsibility, disregard for rules."
ru,разъёбанный,broken apart,разбиваться на части,"Хаотичный, плохо организованный, испорченный, изношенный.","Chaotic, poorly organised, fucked-up, worn-out."
ru,разъебать,to break apart,разделять или ломать что-либо,"грубо испортить, разрушить, уничтожить","To fuck up, ruin, destroy."
ru,разъебаться,to break apart,"разделять, разбивать","Разобраться с кем-либо, уладить счёты; также означает стать спокойным, утихнуть.","To settle the score, to become quit;"
ru,разъебаться,to break apart,"разделять, разбивать","Разобраться с кем-либо, уладить счёты; также означает стать спокойным, утихнуть.","To settle the score, to become quit;"
ru,разъебон,to break apart,"разделять, ломать","Ссора, скандал, ругань.","Scolding, scandal."
ru,раковая шейка,cancerous cervix,рак шейки матки,Сленговое название полицейской машины.,Police car (“crayfish tail”).
ru,раком (встать ~),to stand on all fours,стоять на четвереньках,"Занять позу на четвереньках, обычно в контексте полового акта.","To take the doggy-style position, i.e."
ru,раком (встать ~),to stand on all fours,стоять на четвереньках,"Занять позу на четвереньках, обычно в контексте полового акта.","To take the doggy-style position, i.e."
ru,раком (встать ~),to stand on all fours,стоять на четвереньках,"Занять позу на четвереньках, обычно в контексте полового акта.","To take the doggy-style position, i.e."
ru,распиздатый,spread out thoroughly,полностью развернуть или распространить,"Очень хороший, отличный (см. пиздатый).","Very good, well (seeпиздатый)."
ru,распиздон,disorderly situation,"беспорядочная ситуация, состояние хаоса или беспорядка","Грубая или резкая ругань, выговор.",Scolding.
ru,распиздошить,to scatter or disperse,рассеиваться или разбрасываться,"Разг. сильно избить, уничтожить.","To beat up, to destroy."
ru,распиздяйка,scatterbrain woman,рассеянная женщина,"Женский вариант слова «распиздяй», обозначающий человека легкомысленного, рассеянного, небрежного в делах.","Donogooder, airhead. Female counterpart ofраспиздяй."
ru,распиздяйство,carelessness or negligence,небрежность или оплошность,"Состояние хаоса, беспорядка и анархии.","Chaos, anarchic situation."
ru,расхуюжить,to scatter or disperse,рассыпаться или разойтись,"Разрушить, сломать, привести в негодность.","To destroy, to demolish."
ru,Раша,Russia,Россия,"Разговорное название России, представляющее собой кириллическую транскрипцию английского слова Russia. Термин получил широкое распространение благодаря популярному телешоу «Наша Раша», являющемуся клоном британской программы Little Britain.","Russia, cyrillic transcript of the English word Russia. The term became more widely known and used through theLittle BritaincloneНаша Раша."
ru,Рашастан,Russia + -stan (a suffix used for country names),Россия + -стан (суффикс для названий стран),"Пренебрежительное название России, образованное от слова «раша» и суффикса «-стан», характерного для стран Центральной Азии.","Russia, depreciating name composed ofрашаand the-stansuffix typical of central Asian countries."
ru,рашист,Russian fascist,Российский фашист,"Русский, поддерживающий войну против Украины, или русский солдат, участвующий в ней. Слово, преимущественно используемое в Украине, образовано сочетанием слов Россия (транслитерированное как раша) и фашист.","Russian supporting the war against Ukraine, or Russian soldier taking part in it. The word, used mostly in Ukraine, combinesRussia(translitterated asраша) andfascist."
ru,рвануть,to tear or rip,рвать или разрывать,Отправиться или поехать очень быстро.,To set off very fast.
ru,рвануть очко,to tear the anus,разрывать анус,"Совершить анальный половой акт, обычно с насилием или без согласия партнёра.",To rape the backside.
ru,редиска,radish,"Редис, корнеплодное овощное растение","Неприятный, плохой человек.",Bad person;
ru,редиска,radish,"Редис, корнеплодное овощное растение","Неприятный, плохой человек.",Bad person;
ru,ржака,rust,ржавчина,"что-то смешное, вызывающее смех.",Something funny.
ru,ржать,neigh (the sound made by a horse),ржание лошади,"Говоря о смехе, использовать слово, которое буквально означает «ржать», как звук, издаваемый лошадью.",To laugh (“to neigh”).
ru,ржунимагу,I laugh cannot,я смеюсь не могу,"Выражение, обозначающее сильное весёлое восхищение или смех, образованное от фразы «ржу — не могу».","Sign of amused appreciation, deformation ofржу — не могу(I cannot stop myself from laughing)."
ru,родки,birthmarks,родимое пятно,Родители.,Parents.
ru,рожа,face,"лицо, обозначающее человеческое лицо","Лицо, обычно с негативной или пренебрежительной коннотацией.","Mug, face."
ru,розовая,rose,роза,Женщина-гомосексуалка; буквально «роза».,Lesbian. Literally “rose”.
ru,рулить,to steer or drive a vehicle,управлять транспортным средством,"Разговорное выражение, означающее «быть лучшим», «доминировать». Обычно используется в форме третьего лица единственного числа с английским окончанием (например, аффтар рулз) или во множественном числе с русским глаголом (например, падонки рулят). Также в стандартном русском языке глагол «рулить» означает «управлять транспортным средством» или «катить» (например, самолет на взлетно-посадочной полосе).","To rule (from English), to be the best. Usually the verb is used in its English form for the third person singular (аффтар рулз) but in Russian for plural (падонки рулят). The verb рулить exists in standard Russian and means “to taxi” (e.g. a plane on the runway)."
ru,русак,Russian person,русский человек,"Разговорное слово, образованное от слова русский по аналогии с польским словом поляк, обозначающее русского человека.","Russkie, Russian, deformation ofрусскийfollowing the model of, e.g.,поляк(Pole). Also writtenруссак."
ru,руссак,Russian person,русский человек,Разговорное название русских людей.,"Russian, seeрусак."
ru,рыгаловка,a place for vomiting,рвотное место,"Неблагоустроенный, захудалый бар или паб, часто посещаемый людьми, желающими выпить и устроить драку.","Run down pub, lousy bar."
ru,рыло,snout or muzzle,нос и рот животного,"Лицо, физиономия.","Snout, face."
ru,ряха,face,"лицо, означающее человеческое лицо","Лицо, обычно в разговорной или жаргонной речи.",Face.
ru,самотык,self-made device,самодельное устройство,"Предмет в форме фаллоимитатора, используемый для сексуального удовлетворения.",Dildo.
ru,санжировать,to bandage or dress a wound,перевязывать рану,"Мастурбировать, заниматься онанизмом.","To jerk off, masturbate."
ru,сачковать,to slack off,"лениться, не работать и не учиться серьёзно","Прогуливать занятия, не посещать уроки без уважительной причины.",To skip class.
ru,сваливать,"to pile up, to dump","складывать, сваливать","Уйти незаметно, скрыться, покинуть место без предупреждения.","To take the French leave, to go away."
ru,свалить (смотаться),to fall down; to collapse,падать; рушиться,Уйти или быстро покинуть какое-либо место.,To get away from somewhere.
ru,сверхурочница,woman working overtime,"женщина, работающая сверхурочно","Женщина, занимающаяся проституцией, при этом замужняя; буквально «женщина, работающая сверхурочно».","Married prostitute, literally “woman working overtime”."
ru,свисток,whistle,"свисток, инструмент для издания свистка","Губы, буквально «свисток». Обычно женские губы, которые красят помадой.","Lips, litterally “the whistle”. Usually female lips that are being “painted” (накрасить свисток)."
ru,сгондобить,"to assemble, to make, to craft something","собирать, изготавливать вручную","собрать, сделать, смастерить что-либо","To put together, produce."
ru,секас,sex,"Пол, означающий репродуктивное поведение организма",Разговорное и искажённое слово «секс».,"Sex, deformation of the wordсекс."
ru,секретутка,secretary,"секретарь, ответственный за офисную документацию и административную работу","Молодая и привлекательная секретарша, которая, помимо своих служебных обязанностей, предоставляет начальнику интимные услуги. Слово образовано сочетанием «секретарша» и «проститутка».",Usually pretty and young secretary that is supposed to provide more than coffee to her boss. Mixture ofсекретаршаandпроститутка.
ru,сиги,cigarettes,"Сигарета, табачное изделие","Сигареты, разговорное сокращение от слова сигареты. Уменьшительно-ласкательная форма — сижка.","Cigarette, apocope ofсигареты. Diminutive:сижка."
ru,сидюк,compact disc,плотный диск,Компакт-диск.,Compact disc;
ru,сидюк,compact disc,плотный диск,Компакт-диск.,Compact disc;
ru,сикушка,small water container,маленький водный сосуд,Молодая девушка.,Young girl.
ru,синеглазка,blue-eyed girl,Девушка с голубыми глазами,"Разговорное название полицейской машины, связанное с синими проблесковыми маячками.",Police car (“blue eyes”).
ru,синька,blue ink,синяя чернила,Разговорное название водки.,Vodka (“blue”).
ru,синюха,methylene blue,"Метиленовый синий, химический краситель","В просторечии, алкоголь, особенно водка; не путать с метиленовым синим.",Vodka (“blue”).
ru,сисечки,small breasts,маленькая грудь,"Небольшая грудь, упругая и подтянутая.","Small tits, perky breasts."
ru,сися,breast,грудь,Разговорное название женской груди.,"Tit, breast."
ru,сисяндры,no standard meaning,нет стандартного значения,"Разговорное, жаргонное обозначение женской груди.","Tits, fun-bags, breasts."
ru,сисяри,breasts,женская грудь,Разговорное название женской груди.,"Jugs, breasts."
ru,сисястая,having breasts,иметь грудь,Обладающая большими грудями.,"Big-tittied, having large breasts."
ru,сифак (сифон),siphon,"сифон, устройство для переноса жидкости с помощью разницы давления",Разговорное название сифилиса.,Syphilis.
ru,скоблиться,to scrape off,"соскоблить, стереть",Прервать беременность искусственным путем.,To get an abortion.
ru,скопытиться,to become a hoof,превратиться в копыто,"умереть, скончаться","To die, to kick the bucket, to shuffle off one’s mortal coil, to join the choir invisible."
ru,сленг,slang,жаргон,"Разговорная лексика, характерная для определённой социальной группы, часто неформальная и жаргонная.",Slang (from English).
ru,слить,to pour out,выливать,"Отказать, отвергнуть романтические попытки, дать понять, что не заинтересованы.","To rebuff, send packing, reject romantic advances."
ru,смандить,to command or order,командовать,"Говорить неправду, лгать.",To lie. Sometimes writtenсмондить;
ru,смандить,to command or order,командовать,"Говорить неправду, лгать.",To lie. Sometimes writtenсмондить;
ru,соблядатай,observer,наблюдатель,"Человек, который подглядывает, шпионит, изменённое слово соглядатай (шпион, предатель) под влиянием грубого выражения.","Voyeur, peeping Tom. Deformation ofсоглядатай(spy, traitor) under the influence ofблядь."
ru,совковый,Soviet,Относящийся к Советскому Союзу,"Относящийся к Советскому Союзу или выполненный в стиле СССР, искажённая форма слова советский.","Soviet, from or in the style of the USSR, deformation ofсоветский."
ru,совок,dustpan,метла и совок для подметания пыли,Житель Советского Союза; в разговорной речи также употребляется для обозначения человека с советским менталитетом или стилем жизни.,Citizen of the Soviet Union;
ru,совок,dustpan,метла и совок для подметания пыли,Житель Советского Союза; в разговорной речи также употребляется для обозначения человека с советским менталитетом или стилем жизни.,Citizen of the Soviet Union;
ru,сожрать,to devour or consume completely,полностью проглотить или израсходовать,"Жаргонное выражение, означающее быстро и с жадностью съесть что-либо.","Munch, eat. Seeжрать."
ru,сок,juice,"сок, жидкость, извлечённая из фруктов","Семенная жидкость, сперма.","Sperm, jizz (“juice”)."
ru,сопатка,snout,нос животного,"Нос (разговорное, сленговое выражение).",Nose.
ru,сорян,sorry,извините,"Разговорное выражение, являющееся русифицированной формой английского слова sorry, используется для извинения или выражения сожаления в неформальной речи.","Sorry, russification of the English term."
ru,сосать,to suck,"сосать, означать втягивать или высасывать что-либо ртом","Разговорное выражение, означающее выполнять оральный секс, при этом в русском языке действие описывается как «сосать», а не «дуть».",To blow (in fact the Russians do not “blow” but “suck” when fellating).
ru,соска,pacifier,соска для успокоения младенца,"Разговорное, жаргонное: привлекательная девушка, часто с сексуальным подтекстом.","Fellatrix, hot girl."
ru,сотона,Satan,"Сатана, дьявол в христианстве","Сленговое слово, образованное от слова сатана, обозначает человека с положительными качествами, который воспринимается как чертовски хороший. В комментариях может усиливаться прилагательным аццкий.","Derived fromсатана(Satan), this word has a positive meaning, it implies a devilishly good individual. In a comment, it can be strengthened with the adjectiveаццкий."
ru,спалиться,to catch fire,"загореться, начать гореть","Выдать себя, раскрыть свою тайну или намерения, случайно проявить что-то скрываемое.",To betray oneself.
ru,спереть,to push or to shove,толкать или толкаться,"Разговорное выражение, означающее украсть что-либо; несовершенный вид глагола переть.","To steal, to nick. Imperfective ofпереть."
ru,сперматоксикоз,sperm toxicosis,сперматозоидная интоксикация,"Состояние мужчин, характеризующееся сильным желанием вступить в половой контакт.",State of men that are eager to have intercourse.
ru,спиздеть,to steal,красть вещи,"Говорить неправду, лгать.",To lie.
ru,спиздить,to steal,воровать вещи,"Разговорное выражение, означающее украсть что-либо.","To nick, to pinch, to steal."
ru,спиздоболить,to steal and hit,воровать и бить,"Говорить неправду, лгать.",To lie.
ru,спиздрячиться,to steal repeatedly,повторная кража,Заболеть тяжёлым заболеванием или умереть.,"To fall seriously ill, to die."
ru,спиногрыз,little rascal,маленький шалун,"Ребёнок, малыш.","Child, kid (spine-nagger)."
ru,спиртяга,strong alcoholic drink,крепкий алкогольный напиток,"Разговорное название крепкого алкогольного напитка, особенно водки или самогона.","Booze, spirits."
ru,сплавлять,to weld or fuse metals together,сплавлять металлы,"продавать, сбывать, часто с оттенком неофициальности или спешки","To flog, sell."
ru,спуск,"descent, lowering","падение, снижение","Эякуляция, выделение семенной жидкости.",Ejaculation (“discharge”).
ru,срака,anus,анус,Разговорное грубое обозначение ягодиц или анального отверстия. Уменьшительная форма: срачка.,"Arse, arsehole. Diminutive form:срачка."
ru,сракануть,to defecate,дефекация,"Испражниться, сходить в туалет.",Take a dump.
ru,сральник,a place for defecation,туалет,Ненормативное разговорное обозначение туалета.,"Crapper, toilet."
ru,сраный,covered with excrement,покрытый экскрементами,"Очень плохой, вызывающий отвращение.","Execrated, shitty."
ru,сраньё,excrement,отходы жизнедеятельности,Грубое разговорное обозначение фекалий.,"Shit, faeces."
ru,срать,to defecate,дефекация,"Грубое разговорное выражение, означающее испражняться.","To shit, to defecate."
ru,срач,filthy or messy place,грязное или беспорядочное место,"Спор, ссора или дискуссия, часто сопровождающиеся руганью и оскорблениями, обычно хаотичные и неприятные.","Argument, discussion, shit show, usually ripe with abuse and invectives."
ru,срубить бабок,cut down money,срубить деньги,"Быстро разбогатеть, заработать много денег.","Get rich quick, make big bucks."
ru,ссака,no standard meaning,Без стандартного значения,"Разговорное, жаргонное слово, обозначающее мочу.","Piss, urine."
ru,ссать,to urinate,мочеиспускание,"грубое разговорное выражение, означающее мочиться","To piss, to pass water, quite an offensive verb;"
ru,ссать,to urinate,мочеиспускание,"грубое разговорное выражение, означающее мочиться","To piss, to pass water, quite an offensive verb;"
ru,ссун,urinate,мочеиспускание,"Трус, боязливый человек.","Coward, pisser."
ru,ссучёнок,little bastard,маленький негодяй,"Презрительное обращение к человеку, обозначающее его как мелкого труса или подлого человека.","Pisser, little coward."
ru,ссыкло,small hole,маленькое отверстие,"Трус, человек, проявляющий слабость и боязнь.","Coward, pussy."
ru,ссыкун,a person who urinates,"человек, который мочится","Человек, который часто мочится в постель или страдает недержанием мочи; в переносном смысле — трус.","Pisser, bed wetter, person with a weak bladder, figuratively a coward."
ru,стащить,to pull or drag,тянуть или тащить,"Украсть что-либо, тайно взять без разрешения.","To nick, to steal something."
ru,ствол,tree trunk,ствол дерева,сленговое обозначение ста рублей,100 rouble;
ru,ствол,tree trunk,ствол дерева,сленговое обозначение ста рублей,100 rouble;
ru,стёб,mockery or teasing,насмехаться или дразнить,"Внутренняя шутка, ироничное замечание.","Insider joke, ironical remark."
ru,стелька,insole,"стелька, вкладыш для обуви",Проститутка.,Prostitute. Lit. “insole”.
ru,столбняк,tetanus,столбняк,"Разг. эрекция, стояк.","Boner, hard on, woody."
ru,стопицот,one hundred five hundred,"сто пятьсот, числовая комбинация","Очень много, огромное количество. Искажённое выражение «сто пятьсот», происходящее от «сто процентов». Часто записывается цифрами как 100500.","Loads, a lot. Deformation ofсто пятьсот(hundred five hundred), which derives fromсто процент(hundred percent). Written in figures as 100500."
ru,стоячка,a standing position,стоячее положение,"Разговорное обозначение эрекции, стоячего состояния полового члена.","Woody, erection. Also calledстоячок."
ru,стрелять (сигарету),to shoot (a cigarette),выстрел (одна сигарета),"Просить сигарету у другого человека, не покупая её самостоятельно.",To bum (a cigarette).
ru,стрёмно,"dim, gloomy, or eerie","тусклый, мрачный, зловещий","Опасно, страшно, вызывает чувство тревоги или дискомфорта.","Dangerous, frightening;"
ru,стрёмно,"dim, gloomy, or eerie","тусклый, мрачный, зловещий","Опасно, страшно, вызывает чувство тревоги или дискомфорта.","Dangerous, frightening;"
ru,струкать,to peck or strike repeatedly,повторно клевать или стучать,"разг. мочиться, часто с оттенком неприличия или шутливости",To piss.
ru,струхня,coward,трус,Сленговое обозначение спермы.,"Sperm, jizz."
ru,стукач,knocker,стучащий в дверь,"Человек, который доносит или сообщает о чьих-либо действиях, часто с предательским или осуждающим оттенком.","Snitch, traitor, informer."
ru,сука,female dog,"Сука, обозначает самку собаки.","грубое пренебрежительное обозначение женщины, считающейся ненадёжной или вызывающей неприязнь.","Bitch, untrustworthy woman."
ru,сукин сын,son of a female dog,"Сын суки, потомок суки.","Грубое оскорбление, обозначающее человека, вызывающего раздражение или презрение.",Son of a bitch.
ru,суходрочка,dry rubbing,сухое трение,"Бесполезное, бессмысленное занятие.",Pointless activity (“dry-wanking”).
ru,сучка,female dog,"Сука, самка собаки","Ненадёжная женщина, уничижительное обращение. Уменьшительная форма от слова сука.","Bitch, untrustworthy woman. Diminutive ofсука."
ru,сучка с сумочкой,bitch with a handbag,Собака с сумкой,Пренебрежительное обозначение девушки с необоснованно высоким мнением о себе.,"Bitch, girl with an unfounded high opinion of herself."
ru,схавать,to swallow,глотать,"разг. съесть, проглотить, обычно быстро и без раздумий","To munch, eat."
ru,схуёвоваться,to become worse,становиться хуже,"ухудшиться, стать хуже","To worsen, to get back."
ru,сцать,to urinate,мочеиспускание,"Грубое разговорное слово, означающее мочиться; устаревшее написание слова 'ссать'.","To piss, older orthography ofссать."
ru,сцуко,female dog,Сука,Искажённое написание слова сука.,Corrupted spelling ofсука.
ru,съебаться,to fuck off,пойти заниматься сексом,"Уйти, сбежать, скрыться с места.","To get away, to leave, to flee."
ru,съединоросить,to unite and merge,объединять и сливать,"Украсть, особенно государственные или общественные средства. Современная форма слова «скоммуниздить».","To steal, especially public funds. Modern form ofскоммуниздить."
ru,съябывать,to leave quickly,быстро уйти,"Уйти, сбежать; западнороссийский или белорусский вариант слова съёбывать. См. съебаться.","To take off, get away, Western Russian or Belarussian variant ofсъёбывать. Seeсъебаться."
ru,сюртук,a type of men's formal coat,мужское официальное пальто,Презерватив. В литературном русском языке слово «сюртук» означает фрак или сюртук — вид мужской верхней одежды.,Condom. In standard Russian “frock-coat”.
ru,табло,"picture, image","изображение, картинка","Лицо. Происходит от французского слова tableau (картина, изображение).","Face. Derives from Frenchtableau(picture, painting)."
ru,талапонец,peasant,крестьянин,"Этническое уничижительное прозвище, происходящее от эстонского слова talupoeg (крестьянин).","Estonian, ethnic slur derived from Estonian wordtalupoeg(peasant)."
ru,таракан,cockroach,"Таракан, мелкое насекомое","Сленговое прозвище Александра Лукашенко, появившееся в ходе президентской кампании 2020 года. Часто используется в форме усатый таракан в честь густых усов диктатора.",Cockroach – nickname for Alexander Lukashenko created in the presidential campaign of 2020. Often expanded toусатый тараканin hommage to the thick moustache of the dictator.
ru,татарва,a member of the Tatar ethnic group,член татарского народа,"Этническое оскорбительное прозвище, употребляемое в отношении татар в целом.",Ethnic slur for Tatars as a whole.
ru,тачка,cart; vehicle,тележка; транспортное средство,Разговорное название автомобиля.,Car.
ru,тащиться,to be dragged,быть тащим,испытывать сильное удовольствие или наслаждение от чего-либо,"To dig something, to like it."
ru,тёлка,calf (young female cow),молодая корова,"Разговорное, пренебрежительное обозначение молодой женщины или девушки.",Girl (“heifer”).
ru,тёплый брат,warm brother,Тёплый брат,"Устаревшее жаргонное выражение из русского уголовного сленга, обозначающее гомосексуального мужчину; вероятно, заимствовано из немецкого эвфемизма, означающего «тёплый брат».","Fag, queer, homosexual. Obsolete term from the Russian criminal slang, most probably a translation from the German euphemism meaning “warm brother”."
ru,течка,estrus cycle,течка,"Менструация у животных, период половой охоты; в разговорной речи иногда используется в переносном значении для обозначения менструации у женщин.",Menstruation (“heat”).
ru,тибрить,to steal,"воровать, брать чужие вещи","Украсть, стащить.","To nick, steal."
ru,тик-ток войска,TikTok troops,Дивизия Douyin (TikTok),"Чеченские подразделения российской национальной гвардии, более известные созданием нелепых постановочных видео для социальных сетей, чем реальным участием в боях во время вторжения в Украину в 2022 году. Подобное инсценированное боевое видео, снятое при отсутствии противника, называют кадыровщиной.",Chechen units of the Russian national guard more famous for producing ridiculous staged videos for social networks than for actually fighting during the invasion of Ukraine in 2022. A pretend combat film shot in the absence of any ennemy can be calledкадыровщина.
ru,титушки,a surname,фамилия,"Агент провокатор, украинское слово («тітушки»), происходящее от фамилии Титушко. Человек с этой фамилией был признан виновным в нападении на украинских оппозиционных журналистов в мае 2013 года. В настоящее время это слово обозначает всех бойцов, нанятых правительством Януковича для выполнения грязных заданий.","Agent provocateur, Ukrainian word (“тітушки”) stemming from the surnameТитушко. An individual by that name had been convinced of assaulting Ukrainian opposition journalists in May 2013. The name now describes all the thugs hired by the Yanukovich government to do the dirty jobs."
ru,титька,little breast,маленькая грудь,"Разговорное, жаргонное обозначение женской груди.","Tit, breast."
ru,титястая,breasted,"с грудью, имеющий молочные железы","Разговорное, обозначающее женщину с большой грудью.","With big jugs, big-tittied."
ru,толкать,to push,прилагать усилия,"Продавать, сбывать.","To sell, flog;"
ru,тонна,ton,тонна,Сленговое обозначение тысячи (денежных единиц).,"Grand, thousand (“a ton”)."
ru,топтать,to tread or step on,наступать на что-либо,заниматься половым актом (вульгарное выражение),"Fuck, screw."
ru,тормоз,brake,"тормоз, устройство для замедления или остановки транспортного средства","Разговорное: глупый, медлительный человек.",A stupid person (“a brake”).
ru,тормозить,to brake or slow down,тормозить,Действовать медленно или с затруднением в понимании; испытывать трудности с восприятием или реакцией.,"To act retarded, to have trouble understanding;"
ru,точить,to sharpen,затачивать,"есть, употреблять пищу, часто в большом количестве или с большим аппетитом",To eat.
ru,точняк,exactly,точно,"Точное, точное утверждение; разговорное искажённое слово от «точно».","Precisely, deformation ofточно."
ru,трава (травка),grass,"трава, вид растения",Разговорное название марихуаны или конопли.,"Pot, weed."
ru,трах,to strike or hit,ударять или сталкиваться,"Половой акт, секс.","Lay, fuck, sex."
ru,траханный,related to sexual intercourse,Связанный с половым актом,"Грубое сленговое прилагательное, выражающее усиление или эмоциональную окраску, часто используется как вставное слово, аналогично слову ёбанный.","Fucked, fucking. Often used as a filler in a similar way asёбанный."
ru,траханье,intercourse,"половой акт, телесный контакт между двумя лицами","Секс, половой акт.","Sex, intercourse."
ru,трахаться,to fuck oneself,заниматься сексом друг с другом,заниматься половым актом,"To screw, copulate (seeтрахать);"
ru,трахаться,to fuck oneself,заниматься сексом друг с другом,заниматься половым актом,"To screw, copulate (seeтрахать);"
ru,трахнуть,to have sexual intercourse,заниматься половым актом,"Совершить половое сношение; грубо, резко воздействовать на что-либо.","To hit, to do something loud and violent;"
ru,трахнуть,to have sexual intercourse,заниматься половым актом,"Совершить половое сношение; грубо, резко воздействовать на что-либо.","To hit, to do something loud and violent;"
ru,траходром,track field,легкоатлетический стадион,Неформальное название борделя или публичного дома.,"Fuck-o-drome, Brothel;"
ru,траходром,track field,легкоатлетический стадион,Неформальное название борделя или публичного дома.,"Fuck-o-drome, Brothel;"
ru,трёп,"chatter, idle talk","болтовня, непринужденный разговор","Разговор, болтовня.","Talk, chatter."
ru,трёхсотый,three hundredth,трёхсотый,"Раненый солдат, военный жаргон, происходящий от кода для транспортировки раненых (груз 300).","Injured soldier, military slang derived from the code for transport of injured personnel (груз 300)."
ru,трещать,to crack or make a cracking sound,издавать треск или щелчки,"Говорить много и быстро, часто без особого смысла.","To talk, to chatter."
ru,три весёлых буквы,three cheerful letters,три счастливых буквы,"Эвфемизм для слова хуй, состоящего из трёх букв.",Euphemism forхуй(three happy letters).
ru,трихомудия,trichomudia,"транслитерация, вещи Санмао",Вещь или предмет незначительной важности.,"Thingy, item of little importance."
ru,трубка,tube or pipe,трубка или труба,Разговорное обозначение телефона.,Telephone;
ru,трубочист,chimney sweep,чистильщик дымоходов,Разговорное: активный гомосексуалист.,Active homosexual (“pipe cleaner”).
ru,трудная вода,difficult water,трудная вода,Разговорное название водки или крепкого спиртного напитка.,"Vodka, spirits."
ru,труженица койки,bed worker,Работник на кровати,"Женщина, занимающаяся проституцией.",Prostitute (“worker of the bunk”).
ru,трухня (труханина),crumbs or small fragments,крошки или мелкие кусочки,"Сленговое слово, обозначающее сперму, семенную жидкость. Также используется как эвфемизм для грубого слова хуйня.","Sperm, jizz. The word is also used as an euphemism forхуйня."
ru,трындец,nonsense,пустая болтовня,"эвфемизм, заменяющий грубое слово пиздец, обозначающее крайне неприятную или критическую ситуацию.",Euphemism replacingпиздец.
ru,тряпка,"rag, piece of cloth","тряпка, кусок ткани","Слабый, нерешительный человек, трус.","Wimp, weakling, sissy."
ru,тряхомудия,a shaking or trembling action,Движение сотрясения или дрожания,"Нечто неопределённое, предмет или явление, не заслуживающее более точного определения.","Thingy, item not worthy of a more precise definition. Also known asтряхомудие, тряхомудьеorтрихомудияvorzufinden."
ru,тугрик,Mongolian currency,монгольская валюта,"Деньги, рубль. На самом деле это правильное русское название монгольской валюты төгрөг (төгрөг).","Money, Rouble. This is in fact the correct Russian name of the Mongolian currencyтөгрөг(tögrög)."
ru,туркать,to make a clucking or rattling sound,Издавать гогот или щелчки,"Дразнить, приставать к кому-либо, докучать.","To pick on someone, mob, harass."
ru,туса,hang out,"болтаться, собираться вместе","Компания друзей, вечеринка.","Group of friends, party."
ru,тусоваться,to hang out,расслабляться с друзьями,"Проводить время в компании друзей, обычно весело и непринуждённо, часто на вечеринках или в общественных местах.","To party, go out with friends;"
ru,тусовка,party or gathering,встреча или собрание,"Группа (обычно молодых) друзей, собирающихся вместе для общения или проведения времени.",Group of (young) friends;
ru,тусовка,party or gathering,встреча или собрание,"Группа (обычно молодых) друзей, собирающихся вместе для общения или проведения времени.",Group of (young) friends;
ru,тухес,buttocks,"ягодицы, задняя часть тела","разговорное, жаргонное слово, обозначающее ягодицы, заднюю часть тела; заимствовано из идиша.","Arse, backside. Loanword from Yiddish תּחת."
ru,тыр,steal,"красть, незаконно присваивать чужое имущество","Разговорное обозначение одной тысячи рублей, происходит от инициалов т.р. (тысяча рублей).","One thousand roubles, derives from the initialsт.р. (тысяча рублей)."
ru,тырить,to steal,"кража, незаконное присвоение чужого имущества","разг. красть, похищать; несовершенный вид глагола ""стырить"".","To pinch, to nick. Imperfective ofстырить."
ru,тырнет,internet,"Интернет, глобальная компьютерная сеть","Интернет, разговорное слово, образованное игрой слов с глаголом тырить и имитирующее простонародное произношение.","Internet, pun alluding to the verbтыритьand mimicking a simple folk pronunciation."
ru,тыща,thousand,тысяча,"Разговорное сокращение от слова «тысяча», обозначающее тысячу рублей.","Thousand roubles, short forтысяча."
ru,убейсибяапстену,kill yourself against the wall,"Убей себя, врежься в стену.","Негативная оценка автора поста, которому советуют покончить с собой, ударившись головой о стену — в правильном русском языке: убей себя об стену.","Negative assessment of the author of a post, who is invited to kill himself against a wall — in proper Russianубей себя об стену."
ru,убитые еноты,killed raccoons,убитый енот,"Доллар, ироничное прочтение аббревиатуры условная единица (у.е.), эвфемизм, используемый вместо обозначения доллара США после запрета на ценообразование в иностранной валюте в России.","Dollar, ironical reading of the abbreviation ofусловная единица (у.е.)(conventional unit, the euphemism used to replace USD after the government forbade pricing in foreign currency in Russia).."
ru,ублюдок,bastard,незаконнорожденный ребенок,"Грубое оскорбительное слово, обозначающее презренного или подлого человека.",Bastard.
ru,уборная,bathroom,ванная комната,"Туалет, помещение для отправления естественных нужд.",Toilet.
ru,угар,"intoxication, strong intoxication",сильное опьянение,"смех, что-то забавное, вызывающее веселье","Laugher, something amusing."
ru,угол,corner,"угол, край предмета","Старинное название банкнот номиналом 25 рублей, которые находились в обращении в России до 1990-х годов.","Old name for 25-Rouble banknotes, that circulated in Russia until the 1990s."
ru,угондоншить,to make something go away,исчезать что-либо,"Уничтожить, избавиться от чего-либо.","To kill, to get rid off. Also writtenугандошить."
ru,уд,unit of measurement,единица измерения,"Сленговое обозначение мужского полового члена, эвфемизм.","Member (body part), euphemism for penis. Seeхуй."
ru,уебан,no standard Chinese meaning; transliteration of a Russian vulgar insult,Транслитерация грубого оскорбления на русском языке без стандартного китайского значения,"Грубое оскорбление, обозначающее глупого или неприятного человека; иногда используется в форме «уёбан».","Fucker, wanker, moron. Sometimes also in the variantуёбан."
ru,уебанский,derived from a vulgar root word,Происходит от грубого корня слова,"Странный, необычный, вызывающий шок.","Weird, outlandish, shocking."
ru,уебать,to hit forcefully,сильно ударить,"грубое разговорное выражение, означающее сильно ударить или нанести удар",To hit;
ru,уебать,to hit forcefully,сильно ударить,"грубое разговорное выражение, означающее сильно ударить или нанести удар",To hit;
ru,уёбище,ugly or repulsive person,уродливый или отвратительный человек,"Грубое, оскорбительное слово, обозначающее крайне неприятного, отталкивающего или уродливого человека.","Monster, freak."
ru,уёбищный,"disgusting, ugly","отвратительный, уродливый","Отвратительный, уродливый, крайне неприятный.","Repulsive, monstrous, fucked."
ru,уёбок,a derogatory term combining a vulgar prefix and a root related to a male genitalia,"Грубое слово с префиксом и корнем, связанным с мужским половым органом.","Слабый, бесполезный и легко заменимый человек, подлец.","Weak, useless and disposable individual, fucker."
ru,ужос,horror,страшный,"Разговорное выражение, обозначающее сильное удивление или шок, образованное от слова ужас.","Sign of thrilling surprise, fromужас."
ru,узкоглазы,narrow eyes,"узкие глаза, описание формы глаз","Пренебрежительное этническое прозвище для азиатов, основанное на форме их глаз.","Chink, slit-eyes, ethnic slur for Asians, alluding to the shape of their eyes."
ru,"укропы, укры",dill,"укроп, вид ароматного растения","Прозвище, употребляемое пророссийскими противниками для обозначения проукраинских сторонников киевского правительства; носит оскорбительный характер. Аналогичные варианты: укрофашисты, укролошара.","Pro-Western Ukrainian supporting the Kiev governement, insult used by pro-Russian opponants. Similar to the variantsУкрофашисты, укролошара…"
ru,укурок,a small rolled cigarette,маленькая сигарета,"Разговорное, пренебрежительное обозначение человека, часто употребляющего марихуану или другие наркотики, вызывающие состояние опьянения.",Pothead.
ru,улёт,blast,"взрыв, сильный выброс или удар","Очень хороший, впечатляющий, классный.","Brilliant, awesome, cool."
ru,упаковка,packaging,"упаковка, обертка",Сленговое обозначение милицейской машины.,Police car (“packaging”).
ru,упиздить,to steal,"воровать, брать чужие вещи","нанести побои, избить",To beat up.
ru,урка,prisoner,заключённый,"заключённый, преступник","Inmate, prisoner."
ru,урод,"freak, monster","чудовище, уродец","Человек с уродливой внешностью или вызывающий отвращение, чудовище.","Monster, freak."
ru,урюк,dried apricot,Сушёный абрикос,Этническое уничижительное прозвище для жителей Центральной Азии. Первоначально слово означает сушёные абрикосы и происходит из тюркского языка (в башкирском өpөк имеет такое значение).,Ethnic slur for Central Asians. Initially the word means dried apricots and comes from a Turkic language (Bashkirөрөкhas that meaning).
ru,усраться,to defecate,дефекация,"испражниться в штаны, испачкать одежду фекалиями","To soil oneself, the shit in the pants."
ru,устаканить,to make stable,закреплять что-либо,"Привести что-либо в порядок, уладить, организовать.",To sort something out.
ru,утырок,a small wild duck,маленькая дикая утка,"Преступник низкого уровня, подлый и презренный человек.","Thug, low life criminal, despicable indivual."
ru,ухуякивать,to hit hard repeatedly,повторять удары,"Уходить быстро, убегать, покидать место в спешке.","To take off, run away, leave in a hurry."
ru,ухуярить,to hit hard,ударить сильно,"Сильно ударить, сломать, уничтожить.","To hit, break, kill;"
ru,ухуярить,to hit hard,ударить сильно,"Сильно ударить, сломать, уничтожить.","To hit, break, kill;"
ru,учаснег,participant,участник,"Разговорное искажённое слово от «участник», обозначающее человека, принимающего участие в каком-либо событии или обсуждении.","Participant, derived fromучастник."
ru,ушлёпок,a small piece of cloth or rag,кусок ткани или тряпка,Презрительный термин для обозначения неудачника или никчёмного человека.,"Loser, donogooder."
ru,уябывать,to beat or to strike,ударять или стучать,"Устаревшее или просторечное грубое выражение, означающее быстро убегать, скрываться с места.","To run away, to flee. Variant ofуёбывать."
ru,факать,no standard meaning; transliteration of English verb 'to fuck',ебать (глагол),"Грубое разговорное выражение, означающее заниматься половым актом, происходит от английского глагола ""to fuck"".","To fuck, copulate, from the English verb “to fuck”."
ru,фачить,to do or perform work,делать или выполнять работу,Заниматься половым актом.,"Fuck, screw."
ru,Фашингтон,Washington,"Вашингтон, название столицы США","Пренебрежительное и оскорбительное название Вашингтона, столицы США, используемое сторонниками Владимира Путина, которые рассматривают США как главного врага. Слово образовано сочетанием названия города и слова «фашист».","Washington, insulting variation on the name of the US capital used by blood thirsty partisans of Vladimir Putin who picture the USA as the ultimate ennemy. Combines the name of the city with the all-purpose insultfascist."
ru,феня,fenya,"транслитерация ""феня"", без конкретного буквального значения","Жаргон, используемый в уголовной среде, тюремный сленг, воровской язык.","Jive, prison talk, thieves’ jargon."
ru,фея,fairy,"фея, мифическое маленькое крылатое существо",Проститутка.,Prostitute. Seeуличная фея.
ru,фиг,fig,инжир,Жест презрения; эвфемизм для слова хуй.,"Gesture of contempt, seeфига, euphemism forхуй."
ru,фиг (на ~),fig (a type of fruit),инжир (вид фрукта),"Выражение, употребляемое для выражения вопроса о причине или цели чего-либо, с оттенком недоумения или пренебрежения.","Why, what for. Variants:на фига[na figa] andнафиг."
ru,фиг (по ~),fig (a type of fruit),инжир (вид фрукта),"Выражение безразличия, равнодушия к чему-либо.",Mark of indifference.
ru,фига,fig fruit,инжир,"Сленг: мужской половой орган; также непристойный жест, при котором кулак показывается с большим пальцем, зажатым между указательным и средним пальцами.",Penis — “fig”. Also an obscene gesture (akin to flipping the bird): the fist is shown with the thumb between the top to fingers (seeофигеть).
ru,фиганутый,hit hard,ударить сильно,"Безумный, сумасшедший, ненормальный.","Crazy, mad, abnormal."
ru,фигассе,no fig oneself,нет инжира самого собой,"Выражение удивления или недоверия, сокращённая форма фразы ни фига себе, иногда пишется как фигасе.","Show of incredulity. Short forни фига себе, it can sometimes be writtenфигасе."
ru,фигня,nonsense; trivial matter,Бессмысленные вещи; мелочи,"Вещь или событие, не имеющее большого значения.","Thingy, unimportant item or event. Seeхуйня."
ru,фиговина,thingamajig,"вещь, предмет неопределённого или неконкретного названия","Нечётко определённый предмет, вещь, название которого неизвестно или забыто.","Thingy, unknown object."
ru,фиговый,fig-like,Как инжир,"Плохой, никчёмный, бесполезный.","Rotten, worthless, useless."
ru,фиготень,a thing or object,вещь или предмет,"Вещь или предмет, имеющий незначительную ценность или важность; эвфемистическая замена грубого слова.","Thingy, something of little value or importance. Euphemistical variante ofхуетень."
ru,финики,dates (fruits of the date palm),финик,"Прозвище финнов, основанное на сходстве звучания; в стандартном русском языке слово означает «финики» — плоды финиковой пальмы.",Nickname for Finns based on the similar pronunciation. Means “dates” (fruit) in standard Russian.
ru,финтифлюшка,a small decorative object,маленькое украшение,"Сленг: безделушка, безвкусное украшение или неопределённый предмет.","Bling, tacky jewellry, undescript thing;"
ru,финтифлюшка,a small decorative object,маленькое украшение,"Сленг: безделушка, безвкусное украшение или неопределённый предмет.","Bling, tacky jewellry, undescript thing;"
ru,фиолетово,purple,фиолетовый цвет,"Безразличный, равнодушный к чему-либо.",Indifferent.
ru,фитоняшка,phytonyashka,"Транслитерация, обозначающая произношение слова «фитоняшка», без конкретного буквального значения.",Привлекательная и спортивная девушка или молодая женщина. Слово образовано сочетанием английского слова fit (в хорошей физической форме) и уменьшительно-ласкательного суффикса -няшка.,Attractive and fit girl or young lady. Combination offit(ness)andняшка.
ru,фифа,fifa,"транслитерация ""фифа"", без конкретного буквального значения","Принцесса, капризная девушка.","Princess, capricious girl."
ru,форточки,small window pane,маленькое оконное стекло,"Разговорное название операционной системы Windows, происходит от слова «форточка», что означает маленькое оконное стекло.",Russian name for Windows (means in fact just that — small window panes).
ru,фотожоп(а),photo butt,фотография задница,"Ироничное прозвище программы Photoshop, основанное на игре слов с русским сленговым выражением ""жопа"".",Ironical nickname of Photoshop (жопа— arse).
ru,фраер,free man,"свободный человек, буквально «свободный мужчина»","Человек, не принадлежащий к преступному миру, не посвящённый в его дела. Заимствовано из немецкого (Freier — клиент проституток) через идиш (פֿרײַ).","Person that does not belong to the criminal underworld, not initiated individual. Loanword from German (Freier– customer of prostitutes) via Yiddish (פֿרײַ)."
ru,фтему,on topic,о теме,"Форма похвалы и одобрения, искажённое выражение «в тему».","Form of praise and approval, deformation of “в тему”."
ru,фубля,no standard meaning; exclamation components,часть междометия без стандартного значения,"Разг. вещь без определённого названия, бесполезный предмет. Сокращение от восклицаний фу и бля.","Thingy, useless item, whatchamacallit. Contraction of the expletiveфу, бля(“urgh, fuck”)."
ru,фуфло,fake or counterfeit item,поддельный предмет,"Предмет или вещь низкого качества и малого значения, ложь.","Something of bad quality and little importance, a lie."
ru,фуфло толкать,to sell fake goods,продавать подделки,"Говорить неправду, нести чепуху.","To lie, to bullshit."
ru,фуфлыжка,a piece of worthless or fake fabric,кусок бесполезной или поддельной ткани,Неинтересный или бесполезный предмет. Вариант слова фуфло.,Uninteresting or worthless item. Variant ofфуфло.
ru,хавать,to devour,"глотать, жадно есть","разговорное выражение, означающее есть, пожевывать пищу","To munch, to eat. Probably a loanword from Romanes."
ru,хавка,chew,жевать,"Разговорное обозначение еды, пищи.","Grub, food."
ru,хавчик,food,"еда, пища","Еда, пища.","Grub, food."
ru,халява,freebie,бесплатная вещь,"То, что можно получить бесплатно или очень легко, без особых усилий.","Freebie, something that can be obtained easily;"
ru,халява,freebie,бесплатная вещь,"То, что можно получить бесплатно или очень легко, без особых усилий.","Freebie, something that can be obtained easily;"
ru,халяву (на ~),freebie,бесплатный предмет,"Бесплатно, без каких-либо усилий.","For free, without effort."
ru,халявщик,free rider,бесплатный попутчик,"Человек, который стремится получить что-либо бесплатно, не прилагая усилий и не оплачивая.","Free lunch hunter, somebody who likes to get everything for free."
ru,хана,hana,цветок,"Смерть, плохой исход, конец.","Death, bad end."
ru,харево,bad situation,плохое положение,"Секс, половой акт.","Sex, intercourse."
ru,харить,to clear or clean,уборка,"грубое разговорное выражение, означающее заниматься половым актом","To fuck, have sex, screw. Probably loaned from Ukrainian."
ru,харч,food,еда,"еда, пища","Grub, food."
ru,харчеваться,to dine or eat food,"есть, принимать пищу","Питаться, есть.","To feed oneself, to eat."
ru,харя,"mug, face",лицо,"Лицо, физиономия.",Face.
ru,хата,house,дом,"Жилище, квартира, дом. Заимствовано из южных русских диалектов, украинского или белорусского языков.","House, apartments, home. Loaned from either the southern Russian dialects, Ukrainian or Belarusian."
ru,хач,a type of flatbread,плоский хлеб,"Разговорное, часто пренебрежительное обозначение человека с Кавказа.","Caucasian (i.e. individual from the Caucasus region), seeхачик."
ru,хачик,little cross,маленький крестик,"Оскорбительное прозвище для людей с Кавказа. Изначально это армянское христианское имя (Խաչիկ — «маленький крест», уменьшительная форма имени Խաչատուր — Хачатур). Использование этого слова считается очень грубым.","Insulting name for individuals from the Caucasus. Be careful, this is very rude. Initially it is an Armenian Christian name (Խաչիկ — meaning “small cross” and the diminutive form of Խաչատուր — Khachatur)."
ru,хачьё,cross,крест,"Собирающее название для коренных жителей Кавказа, образованное от слова хач.","Collective name for natives from the Caucasus region, derived fromхач."
ru,хезальник,unknown term,неизвестное слово,разг. задница,Arse.
ru,хезать,to defecate,дефекация,"Грубое разговорное выражение, означающее испражняться.","To shit, to defecate. Loan from Greek χεζω (same meaning);"
ru,хезник,unknown term,неизвестное слово,грубое сленговое обозначение ягодиц,Arse.
ru,хер с ним (ней),dick with him,член с ним,"Эвфемизм выражения ""хуй с ним"", означающий безразличие или согласие оставить что-либо без внимания.",The hell with him (with her). Euphemism forхуй с ним.
ru,херакнуть,to hit or strike suddenly,внезапный удар или стук,"Совершить кратковременное, но интенсивное действие, например, неожиданно ударить.",To perform a brief yet intense action (to hit unexpectedly for example).
ru,херово,badly,"плохой, скверный","Плохо, некачественно.","Badly, poorly."
ru,херовый,related to male genitalia,Связанный с мужским половым органом,"Плохой, некачественный, неприятный.","Rotten, bad."
ru,ХЗ,unknown,неизвестный,"Сокращение от выражения «ахз», используется для обозначения незнания или непонимания причины чего-либо.",Short form ofАХЗ.
ru,хитрая жопа,clever butt,умная задница,"Человек, который ведёт себя умно и изворотливо, часто с оттенком насмешки или дерзости.",Smart ass.
ru,хитрожопый,clever butt,умная задница,"Человек, проявляющий изворотливость и хитрость, часто в негативном или пренебрежительном смысле.",Smartass.
ru,хитрую жопу (на каждую ~ есть хуй винтом),cunning ass,хитрый зад,"Выражение означает, что всегда найдётся кто-то более хитрый или умный, кто сможет перехитрить другого.",There will always be a smarter smart-ass.
ru,хламурный,junk-like,Как мусор,"Прилагательное, образованное от слова хламур, обозначающее что-то связанное с модой или стилем, часто с оттенком пренебрежения или иронии.",Adjective derived fromхламур.
ru,хлебало,mouth,рот,"Разговорное выражение, означающее рот или лицо.","Mouth, face;"
ru,хобот,elephant trunk,хобот слона,Сленговое обозначение мужского полового члена; в стандартном языке означает «хобот» (у животного).,"Prick, penis. Standard meaning: “trunk”."
ru,холодрыга,extreme cold weather,крайне холодная погода,Очень сильный холод.,Extreme cold.
ru,хомячить,to hoard like a hamster,"Как хомяк, запасать","разг. есть, жевать, поглощать пищу","To munch, eat."
ru,хоть бы хуй,even if penis,хоть бы член,"Выражение, подчеркивающее безразличие или отсутствие последствий, аналогичное значению «все равно».",Underlines the disinterest or lack of consequences (“whatever”).
ru,Хохландия,a land or country named after a hair tuft,Волосатая земля или страна,"Оскорбительное название Украины, образованное от слова хохол с немецким суффиксом, известно с 1904 года.","Ukraine, insulting name derived fromхохолwith a German ending, already known in 1904."
ru,хохлобакс,Ukrainian hryvnia,"Украинская денежная единица, называемая гривна","Сленговое название гривны, национальной валюты Украины, употребляемое эвфемистически как «украинские баксы».","Hryvnia, Ukrainian currency unit euphemistically called Ukrainian bucks (cf.хохолandбакс)."
ru,Хохлостан,a country or land associated with the term 'khokhol',"Страна или земля, связанная со словом «хохол»","Иронично-пренебрежительное название Украины, образованное от оскорбительного слова хохол и персидского суффикса -стан, который используется для обозначения стран Центральной Азии.","Ironical-pejorative Name for Ukraine, derived from the slurхохолand the Persian suffix-stan, used as a marker for countries in Central Asia."
ru,хохлятский,related to a traditional Ukrainian hairstyle,Связанный с традиционной украинской прической,"Прилагательное, образованное от слова хохол, обозначающее принадлежность к украинцам или связанное с Украиной.","Ukrainian, adjective derived fromхохол."
ru,хохол,a traditional Cossack hairstyle tuft,"Казацкая традиционная прическа, пучок волос на макушке.","Сленговое, довольно оскорбительное обозначение украинца (женская форма — хохлушка). Предположительно, в XVI–XVII веках слово использовалось для обозначения поляков (когда Польша владела большей частью Западной Украины) и означает «чуб» — традиционную прическу казаков.",Ukrainian — quite insulting (the feminine isхохлушка). The word was supposedly used to name the Poles in the 16th-17th century (when Poland ruled most of Western Ukraine) and means “tuft of hair” (traditional hair-style of Cossacks).
ru,хрен,horseradish,"хрен, корнеплод, часто используемый как приправа","Сленг: мужской половой орган; буквально означает «хрен». Слово «хрен» может заменять более грубые выражения «хер» или «хуй» в большинстве случаев. «Хрен» считается менее грубым, «хер» — грубым, а «хуй» — очень вульгарным, что позволяет выражать одну и ту же мысль с разной степенью грубости.","Penis — literally “horseradish”.Хренcan replaceхерorхуйin 90% of the expressions. The wordхренis not very strong,херis rude andхуйis very vulgar. This gives the opportunity to express one idea with different degrees of rudeness."
ru,хреначить,to do something vigorously or intensively,делать что-то с усилием или интенсивно,"бить, наносить удары",To beat up;
ru,хреново,horseradish,"хрен, корнеплодное растение","Плохо, неудовлетворительно.","Poorly, badly."
ru,хреновый,horseradish,"хрен, растение, используемое для приправы","Плохой, низкого качества, неприятный.","Bad, poor, rotten."
ru,хренота,horseradish,"хрен, корнеплодное растение",Что-то неясное и не стоящее внимания.,Something undistinct and not bloody worth worrying about.
ru,хренотень,horseradish,"хрен, растение, используемое как приправа",Предмет неопределённого назначения и незначительной ценности.,"Thingy, undefined item of little value."
ru,хрень,nonsense; rubbish,чепуха; мусор,"Неопределённый предмет, вещь, объект.","Unidentified item, thingy."
ru,хрумкать,to crunch,издавать хрустящий звук при жевании,"Есть, особенно что-то хрустящее.","To munch, to eat, especially something crunchy."
ru,хрусты,crunchy snacks,хрустящая закуска,"Деньги, банкноты (разговорное, с оттенком «шуршащие»).","Money, bills (“crackling ones”)."
ru,хрущоба,Khrushchev-era five-story apartment building,"пятиэтажный дом, построенный в эпоху Хрущёва","Пренебрежительное название типового пятиэтажного жилого дома, построенного в период с 1956 по 1973 год во время правления Хрущёва, обычно называемого хрущёвкой; в данном случае название объединено со словом трущоба.","Derogatory name for a basic five-storied apartment building built between 1956 and 1973 while Khrushchev was in power, usually calledХрущёвка. Here the name is combined withтрущоба(slum)."
ru,хряпать,to hit or strike,ударять или стучать,"есть, жадно и быстро поглощать пищу","To munch, eat;"
ru,хряпать,to hit or strike,ударять или стучать,"есть, жадно и быстро поглощать пищу","To munch, eat;"
ru,худоёбина,thin person,худой человек,Очень худой человек (пренебрежительно).,Skinny person (pejorative).
ru,хуебратия,brotherhood,"братство, отношения между братьями или организация","Группа ненадёжных, сомнительных людей.",Group of unreliable individuals;
ru,хуебратия,brotherhood,"братство, отношения между братьями или организация","Группа ненадёжных, сомнительных людей.",Group of unreliable individuals;
ru,хуева туча,huge cloud,огромное облако,"Очень большое количество, множество.",A fucking lot. Synonym ofдо хуя.
ru,хуеватенький,diminutive form of a vulgar adjective indicating something bad,уменьшительно-ласкательная форма грубого прилагательного,"Негативная оценка, образованная от слова хуево с уменьшительно-ласкательным суффиксом, обозначающая что-то плохое или неудовлетворительное.","Badly, derived fromхуевоwith a diminutive suffix."
ru,хуевато,diminutive form of a vulgar word indicating a bad state,"уменьшительно-ласкательная форма грубого слова, обозначающего плохое состояние","Наречие, образованное от слова хуево с уменьшительным суффиксом, обозначает состояние или качество, выражающееся как плохо, неудовлетворительно.","Badly, derived fromхуевоwith a diminutive suffix."
ru,хуеватый,derived from a vulgar root with a diminutive suffix indicating a negative state,"Образовано от грубого корня с уменьшительным суффиксом, обозначает негативное состояние.","Наречие, образованное от слова хуево с уменьшительным суффиксом, обозначающее качество или состояние, выраженное в негативном смысле, примерно «плохо».","Badly, derived fromхуевоwith a diminutive suffix."
ru,хуёвничать,to act badly or mischievously,ведёт себя плохо или непослушно,"Делать что-либо назло кому-либо, из вредности.",To do something to spite somebody;
ru,хуёвничать,to act badly or mischievously,ведёт себя плохо или непослушно,"Делать что-либо назло кому-либо, из вредности.",To do something to spite somebody;
ru,хуёво,very bad,очень плохо,"Очень плохо, скверно; употребляется в разговорной речи для выражения неудовлетворительного состояния или качества.",(Very) badly (seeпиздато) —Как дела? — Хуево. “How are things? — rotten”.
ru,хуёвый,covered with pubic hair,покрытый лобковыми волосами,"Плохой, неудачный, испорченный (противоположность: пиздатый).","Fucked-up, screwed, bad (antonym:пиздатый)."
ru,хуеглот,penis eater,"человек, который глотает пенис","Презрительное обозначение мелкого, ничтожного человека.",Petty individual;
ru,хуеглот,penis eater,"человек, который глотает пенис","Презрительное обозначение мелкого, ничтожного человека.",Petty individual;
ru,хуёк,diminutive form of a vulgar term for male genitalia,"мужской половой орган, уменьшительно-ласкательная форма",Небольшой половой член.,Small prick.
ru,хуём-буём,phallus not phallus,пенис не пенис,"Внезапно, без предупреждения.","Suddenly, without warning."
ru,хуё-моё,dick my,мой пенис,"Ненормативное выражение, выражающее удивление или презрение.","Expletive showing surprise or contempt, fuck-a-duck."
ru,хуеплёт,a person who weaves or braids,плетельщик,"Человек, который много говорит, хвастается или распространяет пустую болтовню; грубое сленговое выражение.","Show off, chatter-mouth; literally “penis weaver”. Seeхуйло."
ru,хуерык,strong hit,сильный удар,"Сленговое выражение, означающее сильный удар или поражение, также используется как жаргонное название гонореи.","Clap, gonorrhoea."
ru,хуесос,suck penis,"сосать пенис, буквальное значение — действие ртом","Презрительный термин для обозначения мелкого, ничтожного человека.",Petty individual;
ru,хуесос,suck penis,"сосать пенис, буквальное значение — действие ртом","Презрительный термин для обозначения мелкого, ничтожного человека.",Petty individual;
ru,хуесосить,to suck a penis,сосать член,Совершать оральный секс.,"To blow, have oral sex;"
ru,хуесосить,to suck a penis,сосать член,Совершать оральный секс.,"To blow, have oral sex;"
ru,хуетень,penis thing,"предмет, связанный с мужским половым органом","Нечто глупое, бессмысленное или некачественное.",Something stupid;
ru,хуетень,penis thing,"предмет, связанный с мужским половым органом","Нечто глупое, бессмысленное или некачественное.",Something stupid;
ru,хуй (в ~ не дует),penis (in ~ does not blow),пенис (не дуть в ~),"Не имеет значения, не представляет никакой важности.","Does not matter, is of no importance."
ru,хуй (за ~),penis behind,пенис сзади,"Сленговое выражение, используемое для выражения удивления или недоумения, примерно означающее «почему?».","Why? (seeна хуй,на хуя);"
ru,хуй (на ~ послать),penis,"пенис, мужской половой орган","Грубое выражение, означающее отказ, оскорбление или посылание кого-либо далеко, обычно в резкой форме.","To refuse, to insult, to send to hell."
ru,хуй (на ~ сесть),penis (to sit on),пенис (сидя сверху),"Оказаться в неблагоприятном положении, когда невозможно достичь желаемого результата или удовлетворить все потребности одновременно.",To be in a unfavourable situation;
ru,хуй (на ~ сесть),penis (to sit on),пенис (сидя сверху),"Оказаться в неблагоприятном положении, когда невозможно достичь желаемого результата или удовлетворить все потребности одновременно.",To be in a unfavourable situation;
ru,хуй (по ~),penis,"пенис, мужской половой орган",Выражает полное безразличие или пренебрежение к чему-либо.,Shows indifference —Мне по хуй“I don’t give a fuck”.
ru,хуй (сосать ~),penis (to suck),пенис (сосание),"Грубое и резкое выражение несогласия или отказа, в переносном смысле приглашающее мужчину к оральному сексу.","Clear cut rebuttal, figuratively inviting to perform oral sex on men."
ru,хуй (через ~ кинуть),penis,пенис,"Обмануть, провести кого-либо, обхитрить.",To con.
ru,хуй в рот (жопу),penis in mouth (ass),пенис во рту (заднице),Категоричный отказ.,Categorical refusal.
ru,хуй важный,important penis,важный пенис,"Начальник, любой человек, обладающий властью или авторитетом.","The boss, any person of authority;"
ru,хуй важный,important penis,важный пенис,"Начальник, любой человек, обладающий властью или авторитетом.","The boss, any person of authority;"
ru,"хуй забить, положить",to hit or lay down a penis,ударить или опустить пенис,"Игнорировать, не обращать внимания.","To ignore, neglect."
ru,хуй знает что,dick knows what,пенис знать что,"нечто неопределённое, неизвестное или непонятное",Something;
ru,хуй знает что,dick knows what,пенис знать что,"нечто неопределённое, неизвестное или непонятное",Something;
ru,хуй не стоит,penis does not stand,неэрегированный половой член,"Неинтересно, не вызывает никакого возбуждения или желания.",Is not interesting (“does not give a stiffy”).
ru,хуй немытый,unwashed penis,непомытый половой член,"Неприятный на запах, грязный человек.","Smelly, dirty individual."
ru,хуи пинать,kick penises,пнуть мужской половой орган ногой,"Проводить время без дела, без пользы, без конкретной цели; бездельничать.","To waste time, to hang around — literally “to kick penises”."
ru,хуй с ним,dick with him,пенис и он,"Выражение, обозначающее безразличие или отсутствие интереса к кому-либо.",Shows the lack of interest for somebody (the hell with him).
ru,хуй собачий (ни за ~),dog's penis,половой член собаки,"Ни за что, напрасно, без всякой причины (может быть случайно или по глупости); буквально «ни за меньшую цену, чем собачий член».","For nothing, vainly (can be by accident, stupidly) — literally “for less than a dog’s dong”."
ru,хуй тебе за щеку!,penis to your cheek,"пенис, прижатый к твоей щеке","Грубое выражение, означающее отказ или нежелание что-либо делать, аналогичное фразе «пошёл ты».",Stuff it!
ru,хуй тебе на постном масле!,dick you on lean oil,на светлом масле есть пенис,"Грубое выражение отказа или презрения, означающее «ни за что» или «никогда».",Stick it where the sun does not shine.
ru,хуйло,penis,"пенис, мужской половой орган","Грубое оскорбительное прозвище, образованное от слова «хуй». В зависимости от контекста может переводиться как «мудак», «дрочила», «ублюдок» или «задница», отражая как этимологию, так и непристойный и оскорбительный характер слова.","Dickhead, wanker, fucker, arsehole. Generally abusive name derived fromхуй. The translation “dickhead” is closer to the etymology of the term whereas “fucker”, “wanker” and “arsehole” better convey the obscene and insulting meaning (which is not fixed but depending on the intention of the author)."
ru,хуйнёй страдать,to suffer from nonsense,страдать от бессмысленных вещей,"Заниматься бесполезными, пустыми делами, тратить время впустую.","To do something useless, waste time."
ru,хуйнуть,to do something,делать что-то,"ударить, нанести сильный удар",To hit;
ru,хуйню спороть,to produce nonsense,производить бессмысленные слова,"Говорить бессмыслицу, нести чепуху.",To talk nonsense;
ru,хуйня,vulgar term for male genitalia,мужской половой орган (грубое выражение),Что-то бесполезное или низкого качества.,Something useless or of poor quality;
ru,хуйня,vulgar term for male genitalia,мужской половой орган (грубое выражение),Что-то бесполезное или низкого качества.,Something useless or of poor quality;
ru,хуишко (хуишка),small male genital organ,малый мужской половой орган,"Небольшой мужской половой орган (вульгарное, пренебрежительное выражение).",Small prick.
ru,хуище,very large penis,очень большой пенис,"Сленговое выражение, обозначающее очень большой половой член; превосходная степень слова «хуй».","Horsecock, oversized dick. Superlative ofхуй."
ru,хулиард,a very large number,Очень большое число,"Очень большое число, огромное количество, несколько меньше, чем дохуйярд.","Bloody high figure, a zillion, somewhat less thanдохуярд."
ru,хухры-мухры,nonsense or trivial things,Бессмысленные или мелкие дела,"Бессмыслица, что-то незначительное, пустяковое.","Nonsense, something worthless."
ru,хую (на ~ вертеть),penis,пенис,"Игнорировать что-либо, не обращать внимания.",To ignore something — literally to let something turn on the penis.
ru,хуя (всего ни ~),dick,пенис,"Очень мало, практически ничего.","Very little,"
ru,хуя (всего ни ~),dick,пенис,"Очень мало, практически ничего.","Very little,"
ru,хуя (до ~),a vulgar term for the male genital organ,мужской половой орган,"Очень много, огромное количество, очень большое число.","A lot, a fucking lot, a shitload. Sometimes emphasised asдо хуища."
ru,хуя (какого ~?),What kind of dick?,Какой пенис?,"Выражение, используемое для выражения удивления или недоумения, примерно означающее «Что ты хочешь?» или «Почему так?».",What do you want?
ru,хуя (какого ~?),What kind of dick?,Какой пенис?,"Выражение, используемое для выражения удивления или недоумения, примерно означающее «Что ты хочешь?» или «Почему так?».",What do you want?
ru,хуя (ни ~ себе),penis,пенис,"Восклицание, выражающее удивление или изумление.",Exclamation of surprise — I say! Blimey!
ru,хуя (ни ~),phallus,пенис,"Выражение, используемое для категорического отрицания или несогласия, означающее «никак», «совсем нет».",No way! (different opinions);
ru,хуя (ни ~),phallus,пенис,"Выражение, используемое для категорического отрицания или несогласия, означающее «никак», «совсем нет».",No way! (different opinions);
ru,хуя? (на ~),What?,Что?,"Зачем? Почему? (используется в разговорной речи, часто с грубым оттенком)",What for? Why? seeна хуй.
ru,хуяк!,sound of a sudden impact,внезапный ударный звук,"ругательное слово, обозначающее быстрое и легкое выполнение действия.",Expletive noting the fast and easy execution of an action.
ru,хуякнуть,to hit or strike suddenly,внезапный удар или столкновение,"Сделать что-то резко, кардинально или эффектно (например, резко сменить длинные волосы на короткие, сделать татуировку и т.п.).","To hit, to do something drastic or spectacular (e.g. switch from a long to a short hair style, get a tattoo…)."
ru,хуякнуться,to hit oneself,ударять себя,"Резко упасть, рухнуть с большой силой.",To fall.
ru,хуярить,to hit hard,сильно ударить,"Идти, ехать, двигаться вперёд.","To go, to drive, to move forward."
ru,хуяссе,no dick self,без пениса сам по себе,"Выражение удивления, сокращённая форма фразы ни хуя себе.","Sign of surprise, contraction ofни хуя себе."
ru,хуячить,to hit forcefully,сильно ударить,"Идти куда-либо, гулять, ехать.","To go somewhere, to walk, to drive;"
ru,цацки,small decorative items,маленькое украшение,"Украшения, ювелирные изделия, часто яркие и броские. Вероятно, слово происходит из идиша.","Blings, jewelleries. Probably of Yiddish etymology."
ru,целинник,virgin land cultivator,осваиватель целинных земель,"Мужчина, который вступает в половой контакт с девушкой, не имевшей до этого интимных отношений; первый партнер.","Man sleeping with a virgin, deflowerer."
ru,целка,a young woman who has not had sexual intercourse,девственница,"Сленговое обозначение женщины, которая не имела половых контактов; девственница.",Virgin (only female) — “whole”.
ru,целочник,whole seal,полная печать,"Заключённый, осуждённый за изнасилование.",Prisoner sentenced for rape;
ru,целочник,whole seal,полная печать,"Заключённый, осуждённый за изнасилование.",Prisoner sentenced for rape;
ru,цицка,breast,грудь,Разговорное обозначение женской груди.,"Tit, breast."
ru,цыбарка,small rolled tobacco stick,маленькая сигарета,Разговорное название сигареты.,Cigarette.
ru,цыганить,to behave like a Gypsy,Вести себя как цыган,"Просить милостыню, попрошайничать.",To beg („to gipsy“).
ru,цыпка,chick,маленький цыпленок,Привлекательная молодая женщина.,Attractive young lady — “chick”.
ru,цырва,a girl,девочка,Пренебрежительное разговорное обозначение девушки.,"Bird, girl (disrespectful)."
ru,чалить,to chill or relax,расслабляться или отдыхать,"заниматься сексом, переспать с кем-либо","To screw, fuck."
ru,чалка,a type of headscarf,платок,"Пренебрежительное обозначение женщины, считающейся легкодоступной для сексуальных отношений.","Slut, easy lay;"
ru,чалка,a type of headscarf,платок,"Пренебрежительное обозначение женщины, считающейся легкодоступной для сексуальных отношений.","Slut, easy lay;"
ru,чвакнуться,to make a popping sound,издавать треск,Поцеловаться.,To kiss.
ru,чё,what,что,"Разговорное сокращение от слова что, используется в просторечии. Может писаться также как шо, што, що.","What, vernacular spelling ofчто, чего. Can be spellt alternitavely asшо, што, що."
ru,чебурнет,Cheburashka net,"Сеть Чебурашка, названная в честь анимационного персонажа Чебурашка","Ироничное название российского суверенного интернета, который может быть изолирован от мировой сети, подобно Китаю или Северной Корее. Название использует образ популярного анимационного персонажа Чебурашки, символизируя нечто типично русское.","Ironic name for the Russian sovereign Internet, should it be isolated from the world wide web as in China or North Korea. The name uses the widely loved animation figure Cheburashka as representing something typically Russian."
ru,чекушка,quarter-liter bottle,Четвертьлитровая бутылка,"бутылка водки объемом 0,25 литра",A bottle of vodka containing 0.25 l (roughly half a pint).
ru,чел,person,"человек, индивид или человечество","Разговорное слово, означающее мужчину, парня; сокращение от слова человек.","Bloke, guy. Short forчеловек."
ru,червонец,ten rubles,десять рублей,"Десять рублей, десятирублевая банкнота или монета. Термин происходит от польского слова czerwony złoty, что означает «красное золото» — название высокоценной золотой монеты. Изначально так называли золотые монеты весом 3,46 г с номиналом 3 рубля. В 1922 году название было использовано для обозначения советской золотой валюты, при курсе один червонец равнялся десяти имперским золотым рублям. Уменьшительно-ласкательная форма — чирик.","Ten roubles, a tenner (monetary unit). The term stems from the Polish wordczerwony złotymeaning “red gold” (a high value gold coin). The name was initially used for gold coins (3.46 g of gold, nominative value of 3 roubles) and was picked in 1922 to name a gold-based soviet currency at the rate of one chervonets for ten imperial gold roubles. Diminutive:чирик."
ru,чёрная дырка,black hole,чёрная дыра,Вульгарное обозначение анального отверстия.,Arsehole (“black hole”).
ru,Черножопия,black buttocks,черная ягодица,"Сленговое уничижительное название южных бывших советских республик (Кавказ, Центральная Азия). Иногда также употребляется в отношении любой страны, населённой экзотическими южными народами.","Southern former Soviet republics (Caucasus, central Asia). Sometimes also any country populated by outlandish Southern populations."
ru,черножопый,black buttocks,черная ягодица,"Пренебрежительное сленговое обозначение человека с тёмным цветом кожи или, более конкретно, выходца с Кавказа. Буквально означает «чёрная задница».","Wog, darky. Dark skinned person or, more specifically, individual from the Caucasus. Literally: “black-ass”."
ru,чёрный чемодан,black suitcase,чёрный чемодан,"Сленговое обозначение женских половых органов, иногда без указания цвета.","Vagina, female genitalia (“black suitcase”). Sometimes the colour is omitted."
ru,чеснок (по ~у),garlic (according to garlic),чеснок (основанный на чесноке),"Честно, без обмана. Юмористическое искажённое выражение от фразы по честному.","Honestly, no bullshit. Humourous deformation ofпо честному."
ru,четвертной,quarter note,четверть банкноты,"Старое название банкнот номиналом 25 рублей, которые использовались в России до 1990-х годов. Также назывались четвертак, хотя это слово чаще применялось к монетам номиналом 25 копеек.","Old name for 25-Rouble banknotes, that circulated in Russia until the 1990s. Also calledчетвертак(although the latter is mostly used for 25 kopecks)."
ru,чех,Czech,чех,"Пренебрежительное прозвище, обозначающее чеченца или кавказца в целом, употребляемое в российской армии. Несмотря на совпадение с названием чеха, слово имеет иное происхождение и является сокращённой формой от слова чеченец. Вариант: чеченоид.","Chechen, Caucasian in general. Ethnic slur in use in the Russian army, althoughчехmeans Czech this word has a different origin, it is a short form forчеченец.Variant:Чеченоид."
ru,чикса,young woman,молодая женщина,"Разговорное слово, обозначающее девушку, девушку или молодую женщину. Вероятно, заимствовано из иврита через идиш, возможно, также под влиянием английского слова «chick» и испанского «chica».","Bird, girl, chick. Probably a loanword from Hebrew (שׁקץ) via the Yiddish (שיקסע). Possibly also influenced by English “chick” and Spanish “chica”."
ru,чирик,chirp,пение птиц,"Разговорное название десяти рублей. Иногда сокращается до чир или удлиняется до чирка, чирибас. В начале XX века так называли монету в 25 копеек (от слова четвертак).","Ten roubles. Seeчервонец. Sometimes shortened toчирor lengthened toчирка, чирибас. In the early 20th century, it was a name for a 25-kopeck coin (fromчетвертак, quarter)."
ru,член,member; part of a group or organization,член; часть группы или организации,"Разговорное обозначение мужского полового органа; также используется в переносном значении, аналогично английскому слову ""member"".","Penis, “member” (double meaning as in English)."
ru,чмо,a contemptible or insignificant person,ничтожный человек,"Простой человек, незначительная личность, дурак. Во множественном числе — чмара. Вероятно заимствовано из идиша שמאָק (shmok), аналогично американскому сленговому слову schmo. Иногда интерпретируется как аббревиатура от человек московской области, на которого смотрят свысока жители Москвы.","Bloke, unimportant individual, idiot. Plural:чмара. Probably loaned from Yiddish שמאָק (shmok), just as American slangschmo. Sometimes interpreted as the initials ofчеловек московской области(person from the Moscow region), that Moscow residents look down upon."
ru,чмобик,disreputable person mobilized,призванный человек с плохой репутацией,"Призванный по частичной мобилизации солдат, вынужденный мобилизованный. Слово образовано сочетанием сленговых слов чмо и мобик.","Mobilised soldier, forced conscript from the partial mobilisation (частичнаямобилизация). Also combinesчмоandмобик."
ru,чмокаться,to make a smacking sound,звук поцелуя,"Целоваться, при этом слово происходит от звукового имитирования поцелуя — чмок.","To kiss (derived fromчмок, an kissing onomatopoeia)."
ru,чморить,to cover with a black mark,покрывать черной меткой,"Оскорблять, обижать. Иногда используется вариант чмарить.","To insult, offend. Sometimes altered toчмарить."
ru,чмошный,derived from the noun 'чмо',происходит от существительного «чмо»,"Плохой, недостойный, презренный. Прилагательное, образованное от слова чмо.","Bad, unworthy, despicable. Adjective derived fromчмо."
ru,чозанах,what is (this/that) for,Для чего это (этот/тот) используется?,"сленговое выражение, сокращение от фразы что за нах…?, используется для выражения удивления или недоумения","WTF, short forчто за нах…?."
ru,чокнутый,crazy; mentally unbalanced,сумасшедший; психически неуравновешенный,"Человек, проявляющий необычное, странное или неадекватное поведение, часто воспринимаемый как сумасшедший или эксцентричный.","Crazy, eccentric, loony."
ru,чпокаться,to make a popping sound,издавать треск,"Разговорное выражение, означающее заниматься половым актом; происходит от звукоподражания чпок.","To screw, to fuck. Derived from the onomatopœiaчпок."
ru,чпокнуть,to make a popping or clicking sound,издавать треск или щелчок,"грубое разговорное выражение, означающее половой акт, обычно с акцентом на анальный секс","Fuck, screw."
ru,чувак,dude,"мужчина, обычно молодой или друг","Разговорное слово, означающее мужчину, парня. Заимствовано из ромского языка.","Bloke, guy. Loaned from Romanesčavófor boy."
ru,чукчи,Chukchi people,"чукчи — народ, проживающий на Чукотском полуострове","Пренебрежительное сленговое обозначение азиатов, преимущественно жителей Сибири и Дальнего Востока России, изначально название народа чукчей с Чукотки, часто употребляемое в шутках для обозначения человека как особенно глупого. Иногда используется в общем значении «идиот», «тупица».","Asian, mostly from Siberia and Far East Russia (ethnic slur). Initially the name of a tribe from Chukotka, that is often referred to in jokes as particularly daft. Sometimes used in the general meaning of “idiot, twit”."
ru,чума,plague,"чума, очень заразное заболевание","Выражение восхищения, обозначающее что-то очень классное, потрясающее.","Mark of admiration, awesome."
ru,чурбан,log,"бревно, длинный круглый деревянный ствол","Оскорбительное этническое прозвище для жителей Центральной Азии, образованное от слова «бревно».",Ethnic slur for Central Asians (“block of wood”).
ru,чуркестанец,a piece of wood,кусок дерева,"Пренебрежительное сленговое обозначение выходца из Центральной Азии, иногда также применяемое к выходцам с Кавказа, происходит от слова чурка.","Central Asian national, sometimes also includes Caucasians, derived fromчурка."
ru,Чуркменистан,Turkmenistan,"Туркменистан, страна в Центральной Азии","Расистское уничижительное название для стран Центральной Азии или мусульманских стран в целом, а также для Туркменистана в частности.","Racist name for Central Asian or Muslim countries in general and for Turkmenistan in particular, seeчурка."
ru,чухануть,to scratch,"чесать, царапать","Совершить что-то спонтанное и радикальное, например, ударить, отступить, внезапно уехать в отпуск, пойти или поехать куда-то.","To do something spontaneous and radical, e.g. to beat up, retreat, go suddenly on vacation, walk or drive somewhere…"
ru,чухонец,name of a Finno-Ugric tribe,Фенно-угорское племя,"Пренебрежительное название финнов (женская форма — чухонка). Финляндию иногда называют Чухня. Изначально это было название финно-угорского племени, жившего в окрестностях Санкт-Петербурга, затем использовалось для обозначения эстонцев, а позже приобрело современное значение.",Pejorative name for Finns (female formчухонка). Finland can be calledЧухня. Initially this was the name of a Finno-Ugrian tribe living in the vicinity of St-Petersburg and was then used to for Estonians before getting the current meaning.
ru,чучмек,a small clay figurine,маленькая статуэтка из глины,"Расистское оскорбительное прозвище, употребляемое в отношении жителей Центральной Азии, иногда также Кавказа.","Racist slur for Central Asians, sometimes also Caucasians."
ru,шайба,puck,хоккей с шайбой,"Лицо, физиономия.","Face, figure."
ru,"шайбу (забить ~, забить пулю)",puck,хоккей с шайбой,"используется в разговорной речи для выражения пренебрежения, отказа или нежелания заниматься чем-либо","Fuck, screw."
ru,шайка,a small group or band,Небольшая группа людей или коллектив,"Группа единомышленников, обычно преследующая преступные или аморальные цели.","Group of same minded individuals, usually with criminal or immoral goals."
ru,шала,quickly; hastily,быстро; поспешно,Неформальное название конопли; также называется шалушка.,Hemp. Also calledшалушка.
ru,шалашовка,small hut,хижина,"Пренебрежительное жаргонное обозначение женщины, воспринимаемой как распущенная или легкомысленная.","Slut, whore."
ru,шапочка,small hat or hood,маленькая шапка или капюшон,"Небольшая шапка или капюшон; используется в выражениях, таких как «шапочки близнецов» и «французская шапочка».","Little cap, hood — used in following expressions:Шапочки близнецов,французская шапочка."
ru,шапочки близнецов,twin caps,шапка для близнецов,"Женский бюстгальтер, в просторечии называемый «шапочками близнецов».",Bra (literally “the twins’ caps”).
ru,шара,ball,мяч,"В выражении на шару означает бесплатно, без усилий.","In the expressionна шаруmeans for free, without effort."
ru,шарахаться,to dodge or avoid suddenly,внезапно уклоняться или избегать,Резко менять направление движения или поведения; внезапно менять мнение или позицию.,"To go (or drive) back and forth, to suddenly change one’s opinion."
ru,шарить,to rummage or search through,"рыться, искать","Хорошо разбираться в предмете, обладать глубокими знаниями в какой-либо области.","To master a subject, to have a good knowledge of something."
ru,шароёбиться,to wander aimlessly,Бродить без цели,"Проводить время без дела, без определённой цели, просто слоняться.",To hang out wasting time.
ru,шахнуть,to strike forcefully,сильно ударить,"Разг. Сильно ударить, сбить с ног; вариант слова жахнуть.","Knock down, variant ofжахнуть."
ru,швабра,mop,швабра,"Непривлекательная женщина, пренебрежительное прозвище.","Unattractive woman, bird (“mop”)."
ru,шворить,to sew or stitch,шитье или сшивание,"Заниматься половым актом, вступать в половой контакт.","To engage in coitus, to copulate."
ru,шворка,a small pin or clasp,маленькая булавка или зажим,"Сленговое выражение, обозначающее половой акт.",Intercourse.
ru,шерсть,wool,шерсть животного,"Сленговое обозначение женских половых органов или лобковых волос (шерсти). Используется в устойчивых выражениях, например: шерстяная кража, шерстяной вор.","Bush, twatrug, female genitalia, pubic hair (“wool”). Used in following expression (not on its own):Шерстяная кража,шерстяной вор."
ru,шершавый,"rough, coarse","грубый, шероховатый","Разговорное, вульгарное обозначение мужского полового члена.","Dick, cock, penis."
ru,шибануться,to hit oneself,ударять себя,"Эвфемизм грубого выражения, означающего сильно ошибиться или потерять контроль над собой.",Euphemism forебануться.
ru,шибздик,no direct Chinese meaning,нет прямого китайского значения,"Низкорослый человек, маленького роста.","Midget, short individual, shrimp."
ru,шизанутый,crazy or mentally unstable person,человек безумный или психически нестабильный,"Ненормальный, психически нестабильный человек.","Crazy, psycho."
ru,шило в жопе,awl in the buttocks,Шило в ягодице,"Чрезмерная нервная возбудимость или беспокойство, проявляющееся в постоянном желании что-то делать или двигаться.",Restlessness (“a stitching awl in the arse”).
ru,шимпанидзе,chimpanzee son,сын шимпанзе,"Ироничное и уничижительное прозвище грузин, якобы обладающих обильным телесным оволосением. Образовано сочетанием слова шимпанзе и суффикса -дзе, характерного для западногрузинских фамилий и означающего «сын».","Ironical and condescending name for Georgians, who are said to have ample body hair. Combination ofchimpanzeeand the suffix-ძე(-dze, typical ending of West-Georgian surnames meaningson of)."
ru,ширяться,to spread out or scatter,"распускать, разворачивать",Употреблять героин или вводить наркотики инъекционно.,"To take heroin, to inject drugs."
ru,школота,schoolchildren,школьники,"Школьники, употребляется с лёгким пренебрежением.","Schoolchildren, mildly insulting meaning."
ru,шконка,bunk bed,двухъярусная кровать,"Койка, кровать, обычно в тюремной или казарменной обстановке.","Bed, bunk."
ru,шкура,animal skin,кожа животного,"Женщина, занимающаяся проституцией.","Prostitute. Lit. “skin, hide”."
ru,шланг,hose or tube,трубка или шланг,"Сленговое обозначение мужского полового члена, образованное от немецкого слова Schlange (змея), возможно через идиш שלאַנג.","Schlong, dick (“tube”). From GermanSchlange(snake), possibly through Yiddish שלאַנג‎."
ru,шлюха,whore,проститутка,"Женщина, занимающаяся проституцией; вульгарное и уничижительное обозначение женщины с легкомысленным поведением в сексуальной сфере.","Prostitute, slut."
ru,шляпа,hat,шляпа,"Пренебрежительное обозначение глупого, некомпетентного человека.","Git, idiot, twit."
ru,шмалить,to shoot or fire (a gun),стрелять,Курить марихуану или другое наркотическое вещество.,To smoke dope.
ru,шмаль,gunpowder,порох,"Неформальное название гашиша, иногда также марихуаны или конопли.","Hashish, sometimes also pot, weed."
ru,шмара,a female spirit or household demon,женская душа или домашний демон,"Пренебрежительное жаргонное обозначение женщины, часто с намёком на распущенность или низкую нравственность; южнорусская искажённая форма имени «мара», которым в славянской мифологии называли жену домового, испытывающую враждебность к мужчине (чаще известную как кикимора).","Slut, whore. South Russian deformation of the nameмараby which the man-hating wife of theдомовойwas called in Slavic mythology (she is more often referred to asкикимора)."
ru,шмаравозка,a vehicle or car,транспортное средство или автомобиль,"Пренебрежительное название автомобиля, ассоциирующегося с вульгарностью и показной дешевизной, часто используемого для обозначения машины, принадлежащей сутенёру или считающейся «шлюховской».","Pimp car, slutmobile, tacky and showy automobile."
ru,шмонка,small bag or pouch,маленький пакет или сумка,разговорное грубое обозначение женских половых органов,"Pussy, female naughty bits;"
ru,шмонка,small bag or pouch,маленький пакет или сумка,разговорное грубое обозначение женских половых органов,"Pussy, female naughty bits;"
ru,шмотки,"clothes, rags","одежда, тряпка","Одежда, тряпки. Вероятно, заимствование из идиша (שמאַטע, shmates — тряпка).","Clothes, rags. Probably a loanword from Yiddish (שמאַטע,shmates— rag)."
ru,шнобель,beak,птичий клюв,"Большой нос, нос с выдающейся формой. Заимствовано из идиша Schnabel («клюв»).","Honker, big nose. Loaned from YiddishSchnabel(“beak”)."
ru,шняга,a thing or object,"вещь, предмет","Вещь, предмет, обычно с оттенком пренебрежения или неважности.",A thing;
ru,шоколадная дырка,chocolate hole,шоколадная дыра,"Разговорное выражение, обозначающее анус.",Arsehole (“chocolate hole”).
ru,шоколадница,female chocolate maker,женщина-шоколатье,Разг. анатомическое обозначение ягодиц.,Arse.
ru,шпаргалка,small piece of paper with notes,листок с заметками,"неофициальная записка с подсказками, используемая для списывания на экзамене или контрольной работе","ID, official document;"
ru,шпаргалка,small piece of paper with notes,листок с заметками,"неофициальная записка с подсказками, используемая для списывания на экзамене или контрольной работе","ID, official document;"
ru,шпилить,to play a game or to strike,играть или бить,"Грубое разговорное выражение, означающее заниматься половым актом.","Fuck, screw."
ru,шпора,spur,шпоры — металлический инструмент для побуждения лошади к движению при верховой езде,"Разговорное название шпаргалки, записки с подсказками для подготовки к экзамену.","Crib, deformation ofшпаргалка."
ru,штука,thing,вещь,"Разговорное обозначение тысячи (единиц чего-либо, предметов). Также используется форма штукарь. Полштуки означает пятьсот.","Grand, thousand (“item, thing”), also calledштукарь. Accordinglyполштукиmeans five hundred."
ru,штукарь,piece,"штука, предмет","Разговорное обозначение тысячи, вариант слова штука.","Thousand, variant ofштука."
ru,штукатуриться,to plaster or apply plaster,наносить штукатурку,Наносить макияж.,To apply make-up.
ru,штуцер,a type of rifle or carbine,Винтовка или карабин,Сленговое обозначение тысячи рублей.,Thousand (“carabine”).
ru,шулята,"core, nucleolus",ядро,"Разговорное: яички, мужские половые железы. Множественное число от слова шуло («ядро, ядрышко»).","Balls, testicles. Plural ofшуло(“kernel, nucleus”)."
ru,ща,now,сейчас,"Разговорное сокращение слова «сейчас», часто употребляемое в неформальной речи.","Now, colloquial deformation ofсейчас. Also commonly used asщас."
ru,щекотун,tickler,легкое прикосновение или почесывание,"Мужской половой орган небольшого размера, прозвище «щекотун».","Penis of modest size, “tickler”."
ru,щёлкать,to click or snap,щелкать,"Делать фотографию, снимать снимок.","To take a picture, a snapshot."
ru,щель,a slit or narrow opening,узкая щель или прорезь,"Разрез, женские половые органы. Уменьшительная форма: щёлка.","Slit, female genitalia. Diminutive:щёлка."
ru,щемиться,to press or squeeze,давить или сжимать,"Спешить, торопиться.",To run.
ru,щупать,to feel or touch with hands,прощупывать рукой,"Неформальное выражение, означающее ощупывать кого-либо, обычно в интимном или ласковом контексте.","To feel up, to pet."
ru,ы,Cyrillic letter 'ы',"кириллическая буква ""ы""","Символизирует смех, буква часто повторяется для усиления выражения смеха (ыыыы…). Иногда используется как краткая форма английской аббревиатуры lol (laughing out loud), так как визуально похожа на неё.","Symbolises laughter, the letter is often repeated to underline the intensity of laughs (ыыыы…). The letter is sometimes used as a short form for the English acronymlol(laughing out loud), as it looks quite similar."
ru,эклер,eclair,"длинное французское пирожное, обычно с кремом и шоколадной глазурью","Сленговое обозначение мужского полового члена, использующееся в разговорной речи.",Penis (éclair /pastry/).
ru,электроштуцер,electric connector,электрический соединитель,"Вибратор с электрическим кабелем; слово «штуцер» изначально означало короткоствольное ружьё, называемое Stutzen или Stutzer в южногерманских диалектах.",Vibrator with an electric cable (штуцерinitially means a gun with a short barrel which is calledStutzenorStutzerin Southern German dialects).
ru,элкаэн,no standard meaning,Без стандартного значения,"Сленговое обозначение человека кавказской национальности, сокращение от лицокавказскойнациональности. Вариант: элканавт.","Caucasian (i.e. native from the Caucasus region), acronym ofлицокавказкойнациональности. Variant:элканавт."
ru,эмжо,M / F (men / women),Буквы М и Ж обозначают мужчину и женщину соответственно.,Туалет. Происходит от надписи М / Ж (мужчины / женщины) на уборных и получил популярность благодаря фильму «Бриллиантовая рука».,Toilet. Comes from the inscriptionМ / Ж(Gents / Ladies) at the lavatories and was popularised by the filmбриллиантовая рука.
ru,эникейщик,any key,любая клавиша,"Низкоуровневый специалист в области информационных технологий, отвечающий за поддержку пользователей. Слово происходит от английского выражения any key («нажмите любую клавишу»).",Low ranking IT specialist in charge of user support. The word stems from Englishany key(“Pressany keyto continue…”).
ru,энторнет,internet,"Интернет, глобальная компьютерная сеть",Разговорное иронично-пренебрежительное искажённое произношение слова «интернет».,"Internet, colloquial mispronunciation with an ironic-condescending nuance."
ru,эстонить,to act like an Estonian,Действовать как эстонец,"Действовать медленно, проявлять замедленную активность. Аллюзия на воспринимаемую русскими медлительность эстонцев.","Act slowly. Allusion to the perceived sluggishness of Estonians, from a Russian point of view."
ru,эшник,employee of the Center for Countering Extremism,Сотрудник центра по борьбе с экстремизмом,"Сотрудник Центра по противодействию экстремизму (Центр «Э») в Министерстве внутренних дел Российской Федерации, политическая полиция, используемая для подавления инакомыслия по указанию Кремля.","Member of the centre for combating extremism (a.k.a.Центр «Э») within the ministry of internal affairs of the Russian federation, political police used to suppress dissent by the Kremlin."
ru,юбочник,a person who works night shifts,ночной работник,"Мужчина, который часто и охотно ухаживает за женщинами, ловелас.","Womanizer, skirt chaser (юбка— skirt)."
ru,юзать,to use,использовать,"Использовать, заимствовано из английского глагола.","To use, borrowed from the English verb."
ru,юзверь,user beast,пользователь зверь,"Пользователь компьютера, обозначаемый в пренебрежительном или ироничном смысле; слово образовано слиянием английского user и русского зверь.",User (computer slang). Pejorative name mixing the Englishuserand Russianзверь(wild animal).
ru,юкс,one,цифра один,"Сленговое обозначение денег, один рубль. Происходит от финского слова yksi — один.","Money, one rouble. From Finnishyksi— one."
ru,юлдак,a male reproductive organ,мужской половой орган,"Разговорное, вульгарное обозначение мужского полового члена; альтернативное написание слова «елда».","Dick, cock. Alternative spelling ofелда."
ru,юлдачить,to accompany or to be a companion,сопровождать или быть спутником,"заниматься половым актом (в грубой, разговорной форме)","To screw, fuck."
ru,юморнуть,to make humor,создавать юмор,"Совершать розыгрыши, шутить над кем-либо на практике.",Do practical jokes.
ru,юс,United States,"Америка, имеется в виду страна Америка","Разговорное обозначение американца, происходит от английского сокращения «US» (Соединённые Штаты).","Yankee, American (derived from English “US”)."
ru,юсовский,related to the USA,Американский,"Относящийся к США, американский.","American, from the USA."
ru,ябать,to f***,для обозначения полового акта,"Грубое разговорное слово, означающее половое сношение, искажённая форма слова ебать.","To fuck, deformation ofебать."
ru,яблофон,apple phone,яблоко телефон,"Разговорное название смартфона iPhone, образованное от слов «яблоко» и «телефон».","iPhone, translates as “apple-phone”."
ru,ягуарить,to act like a jaguar,Действовать как ягуар,"Пить алкогольный энергетический напиток «Ягуар», который пользуется популярностью среди молодежи.","To drink the alcoholic energy drink “Jaguar” (in Russianягуар), which is rather popular amongst young people."
ru,ядрён батон,spicy baton,острый багет,"Восклицание, выражающее сильные эмоции, менее грубое, чем бранное слово блядь.","Exclamation, not quite as vulgar asблядь."
ru,яжемать,I am mother,Я мать,"Женщина, считающая, что материнство даёт ей особые права, включая право быть требовательной и настойчивой, подобно стереотипу «Карен», которая при этом является матерью.","Women who believes that being a mother confers her special rights including being demanding and downright, a Karen that has given birth. Sometimes writtenяжмать, follows the grammatic behaviour ofмать."
ru,яйца,eggs,"яйцо, обозначающее яйцо птиц или других животных",Разговорное название мужских половых желез; в стандартном русском языке — «яйца».,"Eggs in the basket, nuts, testicles. In standard Russian “eggs”."
ru,яичница,fried eggs,жареное яйцо,Результат удара в яички. Буквально означает «яичница».,The result of a kick in the nuts. Literally “scrambled eggs” (seeяйца).
ru,ялдаш,comrade,"товарищ, означающий друга или партнёра","Пренебрежительное название узбеков и центральноазиатских народов, происходящее от слова «товарищ» в тюркских языках (например, азербайджанское «yoldaş», татарское «юлдаш»).","Disrespectful name for Uzbeks, Central Asians. Derived from the word for comrade in Turkic languages (Azerbaijani:yoldaş, Tatar:юлдаш)."
ru,ялдометр,yalda meter,ялда — длинная палка,"Сленг: большой пенис, см. ялда.","Large penis, seeялда."
ru,яМобилко,I mobile,я мобильный,"iPhone, русифицированное название, образованное путем отдельного перевода частей оригинального названия.","iPhone, russification of the trade mark by separate translation of parts of the name."
ru,японский городовой,Japanese policeman,японский полицейский,"Эвфемистическое выражение, обозначающее японского полицейского, основанное на созвучии слов «японский» и «ёбанный».","Damn it, bugger. Euphemistic expression meaning “Japanese police officer” based on the similar sound ofяпонскийandёбанный."
ru,ящерица,lizard,"ящерица, вид пресмыкающихся",Сленг: мужской половой член.,"Willy, John Thomas, penis (lit. “lizard”)."
ru,ящерицу потискать,to cuddle a lizard,Обнимать ящерицу,Сленг: помочиться.,"To pee, to pass water."
ru,ящик,box,коробка,"Телевизор, телевизионный приёмник. Буквально «коробка».","Television, telly. Literally “box”."
zh,牛马三件套,"Ox, horse, and three-piece set",牛、马和三件套装,指的是房贷、车贷和下一代，形容生活中常见的三种经济压力或责任。这个梗流行源于部分网友对自己的生活状态感到无奈，认为自己像牛马一样辛勤劳作却难以摆脱这些负担，因此这个词具有消极的意味。,"A slang term referring to the three common financial burdens of mortgage, car loan, and raising the next generation, symbolizing the exhausting economic pressures in life."
zh,干饭哥,Brother who eats (food).,吃饭的哥哥,来源于他的网名“光靠干饭就”。这个昵称表现了他的幽默个性。,"A humorous nickname derived from the phrase ""just rely on eating."""
zh,邪恶摇粒绒,Evil fleece fabric,邪恶的摇粒绒织物,形容脾气火爆、性格不太友好的毛茸茸小狗，特别是那些毛发像摇粒绒织物的小狗品种，如泰迪、比熊等。这个术语是基于这些小狗的外观与摇粒绒材料的相似性演变而来的。,"A term describing small fluffy dogs with a fiery temperament, especially breeds with fleece-like fur such as poodles and bichons."
zh,没苦硬吃,To endure hardship unwillingly despite not facing actual difficulties.,没有苦难却硬要吃下去,在并不需要吃苦的情况下，主动去承受不必要的艰难，从而导致适得其反的行为。,"Unnecessarily enduring hardship when it is not required, resulting in counterproductive outcomes."
zh,贵圈真乱,Your social circle is really chaotic.,你的圈子真的很混乱,是用于调侃某个社群或圈子里复杂且错综的人际关系的表达。该短语是讽刺意味的，常用来指涉圈子内涉及权力、利益和情感等多种关联，这些关系通常不为外人所知，形容圈内的“水很深”。,"A sarcastic expression used to describe the complex and tangled interpersonal relationships within a community or circle, often involving hidden power, interests, and emotions."
zh,皮这一下很开心,Lightly scratching the skin feels very happy.,轻轻地挠一下皮肤感到很开心,指调皮、捣蛋后自得其乐，多用于搞笑、吐槽。,"Feeling pleased after being mischievous or playful, often used humorously or sarcastically."
zh,秦王步法,Walking style of the Qin dynasty ruler,秦朝国君的行走步伐方式,指的是在游戏中，角色贴着掩体反复移动，以躲避敌人攻击的走位技巧。尤其用于形容角色残血时通过绕柱子等障碍物来阻挡敌人视线，等待支援或逃出险境。,"A gaming movement technique where a character repeatedly moves close to cover to evade enemy attacks, especially by circling obstacles to block enemy sight when low on health."
zh,开黑,Open a black object,打开黑色物体,指玩家通过语音等便利方式，组队进行对战类游戏的行为，通常能提升团队协作效率。,"The act of teaming up via voice communication to play competitive games, usually enhancing team coordination."
zh,抢人头,Seizing another person's head position.,抢夺别人的人头部位,指的是在多人在线游戏中，尤其是MOBA、MMORPG、FPS类型游戏中，某个玩家在别人快要击杀敌人时，抢先攻击并获得最后击杀，从而获得更多的奖励和成就感。,"In multiplayer online games, especially MOBA, MMORPG, and FPS, the act of attacking an enemy just before another player kills them to secure the final hit and gain extra rewards and satisfaction."
zh,送人头,Give one's head to others.,把头部送给别人,指在MOBA类游戏中，玩家故意让对手击杀自己，为对方提供金币和经验。这种行为通常出于消极心态，导致游戏体验受损。,"In MOBA games, deliberately allowing opponents to kill oneself to provide them with gold and experience, usually due to a negative attitude."
zh,背锅,To take the blame.,背着锅,指一个人或组织在某个事件中替其他人或组织承担责任，通常是在事件失败后被归咎于某人。背锅的人被称为“背锅侠”。,To take the blame or responsibility for a failure or mistake on behalf of others.
zh,非洲人,People from the African continent,非洲大陆上的人群,在宅圈中用于形容运气不佳或没钱的玩家，通常指游戏中抽卡或掉落运气特别差的人。这一用法源于“脸黑”的比喻。,"A term used in gaming communities to describe players with very bad luck or poor in-game rewards, especially in card draws or item drops."
zh,非洲战神,War god of the African continent,非洲大陆的战神,指的是在氪金抽卡游戏中，稀有度较低但战斗力极高的角色。这类角色非常普及，甚至通过简单的登录或活动条件即可获得，成为玩家，尤其是运气不佳的“非洲人”的得力助手。,"A low-rarity but highly powerful character in gacha games, commonly accessible through simple login or event conditions, often favored by players with poor luck."
zh,天胡,Heavenly beard,天上的胡子,源于麻将中指庄家开局即凑成和牌，这种情况被称为“天胡”。因为这种情况需要极高的运气，难度极高。在卡牌对战类游戏中，“天胡”同样用来指开局即拥有非常理想的牌型，能够快速建立优势，甚至直接获胜。然而，如果后续的运气不好导致输掉比赛，这种情况被称为“诈和”。,"A rare event where a player starts with an exceptionally strong hand, leading to an immediate advantage or win, often requiring great luck."
zh,吃鸡,Eat chicken meat,吃鸡肉,"源于赌场术语""Winner winner, chicken dinner""，意指大获全胜。经英国电影《决胜21点》和游戏《绝地求生》而流行，现在广泛用于指在任何比赛中取得好成绩。","Originally from the casino phrase ""Winner winner, chicken dinner,"" it means achieving a big victory and is now widely used to indicate winning or performing well in any competition."
zh,弹幕,A screen of projectiles launched.,发射的幕布,用户可以通过评论，让这些评论像字幕一样在视频上滚动。它在网络文化中代表了一种即时的、群体性的观看体验。,"Comments that scroll across a video like subtitles, enabling a real-time, collective viewing experience."
zh,粉切黑,Pink cutting black,粉色切割黑色,指“粉红的外表下内藏着腹黑的内在”，用于形容表面可爱、实则腹黑的角色。典型表现为拥有粉色头发的角色，常常具有腹黑、黑化或双重人格等特征。,Describes a character who appears cute and innocent but is actually scheming or manipulative underneath.
zh,萝莉,Radish and plum.,萝卜和李子,最初用于形容9至16岁之间幼小可爱的少女形象，逐渐发展为ACG文化领域中广泛使用的一个次文化术语。不再严格限定年龄，而更多是指代具有幼小、可爱特质的女性形象。,"A term originally describing young, cute girls aged 9 to 16, now broadly used in ACG culture to refer to female characters with youthful and adorable traits regardless of age."
zh,团灭,The entire team is eliminated.,整个团队被消灭,指的是一个团体或团队的全部成员被消灭，通常用于描述游戏中团队的全员阵亡。,"The complete elimination of all members of a group or team, often used to describe a team's total defeat in a game."
zh,少女卷轴,Scroll of a young woman,年轻女性的卷轴,"尤其是《上古卷轴4：湮没》。这些MOD使游戏中的女性角色和环境变得华丽，因此被戏称为""少女卷轴""。","Mods for The Elder Scrolls IV: Oblivion that enhance female characters and environments to appear more beautiful, humorously called ""少女卷轴"" (少女 meaning young girl)."
zh,爆肝,Liver rupture or liver damage.,肝脏爆裂或肝脏受损,指的是为了完成某项任务而付出大量时间和精力，尤其是在晚上熬夜的情况下。最初用于游戏玩家中，形容为了提升游戏角色、完成任务或获取稀有物品需要熬夜和大量投入精力。现也被用于任何需要长期努力和熬夜的活动。,"Working intensively for long hours, especially staying up late, to complete a task."
zh,外挂,An external auxiliary device or program installed separately.,安装在外部的辅助设备或程序,指的是用于电脑游戏中实现作弊行为的软件，能够破坏游戏的平衡性和体验。广泛应用于网络游戏中，因其不公平性，严重影响游戏的体验。衍生义上，“外挂”可以用来形容某人或某事表现得特别出色，超过常人预期。,"Software used to cheat in computer games, disrupting game balance and experience; also used figuratively to describe someone or something performing exceptionally well beyond expectations."
zh,补刀,To stab again; to add another wound.,补上刀伤,从而获得经验和经济的游戏行为。这是游戏中提高英雄等级和经济的重要方法之一，直接影响玩家的游戏表现。,"A gaming action of securing kills to gain experience and resources, crucial for leveling up heroes and improving performance."
zh,肝稿,Writing articles using one's liver (figuratively working extremely hard).,用肝脏写稿件,"是指为了完成某项任务或作品（如绘画、动画、作业等）而熬夜耗费大量时间和精力的行为。""肝""作为动词，意味着投入大量时间和精力。",Working intensively and staying up late to complete a task or project.
zh,跳票,Skipping the payment deadline on a bill.,跳过票据付款期限,指某人或公司未能兑现承诺，常用于指游戏、影视或数码产品等延期发行。,"Failure to fulfill a promise, often referring to delayed release of games, films, or digital products."
zh,违和感,A feeling of disharmony or incongruity.,违背和谐的感觉,"指的是将两件或多件看似不相关或不协调的事物放在一起时产生的不舒适感或不适应感。相反的说法是""毫无违和感""，意指这些事物放在一起看上去自然协调，仿佛原本就应该在一起。",A feeling of discomfort or incongruity when two or more seemingly unrelated or mismatched things are placed together.
zh,彩蛋,Colored egg,彩色的蛋,通常由制作方特意添加，供玩家或观众发现。,An intentional hidden feature or message added by creators for players or viewers to discover.
zh,暴击,A powerful attack that hits the target.,猛烈的攻击击中目标,原指游戏中攻击造成超常伤害的情况，后引申为生活中造成强烈心理冲击或切中要害的行为或语言。,"Originally referring to unusually high damage in games, it now means an action or remark that causes a strong psychological impact or hits the core issue."
zh,萌翻,Sprout overturning,萌芽翻转,由“萌”衍生而来。作为形容词时，它是“萌”的加强版，表示某物非常可爱，相当于“可爱爆了”。作为动词时，它描述某物因为特别可爱而打动某人，使其特别喜欢。,"An intensified form of ""cute,"" describing something extremely adorable or causing someone to be deeply charmed by its cuteness."
zh,恶意卖萌,Deliberately acting cute with malicious intent.,故意做出可爱的样子带有恶意,指卖萌过度，显得刻意和不自然，甚至让观者反感。这个词被用于戏谑和调侃中，带有黑色幽默的意味。,"Excessive and forced cuteness that appears unnatural and may annoy viewers, often used humorously or sarcastically."
zh,小天使,Little angel,小的天使,用来形容人物的可爱外表、善良纯真的性格，或具有吐槽意味，表示他们过于理想主义和天真。,"Used to describe someone’s cute appearance and kind, innocent personality, sometimes implying they are overly idealistic and naive."
zh,小姐姐,Young girl or young woman,小女孩或年轻女性,用于亲切地称呼温柔、美丽的年轻女性，常在ACG界和网络中使用。,"A friendly term for a gentle and beautiful young woman, commonly used in ACG communities and online."
zh,口胡,To make sounds with the mouth or speak nonsense.,用嘴巴发出声音或胡乱说话,原指泄愤或感叹。在网络上，它被引申为“胡说”或“随意说说”的意思。,"Originally expressing venting or exclamation; online, it means to talk nonsense or speak casually."
zh,精分,Schizophrenia,精神分裂,但在网络用语中，通常指一个人展现出多重人格或多种行为方式。在配音领域，指声优为不同角色切换音色和性格。,"In internet slang, refers to a person displaying multiple personalities or behaviors; in voice acting, switching voice tones and personalities for different characters."
zh,毁三观,Destroy the three types of worldviews.,毁坏三种世界观,以至于颠覆了大多数人对世界的基本看法或理解，包括他们的世界观、人生观和价值观。这可以涉及传统认识的各个方面，例如物质守恒等科学理论。,"To the extent of overturning most people's fundamental views or understanding of the world, including their worldview, outlook on life, and values."
zh,脑残粉,A fan with brain damage.,脑部受损的粉丝,是对某人或事物表现出毫无理由地、理性丧失地极度崇拜和维护的粉丝的贬义称呼。这些粉丝常常不允许他人对他们崇拜的对象有任何负面评论。,"A derogatory term for fans who irrationally and excessively idolize and defend someone or something, often refusing to tolerate any negative comments about their object of admiration."
zh,玻璃心,A heart or heart-shaped object made of glass.,玻璃制成的心脏或心形物品,指的是一种敏感脆弱的心理状态，形容人容易受伤、容易感到被冒犯，承受批评或挫折时显得尤为脆弱。,A sensitive and fragile mindset prone to feeling easily hurt or offended.
zh,铁三角,A triangular structure made of three iron rods.,由三根铁制成的三角形结构,指形成牢固搭档关系的三个人或三个组织，常用于吐槽或描述固定搭配的三个角色或组织。,A trio of closely bonded individuals or organizations forming a stable partnership.
zh,感人,Moving; touching,令人感动,网络用语“感人”是用来讽刺或吐槽某物或某人在某方面表现得非常差、低、弱、矬、烂等，以至于让人感到无奈或无语。,"Internet slang used sarcastically to describe something or someone performing very poorly or badly, evoking helplessness or speechlessness."
zh,魔性,Possessing devilish nature or magical power.,具有魔鬼性质或魔力的特性,源于御宅文化，指代具有某种谜之魔力的事物，令人欲罢不能，仿佛被恶魔施加了诱惑力。它描述的对象常让人感到精神中毒或难以停止。可以作为形容词或名词来使用。,"A quality of having an irresistible, almost hypnotic charm that makes one unable to stop or resist."
zh,给力,To give strength or power,给与力量,类似于说某事很棒或很酷。,Describes something as awesome or cool.
zh,神回,Miraculous round (in a game or event),神奇的回合,或引发极大话题的一集。它可能因为震撼的剧情、出人意料的转折、优秀的画质和作画、感染力强的配音和音乐等因素而受到赞誉。,"An episode that generates significant discussion, praised for its shocking plot, unexpected twists, high-quality visuals, and impactful voice acting and music."
zh,中毒,Poisoned or infected with disease.,受到毒害或感染疾病,指的是对于某些具有强感染力或魔性的音频、视频、动态图像等产生上瘾的状态，使人反复观看或收听，并且欲罢不能。,"An addictive state caused by highly captivating or viral audio, video, or animated content that compels repeated viewing or listening."
zh,发糖,Distributing candy,分发糖果,通常用于描述一对情侣角色之间秀恩爱的情景，类似于现实中在婚礼上发喜糖的习俗。,"Typically used to describe a couple showing affection publicly, similar to the tradition of distributing wedding candies."
zh,洗白,To wash with water to make white.,用水清洗使变白,指的是反派角色或具有负面历史的角色通过剧情发展或揭示正面形象而改变为正面角色。这种变化通常涉及故事情节的显著转折，以及观众对角色的重新认识。,The process of redeeming a villain or negatively perceived character by revealing positive traits or changing their role to a protagonist through the storyline.
zh,坑爹,Digging (a hole for) one's father.,挖掘父亲,一般用来描述被骗、上当或遇到不如预期的体验，也有做子女的让父亲陷入困境的意思。,"Used to describe being deceived, tricked, or experiencing something disappointing; also refers to causing trouble for one's father."
zh,恋人未满,A relationship that has not yet fully developed into a romantic partnership.,恋人关系尚未完全建立,表示两个人之间的感情比朋友更深厚，但尚未达到恋人的程度。这种关系包含着比普通朋友更加亲密和暧昧的互动，但由于欠缺明确的恋人承诺，所以显得异常美好而脆弱。,A relationship deeper and more intimate than friendship but not yet reaching the level of romantic partners.
zh,有生之年,The years one is alive,有生存的年份,用于形容长时间等待后，终于看到某作品更新或完结的惊讶与激动。常用来表达对更新缓慢的调侃或抱怨，也可纯粹表达欣喜之情。,"Used to express surprise and excitement after a long wait for an update or completion of a work, often humorously commenting on slow updates."
zh,打码,Mark or process using code.,用代码进行标记或处理,通过对特定区域进行模糊化处理，使其无法辨认，主要用于掩盖露点、血腥、暴力及隐私内容。其效果类似于打马赛克，通常用于保护隐私或遵守相关法律法规。,"The act of blurring specific areas to obscure details, commonly used to conceal nudity, blood, violence, or private information for privacy protection or legal compliance."
zh,套路,A fixed set of actions or steps.,一套固定的动作或步骤,原指武术中的招式组合。后衍生为各种含义，例如社交网络中，指精心策划的计划或阴谋；游戏中，指某种特定的玩法；媒体内容中，指被用过太多次的设定或剧情；程序设计中，指语法糖、设计模式等。,"A set of tactics or patterns repeatedly used in various contexts such as social networking, gaming, media, or programming."
zh,安利,A company name used to recommend certain products or services.,推荐某种产品或服务的公司名称,在网络语境中通常指“强烈推荐”某物或某事。它表达了一种出于个人喜好而热切分享和推荐的态度。,"In online contexts, it means to enthusiastically recommend something based on personal preference."
zh,划水,To move forward on the water by paddling.,用划桨的动作在水面上前进,指在工作或游戏中偷懒、不认真对待、出工不出力的行为。这个词来源于古代划船时一些水手假装用力，但实际上并没有真正用力，全程敷衍的情况。现代语境中接近“打酱油”的意思。,To slack off or put in minimal effort at work or during a game.
zh,懒癌,Laziness as if a disease,懒惰的疾病,非常懒惰的人被称为“得了懒癌”，形容这种懒散的状态如同不治之症。,"An extremely lazy person, described as having a laziness so severe it is like an incurable disease."
zh,下限,Minimum limit or baseline,最低限度或底线,在网络用语中通常用来形容容忍无节操事物的最低标准或底线。有时是用于形容一个人或事物在道德、行为上的最低限度，通常带有贬义，特别是在形容那些毫无节操、几乎无法更加低俗的状况或行为时。,"In online slang, the minimum acceptable standard or moral bottom line, often used derogatorily to describe shameless or extremely vulgar behavior."
zh,节操,Integrity and self-discipline,节约操守,在ACG文化中多用于表现对某种目的和欲望的抵抗力，或者指坚持不降低自我底线的能力。也用于形容行为没有下限，被称为“无节操”。,"In ACG culture, refers to the ability to resist certain desires or maintain personal boundaries; also used to describe behavior lacking limits, called ""no 节操."""
zh,人生赢家,Winner in life,人生中的胜利者,通常指的是在现实生活中取得全面成功的人，即事业、人生和爱情上都取得了良好结果的人。在二次元和宅文化中，它特指那些在朋友或爱情方面达到了理想状态的人物，常让人羡慕嫉妒。,"A person who has achieved comprehensive success in career, life, and love, often envied for their ideal relationships or friendships."
zh,精神污染,Mental pollution or harm.,对精神产生的污染或伤害,指对人的心理造成严重负面冲击的现象，导致精神状态发生明显变化，如敏感、焦躁、不安，甚至崩溃。通常指观看鬼畜、洗脑、重口味作品后产生的感受。,"A phenomenon causing severe negative psychological impact, leading to noticeable changes in mental state such as sensitivity, agitation, anxiety, or breakdown, often resulting from exposure to disturbing or intense media content."
zh,吃手手,Sucking one's own hand.,吃自己的手手,起初指婴幼儿自发的自然行为，后来因网络表情包的影响而被萌化、恶搞，成为网络流行语，通常用于表现可爱、卖萌的状态。,"Originally referring to infants' natural behavior of sucking their hands, later popularized online as a cute and playful expression to show adorableness."
zh,大雾,Thick fog,浓厚的雾气,通常用于表示之前的陈述或评论是故意曲解或以开玩笑的态度发表的。它也可以表示上一句话具有深刻或不可捉摸的含义，是“大误”和“大污”的变形。,"Used to indicate that a previous statement was intentionally distorted, made in jest, or carries a profound or elusive meaning; a variation of ""big mistake"" and ""big dirty."""
zh,正宫,Official wife or principal spouse,正式的妻子或正室妻子,在ACGN作品中指男主角的主要情感对象，通常指女主角，也是出镜率和与男主匹配度最高的角色。该角色通常是故事的核心，与剧情和世界观关系紧密。,"In ACGN works, the main romantic partner of the male protagonist, usually the female lead, who appears most frequently and is most compatible with him, serving as the story's core character closely tied to the plot and world."
zh,现象级,Phenomenal level: reaching the degree of a notable phenomenon.,现象级指达到现象层次的程度。,用来描述某一作品引起了广泛的社会关注，而不仅仅是局限在其原有的小圈子内。这样的作品能够突破其原本的受众群体，甚至吸引到社会整体的注意力。,Describes a work that gains widespread social attention beyond its original niche audience.
zh,黑科技,Black technology,黑色的技术,指超越当前人类科技水平、缺乏科学依据但表现异常强大的技术、产品或现象。常用于描述那些令人难以理解、感觉“高深莫测”的技术或发明。,"Refers to technology, products, or phenomena that surpass current human scientific understanding, lack scientific basis, yet exhibit extraordinary power or complexity."
zh,倒贴,Providing financial support instead of receiving it.,反向贴补钱财,指女生主动追求男生，并用财物贴补对方。这个用语常见于ACG领域，尤其在一些二次元作品中，典型场景为萌妹子追求并“倒贴”给男生。,"Refers to a girl actively pursuing a boy and financially supporting him, commonly used in ACG contexts."
zh,处刑曲,Music played during the execution of a sentence.,执行刑罚的音乐,通常在关键时刻伴随主角翻转局势或施放强大技能出现，表现出激昂和振奋的氛围，是胜利和力量的象征。它分为两种类型：一是在主角反攻或胜利时使用的音乐；二是字面意义上的处刑音乐。,"Music that plays during a protagonist's decisive comeback or powerful skill use, symbolizing victory and strength, or literally execution music."
zh,辣眼睛,Eyes feel burning or stinging.,眼睛感到灼热或刺痛,感觉难受且无法直视，通常用于评价一些奇葩或充满槽点的事物。,"Causing discomfort and unable to look directly, usually used to describe bizarre or cringe-worthy things."
zh,熊孩子,A child like a bear.,像熊一样的孩子,形容那些调皮、无法无天，并且尚未受到良好家庭教育的孩子。尽管他们行为惹人讨厌，但通常是出于一时顽皮和无心之过。这个词也可用作对调皮孩子的爱称，表示一种调侃的喜爱。,"A term describing mischievous, unruly children who lack proper family discipline, often used affectionately to tease them."
zh,歹竹出好笋,Bad bamboo produces good shoots.,坏竹子长出好的竹笋,字面意思是虽然竹子长得不好，但长出的笋却是好的。该俗语常被用来比喻笨劣的父亲（或低微的家庭背景），却生出了优秀的子女。这种现象也可以用于描绘在生物遗传方面的突变，比如长相普通或才能平庸的父母生出容貌俊美或才华横溢的子女。,"A phrase meaning that despite poor origins or background, outstanding offspring are produced."
zh,爆表,Refers to a gauge needle bursting or exceeding the scale range.,指仪表指针爆裂或超过刻度范围,指的是超出了极限或标准的测量范围，无法计量。通常表示某种程度极高、非常厉害或强大的意思。,"Exceeding the limit or measurement range, indicating an extremely high level or great strength."
zh,吓尿了,Scared so much that one loses control of their bladder.,被吓得尿失禁了,用来表示因恐惧、惊吓、恶心等负面情绪而产生的强烈反应。其含义实则是反义，通常并不是字面上的真的吓出尿来，而是借此夸大以引起注意或表达不满。,"Used to express an intense reaction to fear, shock, or disgust, often exaggerated and not literal."
zh,拉仇恨,To provoke or attract hostility.,拉动仇恨情绪,原指在游戏中利用仇恨值控制敌人攻击目标的策略。现常用于网络，指发表或进行容易引起他人不满的言论或行为，成为众矢之的。,Originally a gaming strategy to control enemy attack targets by manipulating threat levels; now commonly used online to describe actions or statements that provoke widespread resentment.
zh,骚技能,Attention-grabbing skill,引人注意的技能,通常与主流审美或思想不符，展现发明人的独特性。这一说法常用于自嘲或自吹。,"Unconventional skills showcasing the inventor's uniqueness, often used humorously or boastfully."
zh,打脸,To slap someone’s face with the palm of the hand.,用手掌击打脸部,"用来形容某人对事情发展抱有很大自信，提出断言后，事态的发展却出乎意料地与预期相反，令人尴尬，就像被一记耳光打在脸上。这个术语也可以指字面上的物理打脸，常与比喻意义的""打脸""一同出现。","To describe someone confidently making a prediction that is unexpectedly proven wrong, causing embarrassment, similar to being slapped in the face; can also refer to a literal slap on the face."
zh,虐狗,Cruelly mistreating dogs.,残忍地对待动物狗,用来形容当单身人士看到情侣秀恩爱时感受到的羡慕、嫉妒、甚至是自嘲的心理状态。这里的“狗”指的是“单身狗”，是网络流行的自嘲称呼，而非真实的狗。,"A term describing the feelings of envy, jealousy, or self-mockery experienced by single people when seeing couples display affection."
zh,老司机,Experienced driver,经验丰富的驾驶员,原指经验丰富、行事稳健的人，特别是在某些领域内具备丰富经验和资源的人，尤其是在ACGN文化等特定领域，并常用于指那些收藏或分享R-18资源（如成人向作品）的人。,"A person experienced and knowledgeable, especially in specific fields like ACGN culture, often referring to someone who collects or shares adult-oriented (R-18) content."
zh,查水表,Check the water meter reading.,检查水表的读数,是用于调侃警察或相关人员以虚假借口诱捕或接触嫌疑人的行为。这一用语也讽刺和调侃互联网或社会对政治敏感信息的监控和封禁。,"A slang term mocking police or authorities who use false pretenses to detain or contact suspects, also satirizing internet or social monitoring and censorship of politically sensitive information."
zh,带节奏,Lead the rhythm or pace,带领节奏,常表现为煽动他人争斗或传播负面情绪。虽然在游戏中有正面的领导作用，但在网络上通常具有负面意义，往往涉及谣言传播和情绪化反应。,"To incite conflict or spread negative emotions, often involving rumor-mongering and emotional reactions, typically with a negative connotation online."
zh,钓鱼,The act of catching fish using a fishing rod and bait.,用钓竿和鱼饵捕捉鱼类的行为,在网络文化中指的是一个人通过发布虚假或夸张的信息吸引他人注意，并引导他们进行讨论或分享。在网络交流中，钓鱼的目的是让人上当，进而引起群体围观与批评，实现影响舆论的目的。钓鱼者通常以“渔民”身份出现，故意发布挑衅性言论或信息来激怒或误导他人。,"In online culture, deliberately posting false or exaggerated information to attract attention, provoke discussion, and manipulate public opinion."
zh,咸鱼,Salted dried fish,腌制的鱼干,指代稀里糊涂地玩游戏、没有理想或目标、不努力争取游戏奖励的人。也可指现实中不愿努力、不成功的人，多用于自嘲。,"A person who plays games aimlessly without goals or effort, often used self-deprecatingly to describe someone unmotivated or unsuccessful in real life."
zh,作死,Engaging in behavior that leads to death.,做出导致死亡的行为,"用于形容不知轻重、不顾危险的行为，相当于""自寻死路""。多用于吐槽某人做出了可能引发危险的行为，常带有喜剧效果。",Engaging in reckless behavior that invites trouble or danger.
zh,机智,Clever and quick-witted.,聪明机灵,在网络用语中指做了聪明或巧妙事情的人，虽然原本是褒义词，但网络上常用于讽刺或恶搞。,"In online slang, refers to someone who did something clever or witty, often used sarcastically or humorously despite its original positive meaning."
zh,装逼,To dress or accessorize to display status or identity.,穿戴装饰以显示身份或地位,指的是表面上装作很厉害或拥有某项特殊技能，以使别人相信自己的某种能力很强。这种行为可以是为了满足虚荣心，也可以是为了获得某种优势。在特定情况下，谦虚也可以算是一种装逼行为。,"Pretending to be impressive or skilled to make others believe in one's abilities, often to satisfy vanity or gain advantage."
zh,撕逼,To tear open a woman's genitalia.,撕开女性下体,指的是在网络上，尤其是论坛中，网民之间进行的激烈争吵或骂战，常涉及谩骂和揭露隐私。,"An intense online argument or verbal fight between netizens, often involving insults and personal attacks."
zh,耐撕,Able to withstand tearing or pulling.,耐得住撕裂或撕扯,源自英语“nice”的音译，具有双关含义。除了表示正面积极的意思外，“撕”也可以指撕名牌、撕逼、撕小三等含义。,"A pun on the English word ""nice,"" meaning both positive and resilient or confrontational in various contexts."
zh,潜力股,A stock with potential value.,具有潜在价值的股票,在网络和ACG用语中指一个人（或事物）现在可能不出色，但具备很大潜力并在未来能够取得巨大成就。在择偶语境中，通常指有发展前途的年轻男性。,"A person or thing with great potential to achieve significant success in the future, often referring to a promising young man in dating contexts."
zh,扫地僧,A monk who sweeps the floor.,扫地的和尚,指代那些表面上看起来平凡甚至不起眼，但实际上技能超群、实力深不可测的人。这种人物常常在关键时刻展现出令人震惊的能力，给人以大隐隐于市、卧虎藏龙的感觉。,"A person who appears ordinary or unremarkable but possesses extraordinary skills and hidden strength, often revealing impressive abilities at critical moments."
zh,嘤嘤怪,"A creature that makes a ""ying ying"" sound.",发出嘤嘤声的怪物,指那些说话嗲嗲的、恶意卖萌且习惯用“嘤嘤嘤”作为口癖的人。,"A person who speaks in a cutesy, affected manner, maliciously acts cute, and habitually uses ""ying ying ying"" as a catchphrase."
zh,打酱油,Buying soy sauce,购买酱油,表示对某事不关心或不想发表意见，与自己无关，相当于“路过”或“无可奉告”。,"Indicating indifference or no comment, implying it is unrelated to oneself."
zh,摸头杀,The act of touching or patting someone's head with a hand.,用手摸头的动作,用来描述在女生情绪低落时，用摸头这种动作给予安慰，并因此赢得好感或产生额外情感的效果。这个动作通常伴随着温暖的话语，可以大大提升安慰效果。,"An act of comforting a girl by gently patting her head, often accompanied by kind words, to provide emotional support and foster affection."
zh,三秒规则,Three-second rule,三秒钟的规则,认为掉在地上的食物在三秒内捡起来还能吃，这种观念常见于ACG作品中，作为吃货的一种萌属性或者是表现角色珍惜食物的方法。,"The belief that food dropped on the ground is still safe to eat if picked up within three seconds, often depicted in ACG works as a cute trait of food lovers or to show a character's appreciation for food."
zh,上帝视角,God's perspective; observing things from a divine or all-seeing viewpoint.,上帝的视角，从上帝的角度观察事物,指的是第三人称视角，能够以无所不知的方式描写任何事物。在网络文学中，这种视角用来指代在第一人称写作中不该出现的对他人心理活动的了解。,"A third-person perspective that depicts events with omniscient knowledge, often referring to unauthorized insight into others' thoughts in first-person writing."
zh,又双叒叕,Happening repeatedly over and over again.,又一次又一次地重复发生,用于形容某件事情发生次数过于频繁和密集。,Used to describe something happening too frequently and intensively.
zh,屎上雕花,Carving patterns on feces.,在粪便上雕刻花纹,形容对本质上很糟糕的事物进行不必要的修饰和包装，这种行为虽然耗费精力，但并不会改变其糟糕的本质。,Unnecessarily embellishing something fundamentally bad without improving its poor nature.
zh,既视感,A pre-existing visual sensation.,已有的视觉感受,"指人在没有实际经历过的情况下，对某个场景产生强烈曾经见过或经历过的感觉。该词来自法语""Déjà vu""，意为""已经看过""，也指一种似曾相识的感觉。",A strong feeling of having already seen or experienced a scene despite no actual prior experience.
zh,存在感,Sense or awareness of existence,存在的感觉或存在的意识,指的是一个角色在作品中的活跃程度和受欢迎程度。角色出场次数多、时间长、表现活跃，存在感就越高。此外，存在感也可以是作者赋予角色的设定，影响角色在读者或其他人物中的印象深刻程度。,"The degree to which a character is active, prominent, and memorable within a work."
zh,泪流满面,Tears streaming down the entire face.,眼泪流满了整个脸面,原指极度悲伤，后来在网络上用来表示激动、惊讶或哭笑不得的心理状态。“内牛满面”是它的谐音变体，带有幽默感。,"Originally meaning extreme sadness, now used online to express feelings of being moved, surprised, or amused to the point of tears."
zh,雨露均沾,Rain and dew evenly moisten the plants.,雨水和露水均匀地沾染到植物上,指的是不偏袒或过分宠爱某少数人，而是平等对待所有人或事物，达到制衡的目的。此词语在网络语境中，常用于调侃或讽刺某种极致偏爱的现象，通常以重复的句式加深喜剧效果。,"Refers to treating everyone or everything equally without favoritism, often used humorously online to mock extreme partiality."
zh,领便当,Receive a boxed meal,领取便当餐食,"用于指代影视、动画、游戏等作品中角色的死亡，因角色在故事中完成任务后如同演员完成演出，被""打发""离场，类似于影片中配发便当的桥段。这一术语后来在网络上广泛流行，被用于表达角色在剧情中退出。","A slang term referring to a character's death or exit in films, animations, or games, likened to being ""sent off"" after completing their role."
zh,黑历史,Dark past,黑色的历史,指那些过去做过的、现在回想起来会觉得羞耻或者不愿意提及的事情，类似“污点”。,Past actions or events that are embarrassing or shameful to recall.
zh,魔改,Magical modification,魔法改造,指对一个已有作品或事物进行大幅度且违背原作本意的修改，常呈现出夸张和意想不到的效果。,"Significant modifications to an existing work or object that deviate from the original intent, often resulting in exaggerated and unexpected effects."
zh,剁手,To cut off one's fingers with a knife.,用刀切断手指,指那些无法控制自己购物欲望的人，尤其是在网购时往往沉迷于疯狂购物，最后购买了许多不需要的东西，造成金钱和时间的浪费。即便意识到了问题，仍然无法克制购物冲动。,"Refers to people who cannot control their shopping urges, especially online, often buying many unnecessary items and wasting money and time despite realizing the problem."
zh,虽不明但觉厉,"Although unclear, still impressive.",虽然不明白但觉得厉害,意思是“虽然不明白说的是什么，但觉得很厉害”。用来形容对于一些复杂、不易理解的内容的敬佩或吐槽。,"Although unclear, it feels impressive; used to express admiration or sarcasm toward complex or hard-to-understand content."
zh,经拿滚,"After taking it, leave immediately.",经过拿取后滚开,用于在论坛或贴吧中回击那些通过发无实质内容的帖子骗取经验值的用户。此表达表示对这种行为的不满，提醒发帖者不要为了攒经验而发无意义的内容。,"A phrase used in forums or message boards to criticize users who post meaningless content solely to gain experience points, expressing disapproval and warning against such behavior."
zh,来信砍,To chop wood after receiving a letter.,收到信件后砍伐,用于展示某地方的人很能打，可以给外地入侵者非常大的威慑。,Used to show that people from a certain place are very tough and can strongly deter outsiders.
zh,理都懂,Understand everything clearly,理都懂得,表示“道理我都懂”/“我理解你说的道理”，通常用来表达一种无奈、吐槽或讽刺的情感。意思是虽然道理大家都明白，但现实中往往行不通或无法解决问题。,Used to express reluctant acknowledgment of an obvious truth that is impractical or ineffective in reality.
zh,人艰不拆,"Life is hard, so don't expose the difficulties.",人生艰难不拆穿,希望大家不要互相揭开难堪的真相。它表达了一种体谅和包容的态度。,"A phrase expressing a wish to avoid exposing uncomfortable truths, conveying understanding and tolerance."
zh,十动然拒,Moved ten times but still refused.,十次感动然后拒绝,然后拒绝了他”的缩写。通常用于形容某人虽然被感动，但由于对方使用了不当的方式或对方本身不适合，所以仍然拒绝了求爱者。常用来嘲讽他人的不当追求方式或自嘲自己被拒绝的经历。,"An abbreviation meaning ""moved but then rejected,"" used to describe being touched yet refusing someone's romantic advances due to inappropriate approach or incompatibility, often used to mock improper courtship or self-deprecate rejection experiences."
zh,锦鲤,A colorful ornamental fish.,一种色彩斑斓的观赏鱼,原意是指一种色彩斑斓的观赏鱼，象征富贵、吉祥和好运。在网络文化中，“锦鲤”成为好运的象征，人们通过转发锦鲤图片以期获得好运，把这种行为戏称为“转锦鲤”。这一行为已演变成一种现代的网络迷信和社交行为。,"A colorful ornamental fish symbolizing wealth, good fortune, and luck, used online as a symbol of luck where sharing its image is believed to bring good fortune."
zh,杠精,The essential part of a lever.,杠杆的精华部分,指的是那些喜欢在讨论中抬杠，故意反驳他人观点的人，他们不注重客观事实，目的只是为了反对而反对。这种人通常利用抬杠作为网络消遣和娱乐方式。,"A person who habitually argues by contradicting others for the sake of opposition, disregarding facts, often as a form of online entertainment."
zh,凉凉,A cool or refreshing feeling,凉爽的感觉,通常表示完了、死了、惨了，表达绝望或毫无希望的状态，也能指失望或反应冷淡。,"Usually indicates failure, defeat, or despair; expresses hopelessness, disappointment, or a cold reaction."
zh,你好骚啊,You are very promiscuous.,你很放荡,用来形容某人或某事表现得非常出格或者令人意外，具有挑逗性或不可思议的性质。常用于调侃他人做出大胆或出格的行为。,"Used to describe someone or something as bold, provocative, or surprisingly outrageous, often teasingly."
zh,棺材板压不住了,The coffin lid can no longer be held down.,棺材板被压不住了,意在说明某种事情荒谬或违背常理到令人无法忍受，以至于“死去的人都被气得活过来”。,"Used to describe something so absurd or unreasonable that it is unbearable, as if even the dead would be angered back to life."
zh,吃柠檬,Eating lemon pulp,吃柠檬果肉,表示羡慕、嫉妒的心情。由于柠檬的酸味，用“吃柠檬”或“你好酸啊”来形容求而不得、羡慕嫉妒交织的状态。它也可以用于自嘲，表达对美好事物的向往却又无法得到的心情。,"To feel envy or jealousy, often mixed with longing for something unattainable."
zh,班味,The smell of a classroom.,班级的气味,形容上班族身上常见的疲惫气质，表现出一种无法掩饰的疲劳和改变。,A visible aura of fatigue commonly seen in office workers.
zh,求心理阴影面积,Requesting the size of psychological shadow (emotional impact).,请求心理阴影的面积大小,内心受到创伤，并以面积大小来幽默地表达心理受伤程度。,Experiencing emotional trauma humorously expressed by the extent of the affected mental area.
zh,喜提,Happily obtaining something,高兴地获得某物,通常带有调侃或讽刺的意味。,Usually used with a teasing or sarcastic tone.
zh,霸气侧漏,Overbearing aura leaking from the side.,霸气从侧面漏出,形容一个人的气场或才华过于强烈，以至于显露得过于明显，引起轻微的反感或被调侃。,"Describes someone whose strong presence or talent is so overwhelming it becomes noticeably excessive, causing slight annoyance or teasing."
zh,偷感很重,Having a strong tendency to steal others' affections.,偷窃感情的程度很深,形容人在某些情境下感到拘谨、畏缩，显得偷偷摸摸或不自然。,"Describes someone who feels awkward or timid in certain situations, appearing furtive or unnatural."
zh,硬核,Hard core; solid central part.,坚硬的核心部分,原本用于形容说唱音乐和游戏，指具有力量感或存在一定难度的形式。作为网络流行语，“硬核”被广泛地用来形容事物或行为的厉害、酷炫、彪悍或刚硬特性。,"Originally describing rap music and games with a sense of power or difficulty, ""hardcore"" is widely used online to describe something or someone as impressive, cool, tough, or strong."
zh,脱粉,Remove pink-colored items.,脱掉粉色的东西,从其粉丝群体中退出。,To quit or withdraw from a fan group.
zh,慌得一比,Extremely flustered or panicked.,慌张得非常厉害,其含义为恐惧、不安的意思。,Extremely anxious or fearful
zh,乙女游戏,Otome game: a video game targeted at young women.,少女游戏,通常以浪漫或吸引人的男性角色为卖点。与Galgame相对，乙女游戏更注重女性玩家的体验。虽然多数与恋爱相关，但也包含非恋爱和BL（男同性恋）题材。,"A genre of games targeting female players, featuring romantic or appealing male characters, often focusing on romance but also including non-romantic and BL themes."
zh,童年阴影,Psychological trauma or unpleasant experiences from childhood.,童年时期的心理阴影或不愉快经历,是指小时候因为观看某些恐怖的动画、影视作品或经历某些恐怖事件而留下的心理阴影。这些作品或事件之所以令人产生阴影，是因为它们包含了令人不安、恐怖或不适宜儿童观看的内容，而通常是在孩子心智尚未成熟时观看的，因而影响较深。,Psychological trauma from childhood exposure to frightening media or events.
zh,心灵鸡汤,Spiritual nourishment soup,心灵的滋养汤品,通常通过故事传递道理，具有激励性和正能量，但有时被批评为缺乏实际意义。,Inspirational and motivational stories or messages that convey positive values but are sometimes criticized for lacking practical significance.
zh,抠脚大汉,A burly man who picks his toes.,挖脚趾的壮汉,指的是在网络上假装成女性的男性用户，通常是为了恶作剧或欺骗他人。,"A male internet user who pretends to be female, usually to prank or deceive others."
zh,社会摇,A swinging dance move from society.,社会的摇摆动作,伴随劲爆电子音乐，风靡网络。,A popular dance style accompanied by energetic electronic music.
zh,社会人,A person in society.,社会上的人,在互联网上通常指拍摄土味视频的人。此外，它也可以指各种群体，包括黑道人士、社会青年、与学生相对的职场人士。在不同的语境中，社会人可以表现出对社会经验、利益关系的理解和驾驭。,"On the internet, a person who creates rustic or unsophisticated videos; more broadly, individuals involved in underworld activities, youth subcultures, or working professionals, often implying an understanding of social experience and interests."
zh,精神续作,Spiritual sequel or continuation work.,精神的延续作品,指的是一个新作品沿用了一部知名作品的部分核心内容或玩法，但不涉及其知识产权。新作品通常被认为是对原作品精神或风格的延续，尤其是在原作品可能不再推出续作的情况下。,"A new work that adopts core elements or gameplay of a well-known original without involving its intellectual property, seen as a continuation of the original's spirit or style."
zh,总有刁民想害朕,There are always troublemakers trying to harm me.,总有刁民想要害朕,用来形容一种疑神疑鬼的状态，指那些没有皇上命却有皇上疑心病的人，总以为全世界都与他为敌。它常用于搞笑和吐槽的情境中。,Used humorously to describe a paranoid state where someone irrationally believes everyone is against them despite having no reason.
zh,葛优躺,Ge You's reclining posture.,葛优的躺姿,形容一种懒散、颓废的状态。,A posture or state characterized by laziness and lethargy.
zh,北京瘫,A paralyzed state typical of Beijing.,北京的瘫痪状态,是一种形容坐姿的网络用语。最初是指北京人坐姿随意、不拘小节的状态，身体与椅背呈120度角，给人一种放松却略显懒散的印象。现在，这一词语已经引申为一种放松和毫无拘束的表现方式。,"A relaxed, casual sitting posture originally describing Beijing residents leaning back at a 120-degree angle, now extended to signify a carefree and unrestrained manner."
zh,碧瑶坐,Biyao's sitting posture,碧瑶的坐姿,指的是电视剧《青云志》中由赵丽颖饰演的角色碧瑶的独特坐姿。由于这些姿势别具一格，并在剧中频繁出现，引发了网友和粉丝的模仿与热议。,"A distinctive sitting posture of the character Biyao in the TV drama ""Noble Aspirations,"" frequently imitated and discussed by fans."
zh,亚洲蹲,Squatting posture common in Asia.,亚洲地区的蹲姿姿势,指的是亚洲人常用的一种蹲姿，特点是双脚完全着地，臀部靠近脚踝，双膝分开。这种姿势与如厕习惯有关，被认为对健康有益。,"A squatting posture common among Asians, characterized by feet flat on the ground, hips close to the ankles, and knees apart, associated with toileting habits and considered beneficial for health."
zh,吊桥效应,The physical effect produced by a suspension bridge connecting two shores.,连接两岸的悬索桥产生的物理效应,指在危险或刺激的情境下，人们可能错误地将生理反应（如心跳加速）归因于对身边人的吸引力，从而以为自己对那个人产生了感情。,The tendency to misattribute physiological arousal from danger or excitement to romantic attraction toward someone nearby.
zh,捡肥皂,Pick up soap from the floor.,捡起地上的肥皂,弯腰捡起地上的肥皂时，可能遭到背后袭击，尤其与男性性行为有关。在网络用语中，它被引申为提防他人的偷袭或攻击。此外，该词也被用作暗指监狱生活。,"Bending to pick up soap, risking a surprise attack from behind, often implying male sexual assault or prison life; used metaphorically to warn against unexpected attacks."
zh,壁咚,Pressing someone against a wall with a hand or body.,用手或身体将某人压靠在墙上,通过将对方逼到墙边进行告白或展示亲密情感。这种动作在少女漫画和动画中常见，也是秀恩爱的一种方式。,"Forcing someone against a wall to confess feelings or show affection, commonly seen in shoujo manga and anime."
zh,腰斩,Cut in half at the waist.,从腰部切断,指的是计划中途被迫停播或缩减，通常因人气不足或其他因素导致的作品提前结束。,"Refers to a planned series being abruptly canceled or shortened, usually due to low popularity or other factors."
zh,泡面番,Instant noodle brand or instant noodle-related animated program.,泡面品牌或泡面相关的动画节目,通常在2-6分钟，类似于泡面泡好的时间。,"Typically 2-6 minutes long, similar to the time it takes to cook instant noodles."
zh,伸手党,A person who reaches out their hand.,伸出手的人,指在网络上，特别是论坛和贴吧中，那些只会索取资源而不愿自行查找或付出努力的人。,Someone who only asks for resources online without making any effort to search or contribute.
zh,标题党,A group or faction focused primarily on headlines.,以标题为主要内容的党派或群体,但内容与标题实际不符或联系不大的现象。其目的通常是为了提高点击率或进行恶作剧，往往令人失望。,"A practice where content does not match or is loosely related to the headline, usually to increase clicks or as a prank, often causing disappointment."
zh,百合党,A group of people who like lilies.,喜欢百合花的人群,类似于对BL题材感兴趣的腐女/腐男。他们对自身性取向没有特定要求。,Fans interested in yuri content who have no specific sexual orientation preferences.
zh,我想静静,I want to be quiet for a while.,我想要安静一下,表达了人在面对不快情绪时，想要寻求内心平静或发泄无奈的需求。它也包含了一种幽默解读，将“静静”视为一个人的名字。,"Expresses a desire for inner peace or to vent frustration when facing unpleasant emotions, often humorously personifying ""Jingjing"" as a person's name."
zh,我好菜啊,I am very much a vegetable.,我非常蔬菜啊,用于表达自己不如别人时的羞愧，或用作对他人的赞美或讽刺。这里的“菜”指的是弱、能力不足。,"Used to express embarrassment over one's own inferiority or to praise or mock others, where ""菜"" means weak or lacking ability."
zh,怪我咯,Blame me then.,怪罪我吧,通常用于反问或讽刺，表示某个情况不应该怪罪到自己头上。它可以用于轻松地化解尴尬或结束讨论。,Used rhetorically or sarcastically to deny responsibility and deflect blame.
zh,口吐芬芳,To emit a fragrant scent from the mouth.,嘴里吐出芳香气味,是一种用来形容说脏话或爆粗口的委婉说法。这个短语本身是中性的，不指代具体的脏字或粗话。,A euphemistic expression for using profanity or swearing.
zh,走错片场了,Went to the wrong filming location.,走错了拍摄场地,用来形容某人在特定情境下显得不合群或不属于这个场合。可以指误入不合适的环境、进错评论区、发错信息等，也可能表示两个作品的人物形象相似或遭遇不符预期的局面。,Used to describe someone who appears out of place or in the wrong setting.
zh,贴脸开大,Using a powerful skill very close to the face.,贴近脸部使用强力技能,原本是游戏术语，指在非常近的距离使用大招。网络中常用于比喻在社交或工作场合表现得过于热情、亲近甚至冒失的行为，常让他人感到尴尬或不适。,"Originally a gaming term meaning to use an ultimate ability at very close range; metaphorically, it refers to behaving overly enthusiastic, intimate, or forward in social or work settings, often causing discomfort or embarrassment."
zh,不服来辩,"If you disagree, come and debate.",不服气就来辩论,表示“如果不服气就来辩论”，表明说话者希望通过辩论展示自身优势，通常用于引战帖或钓鱼帖中，追求通过争论占据理性的制高点。,"Used to challenge others to debate if they disagree, often to assert superiority or provoke argument."
zh,这不科学,This is not scientific.,这不是科学,最初用于形容违反唯物主义常识的现象，表达对某事的难以置信。虽然不具有严肃性，但多用于轻松的吐槽场合。,"Originally used to describe phenomena that defy materialist logic, expressing disbelief in a lighthearted, informal way."
zh,送命题,A question that risks one's life.,送出生命的题目,指让人难以选择或回答的问题，回答不当可能引发麻烦或尴尬。,"A question that is difficult to answer or choose, where a wrong response may cause trouble or embarrassment."
zh,一脸懵逼,A face full of confusion and bewilderment.,脸上满是迷茫和困惑的表情,表现出的目瞪口呆、茫然不知所措的表情。,An expression showing stunned confusion and helplessness.
zh,圣人婊,A saintly person and a hypocritical woman.,圣洁的人和虚伪的女人,用来形容那些以道德和善良的名义来绑架和限制他人的人。他们通常通过展示自己道德上的高尚来要求他人牺牲，实质上可能通过这种方式对他人造成伤害。,"A person who uses moral superiority and kindness as a pretext to manipulate and restrict others, often causing harm under the guise of virtue."
zh,路人转粉,A passerby becomes a fan.,路人变成粉丝,但因某事情而成为其粉丝。这个词可以用在各种场合，不仅限于对明星的喜爱，也可能是对某产品或事件的兴趣增加。,Becoming a fan of someone or something due to a specific event or reason.
zh,种田文,A literary work about farming or cultivating farmland.,种植农田的文章或作品,始于游戏中，原指在策略游戏中通过发展基础设施和资源积累来增强实力的玩法。小说中的“种田文”最初描写主角通过经济、科技等方面的积累逐渐壮大实力，后期则可能涉及更大的权力争夺。后来，“种田文”也用于指家庭日常生活的细致描写，强调人物关系和心理描写。,"Originally referring to gameplay focused on developing infrastructure and resource accumulation, ""farming fiction"" describes stories where protagonists gradually build strength through economic and technological growth, often including detailed depictions of daily family life and character relationships."
zh,疑车无据,Suspecting a car without any evidence.,怀疑汽车但没有证据,表示怀疑某人使用隐晦的方式表达涉及成人或性暗示的内容，但没有明确的证据来证实。这种表达方式基于对发言者或内容中可能存在的“开车”（涉及成人话题）的怀疑。,Expressing suspicion of adult or sexual innuendo in someone's words without clear evidence.
zh,支棱起来,To prop up or support upright.,支撑起来,具有多重意义。它可以指头发竖起来，暗示不顺滑；也可以用来形容一个人处于低谷但重燃希望并取得成果的状态；在对峙场景中，表示挑衅或找麻烦。,Having multiple meanings: hair standing up indicating roughness; a person recovering from a low point to achieve success; or provoking confrontation.
zh,韦一敏,A person named Yimin with the surname Wei.,韦姓的一位名叫一敏的人,用于形容在交流中产生的误会，特别是通过文字交流时，由于缺乏标点或符号导致的误解。它具有幽默讽刺的意味，常用于调侃类似的情况。,"A humorous term describing misunderstandings in communication, especially text-based, caused by lack of punctuation or symbols."
zh,累成狗,Exhausted like a dog.,累得像狗一样,表示达到极度疲劳的状态，相当于非常累。类似的表达有“冻成狗”、“虐成狗”等。,Extremely exhausted or tired to an intense degree.
zh,编剧式观影,Watching a movie like a screenwriter.,像编剧一样观看电影,指的是一种观影方式，即观众在观看影视作品时，不介意提前被剧透，甚至主动去了解剧情走向，以便在观影过程中对剧情发展有充分的掌控，不喜欢意外因素。,A viewing style where the audience prefers to know or seek out plot spoilers in advance to fully anticipate and control the storyline during watching.
zh,教科书式,As standard and normative as described in a textbook.,像教科书中描述的那样标准规范,通常用于形容某种行为、动作或处理方式极其规范、标准、无懈可击，完美到足以作为示范写进教科书中。这一说法可以用于正面或负面的行为，只要其典型且具有指导性。,"Describing behavior or actions that are extremely standard, flawless, and exemplary enough to serve as a textbook example."
zh,溜了溜了,"Slang term: 溜了溜了  
Definition: Slipped away, slipped away.",滑走了滑走了,指见机不对或做了羞耻的事时，表达想要立刻离开的意思，通常用于主动认怂、缓解尴尬的场合。,"Used to express the desire to leave immediately when sensing something is wrong or after doing something embarrassing, often to admit defeat or ease awkwardness."
zh,土豆精,The essence part of a potato,土豆的精华部分,指外表看似精明但实际上非常呆萌或土气的人，也可以形容那些长得矮胖丑、皮肤黄黑或表现像土豆的状态。此词可以是贬义，也可以是夸赞呆萌可爱。,"A person who appears clever but is actually naive or unsophisticated, often describing someone short, chubby, unattractive, with dull skin, or exhibiting potato-like traits; can be either derogatory or affectionately endearing."
zh,联动,Joint action,联合行动,指两个作品之间产生关联，并且各自的角色可能同时出现在同一场景中。联动通常用于作品的宣传推广，与“乱入”不同（乱入可能出于致敬或恶搞等目的）。联动可能发生在相同或不同世界观的作品之间，发生在ACGN（动画、漫画、游戏、小说）各种载体之间。,"A collaboration between two works where characters from each appear together, often for promotional purposes, distinct from random cameo appearances."
zh,抖包袱,Shake a bundle (unpack or reveal something hidden).,抖动包袱,指在表演中通过铺垫，在关键时刻揭示出令人意想不到的幽默或主题，使作品更具吸引力和感染力。,"In performance, revealing an unexpected humorous or thematic element at a key moment to enhance appeal and impact."
zh,粉丝滤镜,A filter effect exclusive to fans.,粉丝专属的滤镜效果,"指的是粉丝在看待自己喜欢的偶像时，会无意识地忽略或美化偶像的缺点和不足，认为偶像是最优秀和完美的。类似于""情人眼里出西施""，即使面对客观的不完美，粉丝也会有一层美化的偏见。","A bias where fans unconsciously overlook or idealize their favorite idol's flaws, perceiving them as perfect despite objective imperfections."
zh,塑料花姐妹,Sisters like plastic flowers made of plastic.,用塑料制成的花的姐妹花,形容姐妹之间的情谊表面看起来坚固永不凋谢，实际上充满了虚情假意和勾心斗角。,A term describing sisterly relationships that appear strong and everlasting on the surface but are actually filled with insincerity and scheming.
zh,废柴,Discarded firewood,废弃的柴火,指的是无能、无用的人，相当于“废物”的意思。它强调一个人在某些方面没有价值或无作为。,A person who is incompetent or useless.
zh,法院见,See you in court.,在法院见面,用来形容某件事情非常搞笑，让人笑个不停，甚至用夸张的方式表示要对这种笑负责。,"Used to describe something extremely funny, causing uncontrollable laughter, often exaggeratedly implying taking responsibility for the laughter."
zh,笑到头掉,Laugh until the head falls off.,笑得头部掉落,形容笑得非常开心，以至于夸张地描绘成脑袋后仰到看不见的状态。,Laughing so hard and happily that one's head tilts back out of sight.
zh,假笑男孩,A boy who pretends to smile.,假装微笑的男孩,指的是一种看似强颜欢笑的表情，表达面对艰辛生活时的无奈和尴尬。,A facial expression showing a forced smile that conveys helplessness and awkwardness in the face of a difficult life.
zh,放鸽子,To release pigeons (literally); to stand someone up or fail to show up as promised (figuratively).,放飞鸽子,指的是已约定的事情或约会但未按时赴约，使对方白白等候。,"Failing to show up for a scheduled appointment, leaving the other party waiting."
zh,跟谁俩呢,Being together with someone else.,跟谁两个人在一起,表达对他人态度的不满或质疑，意思包含“你跟谁装呢？”、“我们很熟吗？”、“你在跟谁摆架子呢？”,"Expressing dissatisfaction or questioning someone's attitude, implying ""Who do you think you are?"" or ""Are we that close?"""
zh,带球跑,Carry the ball and run,带着球跑,指的是女主角在怀孕的情况下，选择离开男主角，独自抚养孩子。这里的“球”指的是怀孕的大肚子。,Refers to a pregnant woman leaving the man to raise the child alone.
zh,宽油,Increase fuel supply,放宽油量,指在烹饪时用大量油滑锅，使内部沾上一层油，以增香入味。,Using a large amount of oil in cooking to coat the pan and enhance flavor.
zh,海王,King or ruler of the ocean,海洋中的王者或统治者,指的是在感情生活中与很多人保持暧昧关系的人，通常是男性。与“中央空调”有着相似的含义，即对所有人都暖，所谓的“渣男”行为，是通过“广撒网”的方式接触许多异性。,"A person, typically male, who maintains ambiguous romantic relationships with many people simultaneously."
zh,黑心小棉袄,Black heart-shaped small padded jacket,黑色的心形小棉袄,用来形容那些不太温顺乖巧，反而行为上让父母感到头疼的女儿。这一称呼是在传统观念中“女儿是父母的贴心小棉袄”这一说法的基础上，形象化地反映出某些女儿带来的并不是温暖和安慰，而是让父母感到扎心的行为。,"A term describing daughters who are not gentle or obedient, but instead cause their parents distress through their behavior."
zh,炸了你的鱼塘,Using explosives to destroy your fish pond.,用炸药炸毁你的鱼塘,意指消除一个人身边的所有备胎（恋爱候选人），而成为其唯一的恋爱对象。这个说法源于将备胎比喻为鱼塘里的鱼，而拥有较多备胎的人被称为“海王”。,To eliminate all a person's romantic alternatives and become their sole romantic partner.
zh,不听不听王八念经,Unwilling to listen to nonsense or tedious talk.,不愿意听王八念经的内容,表示不愿意听对方说的内容，认为对方说的是废话。,Refusing to listen because one considers the other person's words nonsense.
zh,这世界车水马龙,"This world is bustling with continuous traffic and numerous horses, lively and busy.",这个世界车流如流水，马匹繁多热闹非凡,类似于“今晚月色真美”，表达对对方的喜欢或爱慕之情。,A phrase expressing affection or admiration for someone.
zh,软饭硬吃,Eating soft food by force.,用软的饭硬着吃,指一个人用自信而理直气壮的态度接受依赖配偶或伴侣的经济支持。,Confidently relying on a spouse or partner for financial support.
zh,你在微博买房了吗,Have you bought property on Weibo?,你是否在微博上购买了房产,用于调侃那些频繁出现在某个社交平台或社区的人或事，形象地比喻他们如同在此“定居”一般。这个表达可以变形用于其他社交平台，意指某人总是出现在你的视野中。,"A humorous expression used to tease people or topics that frequently appear on a social platform, metaphorically suggesting they have ""settled"" there."
zh,看海模式,The state or manner of watching the ocean.,观看海洋的状态或方式,指的是由于暴雨天气导致某地出现严重积水，形容城市被雨水淹没的状态，类似于在看海景。,"A state where heavy rain causes severe flooding in a city, resembling viewing a sea scene."
zh,麻瓜,Melon made of hemp.,麻制的瓜果,指没有魔法能力的普通人，现用于形容对某个圈子或领域完全不懂的人，有时带有贬义，指水平有限却固执己见的人。,"A person with no special skills or knowledge in a particular field, often used derogatorily for someone ignorant yet stubborn."
zh,放飞自我,Letting go of oneself and acting freely according to one's desires.,放开自己，随心所欲地行动,指的是打破自己原有的人设和拘束，无拘无束地追求个人梦想或做自己喜欢的事情。它也可以用来调侃某人突然做出一些令人意外或难以理解的行为。,"To break free from one's usual persona or constraints and freely pursue personal dreams or interests, often used humorously to describe unexpected or inexplicable behavior."
zh,爆灯,Light bulb explosion,灯泡爆炸,用来表达对某个人或某样事物的强烈喜欢。,Used to express strong liking for someone or something.
zh,全裸待机,Fully naked standby state,完全裸体地等待状态,形容迫不及待地等待某事发生，表达了极大的期待和准备。,Eagerly and fully prepared while waiting for something to happen.
zh,磕死我了,Bumping into something causes me to die.,磕碰使我死亡,"用来表达因喜欢的人或CP（虚构或真实的伴侣组合）的互动过于甜蜜而激动、开心甚至有点受不了的心情。""磕""指对某对CP或某个人的关注和喜爱。",Used to express being overwhelmed with excitement and happiness due to the sweet interactions of a favorite person or couple.
zh,拜个早年,To offer New Year greetings in advance.,提前拜年祝福,在网络语境中指的是当面对尴尬或槽点过多的情况时，不知道该如何回应，只能以提前祝对方春节快乐的方式来缓和气氛。这句话本是传统的节日祝福，却被用来打破尴尬场景或者表现无奈与戏谑。,"In online contexts, a phrase used to preemptively wish someone a happy Chinese New Year to ease awkwardness or express helplessness and irony."
zh,套路深啊,Very cunning or scheming.,套路很深,指某人使用了精心策划的方法和手段，以达到其目的，这些手段非常巧妙，以至于一般人难以预料。可以表达一种震惊或感叹，具体的褒贬意义要根据具体语境来判断。,"Refers to someone using carefully planned and clever methods that are hard to anticipate, often expressing surprise or admiration depending on context."
zh,走花路,Walk on a road paved with flowers.,走在铺满花朵的路上,表示前程似锦，走上人生巅峰。通常用来表达自己成功时的喜悦或祝福他人前途美好。,To have a bright future or achieve great success.
zh,闭麦,Mute the microphone,关闭麦克风,原指关闭麦克风停止发言，现指在某话题上保持全面沉默，不发表公开意见。,"Originally meaning to mute the microphone and stop speaking, now refers to maintaining complete silence on a topic without expressing any public opinion."
zh,彩虹屁,Rainbow-shaped fart,彩虹形状的屁,指对偶像进行过度、花式的吹捧和赞美，即使是普通的事情也能被夸奖得天花乱坠。,"Excessive and elaborate praise of a celebrity, often exaggerating even ordinary things."
zh,小老弟,Younger brother (younger male sibling).,年纪较小的弟弟,现指比自己实力弱、缺乏经验的人。,A person who is less skilled or inexperienced compared to oneself.
zh,双标,Double standard,两个标准,指在比较多个事物或人时，使用不一致或偏向性的评判标准。常用于批评那些对自己宽容而对他人苛刻的人。,Using inconsistent or biased standards when judging different people or things.
zh,万人请辞,Ten thousand people request to resign.,一万人请求辞职,是网络上表达强烈反对某事物、请求停止或改善该事物的夸张说法。常用于对不满的某人或某项规定，表达众多人的不满或抗议。,"An exaggerated online expression used to strongly oppose something and call for its cessation or improvement, indicating widespread dissatisfaction or protest."
zh,难顶,Difficult to endure or withstand.,难以承受或顶住,表示无法承受某种情况，形容感到非常吃力或很难熬。它可以表达一种达到忍耐极限的状态。,Unable to endure a situation; feeling extremely difficult or hard to bear.
zh,房子塌了,House collapse,房屋倒塌,指想看别人热闹，结果发现是自己家的事情。在娱乐圈和饭圈，这一说法通常用于形容爆料中涉及自己的偶像特别是恋爱新闻时的感受。,"Refers to expecting to watch others' drama but realizing it involves oneself, often used in entertainment and fan circles when personal idols' news breaks."
zh,天龙人,Person of the dragon in the sky,天空中的龙之人,用来形容那些拥有特权、态度嚣张、自视甚高，常常瞧不起别人的人。,"A term describing people who have privileges, an arrogant attitude, and a high opinion of themselves, often looking down on others."
zh,表面亲戚,Superficial relative relationship,表面上的亲戚关系,这个梗用来形容那些只在表面上看起来很亲近的亲戚，虽然存在血缘联系，但他们的行为举止常常令人失望和心寒。平时在表面上友好热心，但真正遇上需要帮助或支持的时候，他们往往却躲在一旁，毫无实质性帮助。,Relatives who appear close on the surface but are emotionally distant and unhelpful when support is needed.
zh,可奶可狼,An animal that can both provide dairy products and resembles a wolf.,既能提供奶制品又像狼一样的动物,同时具备温柔可爱的“奶”属性和强势有安全感的“狼”属性。这个形容词用来评价既能撒娇卖萌，又能展现男友力的男生。,"Describes a boy who is both gentle and cute, yet strong and protective."
zh,新手村,Newbie village,新手的村庄,指网络游戏中玩家刚开始游戏时的起始地点。它通常是为了帮助新手玩家熟悉游戏而设立的区域，提供各类功能NPC、任务以及游戏教学。,"The starting area in online games designed to help new players learn the game with NPCs, quests, and tutorials."
zh,跳起来打你膝盖,Jump up and hit your knee.,跳起来击打你的膝盖。,形容身高较矮。,Describes someone who is relatively short in height.
zh,划船不用桨,Rowing a boat without using oars.,划船时不使用桨划动船只,"形容一个人行为大胆、放肆，很""浪""或很敢于冒险。","Describes someone who acts boldly, recklessly, or takes daring risks."
zh,打嘴炮,To fire cannonballs with the mouth (to talk big or boast).,用嘴巴发射炮弹,用来形容那些爱吹牛的人，他们说到做不到，只会空谈。在ACGN文化中，“打嘴炮”也指主角通过口若悬河的言论或声嘶力竭的喊叫对敌人施加心理或精神上的影响，作为一种语言武器。,"To boast or talk big without taking action; in ACGN culture, to use persuasive or loud speech as a psychological weapon against opponents."
zh,铁憨憨,A person who is solidly simple-minded and clumsy.,铁制的憨厚笨拙的人,指一时糊涂的傻子，通俗叫法是二愣子、愣头青。,A momentarily confused fool; a simpleton.
zh,老阴比,An older female genitalia.,年长的阴部,形容那些表面看似无害，但实际上非常精明和深藏不露的人。,Describes someone who appears harmless but is actually very shrewd and secretive.
zh,智商税,Intelligence level tax,智力水平的税收,指因缺乏判断力而听信无科学依据的信息，从而花费冤枉钱的行为。,Money wasted due to gullibility or lack of critical thinking.
zh,注入灵魂,To inject soul into something.,将灵魂注入某物中,指在创作或表演中通过加入独特的行为或元素，使作品或表现更加出色和生动，起到画龙点睛的作用。,To enhance a creation or performance by adding unique elements that make it more vivid and outstanding.
zh,给跪了,To kneel before someone.,给人跪下,是表达叹服、拜服或无奈的网络用语。用于表明对某事或某人感到无奈、崇拜或调侃，带有自嘲和幽默意味。,"An internet slang expression used to show admiration, helplessness, or playful self-mockery."
zh,塑料普通话,Mandarin made of plastic.,用塑料制成的普通话,讲得很不地道，容易让人听不懂。,Mandarin spoken with poor pronunciation that is difficult to understand.
zh,好人卡,Good person card (a card symbolizing being seen as a good person).,好人的卡片,指在表白过程中，被对方以委婉拒绝的方式拒绝，通常用“你是个好人，但是我们不合适”等话来表达。,"A polite rejection during a confession, often expressed by saying ""You're a good person, but we're not a match."""
zh,高端黑,High-end black-colored items or things.,高档且颜色为黑色的物品或事物,实则讽刺、调侃某人或某事的技巧，相比直接抨击更优雅且不易引起反感。,A subtle and elegant way to mock or criticize someone or something without causing offense.
zh,吊车尾,Hanging at the rear of a vehicle.,吊着的汽车尾部,用来形容那些做事总是落后、拖后腿，或能力相对较差的人。,"Used to describe someone who is always lagging behind, holding others back, or relatively less capable."
zh,沉淀文学,Literary works formed through accumulation.,沉积形成的文学作品,用来调侃人们在遇到不顺利的事情时，自我安慰需要“沉淀”一下，以降级目标的方式面对困境。,"A humorous term for self-comfort by ""settling down"" and lowering expectations when facing difficulties."
zh,子弹滞销,Bullets fail to sell.,子弹卖不出去,"用于调侃某人因敏感言论或行为而可能""遭到惩罚""。",Used to mock someone who may face punishment due to sensitive remarks or actions.
zh,爆冷,Explosive coldness,爆炸般的寒冷,即“爆冷门”，指比赛结果出人意料，与多数人期待相反。通常指弱者出人意料地战胜强者或强者意外失败。,"An unexpected outcome in a competition, typically when an underdog defeats a favorite or a strong competitor unexpectedly loses."
zh,何方道友在此渡劫,Which fellow cultivator from where is undergoing a tribulation here?,哪个地方的道友在这里经历劫难,用于形容视频中出现打雷场景时的调侃或幽默评论，来源于仙侠小说中角色渡劫时天上劈下雷电的情景。,"A humorous comment used when thunder appears in a video, referencing the lightning trials faced by characters in xianxia novels."
zh,虾男,A man who resembles a shrimp.,像虾一样的男人,形容那些长相平平或不太好看，但身材出色的男人。比喻如同虾这种食物一样，去掉头部后，身体部分令人喜爱。,"A term describing men with average or unattractive faces but attractive bodies, likened to shrimp whose body is appealing after removing the head."
zh,百度死,Baidu death: The state of being effectively erased or lost on Baidu search engine.,百度死亡,指通过百度搜索自己的身体症状后，得到的结果常常让人感到情况严重甚至致命，形容网上自诊后的心理负担和恐慌。,The anxiety and fear caused by self-diagnosing serious or fatal conditions through online searches.
zh,我裂开了,My body has split open.,我身体裂开了,原指心态崩溃或遭受重大打击，现在也可以用来形容情绪失控或受到极大冲击。,"Originally meaning a mental breakdown or severe blow, now also used to describe losing emotional control or being greatly shocked."
zh,不愧是我,Deserving to be me; living up to myself.,不辜负是我,通常用来形容自己或他人表现出自豪或骄傲的神情。,Used to express pride or a sense of accomplishment in oneself or others.
zh,安静如鸡,As quiet as a chicken,像鸡一样安静,通常用于描述一种人们规避尴尬或打脸时的反应。,Typically used to describe a person's reaction of staying silent to avoid embarrassment or contradiction.
zh,猫狗双全,Having both a cat and a dog.,同时拥有猫和狗,代表拥有足够的经济能力和时间，能够同时养猫和狗。这是一种幽默调侃，类似于追求家庭美满的“儿女双全”。,"Having enough financial means and time to keep both cats and dogs, humorously implying a well-rounded and fulfilling household."
zh,秋水誓,Autumn water vow,秋天的水誓言,是一个特殊的发誓手势。由于张一山在《春风十里不如你》中角色名为秋水，这个手势被冠以“秋水誓”，成为网友调侃的“真爱标准”。,"A special oath gesture named after the character Qiushui played by Zhang Yishan, used by netizens to humorously signify a ""true love standard."""
zh,细软跑,Small valuable items moving quickly,细软物品快速移动,指在发表敏感言论后，可能面临惩罚或调查的风险，因此需要赶紧收拾贵重物品逃跑的幽默说法。是提醒和调侃某人因发表敏感言论而可能需要迅速“跑路”。,A humorous term referring to quickly packing valuables and fleeing after making sensitive remarks to avoid potential punishment or investigation.
zh,请允悲,Please allow sadness.,请允许悲伤,常用于表达对他人不幸遭遇的调侃。在对方倾诉糗事或不幸经历时，内心觉得搞笑但表面上假装同情，因此说“请允悲”以表达这种内心的矛盾与调侃。,A sarcastic expression used to feign sympathy while actually finding someone’s misfortune amusing.
zh,杠铃般的笑声,Laughter resembling the sound of a barbell being struck.,像杠铃敲击时发出的声音般的笑声,形容一个人的笑声粗犷、豪爽、自然不做作，也用来表示事情非常好笑，令人笑得夸张和不可自持。,"A loud, hearty, and natural laugh that is unrestrained and expresses great amusement."
zh,整容般演技,Acting with changes as drastic as cosmetic surgery.,像整容一样的演技变化,指一个演员通过出色的演技改变了观众对其外貌或角色不适合性的最初看法，使观众全然沉浸在角色所带来的魅力中，仿佛演员自身发生了惊人的蜕变。这是一种对演员演技的高度赞美，表示其能通过角色诠释忽略长相。,"An actor's outstanding performance that completely changes the audience's initial perception of their appearance or suitability for a role, immersing viewers in the character's charm as if the actor has undergone a remarkable transformation."
zh,老母猪戴胸罩,An old sow wearing a bra.,年老的母猪穿着胸罩,后半句是“一套又一套”，用来形容某人有很多套路、说话或做事的方法特别多。,Used to describe someone who has many tricks or methods in speaking or doing things.
zh,本以为是青铜没想到是王者,"Originally thought to be bronze, unexpectedly turned out to be a king.",原本以为是青铜，没想到是王者,“本以为是青铜，没想到是王者”用于形容一个人或者事情出乎意料地优秀或出色。最初认为其能力或水平较低，但经过接触或观察后发现其实极为厉害，是深藏不露的高手。,"Used to describe someone or something unexpectedly excellent or outstanding, initially thought to be mediocre but later revealed to be highly skilled."
zh,文化祭,Cultural festival or celebration.,文化的庆典或节日,指日式校园中的一种文化活动，类似校园文化节，包括丰富多样的活动，如文艺表演、营业服务等，还常成为同学社交和告白的好时机。,"A Japanese-style school cultural event featuring diverse activities like performances and sales, often serving as a social and romantic opportunity for students."
zh,亲儿子,Biological son,亲生的儿子,或“亲女儿”是一个ACG（动画、漫画、游戏）用语，用来形容在游戏或其他ACG作品中，某个角色特别强力或受作者青睐的情况。这些角色拥有明显的优势，比如技能、剧情份额、好运和角色羁绊等，常表现得特别出色或重要，甚至有时超越主角。如果角色有明显优势且频繁出现在游戏中的剧情和版本更新中，可能被称为游戏公司的“亲儿子”/“亲女儿”。,"A term used in ACG (animation, comics, games) to describe a character who is especially powerful or favored by the creator, often having clear advantages and prominent roles in the story or game updates."
zh,失踪人口,Registered individuals whose whereabouts are unknown.,登记户口后下落不明的人口,原指登记过户口但下落不明的人，现在常用于调侃在Bilibili等弹幕视频网站上的UP主，指那些很久未更新内容的创作者。类似的用法也适用于贴吧、论坛、微博等社交平台。,"Originally referring to registered individuals whose whereabouts are unknown, now commonly used to jokingly describe content creators on platforms like Bilibili who have not updated for a long time."
zh,绅士,A well-mannered gentleman.,有教养的男士,在传统意义上，“绅士”指温文有礼、品味高雅的男性。然而，在ACG（动画、漫画、游戏）文化中，“绅士”被用来指有独特兴趣爱好的“高等变态”，即在语气和思想上具备变态倾向但行为表现得绅士的人物。这种用法源自对带有反差萌的角色的一种戏谑描述。,"In ACG culture, a ""gentleman"" refers to a person who outwardly behaves politely but harbors unconventional or perverted interests."
zh,车门焊死,"Car door welded shut, unable to open.",车门被焊接固定，无法打开,这个梗用于形容即将开始或已进入讨论一些露骨或不雅话题时的状态，表示听众无处可逃，必须继续听下去。在开玩笑意义上，也用来表达信息的重要性，要求听众关注并接受。,"A phrase describing a situation where listeners are trapped and must continue listening to explicit or uncomfortable topics, often used humorously to emphasize the importance of the information."
zh,神仙组合,A combination of gods and immortals.,神和仙的组合,用来形容某个组合中的成员非常厉害、优秀且在某一领域中顶尖。这个词汇体现了一种对组合中成员实力的高度赞扬和喜爱。,"A term used to describe a group whose members are exceptionally talented, outstanding, and top-tier in a particular field."
zh,我顶你个肺,I support you with your lungs.,我顶着你的肺,表达惊讶、不满或作为口头禅的一句广东俚语。在广东话中，也可作为骂人的话。,"A Cantonese slang phrase expressing surprise, dissatisfaction, or used as a verbal filler, sometimes also as an insult."
zh,是个狼人,A person who turns into a wolf.,是一个变成狼的人,指代比“狠人”更厉害、更狠的人，通常用于表达对某人或某事的惊讶、赞叹和佩服。这个网络流行语通过字面的字数比较，“狼人”的“狼”比“狠人”的“狠”多一点，形象地表示了程度更高的厉害。,"Refers to someone tougher or more formidable than a ""tough person,"" expressing surprise, admiration, or respect."
zh,糟了是心肌梗塞的感觉,"Oh no, it feels like a heart attack.",糟糕了，感觉像心肌梗塞一样,源于“糟了，是心动的感觉”，用于形容某事物或某人非常令人心动，甚至用心肌梗塞来形容心动程度之大。也可以用于表达一种反向幽默感，当某事物或行为夸张或搞笑到让人“窒息”时，也可以用这种说法表示。,"Used to describe something or someone extremely heart-fluttering, or humorously to express being overwhelmed or stunned by exaggeration or absurdity."
zh,白月光,White moonlight,白色的月光,指的是可望不可即的挚爱或理想的人事物，是一种理想化且无法真正拥有的存在，常常令人怀念和向往。,An idealized and unattainable beloved or aspiration that evokes longing and nostalgia.
zh,翻水水,Stirring the surface of the water.,翻动水面上的水,"用来形容即将失败、面临困境或事情的结果即将糟糕的状况。最初在游戏对战中用于表示""这局要输了""，后来被引申为遇到大事或糟糕结果。","Used to describe an impending failure, difficult situation, or an outcome that is about to turn bad."
zh,不提也罢,Better not to mention it.,不提也算了,用于表示某人或某事没有值得评论或详述的价值，表现了无奈、不愿讨论或评论的态度，相当于“一言难尽”或“算了，不说了”。,"Used to express that someone or something is not worth commenting on, indicating reluctance or unwillingness to discuss further."
zh,继承蚂蚁花呗,Inherit an Ant Credit Pay account or its debt.,继承蚂蚁花呗账户或债务,形容某事特别好笑，同时自嘲经济状况不好，只能给别人留下蚂蚁花呗的负债。,"Describes something very funny while self-mockingly implying poor financial status, leaving others with debt on Ant Credit Pay."
zh,原谅色,Forgiveness color,原谅的颜色,指绿色，与“绿帽子”相关，象征着出轨后的宽容和原谅。,"A shade of green symbolizing forgiveness and tolerance after infidelity, related to the concept of a ""green hat."""
zh,秀住了,Showed off successfully,展示住了,尤其是在赞美某人的表现非常精彩时使用。这个词还可以用来讽刺那些表现不佳的人，类似于表示他们的表演像是在“秀”一样。,Used to praise someone's outstanding performance or sarcastically indicate poor performance as if it were a show.
zh,人血馒头,Steamed bun made with human blood.,用人血制作的馒头,这个梗用于讽刺那些通过踩低别人来获取利益或关注的人，行为卑鄙，无情。常用于批评利用他人的不幸、悲剧，或者通过伤害他人来提升自己的人。,"A term used to criticize those who gain benefits or attention by belittling others, often exploiting others' misfortunes or tragedies in a ruthless and despicable manner."
zh,姨父笑,The smile of an uncle (husband of maternal aunt).,姨夫的笑容,指的是一种慈祥、欢快的笑容，通常由年长者对年轻偶像的喜爱和宠溺的表现。类似于姨妈笑，是一种慈爱的花痴微笑。,A kind and joyful smile from an older person expressing affectionate admiration for a young idol.
zh,硬伤,Hard injury,硬的伤口,指明显且难以改变的缺点，可用于形容人或物品。,"An obvious and hard-to-change flaw or defect, applicable to people or objects."
zh,老太太钻被窝,An elderly woman crawling into the quilt.,年长妇女钻进被子里,这个梗有两个主要含义：1. 形象地形容摔跤的动作，尤其是四脚朝天、屁股着地的那种姿势，类似于老太太进被窝时的动作；2. 作为歇后语，指劲小、力气不足或动作缓慢，意指做事太含蓄或没有用力。,"1. A vivid description of falling on one's back with legs up, resembling an elderly woman getting into bed; 2. A metaphor for weak strength, slowness, or lack of effort."
zh,没起色,No signs of progress or improvement.,没有进展或改善迹象,用来形容一个人没有志气、颓废没落、懒惰消极、不努力、没有骨气、没有前途和希望，做事总是一事无成，是一种对人生活状态或性格的负面评价。,"Describes a person who is unambitious, lazy, lacking drive and integrity, with no prospects or hope, consistently failing in their endeavors; a negative evaluation of one's life state or character."
zh,西伯利亚挖土豆,Digging potatoes in Siberia.,在西伯利亚挖掘土豆,这个梗用于调侃某人要去吃苦受罪，相当于被流放到一个极端艰苦的地方进行体力劳动或苦差事。它形象地描述了被迫从事艰苦和枯燥工作的情境。,"A humorous expression describing being sent to endure hard labor or unpleasant tasks in a harsh, remote place."
zh,你膨胀了,You have become arrogant.,你变得膨胀了,指一个人变得傲娇，觉得自己很了不起，有时带有轻蔑他人的态度。这个说法通常是用来开玩笑或调侃，表示对方因为某些成功或好事而变得自大。,"Describes someone who has become arrogant or conceited, often teasingly implying they are acting superior due to recent success."
zh,膨胀,Increase in size or volume,体积或容量变大,指人骄傲自满，获得一点成绩后洋洋得意。如今多用于自黑和自我调侃，不再是贬义，而是一种开玩笑的方式。,"To feel proud and complacent after a small achievement, often used humorously for self-mockery rather than as a criticism."
zh,呵男人,To care for and protect a man.,呵护男人,用于吐槽、讽刺、嘲笑男人，多为女性表达对男人的不满或鄙视。这一用语是在表示对男性的不屑时常用。,"A term used mainly by women to criticize, mock, or express disdain toward men."
zh,呵女人,To care for and protect a woman.,呵护女人,是一种用来吐槽或讽刺女性的网络用语。它利用“呵”所带有的嘲笑或不屑的语气，表达对某些女性特点的批评或揶揄。,A derogatory internet term used to mock or criticize certain female traits with a tone of ridicule or disdain.
zh,奥斯卡欠你一座小金人,The Oscars owe you a little golden statue.,奥斯卡奖欠你一座小金人奖杯,用于调侃某人表现夸张、戏多，好像他们的演技应该获得奥斯卡奖。可以是赞美演技高超，也可能是讽刺他们爱博眼球。,"Used to mock someone for exaggerated or overly dramatic behavior, implying their acting deserves an Oscar, either as praise for skill or sarcasm for attention-seeking."
zh,清华北大选一个,Choose one from Tsinghua University and Peking University.,从清华大学和北京大学中选择一个,表示某人在某方面极具才华或能力，通常为赞美或调侃。,"Refers to someone exceptionally talented or capable in a certain area, often used as praise or teasing."
zh,不准套娃,Not allowed to use nesting dolls.,不允许使用套娃,指禁止反复套用别人的话，造成无休止的循环。这种行为被类比为俄罗斯套娃的层层套嵌。,"Prohibition against repeatedly reusing others' words, causing endless loops, analogous to nested Russian dolls."
zh,寿命论,Theory or viewpoint about lifespan.,关于寿命的理论或观点,通常一方寿命短暂，另一方寿命长久，最终导致一方注视着另一方先死去。这种情节引发对角色未来命运的思考，表达出岁月无情对深厚感情的冲击。,"A scenario where one character outlives another, prompting reflection on the impact of time and mortality on deep relationships."
zh,三集定律,The rule or law of three episodes.,三集的规律或法则,通常在观看到第三集时做出决定。如果在第三集出现剧情突变或引起强烈兴趣，则通常会继续观看；否则可能选择放弃。,A rule of deciding whether to continue watching a series based on interest or plot twists by the third episode.
zh,影帝影后,Best actor and best actress award winners in films.,电影中获得最佳男演员和最佳女演员奖的人,“影帝/影后”在网络用语中指那些擅长伪装自己真实意图的角色。这个词用来描述一个人为了达到目的所进行的佯装、欺诈或表演。该词可以表达对角色演技的惊叹或对其内心狡诈的讽刺，也常用来描述心口不一的政客和双面性格人物。,"A person skilled at disguising their true intentions through deception or acting, often used to describe insincere or duplicitous individuals."
zh,卧槽无情,Lying-down trough is merciless.,卧倒的槽无情,带有搞怪意味，常用于表达惊讶、疑惑或愤怒等多种情绪。,"A playful expression used to convey surprise, confusion, or anger."
zh,匡扶汉室,Support the legitimate Han dynasty imperial family.,扶持汉朝皇室正统,这个词已经成为《全面战争：三国》这款游戏的代名词，指的是玩家沉迷这款游戏，希望在游戏中实现刘备“匡扶汉室”的理想。,"A term referring to players' obsession with the game ""Total War: Three Kingdoms,"" aiming to fulfill Liu Bei's ideal of restoring the Han dynasty within the game."
zh,手动狗头,A dog head model operated by hand.,用手操作的狗头模型,用于表示评论内容为反讽，提醒读者与所说之话相反，常常用来避免误会或误伤友军，表示“我是友军/忠装反，别打我”。,"Used to indicate that a comment is ironic, signaling the opposite meaning to avoid misunderstandings or offending allies."
zh,地域嗨,Excitement or enthusiasm displayed in a specific region.,在特定地区的兴奋或热情表现,常常伴随着地域歧视的倾向。在某些群体中，这种行为被视为一种娱乐，但在更广泛的人群中，它往往被视为一种不当的地域歧视。,"A behavior often involving regional discrimination, seen as entertainment in some groups but generally regarded as inappropriate regional bias."
zh,按闹分配,Allocate based on noise level.,按照吵闹来分配,是一个用来批评和讽刺那些通过无理取闹、扰乱公共秩序来获取利益的社会现象的网络用语。这种行为通常被形容为“会哭的孩子有糖吃”，意指通过不当手段达到目的。此外，这一说法也用来形容部分情况下，由于某些机构的不作为，人们不得不通过“闹”来争取本应得到的合法权益。,"A slang term criticizing the social phenomenon where people gain benefits by causing disturbances or unreasonable complaints, often due to institutional inaction forcing them to protest for their rightful interests."
zh,想要什么颜色的麻袋,Which color of burlap sack do you want?,想要哪种颜色的麻布袋,表达对某人或某事的喜爱，幽默地问对方想要什么颜色的麻袋，象征“绑走”带回家。,"Humorously expressing affection by asking what color sack someone wants, symbolizing ""taking them away"" or bringing them home."
zh,当个人吧,Exist as an individual.,作为个人存在,主要用于讽刺言辞粗俗或恶毒的人，并可以用来对不道德的行为表示愤怒或谴责。,Used sarcastically to criticize rude or malicious speech and to express anger or condemnation of immoral behavior.
zh,邪魅狂狷,"Evil yet charming, wild and aloof.",邪恶而有魅力，狂放而孤傲,是用来形容那些在网络小说中常见的霸道总裁、黑道少主或商界精英等角色的一种气质。这个词强调他们具备强大的潜在能力和魅力，能够超然地处理事务，并常常无视法律与社会常规。同样，他们的举止既豪放又自律，对待规矩有选择性地遵守。,"A term describing characters with a powerful, charismatic, and rebellious aura who handle matters with detached confidence and selectively follow rules."
zh,老虚,Old and weak,年老而虚弱,因为他以创作黑暗、悲剧性故事而闻名。他的作品常常涉及角色死亡和沉重的情感，所以他的名字被用来形容任何在动画或影视作品中触发死亡flag的剧情。,"A term used to describe plotlines in animation or film that trigger character death flags, inspired by a creator known for dark, tragic stories."
zh,强行水逆,Forcibly causing Mercury to go retrograde.,强行使水星逆行,指假装在水星逆行期间，把自己的不顺归咎于水逆现象，找借口安慰自己。,Pretending to blame personal misfortunes on Mercury retrograde as an excuse for self-comfort.
zh,祖师爷赏饭,Food bestowed by the founding ancestor.,祖师爷赐予的饭食,用来形容一个人在某一领域拥有令人难以企及的天赋或与生俱来的条件。这些条件是后天努力无法改变的，使得他们在该领域中能够轻松取得成功。如果拥有这些天赋的人还特别努力，就更让人望尘莫及。,"Describes someone with innate, exceptional talent in a field that cannot be matched by effort alone, enabling effortless success."
zh,抄作业式旅行,Travel style that imitates others' planned itineraries.,模仿别人计划的旅行方式,指的是那些不愿意自己做详细旅行计划的人，出发前匆忙在网上搜索或购买别人已经做好的旅行攻略，就像考试时抄别人的作业一样。,A type of travel where one hastily copies others' itineraries or guides instead of making detailed plans independently.
zh,饮水机管理员,Person responsible for the maintenance and management of the water dispenser.,负责饮水机维护和管理的人,用来形容团队中那些几乎没有上场机会、被边缘化的正式成员，他们只能在团队中打杂或做后勤工作。,"A formal team member who is marginalized and rarely participates, only handling miscellaneous or logistical tasks."
zh,国师所言极是,What the national teacher says is absolutely correct.,国师所说的话非常正确,表示对某人意见或观点的高度认可。这句话一般用于评论区表达对视频内容或评论的赞同，或者认为某个评论者的发言非常准确。,Used to express strong agreement with someone's opinion or viewpoint.
zh,六人定律,Rule or principle involving a group of six people.,六个人组成的规则或规律,指的是你和世界上任何一个人之间最多只相隔六个中间人，通过这些中间人即可建立联系。,The concept that any two people in the world are connected by at most six intermediaries.
zh,地狱模式,Hell mode or method,地狱的模式或方式,指游戏中的最高难度等级，需要极高水平才能完成，也用于形容在生活中遭遇极大阻力或恶劣环境。,"The highest difficulty level in a game requiring exceptional skill, also used to describe facing extreme challenges or harsh conditions in life."
zh,你是闰土我是猹,"You are Runtu, I am a chacal (a contrast between two characters or animals).",你是闰土，我是猹（两种动物或人物的对比）,表示我一直喜欢你，追随你，心甘情愿被你伤害，甚至愿意被支配。,Expressing unwavering love and willingness to be hurt or controlled by someone.
zh,拉胯,To move while dragging the hips.,拉着胯部移动,意指在关键时刻掉链子或表现不佳。,To fail or perform poorly at a critical moment.
zh,你就是个弟弟,You are a male younger brother.,你是一个男性的弟弟,是用来形容某人能力不足、资历浅或者没有地位的表达方式。通常带有轻蔑和调侃的意味。,"A derogatory and teasing expression used to describe someone as inexperienced, lacking ability, or having low status."
zh,贩卖焦虑,Trading or exploiting anxiety emotions.,买卖焦虑情绪,故意夸大或制造人们对某些事情的担忧，从而获取关注度、流量或直接的经济利益。,"Deliberately exaggerating or creating worries about certain issues to gain attention, traffic, or direct economic benefits."
zh,抢七,Deciding the match in the seventh game.,抢夺第七局,指在比赛中，当双方打成平局进入决胜局时，争夺该决胜局的胜利。最初源于网球比赛中的第七局决胜局。,Refers to competing for victory in the final deciding game when a match is tied.
zh,在爱河里搓澡,Bathing in the river of love.,在爱情的河流中洗澡,用来形容两人处于甜蜜而幽默的恋爱状态。它不仅表达恋爱中的幸福感，还带有一点幽默和沙雕的意味。,Describes a couple in a sweet and humorously playful romantic relationship.
zh,吸渣体质,A constitution prone to attracting impurities.,容易吸附杂质的体质,指的是那些在恋爱中总是容易被渣男或渣女吸引的人，这些人通常是感情受到玩弄的爱情傻瓜。尽管不断遭遇不认真对待感情的人，他们还是会一再陷入这种关系。,A person who repeatedly attracts and falls for unfaithful or insincere romantic partners despite being hurt.
zh,翻车鱼,A flat-bodied fish shaped like an overturned car.,一种体型扁平、形状像车翻倒的鱼类,现在常用于形容性格敏感纤细、胆小容易惊慌不安的人，尤其是社交恐惧症患者。,"A person who is sensitive, delicate, timid, and easily panicked, especially someone with social anxiety."
zh,我方水晶,Our team's crystal,我方的水晶,用来指代需要保护的对象，意指某人是自己人，需要被保护和守护。,A person who belongs to one's own group and needs protection and care.
zh,求翻牌,Request to reveal the card.,请求翻开牌子,表达对博主的喜欢和希望获得互动。,Expressing admiration for a content creator and hoping for interaction.
zh,驴粪蛋子表面光,Smooth surface of donkey dung and eggshell,驴的粪便和蛋壳表面光滑,指人或事物表面光鲜亮丽，但实际上没有内涵，徒有其表，常用来形容虚伪或注重外表但忽略内在的情况。,"Describes someone or something that appears shiny and attractive on the surface but lacks substance, often used to denote superficiality or hypocrisy."
zh,酸爽,Sour taste and refreshing sensation.,酸味和爽快感,包含酸涩与清新的双重感觉。形容某种体验虽然有些刺激或不适，但同时又有一种愉悦或满足的感觉。,A mixed sensation of slight discomfort and refreshing pleasure.
zh,疯求了,Desperately begged.,疯狂地请求了,是四川、重庆、山西等一些地区的方言，用于表达对某事或某人的极度无语或震惊。,A regional slang expression used to convey extreme speechlessness or shock about something or someone.
zh,出离愤怒,Extreme anger; anger to the highest degree.,出离愤怒即极度愤怒，愤怒到极点。,指极度愤怒，愤怒到极致，甚至超越了愤怒的感觉，达到一种无法再愤怒的状态。,"Extreme anger beyond the usual feeling of anger, reaching a state where one cannot be angrier."
zh,扑克脸,The face pattern on a playing card.,扑克牌上的脸面图案,指的是面部表情非常冷漠、无表情，给人一种距离感，难以透露情感或情绪变化。它可以用来形容一个人在特定场合下（如面对陌生人或竞争对手）保持冷淡、不泄露内心情绪的面部状态。,"A facial expression that is very neutral and emotionless, giving a sense of distance and revealing little emotional change."
zh,没毛病,No flaws,没有缺点,意思是指某件事情或某个人实际上是有问题、有毛病的，通常用来形容那些让人无言以对、啼笑皆非的情况。,Used ironically to describe a situation or person that is clearly problematic or absurd.
zh,时间是把杀猪刀,Time is like a butcher's knife used to slaughter pigs.,时间像一把用来宰杀猪的刀,形象地将时间比喻为无情的“杀猪刀”。这一比喻用来感叹岁月的残酷无情，它不仅在容颜上留下皱纹，也让曾经美好的事物和过去的情感变得物是人非。这句话表达了对光阴飞逝和岁月流逝的感慨，告诫人们要珍惜当下。,"A metaphor describing time as a ruthless force that ages appearance and changes cherished things and past emotions, expressing the harshness of passing years and urging people to cherish the present."
zh,整段垮掉,An entire section completely fails or collapses.,整段内容全部失败或崩溃,用来形容某段描述或情境非常尴尬无趣，没有任何效果。这句话常用于找台阶、找梗，或对困境的调侃。,"Used to describe a passage or situation that is extremely awkward and uninteresting, having no impact."
zh,踢到铁板,To kick against an iron plate.,脚踢到铁制的板子,指以为对方容易对付，结果发现对方很强大，自己反而吃亏。它也作为一种提醒，提示做人要低调，不要随意招惹别人。,"To encounter unexpected resistance or difficulty when underestimating someone, serving as a reminder to stay humble and avoid provoking others."
zh,古墓派公知,Public intellectuals of the Tomb Sect,古墓派的公共知识分子,形容那些认知水平落后、用过时手段宣扬他国优越的公知，实际上是不切实际的盲目吹捧他国并贬低中国的人。,A term describing public intellectuals with outdated views who unrealistically praise foreign countries while belittling China.
zh,核能打火机,A lighter powered by nuclear energy.,利用核能作为能源的打火机,是用来吐槽恐怖游戏或解谜游戏中道具打火机的不科学设定。在游戏中，打火机常作为唯一的光源，能在长时间的游戏过程中始终保持亮度，燃料似乎用之不竭，像是由核能驱动一样。,"A term used to criticize the unrealistic design of lighters in horror or puzzle games that serve as a constant, inexhaustible light source, as if powered by nuclear energy."
zh,咕杀,Killing while making a cooing sound.,咕咕叫着杀死,（くっ殺）=咕…杀了我吧！（「くっ…殺せ！」），指代女战士或女骑士在战败后，表达“士可杀不可辱”的精神。这句话表示宁死不屈，意为“杀了我吧”。,"An expression used by female warriors or knights after defeat, meaning ""kill me"" to convey a spirit of preferring death over dishonor."
zh,哈士奇大眼睛,Large eyes of a Siberian Husky dog,哈士奇犬的大眼睛,形容人因愤怒或其他情绪而睁大眼睛，并因此与哈士奇犬的表情相似。,"Describes a person widening their eyes due to anger or other emotions, resembling the expression of a husky dog."
zh,杀疯了,Killing wildly or rampaging.,杀得非常疯狂,是形容某个人做某件事的程度或某件事发展的程度极高。,Describes someone doing something to an extreme degree or something developing intensely.
zh,坏起来了,Started to go bad,开始变坏了,用于调侃或讽刺。当主播取得优势时，反而说“坏起来了”，表现一种幽默的反向。,"Used humorously or sarcastically to indicate someone is getting mischievous or aggressive, especially when they have the upper hand."
zh,好起来了,Getting better,变得更好,表示情况有所改善或变好。在电竞直播特别是《英雄联盟》（LOL）直播中，当主播或选手取得优势时，观众通常会在弹幕中刷这句话。同时，一些调皮的观众会反向操作，在主播处于劣势时刷“好起来了”，或在主播优势时刷“坏起来了”，以此进行调侃。此外，这句话也用于表达一个主播人气上升时的欣喜。,"Indicates an improvement or positive change, often used in gaming streams to signal gaining an advantage or rising popularity, sometimes humorously applied in reverse."
zh,彳亍口巴,A mouth that takes two steps.,两步走的嘴巴,具有一种无奈妥协的意味，表示在不情愿的情况下勉强同意或妥协。,Expressing reluctant agreement or compromise with a sense of helpless resignation.
zh,同一片海,In the same ocean.,在同一片海洋中,指的是同一个圈子或世界，表达对某个话题或文化的共同理解和共鸣。,"Refers to sharing the same circle or world, expressing mutual understanding and resonance on a topic or culture."
zh,偷心盗贼,A person who steals someone else's heart.,偷走别人心脏的人,用来形容一个人对另一个人产生了强烈的爱慕或者喜欢，心被对方“偷走”，因而将对方称作“偷心盗贼”。,"A term describing someone who has strongly captivated another person's affection, as if ""stealing"" their heart."
zh,上头,Located above the head.,在头部上方的位置,通常指因某种刺激或影响而产生的亢奋状态，或是在冲动下不理智地行动。可以是因酒精或其他物理刺激引发的头晕状态，也可以是被某个想法、音乐、视频等内容吸引并重复在脑海中引起兴奋或模仿的状态。目前多指第二种。,"A state of excitement or impulsive behavior caused by stimulation, often from alcohol or captivating ideas, music, or videos."
zh,仙人板板,"A slang term describing someone with a stern, expressionless face.",仙人板着脸板着脸,用于表达对对方祖宗的不敬，类似于“操他祖宗”的意思。它也可以在某些语境下用于表达无奈或不满。,"A slang term expressing disrespect toward someone's ancestors, similar to ""damn their ancestors,"" also used to convey frustration or helplessness in certain contexts."
zh,夹枪带棒,Carrying both a gun and a club.,夹着枪和棍棒,用来形容说话讽刺、伤人，语言中像藏着武器一样尖锐不友好。,"Describes speech that is sarcastic and hurtful, with language as sharp and unfriendly as hidden weapons."
zh,无痛当妈,Becoming a mother without pain.,没有痛苦地成为母亲,指的是在不经历实际生育和抚养孩子的痛苦情况下，直接享受当母亲的快乐。粉丝常用这个词来描述他们喜爱偶像的可爱之处，尤其是那些年龄较大的女性粉丝面对比自己小很多的偶像时，感受到如同母亲般的保护欲和亲切感。,"Refers to experiencing the joys of motherhood without undergoing the actual pain of childbirth and child-rearing, often used by fans to express a protective and affectionate feeling toward younger idols."
zh,吃灰,To accumulate dust.,吃灰尘,形容某物长时间闲置不用，积累灰尘。,"To describe something left unused for a long time, accumulating dust."
zh,散装英语,Loose English; refers to English content presented in a disorganized or fragmented manner.,散装的英语，指散乱包装的英语内容,指的是人们在使用英语时，语法和句子结构混乱、不完整，给人一种不成句、不成文的感觉，通常显得滑稽可笑。这通常用于形容那些不太会说英语的人在尝试用英语交流时的表现。,"English characterized by disorganized grammar and sentence structure, often incomplete and humorous, typically used to describe non-fluent speakers attempting to communicate."
zh,融梗,Blending of plot summaries,融合梗概,将其他作品中的出彩部分、情节设置等融入自己作品的行为。这种做法在对比原作时，通常可以明显看出其来源，与抄袭类似但更加复杂。融梗通常涉及从多部作品中借用素材，而抄袭多为单一来源。,"The act of incorporating notable elements or plot settings from multiple other works into one's own, resembling but more complex than plagiarism."
zh,气冷抖,Shivering caused by a drop in temperature.,气温降低导致发抖,大热天的全身冷汗手脚冰凉”的缩写，是一种讽刺和调侃的用语，主要用于模仿和批评对一些事件反应过于激烈或夸张的表达方式。它源自一段评论中对社会不满的夸张语言，被用来嘲笑那些在微小事情上过度反应的人。,"An ironic term mocking exaggerated or overly intense reactions to minor events, originating from a sarcastic expression of social discontent."
zh,反射弧太长,Long neural reflex pathway,神经反射路径较长,形容一个人反应迟钝或对某些事情的理解较慢。,Describes someone who is slow to react or understand certain things.
zh,诡异的光,Strange light,奇怪的光线,用于形容一种言者无心、听者过度解读的情形。说话者本无深意，却被听者强行解释得极其复杂。,"A situation where the speaker has no hidden meaning, but the listener overinterprets it in an overly complex way."
zh,行走的生化武器,A walking biochemical weapon.,能够行走的生物化学武器,指一个人说话方式或内容非常雷人甚至“有味道”，能让人觉得不适。,"A person whose way of speaking or content is shocking or unpleasant, causing discomfort to others."
zh,站票去新疆,Buying a standing ticket to travel to Xinjiang.,买站票去新疆旅行,"指网友用来调侃和惩罚那些乱说话、乱评论的人，让他们 ""体验"" 一种夸张的苦差事。",A phrase used online to mock or punish people who speak or comment recklessly by suggesting they endure an exaggerated hardship.
zh,大姐哥,Older sister and older brother,大姐和大哥,用来形容那些既有大哥般霸气，又有大姐般温柔的性格特征的人，或者性别不易辨别但充满个人魅力的人。,"A person who combines the boldness of a big brother with the gentleness of a big sister, or whose gender is ambiguous but exudes personal charm."
zh,盖楼,Constructing buildings at a construction site.,在建筑工地上建造楼房,在网络论坛或社交平台上，通过发布吸引人回帖的帖子，形成多层回复，被形象地比喻为“盖楼”。,"Posting engaging messages on online forums or social platforms to generate multiple layers of replies, metaphorically described as ""building a tower."""
zh,皮划艇,A small boat propelled by paddles.,一种用桨划动的小船,指上班或表演时严重偷懒的人。,A person who seriously slacks off at work or during a performance.
zh,纸带,A long strip of paper used for recording information.,用于记录信息的长条形纸片,用于嘲讽某人消息落后，意指某人对当前的信息或事件知之甚少或反应迟钝。,Used to mock someone for being out of touch or slow to react to current information or events.
zh,干啥啥不行吃饭第一名,"Bad at everything except eating, excels at eating.",做什么都不行，吃饭是第一名,“干啥啥不行，吃饭第一名”用来自嘲一个人除了吃饭擅长外，其余事情都不擅长。通常表示一种无奈和自嘲的幽默。,Used humorously to describe someone who is bad at everything except eating.
zh,天然呆,Naturally dull or slow-witted.,天然的呆板或迟钝,指一个人天生就显得傻乎乎、呆呆的，往往表现为反射弧较长、关注点不集中等，从而产生一种可爱的印象。,"A person who naturally appears silly or absent-minded, often showing delayed reactions and unfocused attention, creating a cute impression."
zh,满分作文,An essay that receives a full score.,得满分的作文,指的是文学气息浓厚、真情实感显露、内容丰富的文字或语言表达，形容某人的表达能力非常优秀，值得满分。,A highly expressive and richly detailed piece of writing or speech demonstrating excellent communication skills.
zh,手搓核弹,Hand-rubbing a nuclear bomb model.,用手揉搓核弹模型,指用手完成一件非常厉害或极具影响力的事情。原意是动漫中角色仅凭手就能发出威力巨大的招式，象征该角色的强大实力。现在用于形容某人用手完成了出色的作品或任务。,"Refers to accomplishing an impressive or highly impactful task using only one's hands, symbolizing great skill or power."
zh,人间水蜜桃,A peach of the human world.,人间的水蜜桃,形容长相甜美、气质如水蜜桃般的人，通常指外貌甜美、皮肤白皙泛粉红、具少女感的人。,"A person with a sweet appearance and peach-like complexion, typically referring to someone with fair, slightly pink skin and a youthful, girlish charm."
zh,封麦,Mute the microphone,封闭麦克风,指的是歌手决定不再在公开场合演唱歌曲，隐退歌坛，告别舞台的行为。,The act of a singer deciding to retire from performing publicly and leaving the music scene.
zh,二当家,Second-in-command,第二位负责人,"通常指在某个领域或团体中地位仅次于最高领导者的人。在网络梗中，特别是指那些冒充淘宝卖家的人，因为商家是第一位，而冒充者排在第二位，因而被戏称为""二当家""。该词也常用于形容内心戏丰富、喜欢在评论区""演戏""的网友。","A person second in command in a group or field; online, a term for fake sellers or users who theatrically act out in comment sections."
zh,精神小伙,A young man in good spirits or good mental state.,精神状态良好的年轻男子,原本是指精神气质好的年轻人，现在通常指打扮和行为很有特色，喜欢跳社会摇的土嗨小伙子。,"A young man with distinctive style and behavior, often fond of dancing to social shake music."
zh,不买立省,Save money by not buying.,不购买即可节省钱款,面对各种促销优惠活动，如“满减”“立减”等，尽管这些优惠方式标榜能够省钱，真正最省钱的方法其实是不购买任何商品。这是一种调侃和自嘲，因为大部分消费者最终还是会忍不住消费。,A humorous way to say the best way to save money during promotions is to not buy anything at all.
zh,弹性爱国,Expressing patriotism flexibly.,弹性地表现爱国情感,指的是一种表面上爱国但在利益受到威胁时表现出灵活和摇摆立场的行为。这一词语用于讽刺那些在爱国与自身利益发生冲突时选择优先维护个人利益的行为。,A behavior that superficially shows patriotism but flexibly shifts stance when personal interests are threatened.
zh,电竞黄浦军校,Esports military school in Huangpu District,黄浦区的电竞军事学校,指的是YM战队，尽管成绩不理想，但培养出多位知名选手。类似于黄埔军校在军事领域的影响力，YM在电竞圈为多支冠军队伍输送人才。,"A team known for producing many famous players despite mediocre results, similar to the influential Huangpu Military Academy in the esports field."
zh,丑萌,Ugly but cute in appearance.,长相丑陋但显得可爱,但意外地让人觉得可爱、有趣的反差属性。尽管第一印象可能因为长相而不突出，但随着时间推移，其幽默和可爱之处逐渐显露出来。这种特质常延伸至小孩子、小动物、小物件或新奇风格的表情包，带有正面和积极的意味。,"An unexpectedly endearing and amusing quality that contrasts with an initially unattractive appearance, often found in children, animals, objects, or quirky emojis, conveying a positive and charming impression."
zh,左右横跳,Jumping left and right,向左向右跳动,有何贵干》的搞笑动作，指的是来回跳动的幽默表现。这个动作在网络上被用作各种搞笑表情包，因为其魔性和幽默感。,A humorous back-and-forth jumping motion used in comedic expressions and memes.
zh,洗剪吹,"Washing, cutting, and blow-drying hair services.",洗头、剪发和吹风服务,原指理发店提供的洗头、剪头、吹风等服务，但作为网络梗，它用来调侃那些造型奇特、风格独特，类似杀马特风格的人。这个梗也衍生出形容词的用法，专门描述另类和夸张的时尚风格。,"Originally referring to hair salon services of washing, cutting, and blow-drying, it is used online to mock distinctive, unconventional hairstyles, especially those resembling the ""shamate"" style."
zh,开幕雷击,Opening lightning strike,开幕时的雷电击打,指的是在刚打开视频时，就立即看到令人震惊或出乎意料的内容，类似于被雷击般的强烈冲击。,"Refers to encountering shocking or unexpected content immediately upon opening a video, like a sudden lightning strike."
zh,欢迎回家,Welcome back home.,欢迎你回到家里,用于调侃游戏玩家在高难度游戏中失败并回到起点时，表达观众对玩家处境的戏谑和“鼓励”。,"Used to mockingly ""welcome"" a player back to the start after failing a difficult game level, expressing playful teasing and encouragement from spectators."
zh,钩直饵咸,"Hook is straight, bait is salty.",钩子直，饵料咸,用来形容那些企图耍别人的人技巧拙劣，构思不周，被轻易识破。主要用于讽刺智商不够的人在尝试诱导或操纵他人时，被一眼看穿的情况。,"Used to describe someone whose clumsy and poorly planned attempts to deceive others are easily seen through, often mocking those with insufficient intelligence trying to manipulate or mislead."
zh,翻滚吧牛宝宝,"Baby cow, roll over!",牛宝宝翻滚吧,意在让人离远点。它在网络上流行起来作为一种不带脏字的方式来说脏话。,A playful phrase used online to tell someone to go away without using profanity.
zh,家里有矿,Having mineral resources at home,家中有矿藏资源,用于形容一个人特别有钱，花钱非常大方，也可以用来吐槽某件事情非常烧钱或价格过高。,"Used to describe someone who is very wealthy and spends money generously, or to criticize something as very expensive or costly."
zh,花蟹,A type of crustacean seafood with a broad body and a shell patterned like flowers.,一种甲壳类海鲜，体形宽大，壳呈花纹状的蟹。,指代那些无故妨碍他人，损人不利己，不懂团队合作的人。,"Someone who obstructs others without reason, harms others without benefiting themselves, and lacks teamwork skills."
zh,树洞,Tree hollow,树的洞穴,尤其是在无法对身边人直接表达时，常通过网络匿名平台诉说。,An anonymous online platform used especially to share feelings when unable to express them directly to people nearby.
zh,原地结婚,Hold a wedding ceremony on the spot.,在原地举行婚礼,指对一对情侣或CP（情侣配对）非常看好，并希望他们能够立刻在一起。并不意味着真的要在原地结婚，而是表达对他们关系的祝福和期待。,"A phrase expressing strong support and hope for a couple to be together immediately, symbolizing blessings and anticipation for their relationship."
zh,迷惑行为,Confusing behavior that causes bewilderment.,让人感到困惑的行为,指那些让人感到不解、很奇怪或耐人寻味的行为。在网络语境中，这个词语通常用来形容那些看似无厘头、让人感到困惑甚至有些搞笑的举动，但随着时间推移，逐渐也带有一些批判意味。,"Actions that are confusing, strange, or puzzling, often seemingly nonsensical and sometimes humorous, but increasingly carrying a critical tone."
zh,钓鱼穷三年玩鸟毁一生,Fishing causes three years of poverty; birdwatching ruins a lifetime.,钓鱼导致三年贫穷，玩鸟毁掉一生,"""钓鱼穷三年，玩鸟毁一生"" 是一句警示语，意在告诫年轻人不要玩物丧志，要把精力集中在学习和奋斗上。强调在年轻时过多沉迷于钓鱼和玩鸟等消遣活动，会影响自我成长和发展。","A warning advising young people not to waste time on hobbies like fishing and birdwatching, as it can hinder personal growth and development."
zh,死兆星,An ominous star that foretells death.,预示死亡的不祥之星,代表即将面临死亡或悲惨结局的预兆。在现代网络语境中，当人们调侃或预感到某种灾难即将降临时，常引用这个梗。,A sign or omen indicating imminent death or a tragic outcome.
zh,占戈哥欠走已,"To possess or owe something to ""Ge Ge"" and then leave.",占有戈哥欠走已,用于形容热血、燃系BGM或歌曲响起所带来的激动氛围，常出现在剧情高潮或战斗场景。,"Used to describe the exciting atmosphere created by intense, energetic background music or songs, often during climactic or battle scenes."
zh,保安日记,Security guard's diary,保安的日记,它的内容通常是一些普通但搞笑的小事。因其诙谐逗趣的文字风格而受到大众喜爱，并在网络上迅速走红。,A popular online diary featuring humorous and ordinary daily anecdotes.
zh,洗洁精式演技,Acting style like dishwashing detergent.,像洗洁精一样的演技,对演员演技的肯定，特指黄晓明在电视剧《鬓边不是海棠红》中的演技突破了以往的油腻感，被形容为像洗洁精一样去油。,"A compliment for an actor's performance, specifically praising Huang Xiaoming's breakthrough in the TV drama ""The Sleuth of Ming Dynasty"" for removing his usual greasy acting style, likened to how dishwashing liquid removes oil."
zh,多人运动,A sport or game played by multiple people together.,多人一起进行的体育运动或游戏,指的是一种隐晦的调侃，起源于指责明星私生活不检点，后来被网友用于形容一些多人参与的活动，以幽默方式避开原本的敏感话题。,"A euphemistic slang originally criticizing celebrities' promiscuity, later humorously used to describe activities involving multiple participants."
zh,上分工具,Tool used to increase scores,用于提升分数的工具,指的是在游戏中帮助别人提高分数的一方，通常带有被利用的意味，特别指一些男性为了追求女性而帮助她们提升游戏排名，而这些女性仅仅是为了游戏成绩，并不对他们产生其他感情。,"A player who helps others improve their game ranking, often exploited, especially when men assist women seeking higher scores without mutual romantic interest."
zh,玛卡巴卡,Makka Pakka (animated character name),玛卡巴卡（动画角色名）,背景音乐是根据动画角色玛卡巴卡创作的魔性BGM。,A catchy background music inspired by the animated character Makka Pakka.
zh,奶瓶给你打掉,Knock the baby bottle away from you.,把奶瓶打掉给你,用来回怼对方奶声奶气、不够成熟的话语，风趣地讽刺对方幼稚。,A humorous retort mocking someone's immature or childish remarks.
zh,提桶跑路,To run away carrying a bucket.,提着桶离开跑掉,指因为不满工作环境或其他原因，选择离职的一种自嘲方式，形象地体现了外出务工者离职时的状态和心情。,A self-deprecating term for quitting a job due to dissatisfaction with the work environment or other reasons.
zh,已黑化,Already turned black in color,已经变黑色,原意指角色变得邪恶，立场改变。如今在网络上常作为一种时尚标签，表示一种态度，比如受到打击后情绪变化，并不是真正的邪恶。,"Originally meaning a character turning evil or changing stance, now used online as a trendy label indicating an attitude shift after setbacks, not true evil."
zh,电车难题,Electric vehicle challenges,电动汽车的难题,考察在危急情况下的道德决策问题。通常为两难选择：牺牲少数人以拯救多数人，还是保持不作为，看似客观将在情感和理性之间求取平衡。它揭示了各种道德哲学立场之间的冲突，特别是对功利主义的挑战。,"A moral dilemma involving a choice between sacrificing a few to save many or taking no action, highlighting conflicts between emotional and rational ethics and challenging utilitarianism."
zh,人间德芙,A Dove chocolate in human form.,人间的德芙巧克力,用于赞美某些视频剪辑质量非常高，内容流畅，观赏体验如同德芙巧克力般顺滑。,"Used to praise video edits that are high-quality, smooth, and enjoyable like Dove chocolate."
zh,梅开二度,Plum blossoms bloom a second time.,梅花再次开放两次,意思是指同一件事成功地做到两次。在不同语境中，它有不同的用法：在足球中，指同一球员在一场比赛中进了两球；在视频中，指同一个镜头或情节出现两次。,"Achieving the same success twice in the same context, such as scoring two goals in one soccer match or a scene appearing twice in a video."
zh,双厨狂喜,Two chefs extremely delighted,两个厨师极度高兴,是指同时喜欢两个作品的粉丝看到两个作品在同一场合、视频或作品中出现时感到特别高兴或兴奋的情绪。,"The excitement felt by fans who like two works simultaneously when both appear together in the same event, video, or work."
zh,绿箭,Green arrow,绿色的箭头,指那些表面上体贴，但实际心机重，喜欢贬低别人男友以显得自己更好的男生。,A guy who appears considerate but is actually scheming and belittles others' boyfriends to make himself look better.
zh,直呼内行,Directly address someone as an expert.,直接称呼为内行,用来调侃一些看似专业、实则不太聪明甚至搞笑的行为或者选择。虽然表面上给予了高度评价，但实际上是一种反讽和自嘲。,Used sarcastically to mock actions or choices that appear professional but are actually unwise or amusing.
zh,请问哪里能买到您的著作,May I ask where I can buy your book?,请问在哪里可以买到您的书籍,用于形容某人的观点或评论非常经典或深刻，以至于值得被“撰写成书”。,"Used to describe someone's opinion or comment as so classic or profound that it deserves to be ""written into a book."""
zh,维金斯养生篮球,Wiggins' health-preserving lifestyle combined with basketball.,维金斯的养生方式与篮球运动,这个梗用来形容NBA球员安德鲁·维金斯在比赛中轻松稳重的打法风格，注重节省体力，不做高强度动作。,A term describing NBA player Andrew Wiggins' relaxed and steady playing style that conserves energy without intense physical exertion.
zh,平地摔,Falling flat on a level surface.,在平坦的地面上摔倒,指在没有任何障碍的平地上自己摔倒，通常用于形容一个人可爱、冒失或有点天然呆。,"Falling flat on a level surface, often describing someone as cute, clumsy, or a bit airheaded."
zh,企鹅肉,Meat of a penguin,企鹅的肉,用来形容两个人沟通不在一个频道上，一方认真说话，另一方随意回应甚至故意气人，打断谈话。,"Describes a situation where two people fail to communicate effectively, with one speaking seriously and the other responding casually or provocatively, interrupting the conversation."
zh,端水大师,"Expert at serving water (metaphorically, someone who stays neutral).",端着水的高手,不偏袒任何一方的人。这个梗用来形容那些努力做到“一碗水端平”的人，特别是在复杂或容易引发争议的环境中。,"A person who remains impartial and treats all sides fairly, especially in complex or contentious situations."
zh,尬到我脚趾抓地,So awkward that my toes grip the ground tightly.,尴尬到脚趾用力抓住地面,用夸张的方式形容一种极度尴尬或羞耻的情绪。它描述人在感到尴尬时，脚趾会不自觉地蜷缩，就像在抓地一样。为了形容尴尬程度之高，网友们进一步扩展这种比喻，称脚趾抓地能抠出极大程度的东西，例如三室两厅或一个宇宙等。,"An exaggerated expression describing an intense feeling of embarrassment or shame, likening involuntary curling of the toes to gripping the ground."
zh,蒙古上单,A top lane player of Mongolian ethnicity.,蒙古族的上路玩家,指代一种敢于直言、不畏惧后果的勇士精神。,A spirit of bravery characterized by speaking boldly without fear of consequences.
zh,小白船,A small white boat.,一艘小型的白色船只,这个梗来源于童谣《小白船》在电视剧《隐秘的角落》中的出现，成为了恐怖事件的预兆和象征。在剧中，每次这首童谣响起时都会发生命案，因此被赋予了阴森、恐怖的意味。,"A reference to a children's song symbolizing ominous or terrifying events, popularized by its use as a murder premonition in the TV series ""The Bad Kids."""
zh,提桶进厂,Carrying a bucket into the factory.,提着桶进入工厂,通常是因为不满意工作环境或生活条件。这个说法突出了工人们在工厂中不稳定的就业状态，也带有一定的调侃意味。,"Leaving a factory job due to dissatisfaction with work or living conditions, highlighting workers' unstable employment status with a humorous tone."
zh,罗玉龙,A man surnamed Luo named Yulong.,罗姓男子名叫玉龙,用来调侃他与凤姐（罗玉凤）在吹牛炒作方面的相似之处。,Used to mock his similarity to Luo Yufeng (Feng Jie) in bragging and self-promotion.
zh,大魔法师,A wizard with powerful magical abilities.,拥有强大魔法能力的魔法师,这个梗指代年龄较大仍然保持处男身份的人。根据传说，保持处男之身到某个年龄就可成为魔法师，意味着处男时间越长，魔法能力越强。这是一种自嘲和调侃。,"A humorous term for an older man who remains a virgin, implying that the longer one stays a virgin, the stronger their ""magical"" powers become."
zh,滑铲杀虎,To kill a tiger using a sliding tackle motion.,用滑铲动作击杀老虎,形象地描述了不切实际且夸张的战斗场景。起源于网友的调侃，讲述了一种通过滑铲动作抵挡并击败老虎的不可思议操作，常用来讽刺或幽默地描述虚构或夸大其词的情况。,A humorous or sarcastic term describing an unrealistic and exaggerated combat scenario where sliding tackles are used to fend off and defeat a tiger.
zh,哥哥进鱼塘吗,Is older brother entering the fish pond?,哥哥进入鱼塘吗？,表示邀请对方成为自己的备胎之一。它暗指对方可能不是进入一个专一的爱情关系，而是成为其中许多个暧昧关系中的一个。,An invitation for someone to become one of multiple backup romantic interests rather than an exclusive partner.
zh,茶艺大师,A person skilled in the art of tea.,精通茶艺的人,用来讽刺那些能把“绿茶”行为表现得特别到位的人。“绿茶”这里指的是表现得清纯无辜，但实际上具有心机的人。该梗常用于形容那些在拍照和日常互动中显得做作或刻意的人。,"A sarcastic term for someone who skillfully pretends to be innocent and pure but is actually calculating, often used to describe people who act deliberately or affectedly in photos and daily interactions."
zh,推土机,A heavy machine used for pushing and leveling soil.,一种用于推土和平整土地的重型机械设备,是在ACGN次文化中形容对各种女性角色进行“推倒”的男性角色。这一术语也可以指向在正常向游戏中形容皮糙肉厚的重甲敌人。,"In ACGN subculture, a male character who aggressively pursues various female characters; also refers to heavily armored tough enemies in mainstream games."
zh,在山海经第几页,On which page of the Classic of Mountains and Seas,在《山海经》的第几页,用来问别人是哪种“妖怪”，即形容对方长相奇特或行为怪异，借用《山海经》中对各种怪物、妖兽的记载进行调侃。,"A humorous way to ask what kind of ""monster"" someone is, implying they look or behave strangely by referencing the mythical creatures in the Classic of Mountains and Seas."
zh,正版打野,Official version jungler player,正式版本的打野选手,这个梗最初来自于游戏英雄联盟的职业选手Xx对IG队员的嘲讽，意指原本战队的正式队员。但随着Xx在比赛中表现不佳，网友反倒用这个词来调侃他，使得“正版打野”带有讽刺和自嘲的意味。,"Originally a term mocking official team members in League of Legends, later used sarcastically to tease a player for poor performance."
zh,懂的都懂,"Those who understand, understand.",懂的人都懂,用于表达某种信息的隐晦或复杂性，只有特定的人会明白，而不了解的人很难进入这个圈子。常常用于玩梗，或表示信息只能意会。,"Used to indicate that only certain people understand a subtle or complex message, while outsiders find it difficult to grasp."
zh,歪嘴战神,Crooked-Mouth War God,嘴歪的战神,这表情伴随着剧情的反转。当男主受到他人嘲讽或打击时，他会露出一种歪嘴、邪魅的微笑，象征他的隐藏身份即将揭示，他马上要展现出强大能力和地位。,A crooked smile expressing a hidden identity and imminent display of power during a plot twist.
zh,脚趾抠出三室两厅,"Digging out a three-bedroom, two-living-room house with toes.",用脚趾挖出一个三室两厅的房子,形容一个人感到非常尴尬、羞愧，尴尬到极点，甚至夸张到像用脚趾抠出一个大房子一样。,Describes someone feeling extremely embarrassed or ashamed to an exaggerated degree.
zh,眨眼补帧,Supplementing video frames by blinking.,通过眨眼动作补充视频帧数,通过快速眨眼跳过不流畅画面，使视觉上感觉顺畅的调侃方式。这只是一种玩笑，没有实际作用于改善性能。,"A humorous way of saying that quickly blinking skips choppy frames to make visuals appear smoother, without actually improving performance."
zh,变身盖亚,Transform into Gaia (an Ultraman character).,变身成盖亚（奥特曼角色）,用来调侃一个人在情绪失控或愤怒时发出的吼声，形容这个瞬间像是奥特曼盖亚变身时喊叫的声音。这种吼声可能源于对复杂任务的挫败感，比如在玩难度很高的游戏时沮丧到极点的反应。,"A term mocking the loud shout someone makes when losing control or anger, resembling the transformation cry of Ultraman Gaia, often triggered by frustration with difficult tasks."
zh,干饭了,Started eating.,开始吃饭了,意思是准备开始吃饭，一种热情豪爽的说法。,Ready to start eating; an enthusiastic and hearty expression.
zh,韭菜人,Person who cultivates Chinese chives.,种植韭菜的人,特指那些想要以小成本获取大收益，但最终因缺乏识别能力而被欺骗，交了“智商税”的人群。他们自以为能占便宜或获利，结果却被他人利用，反而遭受损失。,"People who try to gain high returns with low investment but end up being deceived due to lack of discernment, effectively paying an ""intelligence tax."""
zh,云端孝子,A child who shows filial piety to their parents through online means.,在云端孝顺父母的子女,指那些在微信朋友圈里通过转发祈福图片为父母祈福保平安的年轻人，暗示这些人可能在现实中并未真正尽孝。,Young people who publicly express filial piety online by sharing blessing images but may not genuinely care for their parents in real life.
zh,小嘴抹了蜜,Having honey smeared on the lips.,小嘴上涂抹了蜂蜜,原用于夸奖人说话好听，但现在多用于反讽，形容某人嘴上跑火车、满嘴脏话或行为低素质，是一种贬义词。,"Originally used to praise someone for speaking sweetly, now often used sarcastically to describe someone who talks nonsense, uses foul language, or behaves poorly."
zh,战歌起,The battle song begins to play.,战斗的歌曲开始演奏,指代热血、激昂的背景音乐（BGM）的开始，特别是在动漫或影视作品中。当剧情达到高潮或即将开始战斗时，这类音乐会播放，迅速提高观众的情绪，增添紧张感。,"Refers to the start of intense, energetic background music, especially in anime or films, signaling a climax or impending battle to heighten excitement and tension."
zh,冲就完事了,Just sprinting will get the job done.,只要冲刺就能完成事情,放手去做的态度。无论遇到什么事情，不必多想，直接行动。,An attitude of boldly taking action without overthinking.
zh,午马,Noon horse,中午的马,是指那些默默干活、不能有怨言、不能出头的人。由“牛马”演变而来，字面上表示出不了头的“牛马”。,Refers to people who work silently without complaints and cannot stand out.
zh,摆烂,To place rotten things.,摆放腐烂的东西,指在事情无力好转时，不再采取措施而任由事态变坏，类似于破罐子破摔。,To deliberately give up improving a situation and let it deteriorate.
zh,演的吧,"Acting, right?",在表演吧,通常用于短视频评论中，意指视频内容是演绎的，而非真实发生的事件。这一评论有时是为了讽刺视频的不真实，也可能是单纯的玩梗。,"Used in short video comments to indicate the content is acted out rather than real, often sarcastically or as a joke."
zh,抢五杀,Achieving the feat of consecutively killing five enemies.,抢夺连续击杀五个敌人的成就,一个玩家即将连续击杀五个敌人获得“五杀”成就时，却被队友抢走了最后一个击杀，导致未能达成。此行为在游戏中较为让人恼火，因为“五杀”是难得的成就。,"When a player is about to achieve a rare ""pentakill"" by consecutively killing five enemies but is denied the final kill by a teammate, causing them to miss the achievement."
zh,叠甲,Stacking armor,叠加护甲,原本是指在游戏中提升角色防御力的动作，现如今在网络语言中被用来指代在表达观点时加入免责声明，以避免被批评或争论。,"Originally referring to increasing a character's defense in games, now used online to mean adding disclaimers when expressing opinions to avoid criticism or arguments."
zh,完结撒花,Completed and celebrated with flower scattering.,完成并撒花庆祝,是一个用于吐槽或纪念作品完结时的流行用语。它通常在动画、影视剧等作品的最后一集或重要剧情节点之后使用。这个词用于表达作品完结后的庆祝或调侃，并且随着情节的发展，有时用来反讽或恶搞。,"A popular phrase used to celebrate, mock, or commemorate the conclusion of a work, often employed after the final episode or key plot points in animations or dramas."
zh,花果山高级会议,High-level meeting on Flower-Fruit Mountain,花果山上的高级会议,指局内交流混乱，像花果山一群猴子在开会。,A chaotic internal meeting resembling a group of monkeys gathering on Flower-Fruit Mountain.
zh,牛顿气活了,Newton's spirit has come alive.,牛顿的气息活了过来,指某些场景过于夸张和离谱，以至于违反了物理规律，牛顿看见了会“气得活过来”。,"Refers to situations so exaggerated and absurd that they defy physical laws, as if Newton would be angered enough to come back to life."
zh,列文虎克,Leeuwenhoek (a person's name),列文虎克（人名）,在网络中用于形容那些观察力极为敏锐、能察觉细微细节的人。这种人通常能够注意到别人容易忽略的小细节，就像使用显微镜一样观察事物。,"Used online to describe someone with extremely keen observation skills who notices subtle details others often overlook, like examining things with a microscope."
zh,嗨害嗨,Happy and excited,高兴又兴奋,因其魔性感觉而在网络上走红。,Popular online for its magical and sexy vibe.
zh,国宴,State-level banquet,国家级的宴会,表示玩家或队伍的操作非常烂，让观众觉得是在看一个顶级的菜鸟表演。,"Refers to a player or team's extremely poor performance, making viewers feel like they are watching a top-level novice."
zh,大冤种,A person who suffers a great injustice.,大的冤屈的人,或者做了傻事被称为“大冤种”。也可以指因蒙受冤屈而感到不快的人。它常被用来自嘲或形容他人不走运、不机灵的状况。,"A person who has done something foolish or feels wronged, often used to self-mock or describe someone unlucky or not clever."
zh,啊对对对,"Ah, yes, yes, yes.",啊，对，对，对,表示敷衍和摆烂，用来应对无理取闹、尖酸刻薄的人或无端指责，表达不屑与对方计较或合作的情绪。,"An expression used to dismissively respond to unreasonable complaints or criticisms, indicating indifference and refusal to engage."
zh,麦乐鸡侠,Hero of McNuggets,麦乐鸡的英雄,"多给顾客一块麦乐鸡的员工，被视为默默支持消费者的无名英雄，帮助顾客""割资本主义韭菜""。","An employee who secretly supports customers by giving an extra chicken nugget, seen as an unsung hero helping consumers benefit from capitalism."
zh,金钱豹,A large leopard with golden-yellow fur and spots.,一种体型较大的豹，毛色金黄带斑点。,这个梗寓意着对新一年暴富的期盼和对富贵生活的向往。换上金钱豹的头像象征着希望能够带来金钱和好运。,"A slang term symbolizing the hope for sudden wealth and a prosperous life in the new year, often represented by using a golden leopard avatar to attract money and good luck."
zh,老师菜菜捞捞,Teacher's vegetables and mixed dishes.,老师的菜和捞的食物,由“亲爱的老师，期末了，你可爱的学生菜菜的，能不能捞捞我，呜呜呜”这句话缩写而成，是一种撒娇式的请求，表达大学生希望在期末考试时老师能宽容打分，帮助他们不挂科。,"A playful, pleading phrase used by college students to ask teachers for leniency in grading during final exams."
zh,卡农警告,Canon-style warning,卡农风格的警告,类似于死亡警告。这种警告会让人感到恐惧和紧张。,"A warning that induces fear and tension, similar to a death warning."
zh,我的哑巴新娘,My mute bride refers to my bride who cannot speak.,我的哑巴新娘指我的不会说话的新娘,用来形容一个人外貌美丽，但说话时与外貌不符，特别是说话方式过于“糙汉子”风格。这表明，如果这个人不说话，他们会显得极为完美。,"Describes someone who looks beautiful but speaks in a rough, unrefined manner, contrasting with their appearance."
zh,德华,Germany and Chinese people,德国和华人,这个梗指的是在家中假期间，帮助亲戚朋友照顾孩子的大学生。,A college student who helps relatives and friends take care of children during home holidays.
zh,钵钵鸡,Chicken dish served in a bowl.,用钵盛装的鸡肉菜肴,指四川特色小吃钵钵鸡，因其魔性洗脑的叫卖声而走红。,A Sichuan specialty snack known for its catchy and addictive street vendor calls.
zh,内娱嫂子,Married women in the Chinese entertainment industry.,中国娱乐圈的已婚女性,粉丝通常称她们为“嫂子”，这是因为粉丝常称他们喜欢的男明星为“哥哥”，因此自然称呼他女友或妻子为“嫂子”。,"Fans often call female partners of their favorite male celebrities ""sister-in-law"" because they refer to the male celebrities as ""brother."""
zh,南方小土豆,Small potatoes from the southern region,南方地区的小土豆,是一个对南方游客在东北冰雪旅游期间的亲切称呼。这个昵称带有一种幽默和温馨的色彩，形象地描述了南方游客因穿着厚重的羽绒服而显得圆乎乎的样子。,"A humorous and affectionate nickname for southern tourists in Northeast China during winter, referring to their round appearance caused by wearing bulky down jackets."
zh,使用科技,Using technological methods or techniques,使用科技手段或技术,指的是学生在完成作业时，依赖搜题软件而不是自己思考，是一种利用科技手段快速完成任务的行为。这种说法常用于对依赖技术进行学习的调侃。,"Refers to students relying on question-solving apps instead of thinking independently to quickly complete assignments, often used humorously to describe dependence on technology for learning."
zh,性歹力,Negative sexual influence or harmful sexual force,性的不良力量,用来形容某些人自认为自己在散发性感魅力，但实际上却让人感到不适甚至惊恐，令人脚趾蜷缩，牙关紧咬，有一种强烈的反感和排斥感。,Describes someone who believes they are exuding sexual charm but actually causes discomfort or repulsion.
zh,跳科目三,Skipping the Subject Three driving test.,跳科目三考试项目,因其起源视频被称为“广西科目三”，而得此名称。这一舞蹈风格充满活力，成为许多网友模仿的对象，虽被一些人认为土味，却因其独特性而广泛传播，成为一种文化现象。,"A lively dance style originating from a viral video known as ""Guangxi Subject Three,"" widely imitated online and recognized as a cultural phenomenon despite being considered tacky by some."
zh,当代华佗,Contemporary Hua Tuo: A modern-day Hua Tuo doctor.,现代的华佗医生,指在短视频中扮演医生，用幽默、出人意料的方式为患者解决各种疑难杂症，常常通过调侃或讽刺的回答达到搞笑效果。,"A person who humorously plays a doctor in short videos, solving various difficult medical problems with witty or sarcastic responses for comedic effect."
zh,菜就多练,"If you're unskilled, practice more.",菜就多练习,指责一些玩家技术不好却经常质疑他人的行为，但从作弊玩家口中说出显得荒诞。,"Criticizing unskilled players who often question others, especially absurd when said by cheaters."
zh,佛山电翰,Foshan's electric Han (a term referring to electric products or services from Foshan).,佛山的电翰,他因长相酷似演员张翰而备受关注。他在视频中标志性的甩手动作成为网络流行的模仿对象，各行各业的网友都争相效仿这一动作。,A person resembling actor Zhang Han whose distinctive hand-swinging gesture in videos became a widely imitated internet trend.
zh,行业冥灯,Industry's dark lamp (a symbol of industry’s hidden troubles).,行业的黑暗之灯,用于形容那些会导致行业走下坡路的人或事件，带有嘲讽意味，相当于“干一行毁一行”。,"A term used sarcastically to describe people or events that cause an industry to decline, equivalent to ""ruining every industry they work in."""
zh,哈基米,Hakimi is a personal name or a transliteration of a foreign word.,哈基米是一种人名或外来词音译。,现在指可爱的宠物，也可以用来卖萌。,Refers to a cute pet or used to act adorably.
zh,水泥封心,Sealing the heart with cement.,用水泥封住心脏,指的是在经历感情伤害后，为了自我保护而不再轻易动感情。,Refusing to easily develop feelings after emotional hurt for self-protection.
zh,如来,"In Buddhism, refers to the Tathagata Buddha.",佛教中指如来佛祖,这个梗用来表达一种模棱两可的回答方式，意味着行动可能正在进行或尚未完成，但通过简单的用词，又巧妙地回应了对方的催促或询问。,"A slang term used to give an ambiguous response implying that an action may be underway or incomplete, cleverly addressing prompts or inquiries with simple wording."
zh,团宠,A group's favorite or beloved member.,团体中的宠物,指一个团队中最受喜爱和受到最多关注的人。,The most loved and most attention-received person in a team.
zh,浪浪山,A mountain ridge with rolling waves.,波浪起伏的山岭,在网络用语中代指家乡。,A slang term used online to refer to one's hometown.
zh,满朝文武为何支支吾吾,Why do all the civil and military officials of the entire dynasty speak ambiguously?,整个朝代的文官武将为什么说话含糊不清,这个梗用来调侃那些在内涵视频评论区吞吞吐吐、不敢直接发表意见的人。大家看懂了内容但不好意思明说，因此表现得欲言又止。,A phrase used to mock people who hesitate and avoid expressing their opinions directly in comment sections despite understanding the content.
zh,进淄赶烤,Entering Zibo to rush and eat barbecue.,进入淄博赶着吃烤肉,是指赶赴山东淄博这个地方去吃烧烤。这个短语反映了淄博烧烤因网络走红而吸引了大量外地游客前来品尝的现象。,"Refers to traveling to Zibo, Shandong, to eat barbecue, reflecting the surge of visitors attracted by its online popularity."
zh,小镇贵妇,Wealthy woman from a small town,小镇上的富裕妇女,指的是生活在小镇，有车、有房且工作稳定的人。这些人虽然不生活在大城市，但生活更加轻松和惬意。他们具备让长辈满意的条件，在家庭和事业上看似都很成功。,"A person living in a small town with a stable job, car, and house, leading a comfortable life that appears successful both in family and career."
zh,摸鱼搭子,A partner who slacks off together.,摸鱼的搭档,指的是工作时不专心工作，而是与同事一起闲聊、打发时间的伙伴。这种伙伴关系在工作时可以互相聊天，从八卦到时事，降低工作的枯燥性，但在下班后就不再联系。,A coworker with whom one chats and passes time during work to reduce boredom but does not socialize after hours.
zh,曹操盖饭,Cao Cao's rice with toppings.,曹操的盖浇饭,指的是情绪转变或反转的过程，起初对某件事感到愤怒或不满，随后逐渐冷静并接受现实。,The process of shifting from anger or dissatisfaction to calm acceptance of a situation.
zh,女娲毕设,Nüwa's graduation project,女娲的毕业设计,指的是女娲造人时最完美的作品，用来形容一个人在各方面（如长相、身材、性格、智商、情商等）都非常完美的人。,"A person who is perfect in all aspects such as appearance, figure, personality, intelligence, and emotional intelligence."
zh,人菜瘾大,Someone who is very unskilled but has great ambition.,人很菜但欲望很大,指虽然技术不好，但特别热衷于玩游戏的玩家。,A player who is not skilled but is very enthusiastic about gaming.
zh,纯爱战士,A warrior of pure love.,纯洁爱情的战士,指那些在恋爱关系中坚持纯真、无私、高尚的爱情观的人。,"A person who upholds pure, selfless, and noble views on love in romantic relationships."
zh,中了基因彩票,Winning the genetic lottery (literal meaning).,中了基因的彩票（字面义）,指在外貌上遗传了父母的优秀基因，长相特别出众。,"Having inherited excellent genes from parents, resulting in an outstanding appearance."
zh,截图癖,A habit or tendency to frequently take screenshots.,喜欢截图的习惯或癖好,指沉迷于截图，把信息或瞬间记录下来，以备日后查看或分享给他人。,An obsession with taking screenshots to record information or moments for future reference or sharing.
zh,躺裂,Lying down and splitting open.,躺着裂开,表示一个人对生活失去热情，不再积极进取，同时心态也崩溃了。,"Describes a person who has lost enthusiasm for life, no longer strives actively, and whose mindset has collapsed."
zh,乐子人,A person who enjoys fun and entertainment.,喜欢快乐和娱乐的人,指的是以观看和享受事件演变为目的的人，他们主要是在网络上围观各类事件，寻找娱乐和话题。他们有时会参与讨论，但主要是以旁观者的态度，不对事件结果或影响负责。乐子人可以分为不同类型，从单纯的“吃瓜群众”到主动制造话题的角色。,A person who primarily observes and enjoys events online for entertainment without taking responsibility for the outcomes.
zh,鼠人,A person shaped like or resembling a mouse.,老鼠形状的人或像老鼠的人,又称“老鼠人”，通常用于自嘲，指代社会底层的人群，带有黑色幽默的色彩。,"A self-deprecating term for people at the bottom of society, often used with dark humor."
zh,鼠鼠,A diminutive term for a mouse.,老鼠的小称呼,指代社会底层或自认为渺小的人，通常用作形容自己在社会中不重要和微不足道的身份。这一表达起到自我调侃和自我安慰的作用。,"A term used to describe oneself as insignificant or low-status in society, often for self-mockery or consolation."
zh,鼠鼠我啊,"Mouse me ah (an expression involving ""mouse"" and a personal exclamation).",老鼠我啊,用“鼠鼠”指代处于社会底层、卑微且微不足道的小人物，表达一种自我调侃的丧文化情绪。,"Using ""鼠鼠"" to refer to insignificant, humble individuals at the bottom of society, expressing a self-mocking, defeatist attitude."
zh,人矿,Human mineral resources,人的矿产资源,指的是在“人口红利”现象中，个人从出生起就被当作消耗品使用的一种无奈调侃。,"A term humorously describing individuals treated as expendable resources from birth amid the ""demographic dividend"" phenomenon."
zh,交封不杀,"Hand over the cover, no killing.",交出封面不杀人,是用于调侃视频封面与实际内容不符的情况。网友评论“交封不杀”时，有调侃发布者封面吸引人而内容落差大的意思，也可能用于夸奖封面和内容都很吸引人时，表示对此的赞许和共鸣。,A phrase used to tease when a video's thumbnail is misleading or to praise when both the thumbnail and content are appealing.
zh,龙傲天,Dragon's proud sky,龙骄傲的天空,是形容某些小说、漫画或动画中不合理强大的主角。这类角色通常没有逻辑、缺乏实力，但通过主角光环总能轻松战胜敌人，成功达到人生巅峰。他们的成功完全依赖于剧情的偏爱，没有任何人格魅力或吸引力。,"A term describing unrealistically overpowered protagonists in novels, comics, or animations who easily defeat enemies due to plot favoritism despite lacking logic, strength, or personal appeal."
zh,养鱼,Raising fish,饲养鱼类,"指与多人保持暧昧关系而不进入正式恋爱，被作为备胎的人不少。养鱼塘则指备胎众多，与之相对的是""海王""，即同时维系多段暧昧关系的人。","Maintaining ambiguous relationships with multiple people without committing to a formal romance, often having many backup partners."
zh,阿黑颜,Black facial expression,黑色的脸色,特征是翻白眼、张嘴、吐舌，表现出一种陶醉和迷离失神的状态，常与性高潮的情景相关。,"A facial expression characterized by rolling eyes, open mouth, and tongue out, indicating a state of ecstasy or dazed trance, often associated with sexual climax."
zh,小布丁,Small pudding dessert,小型布丁甜点,主要用于讽刺利己主义者。它起源于一个网络投票事件，当时大多数人选择了免费的小布丁而不是科比复活。后来，这个词被用来攻击科比的粉丝和揭别人的伤疤，也可以用作无明确含义的底线梗。,"A term used to mock selfish individuals, originating from an online poll where most chose a free pudding over Kobe Bryant's resurrection, later used to criticize Kobe fans, highlight others' vulnerabilities, or as a nonspecific punchline."
zh,竹丝炒肉,A dish stir-fried with bamboo silk and meat.,用竹丝和肉一起炒制的菜肴,形象地形容挨打受处罚。,Vividly describes being beaten or punished.
zh,连夜走的买的站票,Bought a standing ticket overnight to leave immediately.,连夜买站票离开,形容因为见到某人真实样貌后的震惊和失望，急于逃离的心情。,"Describes the shock and disappointment upon seeing someone's true appearance, prompting an urgent desire to leave."
zh,爷满离,Leave fully satisfied,爷满意地离开,是“爷满意的离开了”的缩写。它的意思是表达看到了能满足自己期待的事物后，心满意足地离开。通常用来表示对某个内容的强烈满足与欣赏。,An abbreviation meaning to leave feeling fully satisfied after seeing something that meets one's expectations.
zh,闪光弹,A type of explosive device used in combat to produce a bright flash that temporarily blinds the enemy.,一种用于战斗中产生强烈闪光以致暂时致盲敌人的爆炸装置,在网络用语中，“闪光弹”引申为一种炫耀行为，特别是在感情或物质生活中表现得令人羡慕或炫目的行为。单身网友常用这个词来形容那些在公开场合亲昵互动的情侣或展示奢华生活的人，感到这是一种刺激、炫目到让人“致盲”的行为。,"In online slang, a flashy display intended to evoke envy, especially through public affection or showcasing a luxurious lifestyle."
zh,傻悲,Foolishly feeling sad.,傻乎乎地感到悲伤,跟“傻乐”形成对比，用于形容在困难未到来之前就感到悲观的人。,A person who feels pessimistic before difficulties actually occur.
zh,电竞贝多芬,Beethoven of esports,电子竞技的贝多芬,最初指的是在玩游戏时键盘敲击速度极快的人，类似弹钢琴的速度。最早是游戏选手厂长的外号，因为他在直播时常放钢琴曲，后来也引申为网络上打字速度飞快的人，尤其是在网上争论或喷人的情境下。,"A person who types or presses keyboard keys extremely fast, originally referring to a gamer known for rapid keystrokes like piano playing."
zh,麻辣毛蛋,Spicy-flavored bearded eggs (feathered chicken eggs).,麻辣味的毛蛋（毛鸡蛋）,最初是指一种特色小吃，但在网络上成为通过特殊的吆喝声来表达食物麻辣程度的搞笑梗。,"Originally a type of spicy snack, it became an online humorous meme expressing the level of spiciness through a distinctive chant."
zh,核区房,Housing near nuclear facilities,核设施附近的房屋,方便居民做核酸检测。,Residential buildings designed for convenient nucleic acid testing.
zh,乐山大佛,A giant Buddha statue in Leshan.,乐山的巨大佛像,这个梗用来讽刺那些在网络上站在道德制高点指责他人、却缺乏实际同情心和理解的网络喷子。形象比喻这些人看似高高在上、庄严神圣，实际上是自以为是。,A sarcastic term for online critics who moralize from a high ground but lack genuine empathy and understanding.
zh,科幻片,Science fiction film,科学幻想电影,在网络文化中，“科幻片”用来指代不可思议且甜美的恋爱故事，通常是对现实生活中难以置信的超甜恋情的调侃。,"In internet culture, a term used to describe an unbelievably sweet and idealized romantic story, often humorously referring to unrealistic love relationships."
zh,加密通话,Phone call protected by encryption technology,通过加密技术保护的电话通话,原意是“通过技术手段对通话进行加密，防止被窃听”。在网络上，指的是听不懂的对话。,A conversation that is difficult to understand or incomprehensible.
zh,前列腺刹车,Prostate acting as a brake mechanism.,前列腺作为刹车装置,形容将某个部位作为紧急制动方式，具有搞笑和夸张的成分。,"Using a body part as an emergency brake, often humorously and exaggeratedly."
zh,格局打开,Pattern/layout is opened up.,格局被打开,用于嘲讽或自嘲某人视野狭窄，建议应该更长远地看问题。常用于讽刺社会不公或特定观点。,"Used sarcastically to criticize or mock someone for having a narrow perspective, suggesting they should adopt a broader, long-term view."
zh,孩子飞出来了,The child flew out from the body.,孩子从身体里飞出来了,形容对方的魅力非常强大，以至于不需要和对方经历生孩子的过程，孩子就“飞出来”了。,Describes someone's charm as so strong that a child seems to appear without the usual process.
zh,世界名画,Famous paintings from around the world.,世界著名的绘画作品,这个梗表示一种对少见或意外画面的惊叹或戏谑。在特定情景下，其戏剧性和稀有性让人联想到真正的世界名画的珍贵。,"A slang term expressing amazement or playful admiration for rare or unexpected scenes, likening their drama and rarity to that of famous world paintings."
zh,扛着火车跑,Running while carrying a train on one's shoulders.,肩膀扛着火车奔跑,形容某人想要快速逃跑，比火车还快，表达急切和夸张的逃跑方式。,"Describes someone trying to escape quickly, faster than a train, expressing urgency and exaggeration."
zh,智商盆地,A low-lying area of intelligence (IQ).,智商的低洼区域,用来调侃或讽刺一个人的智商水平较低。,A term used to mock or sarcastically refer to someone’s low intelligence level.
zh,微瑕,Minor flaw,细微的瑕疵,指有轻微瑕疵的物品，在交易过程中描述物品状态时常用。这个词现常用于调侃，即使物品缺陷明显，也称其为“微瑕”。,"Refers to items with minor defects, often used humorously to describe clearly flawed goods during transactions."
zh,我完事了,I have finished the task.,我结束了事情,通常是男生在看到福利图或视频后用来表达自己已经解决了生理需求的内涵评论。,A phrase used by males to imply they have satisfied their physiological needs after viewing explicit images or videos.
zh,用爱发电,Generate electricity with love.,用爱心产生电力,指在收益较低或没有收益的情况下，仅出于热情和爱好而继续进行某项活动或工作。,Continuing an activity or work solely out of passion and love despite low or no financial gain.
zh,铁锤妹妹,Iron hammer girl,铁制的锤子妹妹,带有喜感和反差萌，通常用于称呼自己的女朋友或女生自称，体现出一种接地气和可爱的感觉。,"A playful and endearing term used by someone to refer to their girlfriend or by a girl herself, conveying a down-to-earth and cute vibe."
zh,尿遁,Leaving by urinating.,通过小便离开,从而暂时逃避责任或避免面对棘手的情况的人，或者用来缓解尴尬局面。,"A temporary escape from responsibility or avoidance of a difficult situation, often used to ease an awkward moment."
zh,我好了,I am already fine.,我已经好了,用于表示已经解决了生理需求。反面是“我还没好”，表示内容不够刺激或自嘲持久力。,"Used to indicate that a physiological need has been satisfied; the opposite phrase ""I'm not done yet"" implies insufficient stimulation or self-mockery of endurance."
zh,好多丧尸在啃人,Many zombies are biting people.,许多僵尸在咬人,这个梗用“丧尸啃人”生动形象地讽刺那些在公共场合进行亲热行为的情侣，尤其是热吻，表达了单身人士对这种现象的调侃或无奈。,"A humorous or resigned expression by singles mocking couples publicly displaying affection, especially kissing, likened to zombies biting people."
zh,懂王,A person who knows a lot; a master of knowledge.,懂得很多的人王者,这个梗用来嘲讽那些对某事物理解不够全面却自认为非常了解的人，带有贬义和讽刺。,A derogatory term mocking someone who overestimates their understanding of a subject despite lacking comprehensive knowledge.
zh,娇妻文学,Literature featuring delicate or pampered wives.,娇嫩的妻子相关的文学作品,是指一些女生在网上分享的自以为是被宠爱的经历。这些文字常常带有矫情的语气和文笔，展示一种自己是被霸道总裁般宠爱的“小娇妻”状态。然而，外人看起来这些表达实际上常常显得可笑，与现实脱节，她们不幸而不自知。这种风格逐渐在网络上成为一种受网友调侃的文学体裁。,"A style of online writing where women share self-indulgent, exaggerated accounts of being doted on like a ""spoiled wife,"" often perceived as pretentious and disconnected from reality."
zh,老六,An older sixth child.,年长的第六个孩子,指那些在游戏中不按常规策略行事，专门埋伏或偷袭敌人的玩家，后来泛指行为不按套路出牌的人。,"A person who disregards conventional strategies, often ambushing or surprising others, later broadly referring to someone who acts unpredictably."
zh,荒漠屠夫,Butcher of the desolate desert,荒凉沙漠中的屠夫,"这个梗指的是一位在抖音上走红的小姐姐，她以快速、熟练的宰羊技能而闻名。由于她在短时间内能熟练地完成羊的宰杀并且展示整齐的羊肉，她被网友戏称为""荒漠屠夫""。","A popular TikTok woman known for her fast and skilled sheep slaughtering, earning the nickname ""Desert Butcher."""
zh,半岛铁盒,An iron box on the peninsula,半岛上的铁制盒子,这是一个对话梗，用于测试对方是否知道周杰伦的歌曲《半岛铁盒》，以及是否能接住梗，类似于对暗号。,"A conversational code used to test if someone knows Jay Chou's song ""Peninsula Iron Box"" and can respond appropriately."
zh,天降紫微星,A Ziwei star descending from the sky.,天上降下的紫微星,凭借一部作品突然爆红的明星，或在体育圈中指成绩卓越、改变圈子现状的运动员。,"A celebrity who suddenly becomes famous due to a single work, or an athlete who achieves outstanding results and changes the status quo in their sport."
zh,巨硬公司,"A huge, solid company",巨大的坚硬公司,调侃微软公司，将“微软”对调为“巨硬”。,"A humorous nickname for Microsoft, reversing the characters in its Chinese name."
zh,二极管,A type of electronic component that allows current to flow in only one direction.,一种电子元件，允许电流单向流动,形容那些只能看到问题的两个极端，认为事物非黑即白，不具备辩证思考能力的人。这个词通常带有贬义，指代那些思维单一、缺乏换位思考、极端自私的人。,"A derogatory term for someone who sees only two extremes of an issue, thinks in black-and-white terms, and lacks dialectical thinking or empathy."
zh,谷圣,Sage of the valley,山谷中的圣人,是对奥运冠军谷爱凌的戏谑性称呼。它源于她在奥运会后的高曝光率、富裕生活和精英形象，引发部分网友的讽刺和调侃，认为她如同被神化的人物。,"A sarcastic nickname for Olympic champion Eileen Gu, implying she is idolized like a deity due to her high exposure, affluent lifestyle, and elite image."
zh,月亮不睡我不睡,"If the moon doesn't sleep, I won't sleep either.",月亮不睡，我也不睡,带有文艺色彩，表达一种与月亮一起度过漫漫长夜的浪漫情愫。,A poetic expression of spending a long night awake together with the moon.
zh,叠杀人书,Stacked multiple books about murder.,叠加多本关于杀人的书籍,这个梗是指在反复分享和传播过程中，表情包上的水印层层叠加，使水印变得很厚、很密集，如同一种累加效果。,A meme describing the accumulation of multiple overlapping watermarks on an image through repeated sharing.
zh,全员恶人,All members are villains.,所有成员都是坏人,被网友戏称为土味社会人穿搭。,A humorous term used by netizens to describe outdated or unfashionable work attire.
zh,迪士尼在逃公主,A princess who escaped from Disneyland.,迪士尼乐园中逃跑的公主,网络流行语，用来赞美女性，形容她们像迪士尼公主一样美丽，但她们并不在迪士尼乐园表演，而是像公主们那样“逃离”了某种场合或情境。这个梗源于迪士尼动画中的公主形象，因为许多迪士尼公主在故事中都有过“逃跑”的经历，因此当有人临时需要“逃离”某个场合时，这个梗就被用来形容她们。,"A popular internet term praising women by comparing them to Disney princesses who are beautiful and have ""escaped"" from certain situations."
zh,电脑配件,Computer components or accessories,计算机的组成部分或附件,在动漫中，特指角色对白中用“电脑配件”作为掩饰的物品，实际上指代某些不被允许或者不便公开的补品或物品。渐渐地，这个词开始被用作弹幕，以调侃和幽默的方式来评论此类情境。,"In anime, a euphemism for prohibited or sensitive items, later used humorously in comments to reference such situations."
zh,群青,A deep blue pigment or color name.,一种深蓝色的颜料或颜色名称,在网络文化中，“群青”成为一种鬼畜视频梗，通常当视频中某个角色发出长音时，制作者会将这一长音与YOASOBI的歌曲《群青》中的高音部分“啊”进行结合，同时将画面调成一种类似群青色的效果，形成一种戏谑和幽默的效果。,"In online culture, ""群青"" refers to a meme where a character's sustained note in a video is combined with the high-pitched ""ah"" from YOASOBI's song ""群青,"" accompanied by a blue-toned visual effect for humorous impact."
zh,心巴,Heart area,心脏部位,通过仿造上巴（上唇的意思）来幽默地指代心脏。此词调侃性地将身体各部位以“x巴”的格式重新命名，以增加趣味性。,"A humorous slang term for the heart, modeled after the word for upper lip, used to playfully rename body parts in the format ""x-ba."""
zh,雪糕刺客,Ice cream with hidden spikes (figuratively: unexpectedly expensive ice cream).,带刺的雪糕,指的是那些看似普通但价格高昂的雪糕，购买时让人感到意外和“被刺”的疼痛感。这个表达反映了雪糕价格上涨和意外负担感。,A term for seemingly ordinary ice creams with unexpectedly high prices that cause a surprising sense of financial pain.
zh,手磨咖啡,Hand-ground coffee: coffee powder ground manually.,用手工磨制的咖啡粉,形容一个人喜欢没事找事或自我炫耀。,Describes someone who likes to create trouble or show off without reason.
zh,饮茶先啊,Drink tea first.,先喝茶,的意思是提醒人们放下手头的工作，去休息，享受一杯茶。这个短语表达了一种对忙碌工作的抵抗，强调生活中应该有片刻的放松。,A reminder to pause work and enjoy a moment of relaxation with tea.
zh,三迟但到,Arriving late three times but eventually showing up.,三次迟到但最终到达,指的是尽管张三出现得比较晚，但最终他一定会被提到，调侃罗翔老师在讲课时总会例举的虚拟人物张三。,"Refers to someone who arrives late but is inevitably mentioned, humorously alluding to the fictional character Zhang San frequently cited by teacher Luo Xiang in lectures."
zh,东方甄选,Carefully selected products or services from the East.,东方精选的产品或服务,指的是新东方教育集团旗下的一种创新式直播带货方式。因其由新东方教师转型而来，以中英双语直播和独特的教学风格，将学术知识与商品推销相结合，吸引了大量观众。网友认为这种高质量的直播带货犹如一股清泉，为传统的带货模式带来了新意。,An innovative livestream sales method by New Oriental Education Group combining bilingual teaching and product promotion.
zh,红眼特效,Special effect of red-colored eyes,红色眼睛的特殊效果,经常用于动漫和鬼畜二创作品，使得人物的眼睛看起来像能发出犀利的红光。这种特效通常用于展现人物的酷炫、专注或带有危险的气息，常伴随夸张的表情或文本，具有强烈反差的喜剧效果，也用于营造装逼时刻。,"A visual effect commonly used in anime and remix works that makes characters' eyes appear to emit sharp red light, conveying coolness, focus, danger, or exaggerated comedic contrast."
zh,战术核显卡,Integrated graphics card used for tactical purposes,用于战术用途的核显卡,指的是NVIDIA GeForce GTX 690显卡，由于功耗大、温度高，被调侃为“战术核显卡”。,"Refers to the NVIDIA GeForce GTX 690 graphics card, humorously nicknamed for its high power consumption and heat output."
zh,你已经是个成熟的软件了,You have already become a fully developed software program.,你已经成为一个功能完善的软件程序了,这个梗用以调侃和吐槽软件，讽刺软件虽“成熟”却未达到用户期望的自动化程度，希望软件能自主完成用户的需求。,"A sarcastic phrase used to mock software that is called ""mature"" but still fails to meet user expectations for automation and independence."
zh,上香,Burn incense as an offering or worship.,焚香祭拜,用于形容某事物或人物“凉凉了”，即事业或影响力衰退。常在评论中带有嘲讽或惋惜的意味。,"Used to describe something or someone as having declined or lost influence, often with a tone of sarcasm or regret."
zh,开团,Start a group activity.,开始一个团队活动,最初指游戏中与队友一起进行战斗，现指一群人聚集起来共同攻击或嘲讽某个人。,Originally referred to fighting alongside teammates in a game; now means a group gathering to collectively attack or mock someone.
zh,无内鬼,No internal spy or traitor.,没有内部的间谍或叛徒,用于表示“环境安全，可以开始分享图片”，通常指尺度较大的图片。,Indicates a safe environment to start sharing sensitive or explicit images.
zh,北半球,The northern half of the Earth.,地球的北半部分,指的是胸部的上半部分露出。它常用于二次元文化中，与“南半球”相对。,"The upper half of the chest exposed, commonly used in anime and manga culture, opposite of ""southern hemisphere."""
zh,脱氧核糖,Deoxyribose is a sugar molecule that forms part of DNA and RNA.,脱氧核糖是一种构成DNA和RNA的糖类分子。,在这个梗中指的是精子。因为在生物学中，DNA是由脱氧核糖构成的一部分，而精子是携带DNA的重要载体，因此用脱氧核糖来暗指精子。,"A slang term for sperm, referencing deoxyribose as a component of DNA carried by sperm."
zh,人间清醒,A clear-headed state in the human world.,人世间清醒的状态,指在纷繁复杂的世界中保持清醒，不迷失自我，明确自我定位，理智且踏实地生活和工作。,"Someone who stays clear-headed and self-aware amid a complex world, living and working with rationality and groundedness."
zh,俺也一样,Me too.,我也是一样,用来表达一种强烈的认同感、激动或感慨，尤其是在遇到志同道合的人时。,"Used to express strong agreement, excitement, or emotion, especially when meeting like-minded people."
zh,我的银行卡密码,The password of my bank card.,我的银行卡的密码,这个梗用来形容一个人所有的行动和意图都被他人彻底看透，就像对方已经知道了你的银行卡密码一样。通常用于调侃在游戏中完全被对手预判、看穿的一方。,"A phrase used to describe someone whose actions and intentions are completely seen through by others, as if their bank card password is known, often used to tease a player who is fully anticipated and outplayed in a game."
zh,精罗震怒,Meticulously detailed anger.,精细罗列的震怒情绪,当他们看到古罗马相关的信息时表现出的强烈反应。,A strong reaction displayed when encountering information related to ancient Rome.
zh,甜心奶奶,Sweet and adorable grandmother,甜美可爱的奶奶,源自她在《乘风破浪的姐姐》第三季中的初舞台表现。尽管她已经40岁，但仍旧用一首《爱你》等表演让90后粉丝感到怀旧和激动。这个称呼体现了粉丝对她甜美形象和活力的喜爱。,A term expressing fans' affection for a 40-year-old performer's sweet image and energetic stage presence that evokes nostalgia among post-90s fans.
zh,寄,To send mail or items.,寄送邮件或物品,原为电子竞技中的礼貌用语，代表Goodgame的缩写。最初用来表示对一局游戏的满意和结束，表示技不如人的甘拜下风。而在网络文化中，常用于形容“完蛋了”或处于劣势、一种摆烂的心态。,"Originally a polite term in e-sports meaning ""Good game,"" now commonly used online to indicate defeat, disadvantage, or a resigned attitude."
zh,朵拉,Duola (female given name),朵拉（女性名字）,这个梗用来形容“蘑菇头”和“眼瞎”，指的是动画角色朵拉的标志性蘑菇头发型和她在观察物品时的“战略性”视而不见。,"A slang term referring to a mushroom-shaped hairstyle and willful blindness, inspired by the animated character Dora's signature look and her strategic overlooking of objects."
zh,卢雷元年,The first year of the Lu and Lei surnames.,卢姓和雷姓的第一年,用来形容2022年，因为电子科技大学的两名学生卢XX和雷XX在毕业设计中舞弊被曝光，导致全国高校加强了对毕业设计的要求。,"A term referring to the year 2022, marked by increased national university scrutiny on graduation projects following a cheating scandal involving two students from the University of Electronic Science and Technology."
zh,退退退,"Step back, step back, step back.",退后退后退后,"包含跺脚、手势如击剑，同时大喊""退退退""，仿佛在驱逐恶灵。","Stomping feet and making fencing-like gestures while shouting ""retreat"" as if expelling evil spirits."
zh,谢谢甄嬛,Thankful for Zhen Huan's help or kindness.,感谢甄嬛的帮助或恩惠,表达对该角色逆风翻盘、苦尽甘来的励志生活态度的欣赏和向往。这一事件在网上引发了大家对美好生活的期盼，希望通过这种祝福获得好运和福气。,Expressing admiration and aspiration for the character's inspiring comeback and hopeful attitude toward a better life.
zh,潘周聃,A person named Zhou Dan with the surname Pan.,潘姓的周聃人名,这个梗指的是一位名叫潘周聃的学霸，他在节目《最强大脑》中的出场方式给人留下了深刻的印象。由于场地的狭窄，他起身时的扭头和侧身动作显得非常拽酷，给人一种气势不凡的感觉，因此被网友们用来玩梗和模仿。,"A reference to Pan Zhoudan, a top student whose cool and confident entrance on the show ""The Brain"" became a popular meme for imitation."
zh,痛太痛了,Extremely painful,疼得非常厉害,可以表示心理上的悲伤或生理上的疼痛。在网络文化中，它常被用于调侃或营造中二氛围。,"Expresses emotional sadness or physical pain, often used humorously or to create a dramatic atmosphere online."
zh,婉拒了哈,Politely declined.,婉转地拒绝了哈,是一种委婉拒绝别人的表达方式。在直接拒绝可能会带来尴尬或伤感情的情况下，用这种说法既达到了拒绝的目的，又通过“了哈”这种轻松的语气缓和了气氛，让对方更容易接受。,A polite and casual way to decline an offer or invitation to avoid awkwardness or hurt feelings.
zh,仰泳鲈鱼,A bass fish lying on its back.,仰面朝上的鲈鱼,形容刚刚死去，肚皮朝上的鲈鱼，以区别于新鲜活鱼。这种死去的鱼通常价格较低，“仰泳鲈鱼”这个称呼实际上是商家以幽默和高情商的方式来描述便宜出售的死鱼，以吸引顾客注意。,"A humorous term for dead sea bass floating belly-up, used by sellers to describe cheap, unsold fish."
zh,上巴,The slap on the upper side.,上面的巴掌,指人中，与“下巴”相对应。,"The philtrum, corresponding to the chin."
zh,生产队的驴,A donkey raised by the production team.,生产队养的驴,是用来形容特别忙碌或被过度使用的状态。这个短语来源于一句俗语“生产队的驴都没有你忙”，用来对比一个人或物处于高强度的使用状态。虽然用“驴”来形容听上去可能不那么高尚，但在这个语境下并不是用来骂人的，而是一种轻松幽默的表达。,Used to describe someone or something that is extremely busy or overworked.
zh,桌面清理大师,Expert at organizing desktops,擅长整理桌面的人,用来形容那些因为愤怒或焦虑而突然把桌上的物品全部推翻甚至掀桌的人。尽管这样做会导致一片混乱，但桌面却瞬间变得空无一物，就像被快速清理了一样。,"A person who, out of anger or anxiety, suddenly overturns all items on a desk, creating chaos but leaving the surface instantly cleared."
zh,癞蛤蟆睡青蛙,A toad sleeping with a frog.,癞蛤蟆和青蛙睡觉,这个梗用来形容一个人外貌不佳但又非常花心。,A phrase describing someone unattractive but very flirtatious.
zh,防止小孩误食,Prevent children from accidentally ingesting items.,防止儿童误食物品,源于人们对带孔物品的调侃。原本是为防止孩子误吞而设计的通气孔，但有人问菜刀上的圆孔用途时，网友恶搞回应：“防止小孩误食”。此后，任何带孔物品的用途都会被玩笑称为“防止小孩误食”，成为网络上的搞笑回应。,A humorous internet phrase jokingly claiming that holes in objects are designed to prevent children from accidentally swallowing them.
zh,大比兜,Big gestures and a pouch.,大大的比划和兜子,意思是打嘴巴子或者被掌掴。现今，它常被用作形容遭遇不幸或糟糕的情况，成为一种表达悲惨经历的幽默方式。,To be slapped or hit; now often used humorously to describe experiencing misfortune or a bad situation.
zh,猪脑过载,Pig brain overload: excessive burden on a pig's brain.,猪的大脑过度负荷,是一个用来调侃某人一时反应迟钝或思维停滞的网络用语。通常用于描述一个人遇到困难而无法迅速找到解决方案，从而显得憨态可掬的状态。,A slang term used to humorously describe someone momentarily slow to react or mentally stuck when facing difficulties.
zh,多谢款待,Thank you very much for your hospitality.,非常感谢您的款待,用于在观看或享用过某些内容后表达满意和感谢，尤其在二次元或成人内容的语境中使用。,"Used to express satisfaction and gratitude after experiencing certain content, especially in anime or adult contexts."
zh,咱也不知道咱也不敢问,"I don't know, and I don't dare to ask.",我也不知道，我也不敢问,“咱也不知道，咱也不敢问”是一句幽默的话，用来形容一些无法解释、不便过问或令人惊叹的事情。它被网友们用来以幽默的方式自嘲或评论各种现象。,"A humorous phrase used to describe things that are inexplicable, awkward to inquire about, or astonishing."
zh,大猪蹄子,Large pig's hoof,大猪的蹄子,用来吐槽或调侃男生的行为，表示男生不解风情、善变或不可靠。,"A term used to mock or tease men for being insensitive, fickle, or unreliable."
zh,还是吃的太饱了,Still ate too much.,还是吃得太饱了,是用来调侃那些在网上发表低级或无聊内容的人。这个说法讽刺他们因为生活条件优越、吃饱没事干，所以在网上胡闹。,"Used to mock people who post low-quality or boring content online, implying they have nothing better to do due to a comfortable life."
zh,卷心菜,"A green vegetable with tightly layered leaves, known as cabbage.",一种绿色的蔬菜，叶子层层包裹的甘蓝。,指的是一种内卷中的尴尬角色，他们虽然参与竞争，但内心不情愿，显得能力较弱（菜）。同时也可能是一种反向凡尔赛，用来掩盖其真实的强大。,A reluctant participant in intense competition who appears weak but may secretly be strong.
zh,咱就是说,We are saying,我们就是说,通常用于句首或句尾，虽然没有实际意义，但增加了语气的幽默和随意感。,Typically used at the beginning or end of a sentence to add a humorous and casual tone without actual meaning.
zh,猛犸颠勺,Mammoth flipping a spatula.,猛犸象在翻动锅铲,指的是游戏《Dota 2》中半人猛犸-马格纳斯的技能“獠牙冲刺”，技能动画像在颠勺一样。,"Refers to the skill ""Skewer"" of the hero Magnus in the game Dota 2, whose animation resembles flipping a wok."
zh,爷童回,Grandfather and child return.,爷爷和小孩回来,指成年人因为看到或听到与童年回忆有关的事物而感到激动，就像童年重新回来一样。,"An adult feeling excited upon encountering things related to childhood memories, as if their childhood has returned."
zh,广长,Extensive and long-lasting,广泛而长久,"用于指代S11全球总决赛中FPX战队的小天在比赛中打出的伤害4397，这个数字正好比之前厂长在世界赛中打出的4396伤害高1点，因此被称为""广长""。","A term referring to the 4397 damage dealt by FPX player Xiaotian in the S11 World Championship, surpassing the previous highest damage of 4396 by Changgz by one point."
zh,海狗,"A marine animal resembling a dog, referring to seals or sea lions.",海洋中的狗，指海豹或海狗科动物,用来形容那些试图撩很多人但始终成功不了，既像“海王”又像“舔狗”的人。通俗地说，海狗就是同时巴结讨好很多人的人，尽管多方撩拨，却仍显得卑微。,"A person who tries to flirt with many people but never succeeds, resembling both a ""player"" and a ""simp,"" often flattering multiple people yet appearing humble and unsuccessful."
zh,你礼貌吗,Are you polite?,你有礼貌吗？,用于调侃或缓解尴尬，通常在看到或听到不合适或唐突行为时，用来指出对方失礼或无理。,Used to tease or ease awkwardness by pointing out someone's rudeness or inappropriate behavior.
zh,抖一中,Shake the middle part once,抖动一次中间部分,被粉丝称为世界第一中单的LOL职业选手Chovy。粉丝在抖音上常常夸赞Chovy对线技术卓越，认为他是目前最强的中单选手，因此得名。,"A nickname for the professional LOL mid-laner Chovy, praised by fans on Douyin as the world's best mid-laner due to his exceptional laning skills."
zh,凉水怎么可能冲开绿茶,Cold water cannot brew green tea leaves.,凉水不可能冲开绿茶叶,这个梗用于讽刺那些抱怨被“绿茶”女生骗的男生，指出如果他们自己不主动迎合或回应，“绿茶”女生是不会成功的。它强调互动是双向的，对方之所以有效是因为自己提供了机会。,"A phrase mocking men who blame ""green tea"" girls for deceiving them, emphasizing that such girls only succeed if the men respond or engage, highlighting the interaction is mutual."
zh,健达奇趣蛋,Kinder Surprise chocolate candy.,健达牌奇趣蛋巧克力糖果,指代那些身高不高却自信要求配偶身高的女性，意思就是这些女生矮且胖，普通却莫名自信，带有嘲讽和讥讽意味。,"Refers to short, overweight women who are unusually confident in demanding tall partners, used mockingly."
zh,川沙妲己,Daji of Chuansha area,川沙地区的妲己,因其可爱迷人而得名。,Named for being cute and charming.
zh,心软的神,A deity with a soft heart.,心肠柔软的神明,原指韩剧《孤单又灿烂的神：鬼怪》中鬼怪角色，他在救女主的母亲时说：“你今天很走运，遇到了如此心软的神。” 引申为让自己心软的恋人或令人期待的美好爱情。,"Originally referring to the gentle god character in the Korean drama ""Goblin,"" it now describes a lover who softens one's heart or a hopeful, beautiful romance."
zh,红浪漫,Red romantic atmosphere,红色的浪漫情调,用于代指一些“高档”洗浴中心或娱乐场所。,A euphemism for upscale bathhouses or entertainment venues.
zh,献出心脏,To take out one's heart and offer it to someone.,把心脏拿出来献给别人,这个梗代表着为了国家和人民奉献一切的精神。这个短语用于表达一种全心全意的献身和忠诚的意愿。,A phrase expressing wholehearted dedication and loyalty to the country and people.
zh,越共,Vietnamese Communist Party,越南共产党,指代像越南游击队一样无处不在、隐蔽性强、战斗力高的人，常用于调侃。,"A person who is omnipresent, highly covert, and highly capable, often used humorously."
zh,德云社在逃成员,A member of the Deyun Society who is currently on the run.,德云社的成员中正在逃离的人,用来形容一个角色或人物非常能说会道并且很搞笑，像是一个喜剧演员。这个梗来源于游客对北京环球影城威震天的调侃，他在与游客互动中表现得极其幽默和健谈。,"A term describing someone who is very talkative and humorous, like a comedian."
zh,虽普但自,"Although ordinary, but oneself.",虽然普通但是自己,常用于讽刺一些人在某些事情上过度自信。,Used to sarcastically describe someone who is overly confident about something despite being ordinary.
zh,破防了,Defense has been breached.,防御被破坏了,原本是一个游戏术语，指的是游戏中装备或技能的防御被突破。后被引申用于形容在现实生活中，个人在心理层面上受到冲击或“受伤”，即心理防线被突破。,Originally a gaming term meaning defense broken through by equipment or skills; later extended to describe a person experiencing psychological impact or emotional vulnerability.
zh,发疯文学,Crazy literature,疯狂的文学作品,通常以带有夸张、抓狂的语句呈现。这种表达方式常用来表示不满、怒火或者其他激烈情绪，通过大段的情绪渲染来传达内心的冲动和不满。,"A style of exaggerated, frantic writing used to express intense emotions such as frustration or anger."
zh,夕阳红枪法,Red shooting technique at sunset,夕阳下的红色枪法,指的是一种调侃用语，形容玩家在射击游戏中的枪法非常糟糕，几乎打不中目标。它形象地将糟糕的反应速度和精准度与老年人相比。,"A humorous term describing a player's very poor shooting accuracy in games, likening their slow reaction and inaccuracy to that of an elderly person."
zh,废话文学,Literary works composed of useless or meaningless words.,无用的话语的文学作品,看似传递信息，实则没有实质内容，给人一种“说了但好像又什么都没说”的感觉。,"Language that appears informative but lacks substantive content, giving the impression of saying something without actually conveying anything."
zh,玻璃渣里找糖,Looking for candy among broken glass shards.,在玻璃碎渣中寻找糖果,用来表示在一个令人心痛或虐心的情境中试图找到一些甜蜜或欢乐的时刻。这种心态常见于观看或阅读那些情感起伏较大的影视剧或小说时，观众会在整体虐心的情节中寻求甜蜜的小瞬间。,Trying to find sweet or joyful moments within a painful or emotionally intense situation.
zh,社死现场,The scene of social death.,社会性死亡的现场,指的是一个人在公众面前出丑到无地自容、觉得自己“社会性死亡”的情境。这种情况下，感到极度尴尬，以至于想找条地缝钻进去。同“公开处刑”用来描述当众丢脸的情况类似。,A situation where someone is so publicly embarrassed that they feel socially ruined.
zh,凡尔赛,Versailles Palace,凡尔赛宫殿,这个梗指的是在社交媒体上用看似平和的文字、不经意间流露出优越感的一种表达方式，通常通过反向描述、先抑后扬、明贬暗褒等手法进行隐晦的炫耀。,A subtle way of showing off on social media by expressing superiority through seemingly casual or self-deprecating remarks.
zh,六公主,The sixth princess,第六位公主,指的是中央六台CCTV6。这个称号源于CCTV6独特的风格，表现出“任性”的一面。六公主经常大胆选择和更改电影播放内容，有时还会以敏感或尖锐的方式触及社会热点。尽管如此，它很少受到批评，反而有时得到央视的支持，就像被宠爱的小女儿一样。,"Refers to CCTV Channel 6, known for its bold and sometimes provocative film programming choices, often treated like a favored ""young princess"" by the broadcaster."
zh,七夕取消,Qixi Festival canceled,七夕节被取消,在疫情背景下，通过调侃牛郎织女因为没有打疫苗和没有做核酸检测而无法相会，因此“七夕取消”作为一种幽默表达，用以调侃现实中因疫情而遇到的封锁措施和出行限制。,"A humorous expression referencing the cancellation of the Qixi Festival due to pandemic-related restrictions, likening it to the legendary lovers being unable to meet without vaccination or testing."
zh,拿来吧你,Hand it over to me.,把它拿过来吧你,表示看中某物并自信地“想要”或“值得拥有”。,"Expressing desire for something confidently, implying it is worth having."
zh,菜是原罪,Being bad (at something) is the original sin.,菜是原罪,意指在任何竞技赛事或领域中，能力或表现不佳是最根本的错误或不足。在电子竞技中，成绩被视为最重要的，其他因素显得次要。,"In any competitive field, poor skill or performance is considered the fundamental fault above all else."
zh,希望你永远不懂,Hope you never understand.,希望你永远不理解,原本用于希望他人不经历自己经历过的悲伤。然而，这句话在网络上渐渐演变为一种具有矫情和自我感伤色彩的表达，甚至被网友用来调侃，故意在一些明显的常识后面加入这句话，增加戏剧效果。,"Originally used to wish others never experience one's own sadness, it has evolved online into a melodramatic, self-pitying phrase often used humorously after obvious statements for dramatic effect."
zh,肌肉金轮,Muscle and metal-made wheel.,肌肉和金属制成的轮子,形成的搞笑组合。因为大司马的名字中带“金”，所以取名为“肌肉金轮”。,"A humorous combination name derived from the character ""金"" in Dasi Ma's name."
zh,外卷,To expand or roll outward.,向外扩展或卷起,是内卷的对立面。外卷可以理解为开拓新的资源以避免无谓的竞争，也可以指大家共同停止内卷化的过度竞争。,The opposite of involution; expanding new resources to avoid pointless competition or collectively stopping excessive competitive behavior.
zh,工业糖精,Industrial-grade saccharin produced for chemical use.,工业生产的糖精化学品,用来形容内容极其公式化、为了甜而甜的小说和电视剧。这类作品通常遵循固定套路，没有新意，情节套路化、缺乏创意，读者或观众会觉得厌倦。,"A term describing overly formulaic novels or TV shows that are sweet for the sake of sweetness, following fixed patterns without originality, leading to audience fatigue."
zh,卑微文学,Literature depicting humble or lowly lives.,描写卑微生活的文学作品,表现出无论对方如何对待自己，都始终充满感激与幻想的状态。,A state of being perpetually grateful and hopeful regardless of how one is treated by others.
zh,就是玩儿,Just playing or having fun.,就是玩耍,表现出一种不按常理出牌或者反差行为的幽默，通常搭配“我就是玩儿体”的句式，用以制造喜剧效果。这个梗通常用于幽默地表达一种无所谓或随意的心态。,"Humorously displaying unconventional or contrasting behavior to create a comedic effect, often expressing a carefree or casual attitude."
zh,人间的青草地需要浇水,The green grass of the human world needs watering.,人间的青草地需要浇水,用来委婉地表达某人被背叛或欺骗的情况。,A euphemistic expression for someone being betrayed or deceived.
zh,丫头文学,Literary works by young girls.,丫头的文学作品,指的是一些普通却自信的男人在试图吸引女孩子注意时所表现的言行，通常是在被拒绝后试图将对方的拒绝解释为对自己有意思，从而强行自我感觉良好。,"Behavior of ordinary but confident men who, after being rejected by a girl, interpret the rejection as interest to boost their own ego."
zh,恒河猴,A monkey living in the Ganges River basin.,生活在恒河流域的猴子,原意是指普通的猕猴，但在网络用语中，它指的是那些在童年时期经历了创伤，缺乏爱和陪伴，导致其一生都无法摆脱这些影响的人。,"A person who experienced childhood trauma and lack of love and companionship, resulting in lifelong emotional impact."
zh,嘉禾望岗,"A combined name of two place names, Jiahe and Wanggang.",嘉禾和望岗两个地名的组合名称,作为广州地铁的一个车站，因其承载着人们的离别和相聚的故事而走红网络。它象征着青春的分道扬镳，因为此地不仅连接交通枢纽，还临近许多学校，是学生情侣分别的地方，也成为上班族追梦的起点或终点。,"A Guangzhou metro station symbolizing youthful partings and reunions, often associated with student farewells and the start or end of work commutes."
zh,洛阳铲,An archaeological tool from Luoyang used for excavating tomb sites.,洛阳出土的考古工具，用于挖掘墓葬遗址,在网络论坛中，“洛阳铲”指的是将较后位置的帖子顶到首页或其他用户容易看到的位置。这个表达源于一种考古盗墓用具，也是一句具有侮辱性的方言表达，意为“挖你祖坟”。,"On online forums, the act of bumping older posts to the front page or a visible position."
zh,嘎嘎以嘎斯,Gaga and gas,嘎嘎和嘎斯,意指非常过瘾、很开心的感觉。,An expression indicating a very satisfying and happy feeling.
zh,岚语,Language of the mountain wind sounds,山间的风声语言,指用说英语的方式来说中文，使得普通话带上一种英语发音的独特效果。这是一种娱乐性的语言游戏，不具备实际的语言功能。,"A playful way of speaking Chinese with an English accent, used for entertainment without practical language function."
zh,背后的原因却很暖心,The reason behind it is heartwarming.,背后的原因令人感到温暖,讽刺许多媒体为了吸引读者，喜欢用这种反转的方式来制造噱头。这种标题往往让人觉得背后的原因会是一个有趣或感人的故事，但实际内容可能并不如标题所述。,A sarcastic phrase mocking media headlines that use misleading twists to attract readers by implying a heartwarming reason that the content does not deliver.
zh,炒冷饭,"Reheating leftover rice (figuratively, rehashing old topics).",炒过的冷饭,指的是对过往事件或旧闻进行重新翻炒和炒作，具有一定的攻击性或贬义。,"Referring to the act of rehashing and sensationalizing past events or old news, often with a negative or critical connotation."
zh,精苏,Mental awakening,精神苏醒,指在精神上非常喜欢或认同苏联文化的人。原本它指的是对苏联的政治、经济、军事和文化有强烈兴趣并进行崇拜的人。然而，随着该词的广泛使用，它也逐渐被用来调侃那些对苏联文化有些盲目崇拜的人。,"A person who is mentally enthusiastic about or strongly identifies with Soviet culture, often implying blind admiration."
zh,幸好我不识字,"Fortunately, I am illiterate.",幸好我不会读写,是一句调侃的话，用来表达对不想看到内容的自我逃避和无所谓的态度，最初用于面对秀恩爱。,"A humorous phrase expressing self-avoidance and indifference toward unwanted content, originally used when witnessing public displays of affection."
zh,前方低能,Warning: people with low intelligence ahead.,前方有低能者,是提醒观众接下来可能会看到某个蠢蠢的行为。,A warning that a foolish action may be seen ahead.
zh,深圳女孩,A girl from Shenzhen.,来自深圳的女孩,指的是那些在聚会时不聊八卦，而是专注于讨论如何赚钱的女生。总体上泛指专注于赚钱的女性。,"A woman who focuses on discussing ways to make money rather than gossiping, generally referring to women dedicated to earning income."
zh,全糖去冰,Full sugar with no ice added.,全糖且不加冰块,用于形容人的甜美和温柔，或者表达对未来甜蜜温暖的期望。,Used to describe someone's sweetness and gentleness or to express hopes for a sweet and warm future.
zh,爷青回,Grandpa's youth has returned.,爷爷的青春回来了,用来表达那些曾在青春时期出现的经典事物重新回归带来的一种怀旧和感慨。,Used to express nostalgia and sentiment when classic elements from one's youth make a comeback.
zh,干饭人,Person who eats meals,吃饭的人,通常以幽默和调侃的方式描述他们在吃饭时的投入和狂野。这个词强调了吃饭对一些人的重要性，描绘了一种风趣和现实生活中关于美食的热情。,A humorous term describing someone who is intensely and enthusiastically focused on eating.
zh,独轮车,A vehicle with only one wheel.,只有一个轮子的车,"在互联网语境中，""独轮车""指的是一个人不断重复刷同一句话，类似于复读。在直播平台中，这通常通过插件实现，用于提升直播间人气或干扰交流。","In internet contexts, repeatedly posting the same message to boost live stream popularity or disrupt communication."
zh,内卷,Internal layering or overlapping within a system.,内部层层叠加,指的是一种竞争过程中，无意义的资源消耗和无效的努力。即所有参与者都在不断提高付出和成本，但结果却没有实质性地改善或提升。通常是某种过度竞争现象，导致大家都捞不到好处，只有极少数人获益。,"A phenomenon of excessive competition causing meaningless resource consumption and ineffective efforts without substantial improvement, benefiting only a few."
zh,拔丝吻,A kiss that pulls out thread-like strands.,拔出丝状物的吻,指的是在接吻时，由于口腔分泌物造成两人分开时出现的黏连拔丝现象。,"A kissing phenomenon where saliva causes a sticky, stringy connection when partners part."
zh,打听打听谁是爹,Inquire about who the father is.,打听谁是父亲,用来表示在某个圈子或区域中自己最厉害、最强，没有人能超越。这通常用于开玩笑或表示自信和霸气。,"Used to express being the most powerful or unbeatable person in a group or area, often jokingly or to show confidence and dominance."
zh,当狗中单,To play the solo mid-lane position.,担任中路单人位置,指在一场比赛中，请某人辅助或配合自己，像“当狗”一样忠诚地支持。,To rely on someone to support or assist loyally in a game.
zh,电竞唢呐,Suona instrument used in electronic sports.,电子竞技用的唢呐乐器,"是指电子竞技选手高振宁（Ning）和喻文波（JKL）因嗓门大而被网友戏称为""电竞唢呐""。这个称呼主要用来调侃他们在游戏基地里和游戏直播中高声喊话的习惯，特别是JKL嗓门大的特点。","A nickname for esports players Ning and JKL, humorously referring to their loud voices and habit of shouting during games and streams."
zh,我要去搬砖了,I am going to carry bricks.,我要去搬运砖块了,是用来表示不再闲聊或吹牛，要回去工作了。这里的“搬砖”是一种自嘲的说法，形容工作辛苦且工资不高的状态，也带有一种无奈的调侃，是对自己生活现状的一种幽默的反应。当用于评论“炫富”的内容时，还带有一种略微嫉妒或羡慕的语气。,"A humorous, self-deprecating way to say one is stopping idle talk to return to hard, low-paid work, sometimes expressing mild envy when commenting on displays of wealth."
zh,尾款人,Person who pays the final payment.,支付尾款的人,指在双十一期间支付定金后，等待支付尾款的人。,A person who pays a deposit during Singles' Day and waits to pay the remaining balance.
zh,打工人,A person who works a job.,打工的人,用于描述那些拼命工作却报酬微薄的职场人，表达一种乐观调侃的生活态度。,"A term describing workers who toil hard for low pay, expressing an optimistic and humorous attitude toward life."
zh,早八人,People who start work at 8 a.m.,早上八点的人,指的是早上八点就要上第一节课的大学生，表达了这些学生的辛苦和无奈，同时也带有一种自嘲和幽默的态度。这一称呼源自于“打工人”，用来形容为生活和学业而奔波不易的状态。,"A university student who has their first class at 8 a.m., expressing the hardship and resignation of early schedules with a tone of self-mockery and humor."
zh,钢丝球,A ball-shaped cleaning tool made of metal wire used for scrubbing pots and dishes.,用来刷锅碗的金属丝制成的球状清洁工具,源自微博上的一个段子，讲述一位朋友被富婆包养，一个月6万，但一个星期就逃了，因为富婆用刷碗的钢丝球刷他的私处。这个荒诞的情节让“钢丝球”迅速走红，成为调侃“富婆包养”以及少奋斗几十年的代名词。,"A slang term originating from a viral story, used to mock wealthy women who financially support younger partners and the idea of gaining wealth with little effort."
zh,鸡笼警告,Warning about chicken coops,关于鸡笼的警告,指一个人行为或言语过于骚，形容这种人像“骚鸡”，调侃他们小心被“关进鸡笼”。,"A warning directed at someone whose behavior or speech is overly provocative, jokingly suggesting they might be ""locked in a chicken coop."""
zh,滋醒警告,"A sharp, eye-opening warning.",滋味清醒的警告,意思是“醒醒，不要做白日梦了”，常用于提醒别人不要沉迷幻想。,A warning to wake up and stop daydreaming; used to remind someone not to indulge in fantasies.
zh,老色批,An older person with a colorful or flashy style.,年长的色彩斑斓的批次,（缩写为lsp）指的是有老色狼或好色倾向的人。这个词常用来调侃那些对性感或吸引人的内容表现出浓厚兴趣的人。,"A person, often older, who shows a strong sexual interest or lecherous tendencies."
zh,泥头车,Dump truck for transporting soil,运送泥土的卡车,在网络语境中，“泥头车”是一个用来形容某人行为莽撞、横冲直撞的梗，通常用来形容人做事不顾后果或技术不佳（如在电竞中表现不够理想）。此外，它也被用来表达对某些令人不快或愤怒情况的强烈反应。,"A slang term describing someone acting recklessly or clumsily, often ignoring consequences or performing poorly, especially in gaming contexts."
zh,美国菩萨,Bodhisattva of America,美国的菩萨,源于他意外在推特上传私处照后引发全球网民关注，被认为是在疫情时期以意外方式带来欢乐。,A person who unintentionally brought joy worldwide during the pandemic by accidentally posting private photos on Twitter.
zh,我太难了,I am having a very hard time.,我非常困难,表达了一种面对生活压力与困难的无奈感，是网民用于调侃和释放生活压力的常用短语。,"A phrase expressing helplessness in facing life's pressures and difficulties, commonly used online to vent and joke about stress."
zh,发烂发臭,Hair rotting and emitting a foul odor.,头发腐烂发出臭味,通常用于表达对某人的不满或恶意，希望对方的生活变得糟糕。,"Used to express dissatisfaction or ill will toward someone, wishing their life to become miserable."
zh,无脑下单,Placing orders without thinking.,没有大脑地进行订单操作,共同“坑”观众的现象，形容不假思索地购买商品。,The phenomenon of impulsively purchasing products without careful consideration.
zh,开屏暴击,A strong impact when turning on the screen.,打开屏幕时的强烈冲击,指视频一开始就呈现出非常震撼或让人受刺激的画面，可能是因为美颜、名场面或者令人难以接受的内容。,"A video that immediately shows a striking or shocking scene at the start, due to beauty filters, iconic moments, or disturbing content."
zh,文明观球,Watching a game in a civilized manner,文明地观看球赛,表面上是呼吁球赛观众文明观看比赛，实际上用于表达对视频或动画中女性胸部等类似球状物的赞叹，常用于网络直播或视频中。,"Ostensibly a call for spectators to watch sports matches civilly, actually used to admire female breasts or similar round objects in videos or animations, commonly in live streams or videos."
zh,我敬你是条汉子,I respect you as a real man.,我尊敬你是一个男子汉,用于赞赏在动画、影视或现实中展现出勇气和自我牺牲精神的人物。在一些情况下，这句话也带有调侃和讽刺的意味，特别是当角色平时表现懦弱而突然做出壮举时。,"Used to praise someone who shows courage and self-sacrifice in animation, film, or real life, sometimes with a teasing or ironic tone when the person is usually timid but suddenly acts bravely."
zh,祥瑞御免,Auspicious omen granted pardon or exemption.,吉祥的征兆得到宽恕或免除,用来形容由于接触某人而可能遇到霉运。最初与作家马伯庸有关，传说他总是能在事故中幸免于难，而他身边的人却常遭厄运。因此出现了这个梗意味避开霉运或召唤厄运。,"Used to describe the possibility of encountering bad luck after contact with a certain person, originally referring to writer Ma Boyong who was often unharmed in accidents while those around him suffered misfortune."
zh,想多了,Overthinking,想得过多,弹幕中的常见吐槽语，通常用于当观众觉得某角色对事情的分析或推测过于复杂、敏感时进行调侃。观众作为上帝视角，拥有完整的情报，因此，当看到作品中的角色基于有限的信息做出错误判断或过于细致的推测时，观众会用“想多了”来吐槽角色的“过度解读”。,A common comment used to mock characters for overanalyzing or making overly complex or sensitive assumptions beyond available information.
zh,这腿我能玩一年,This leg I can play with for a year.,这条腿我可以玩一年,用于形容看到美腿或其他吸引人事物时的兴奋和喜爱。,Used to express excitement and admiration upon seeing attractive legs or other appealing things.
zh,人干事,Things done by people,人做的事情,源自“这是人干的事吗”的缩写，主要用来吐槽不合理或者让人无法接受的事物，多用于表达对某视频内容的不满或出入预期的情况。,"A phrase used to criticize unreasonable or unacceptable situations, often expressing dissatisfaction with unexpected or disappointing video content."
zh,国欠妹,A girl missing from the country (a younger sister the country lacks).,国家欠缺妹妹,指的是对那些在ACG作品中出现的“妹妹”角色的羡慕和稀缺感，特别是对计划生育政策下独生子女的调侃，意指国家因为政策原因没有让人有兄弟姐妹。,"A term expressing envy and scarcity of ""younger sister"" characters in ACG works, humorously referring to the lack of siblings due to the one-child policy."
zh,别光喝酒吃菜啊,Don't just drink alcohol and eat dishes.,不要只喝酒吃菜,指发言或行为不切实际，像喝醉了一样，不着调甚至有些愚蠢。用于劝人清醒且别再继续说胡话。,"Used to tell someone to sober up and stop speaking nonsense, implying their words or actions are unrealistic, incoherent, or foolish like being drunk."
zh,几个菜啊喝成这样,Just a few dishes and already drunk like this.,几个菜就喝成这样,用来形容某人的行为或者发言非常离谱、怪异，仿佛是喝醉了酒一样，显得不切实际甚至有些愚蠢。,"Used to describe someone's behavior or speech as absurd, strange, or unrealistic, as if they were drunk."
zh,老哥稳,Older brother who is steady and reliable,年长的兄弟稳重可靠,是一种用来夸赞对方很厉害或表现出色的网络用语。其中“老哥”是对对方的一种敬称，而“稳”则表示对方很有能力或表现得很出色。,A slang term used online to praise someone for being impressive or performing excellently.
zh,颜表立,Expressing a stance through facial expressions or makeup.,用脸部表情或颜料表现立场,用颜色表示对特定角色或偶像的支持和喜爱。源于应援文化，粉丝用特定颜色的物品表达对偶像的支持。,Expressing support and affection for a specific character or idol using colors.
zh,中文十级,Chinese Level 10 refers to achieving the tenth level of Chinese language proficiency.,中文十级指中文语言能力达到第十级水平,主要用于赞美和调侃外国人或不流利中文使用者拥有高超的中文水平。该用语常用于夸奖那些在鬼畜视频中被空耳成中文的内容、外国人及非中文的声优或VOCALOID成功演绎中文歌曲或台词。此外，这个短语还借来源自外国人汉语考试的网络段子，产生出不少娱乐性质的语言和语法难题。,"A humorous term praising foreigners or non-fluent speakers for their impressive Chinese proficiency, often used to commend successful Chinese renditions in videos, songs, or lines by non-native speakers."
zh,注孤生,Destined to be lonely for life.,注定孤独一生,通常用于调侃那些可能一生找不到伴侣的人。其主要指不懂女性心思的男性，尤其是被现充用来调侃屌丝或宅男。偶尔也用来调侃太过强势、不需要男性的女汉子。,"A term used to tease men unlikely to find a partner, especially those who don't understand women, and occasionally strong, independent women who don't need men."
zh,震惊体,A style of expression centered on shock or surprise.,以震惊为主题的表达方式,常用于自媒体文章的标题，通常以“震惊！”开头，后面跟着一些引人注目的信息，以激发读者的好奇心，诱导点击阅读。这种标题实际上往往夸大其词，与文章内容的关联度不高。,"A sensational headline style starting with ""Shocking!"" used to attract clicks by exaggerating or loosely relating to the article content."
zh,我点了,I clicked.,我点击了,“凯哥我点了”是表示投降的意思，通常用于在游戏中认为胜利无望时。,"Used to indicate surrender, typically when victory seems impossible in a game."
zh,不灭之握,A handshake that never fades.,永远不会消失的握手,通过一些意外的、搞笑的方式，成功让被访选手尴尬或出糗。这种互动逐渐成为一种有趣的梗，受到了玩家的欢迎。,"Successfully causing interviewees to feel embarrassed or awkward through unexpected and humorous interactions, becoming a popular and entertaining meme among players."
zh,来了老弟,"Here I am, little brother.",来了，弟弟,通常用于对熟客或朋友的热情欢迎。,A warm greeting typically used for regular customers or friends.
zh,安排上了,Already arranged,已经安排好了,作为网络用语，表达的是某件事情已经被处理或完成，或者某人开玩笑地表示要进行一项任务。这个词汇带有霸气且俏皮的语气，通常用于强调果断、有效的行动。,"A slang term used online to indicate that something has been handled or completed, often playfully expressing decisive and effective action."
zh,我佛了,I revere the Buddha.,我敬仰佛陀了,其实是“我服了”的谐音变体，用法主要用于调侃和玩梗。,"A phonetic variation of ""I give up,"" used mainly for joking and memes."
zh,狗粉,Dog powder,狗的粉末,或“狗粉丝”这个网络梗指的是那些专门骂爱豆或抹黑爱豆的粉丝。这种粉丝通过网络暴力、造谣等方式，以羞辱他人为乐。该群体利用火星文等方式在表达中带有较强的目的性和技巧性。,Fans who deliberately insult or defame idols online using harassment and rumors for amusement.
zh,黑人问号,Black person raising a question (expressing confusion or doubt).,黑人提出疑问,通常以“黑人问号.JPG”或“黑人问号脸”来呈现。,"An expression featuring a confused or questioning facial reaction, often depicted as ""Black person question mark.JPG"" or ""Black person question face."""
zh,真香,Very fragrant and sweet in taste.,味道非常香甜,常用于指代某人在说出狠话后被现实打脸的尴尬且搞笑的瞬间。这个词用来形容人们在拒绝或批评某事物后，又不得不接受甚至喜欢上它的情境。,A humorous expression describing the awkward moment when someone who criticized or rejected something ends up accepting or liking it.
zh,你号没了,Your account is gone.,你的账号没有了,用来警告某人注意言行，否则可能导致其账号被封。这句话带有一种俏皮的威胁意味，常用于提醒或调侃在网络上发表不当言论的人。,A playful warning that someone's account may be banned if they do not watch their behavior online.
zh,我自闭了,I have shut myself off.,我自己关闭了,这个梗用来调侃自己处于消极、失落或者失去信心的状态。这个说法源于“自闭症”，在这个语境中，它比喻一个人被外界打击后陷入了自我封闭、不愿交流的情绪中。,"A humorous expression used to describe feeling down, discouraged, or withdrawn after a setback."
zh,搞快点,Speed up a bit.,把速度加快一点,或缩写为“gkd”是一个网络流行语，用于催促他人加快速度完成某事。最初用于表达对未分享资源的急切期待，但现已广泛适用于任何需要快速推进的场合。,A slang term used online to urge someone to speed up or hurry in completing a task.
zh,那你很棒哦,Then you are very excellent.,那你非常优秀哦,表面上是在赞美对方，但实际上包含调侃和讽刺，常用来表达对某些行为或言论的无语或贬义。,A sarcastic compliment used to mock or express disbelief at someone's words or actions.
zh,奶茶肚,A belly shaped like a milk tea cup.,像奶茶形状的肚子,针对那些热爱奶茶的人。它反映了现代人在饮用高糖分饮料后容易出现体重增加的现象。,A term describing the tendency for people who love milk tea to gain weight due to consuming high-sugar drinks.
zh,滚出克,Roll out of 克 (Ke).,从克中滚出,多用于表达不满或驱赶某人，一般在网络互动中使用。,"Used to express dissatisfaction or to tell someone to leave, commonly in online interactions."
zh,盘她,Manipulate her,摆弄她,有两种含义：1. 盘她可以理解为“撩她”；2. 盘她也可以表示“揍她”。,1. Flirt with her; 2. Beat her up.
zh,搞黄色,Engage in pornographic activities.,进行黄色的活动,指涉及色情或含有性暗示的内容。,Refers to content involving pornography or sexual innuendo.
zh,人人,"Everyone, all people",每个人，所有人,"表示一种赞许或欣慰的笑容，相当于中文流行语""666""。","An expression of approval or satisfaction, similar to the popular Chinese slang ""666""."
zh,水灵灵,Full of moisture and crystal clear.,水分充足，晶莹剔透,形容一种年轻、有活力的状态。,Describing a youthful and energetic state.
zh,县城豪门,Wealthy families in county-level cities,县级城市中的富裕家庭,指在县城中过着高品质生活的一群人，他们拥有显著的经济优势，让回乡的城市上班族感到不如。,A group of people living a high-quality lifestyle in a county town with significant economic advantages that make returning urban workers feel inferior.
zh,人体描边大师,Expert in outlining the human body contours.,人体轮廓描绘的专家,用来调侃射击类游戏中玩家的糟糕枪法，通常指射击时弹道完美避开目标，就像在目标周围画了个轮廓线。,"A term mocking poor shooting skills in shooting games, describing bullets that perfectly miss the target as if tracing its outline."
zh,玄学,Profound and difficult-to-understand knowledge.,深奥难懂的学问,在游戏圈中指玩家通过非官方渠道尝试影响游戏中随机现象（如掉落概率、装备品质等）的行为。这类行为基于玩家总结的经验，而非游戏的公开机制。,"In gaming, the practice of attempting to influence random in-game events through unofficial methods based on player experience rather than official game mechanics."
zh,新手光环,Newbie's halo or glow,新手的光环或光辉,出人意料地拥有超常运气的现象。这个说法通常带有戏谑性，暗指新手在涉及概率性活动（如游戏）时，因系统设置或纯粹运气使然，表现得异常幸运，从而引发其他参与者的羡慕和不满。,"An ironic term describing the unexpectedly exceptional luck often attributed to beginners in probabilistic activities, causing envy and frustration among others."
zh,无法直视,Unable to look at directly with the eyes.,不能用眼睛直接看着,表示由于某事物或场景太过诡异、令人震惊或滑稽，以至于不能用正常的眼光去看待。表达一种因槽点满满而无力吐槽或感到感叹的情感。,"Unable to look directly due to something being too bizarre, shocking, or ridiculous to view normally."
zh,么么哒,Onomatopoeic term mimicking the sound of a kiss.,么么亲吻的声音模仿词,类似于“亲亲”，通常用于恋爱中的情侣之间，表示对对方的钟情与喜爱。现在被用于关系较亲密的朋友之间表达暧昧或友好。,"A term expressing affection or fondness, commonly used between romantic partners or close friends."
zh,乱入,To enter a place chaotically.,混乱地进入某处,指在一部作品中出现来自另一部作品的角色、道具或场景。这种现象类似于“穿越”，通常用于搞笑或致敬。,"The appearance of characters, props, or scenes from one work within another, often for humor or tribute."
zh,实锤,A real hammer (literal tool).,真正的锤子,指的是能够证明某事件真实发生的可靠证据，通常具备较强的说服力。,Reliable evidence that conclusively proves an event actually occurred.
zh,神作,Masterpiece (divine work),神的作品,指水平极高或拥有特殊设定、剧情的作品。可能表现出思想深度、艺术结合完美。其使用已泛化，出现了贬义倾向，甚至恶搞用法。,"A work of exceptional quality or unique concept, often showing deep thought and artistic excellence, sometimes used sarcastically."
zh,神曲,Divine song,神圣的歌曲,指作曲精湛、影响广泛的音乐作品。这些作品通常因其卓越的艺术水准和广泛的受众认可而被称为“神曲”。,A music piece renowned for its excellent composition and widespread influence.
zh,虽现狗,A dog that appears despite expectations.,虽然出现的狗,指虽然现在是单身，但有对未来婚恋的期待。,Someone currently single but hopeful for future romantic relationships.
zh,喜闻乐见,Enjoy hearing and seeing; well-liked and popular.,喜欢听到和看到,原本是褒义词，指某事物很受大众欢迎，大家乐意看到并且喜欢听到。但在网络中，它常被用作讽刺和调侃，意味着幸灾乐祸。其含义已经与本义相去甚远，常用于表达一种调侃或嘲讽的意思。,"Originally a positive term meaning something widely welcomed and enjoyed by the public, it is now often used online sarcastically to express schadenfreude."
zh,我酸了,I taste sourness.,我感到酸味了,表示一种羡慕或嫉妒的情感，通常用在看到别人拥有甜美爱情或幸福生活的时候。酸在这种语境中代表了嫉妒，与柠檬的意象相似。,"Expressing envy or jealousy, typically when seeing others in sweet relationships or happy lives."
zh,直男癌,A condition of straight men.,直男的病症,他们表现出有害的男子气概，持有过时和歧视女性的观念，如性别优越感、自以为是和强烈的控制欲。这是一种贬义词，用来批评那些对女性和同性恋持有偏见的男性行为和思维。,"A derogatory term for men exhibiting harmful masculinity, outdated sexist views, and controlling behavior."
zh,土肥圆,"Fertile, round-shaped soil.",土壤肥沃且呈圆形,用来描述那些相貌平淡、身材微胖、形象土气的人。这个词是中性词，常用于形容看起来胖胖笨笨但可爱的人，常带有自嘲性质。,"A neutral term describing someone plain-looking, slightly overweight, and unsophisticated but endearingly cute, often used self-deprecatingly."
zh,脸盲症,Face recognition disorder,面部识别障碍症,原指一种真实存在的医学状况，即面部识别能力缺乏症，也叫prosopagnosia或face blindness。患者视觉正常但无法分辨或记住他人的脸。在流行文化中，这个术语被用来形容那些由于对虚拟角色面部辨识过于依赖，导致在现实生活中分辨不了不同面孔的人。,"A condition characterized by difficulty recognizing or remembering faces, originally a medical term for prosopagnosia, also used to describe people who struggle to distinguish real-life faces due to overreliance on virtual character recognition."
zh,你咋不上天呢,Why don't you go to heaven?,你为什么不上天呢,主要用于表达对某人过分行为的愤怒和鄙视、对某些不可能行为的佩服和惊奇，或极度不赞同时的嘲讽。,"Used to express anger and contempt toward someone's excessive behavior, admiration or amazement at impossible actions, or sarcastic disapproval."
zh,报复社会,Revenge against society.,对社会进行报复,最初指因社会不公在公共场合做出有害行为。如今在网络中被用于恶作剧，常指故意传播重口味内容、在网络平台上发布吸引眼球的图片或视频，尤其是深夜发布引起食欲的食物图片，来“恶心”他人。,"Originally referring to harmful acts in public due to social injustice, now used online to describe pranks involving posting shocking or provocative content, especially late-night food images intended to disgust others."
zh,积极废人,An active but useless person.,积极的人但无用的人,指心态积极，有目标，但行动力不足，总是立下目标却无法实现的人。他们心态上积极向上，但实际行动上显得懒散和无力。,A person who is mentally positive and goal-oriented but lacks the motivation or ability to take effective action.
zh,钢铁直男,A straight man made of steel.,由钢铁制成的直男形象,用于形容那些性格直爽、不善变通、不解风情的男性。他们通常在社交和情感上比较迟钝，不懂得女生的言外之意和情感需求，因而在某些情况下显得呆板和笨拙。他们的行为常常被认为是不懂得关心和体贴。,"A straightforward, inflexible man who is socially and emotionally insensitive, often failing to understand subtle cues and emotional needs."
zh,菜到抠脚,菜到抠脚: Extremely unskilled to the point of picking one's feet with hands.,菜到抠脚指菜到用手抠脚的程度,指某人在某项活动中水平差，表现很糟糕，导致闲得无事可做。最初用于形容游戏玩家，现已扩展到其他领域。,"Describes someone performing very poorly in an activity, resulting in boredom or inactivity."
zh,多喝岩浆,Drink more lava (a slang phrase meaning to endure extreme hardship).,多喝岩浆（多喝熔岩）,用以表达对这种表面关心的调侃和不满。通常由女生用来讽刺那些认为自己在关心女生，但实际上只是在说空话的男生。也可以被用作男生对被称为“直男”这种评价的不满反驳。,"A sarcastic expression used to mock insincere or superficial concern, often by women toward men who pretend to care but only speak empty words, and sometimes by men to rebut being labeled as unimaginative or insensitive."
zh,人设崩塌,Character persona collapse,人物设定倒塌,指某人长期以来营造的某种对外形象被曝光与现实不符，导致这种形象被摧毁。常用来描述明星或公众人物因为负面新闻等原因，失去了原本的公众形象。,"The collapse of a person's carefully crafted public image due to exposure of inconsistencies with reality, often resulting from negative news."
zh,奔现,Rush to meet in real life,奔向现实,尤其是指从网络恋爱到现实恋爱的转变。,The transition from an online romantic relationship to an in-person romantic relationship.
zh,富贵色,Color of wealth and nobility,富贵的颜色,通常指的是富丽堂皇、显眼的大红大紫大绿等颜色。这些颜色一般在视频网站的弹幕中作为会员专属色，用来展示网友通过充值成为会员的特权。,"Bright, luxurious colors used as exclusive membership badges on video streaming platforms to signify paid user status."
zh,恰烂钱,"Slang term: 恰烂钱  
Definition: To take or earn rotten (ill-gotten) money.",恰：吃，烂钱：腐烂的钱。,指赚取不道德或有损良心的钱，通常描述为了利益而进行不诚实的行为。,Earning money through unethical or dishonest means.
zh,众筹出书,Publishing a book through crowdfunding.,通过众筹方式出版书籍,用于表达对他人精彩和有趣发言的欣赏和赞美。它建议将这些发言整理成书，并表示如果缺乏资金，可以通过众筹的方式筹集资金。,"A phrase expressing admiration for someone's brilliant and interesting remarks, suggesting compiling them into a book and funding it through crowdfunding if necessary."
zh,口嗨,To talk loudly with one's mouth.,用嘴巴大声说话,指的是在言语上吹牛、说得好听但做不到的人。多用于吐槽那些光说不练、承诺无法兑现的行为，含有吹牛、撩骚的意思。,"Boasting or talking big without following through, often used to criticize empty promises or flirtatious talk."
zh,谢飞机,Thank an airplane (used sarcastically to express gratitude for a no-show).,感谢飞机,因其在剧中将自己的名字误说成“谢飞机”，且具有搞怪的演技和夸张的舞技，逐渐走红网络。这个角色的有趣特质以及尴尬时刻被广泛制作成表情包，受到网友热捧。,"A humorous nickname originating from a character who mistakenly says their name as ""Xie Feiji,"" known for quirky acting and exaggerated dance moves, widely popularized online through memes."
zh,淡人浓人,Mild-tempered people and intense-tempered people.,淡薄的人和浓烈的人,“淡人”和“浓人”是一种网络用语，分别用来描述两种不同性格的人。淡人是指那些个性较为平稳、情绪不常剧烈波动的人，通常表现为淡泊名利、宁静致远。浓人则是指情绪丰富、表现外向的人，他们的言行举止充满表达情绪的词汇。,"""Dàn rén"" refers to calm, steady individuals with mild emotions, while ""nóng rén"" describes expressive, outgoing people with rich emotions."
zh,云养娃,Raising a child remotely through the internet.,通过网络云端方式养育孩子,指的是不愿意或无法在现实中生养小孩的人，通过网络观看萌娃视频和图片来暂时满足对养娃的渴望。,"Refers to people who, unwilling or unable to have children in real life, satisfy their desire for parenting by watching cute baby videos and pictures online."
zh,整活,Organizing activities,整理活动,是指开始表演或做一些出人意料或特别的事情。这可以理解为“搞事情”或者“开始行动”的意思。,To start performing or doing something unexpected or special; to initiate action or stir things up.
zh,祖安人,Descendants of ancestors,祖先的子孙,这个梗指的是那些脾气暴躁、喜欢骂人的网络喷子，尤其是在玩游戏时不分青红皂白攻击队友和敌方玩家的人。,"A term for aggressive online trolls who frequently insult others, especially teammates and opponents in gaming."
zh,柴火妞儿,Firewood girl,柴火和女孩儿,可以用来形容：1. 有些土气、落伍的女孩子；2. 身材瘦小，如柴火般的女孩子；3. 处于青春期，身体未发育完全的女孩子；4. 脾气大，如柴火般容易点燃的女孩子；5. 也可以指活力四射，自由自在的青春期女孩子。,"A girl who is somewhat rustic or old-fashioned, petite and thin, in early adolescence, quick-tempered, or lively and free-spirited."
zh,纯纯的牛马,Complete cattle and horses,完全的牛和马,对他人极为不满的情况下，用以形容别人像牛马一样的畜生。也比喻被生活所迫，给他人做牛做马的底层打工人，具有讽刺之意。,"A derogatory term describing someone as a beast of burden like an ox or horse, used to express extreme dissatisfaction or to ironically depict a low-level worker oppressed by life."
zh,长在了笑点上,Located at the point of humor.,长在笑点的位置上,形容某人自带笑点，无论其言语或行为，甚至不做什么，仅仅存在就能引人发笑。,"Describes someone who naturally makes others laugh simply by existing, regardless of their words or actions."
zh,苍蝇搓手,A fly rubbing its hands together.,苍蝇用手搓揉,作为网络流行语，形容一种莫名兴奋、激动、期待且略显猥琐的状态，常用于自黑和自嘲。,"An internet slang term describing a strangely excited, eager, and slightly creepy state, often used for self-mockery or self-deprecation."
zh,汝听人言否,Do you listen to what others say?,你听别人说话吗,的完整表达是“你听听，这是人说的话吗？”，用于表达对某人言论或行为的震惊、不理解或羡慕，通常带有调侃、讽刺的意味。它质疑某人说的是不是“人话”。,"An expression used to convey shock, disbelief, or envy toward someone's words or actions, often with a teasing or sarcastic tone, questioning whether what they said makes sense."
zh,人间精品,A rare and precious treasure of the human world.,人间的珍贵精品,形容人或物特别优秀、出色，达到了一个比较稀有罕见的程度。,Describes a person or thing that is exceptionally outstanding and rare.
zh,麒麟臂,Arms as strong and powerful as a qilin's.,像麒麟一样强壮有力的手臂,在网络语境中主要指男生的手臂特别粗壮有力，象征一种无法控制的冲动。这个词可以用来形容男生因某种刺激而想要发泄愤怒的冲动，或指男生看到色情图片产生的生理反应，想进行自我安慰的冲动。,"In online contexts, refers to a man's exceptionally muscular arms symbolizing an uncontrollable urge, often linked to anger or sexual arousal prompting self-relief."
zh,人形挂件,Figurine ornament or hanging decoration shaped like a human.,人形的装饰物或挂饰,指的是一种形容在亲密关系中，一个人因非常喜欢另一个人而时常依偎在对方身边的状态。这个人就像是对方的“挂件”，因为“挂件”是人，所以称为“人形挂件”。,"A term describing someone who frequently stays close to their partner in an intimate relationship, like a human accessory."
zh,好奇心害死猫,Curiosity can kill the cat.,好奇心会害死猫,用于告诫人们对某些事情保持必要的克制，不要过于好奇，以免引发不必要的麻烦或危险。,A warning to exercise restraint and avoid excessive curiosity to prevent unnecessary trouble or danger.
zh,正道的光,Light on the path of righteousness,正义道路上的光明,梗通常用来讽刺那些为了流量而摆拍假正能量视频的人。其含义因背景不同，有时用来宣扬正能量，有时用来讽刺不切实际的正能量宣传。,"A phrase used either to promote positive energy or to sarcastically criticize insincere, staged displays of positivity for attention."
zh,金拉夫,Golden scarf,金色的拉夫,用于调侃韩国籍英雄联盟职业选手Doinb，这名选手在中国职业战队工作并表现出对中国的喜爱，类似于俄罗斯网红伏拉夫，以显示他在中国通过表现对中国的热爱来获取人气和收入。,"A nickname mocking Korean League of Legends player Doinb for expressing exaggerated affection for China to gain popularity and income, similar to Russian influencer Volaf."
zh,阴兵出动,Yinbing chudong refers to the deployment of soldiers from the underworld for battle.,阴兵出动指阴间的士兵出发作战。,指一群打扮奇特且过度使用美颜效果的人，与奇怪的外貌相关。,A group of people with unusual appearances due to excessive use of beauty filters.
zh,力微饭否,"Weak strength, asking if one has eaten.",力量微弱，是否吃饭了,用于嘲讽他人力气不足，类似于询问对方是否没有吃饭。这个梗借用了古文中的句式结构，常用于调侃力气小的人。,"A phrase used to mock someone's lack of strength, implying they haven't eaten enough."
zh,声微饭否,Weak voice on the Fanfou platform.,声音微弱，饭否平台,用来调侃或反讽他人说话声音小。,Used to mock or sarcastically comment on someone speaking quietly.
zh,糊穿地心,A paste-like substance penetrating the Earth's core.,糊状物穿透地球中心,用于形容原本非常受欢迎的明星或现象因各种原因失去人气，变得过气。这是一个饭圈中常用的夸张说法。,An exaggerated term used in fan communities to describe a once-popular celebrity or trend losing popularity and becoming outdated.
zh,遥遥领先,Far ahead of others by a large margin.,远远地领先于别人,用来夸大和赞美某些场景或事物，表示其具有显著的优势或与竞争者之间存在较大差距。,"Used to exaggerate and praise a situation or thing, indicating a significant advantage or a large gap compared to competitors."
zh,疯批美人,Crazy beauty,疯狂的美人,指的是一个长得好看但内心狂野、行事乖张疯狂的人。在这种人物身上，美丽的外表与特立独行的个性形成鲜明对比。,"A person who is attractive but wild and erratic in behavior, combining beauty with an unconventional personality."
zh,省油的灯,An oil lamp that saves oil.,节省油的灯具,用来形容一个人好对付、单纯、没有乱七八糟的心思，是“不是省油的灯”这一俗语的反义词。,"Used to describe a person who is easygoing, simple, and free of complicated intentions."
zh,本草纲目,A classic work on traditional Chinese herbal medicine.,中药学的经典著作,在这个梗中指的是周杰伦的一首歌，该歌曲被用作健身背景音乐，因其节奏强烈，被广泛用于刘畊宏的直播毽子操健身课程，成为一种令人闻风丧胆的“神曲”，反映出健身的艰辛。,"A Jay Chou song known for its intense rhythm, widely used as background music in Liu Genghong's fitness livestreams, symbolizing the toughness of workouts."
zh,电子榨菜,Electrically produced pickled mustard tuber.,电子制作的榨菜,指在吃饭时观看的视频、文章或听的有声书等娱乐内容，能增加食欲，像榨菜一样起到下饭作用。,"Entertainment content consumed during meals that enhances appetite, similar to a side dish."
zh,大屌萌妹,Large and thick male genitalia and a cute young female.,大而粗的男性生殖器和可爱的年轻女性,指的是在ACGN领域中，那些通过化妆和打扮，把自己外貌变得与女性无异的男性，特别是在伪娘圈中。这些人往往表现出非常可爱的女性特征，但实际上是男性。,"In the ACGN community, males who use makeup and styling to appear indistinguishable from cute females, especially within the femboy subculture."
zh,音乐裁缝,Music tailor: a tailor who makes music.,制作音乐的裁缝师,指那些通过拼凑、剪辑其他音乐作品的元素来创作新作品的人。这种行为类似于抄袭，但有些人声称这只是一种“相似”不是完全的复制。,"Someone who creates new music by piecing together and editing elements from other works, resembling plagiarism but sometimes claimed to be mere similarity."
zh,果盘先生,Mr. Fruit Platter (a man who arranges fruit platters),装水果拼盘的先生,用来讽刺那些只顾刷野和吃线，全场经济最高但什么贡献也不做的打野玩家。,"A jungler who focuses solely on farming and lane minions, has the highest gold but makes no meaningful contribution."
zh,韦神附体,Possessed by the spirit of Wei Shen (implying extraordinary skill or performance).,韦神附身,指考生希望通过祈求韦神（韦东奕）的数学天赋加持，以在考试中取得好成绩。这是一种对韦神数学能力的膜拜和对考试顺利的期望。,"Refers to students hoping to gain good exam results by invoking the mathematical talent of Wei Dongyi, expressing admiration for his skills and wishing for exam success."
zh,釜山图书馆,Public library in Busan,釜山的公共图书馆,当客场队伍获胜时，主场观众一片寂静的场景，形容为“图书馆”般的安静。,"A scene of complete silence among home fans when the visiting team wins, likened to a ""library"" quietness."
zh,电摇嘲讽,Using electric shaking with a mocking tone.,用电力摇摆并带有嘲讽意味,源自外网博主Cyranek分享的一个魔性斗舞视频，视频中两个火柴人鬼畜地摇摆身体，动作像是被电击一样，整个过程持续了三分钟左右，十分搞笑夸张。随着视频在网络上的传播，国内的网友们对其进行了二次创作，将这些滑稽的动作变成了嘲讽他人的素材。,"A mocking gesture mimicking exaggerated, electric-like dance moves from a viral stick figure video used to ridicule others."
zh,消失的眼角膜,The transparent front tissue of the eye that has disappeared.,消失了的眼睛前部透明组织,指明明很明显的事物却被忽视，形容视而不见的现象。,Refers to the phenomenon of deliberately ignoring something obvious.
zh,剧抛脸,Facial expressions shown in a drama.,剧中抛出的脸部表情,指一个演员演技非常好，每演一部作品都能完全融入角色，看不出上一个角色的影子。,"An actor who fully immerses in each role, showing no trace of previous characters."
zh,牙签,"A thin, slender wooden stick used for picking teeth.",细长的木制小棒，用于剔牙。,在网络语中，“牙签”用于形容生殖器非常小，类似于牙签的细小体积。与此类似的还有“金针菇”，也用于形容生殖器较小。,"In internet slang, ""toothpick"" describes a very small genital size, similar in thinness to a toothpick."
zh,不愿再笑,Unwilling to smile anymore.,不想再笑了,表示内容非常搞笑，已经笑到不想再笑了。,Indicates something is so funny that one no longer wants to keep laughing.
zh,高街女帝,Female leader of an upscale shopping district,高档商业街区的女性领导者,拍摄时从脖子向下俯拍，小腿后翘，手肘藏在身体后面，并用单手比“耶”。这种姿势在短视频平台上很流行，显得身材很好。,"A popular short video pose featuring a downward shot from the neck, calves raised, elbows hidden behind the body, and one hand making a ""yeah"" gesture, emphasizing a good figure."
zh,眼睛里进砖头了,A brick has entered the eye.,眼睛里进入了砖头,形容特别感动到想哭，是“眼睛里进沙子了”的夸张版本，用来委婉表示对某事物的深切感动。,An exaggerated way to express being deeply moved to the point of tears.
zh,痛苦面具,Painful mask; a mask expressing suffering.,表示痛苦的面具,指一种表情非常痛苦且夸张，常用于形容人因失落或尴尬而扭曲的面部表情，也常引发观众的幽默感。,"An exaggerated facial expression showing intense pain, often used to depict someone's distorted face due to loss or embarrassment, typically evoking humor."
zh,爬山警告,Safety reminder for mountain climbing,登山时的安全提醒,"与""带你去爬山""表达了类似的意思，象征着对某人不怀好意的威胁，暗示有来无回。当然，这只是一种幽默的网络用语。",A humorous online expression implying a threatening warning with no return.
zh,泰拳警告,Muay Thai warning,泰拳的警告,指用武力告诫他人，让其警惕并承担责任。可用于警告他人下一次会采取更激烈措施。,"A warning using physical force to alert someone to be cautious and take responsibility, implying more severe measures may follow."
